timestamp,elapsed_s,source,rpm,torque_nm,throttle_pct
2026-06-08T15:41:43.921,0.016,rpm,0.000,,
2026-06-08T15:41:43.921,0.016,rpm,0.000,,
2026-06-08T15:41:43.922,0.016,rpm,0.000,,
2026-06-08T15:41:43.922,0.016,torque,0.000,0.061182,
2026-06-08T15:41:43.922,0.016,rpm,0.000,0.061182,
2026-06-08T15:41:43.922,0.016,rpm,0.000,0.061182,
2026-06-08T15:41:43.922,0.016,rpm,0.000,0.061182,
2026-06-08T15:41:43.922,0.016,rpm,0.000,0.061182,
2026-06-08T15:41:43.922,0.016,rpm,0.000,0.061182,
2026-06-08T15:41:43.922,0.016,torque,0.000,0.060277,
2026-06-08T15:41:43.922,0.016,rpm,0.000,0.060277,
2026-06-08T15:41:43.922,0.016,rpm,0.000,0.060277,
2026-06-08T15:41:43.922,0.016,rpm,0.000,0.060277,
2026-06-08T15:41:43.922,0.016,rpm,0.000,0.060277,
2026-06-08T15:41:43.922,0.016,torque,0.000,0.059903,
2026-06-08T15:41:43.922,0.016,rpm,0.000,0.059903,
2026-06-08T15:41:43.922,0.016,rpm,0.000,0.059903,
2026-06-08T15:41:43.922,0.016,rpm,0.000,0.059903,
2026-06-08T15:41:43.923,0.016,rpm,0.000,0.059903,
2026-06-08T15:41:43.939,0.032,torque,0.000,0.060006,
2026-06-08T15:41:43.967,0.063,rpm,0.000,0.060006,
2026-06-08T15:41:43.983,0.078,rpm,0.000,0.060006,
2026-06-08T15:41:43.983,0.078,rpm,0.000,0.060006,
2026-06-08T15:41:44.010,0.110,rpm,0.000,0.060006,
2026-06-08T15:41:44.025,0.125,rpm,0.000,0.060006,
2026-06-08T15:41:44.025,0.125,torque,0.000,0.060086,
2026-06-08T15:41:44.042,0.141,rpm,0.000,0.060086,
2026-06-08T15:41:44.084,0.188,rpm,0.000,0.060086,
2026-06-08T15:41:44.115,0.219,torque,0.000,0.060157,
2026-06-08T15:41:44.115,0.219,rpm,0.000,0.060157,
2026-06-08T15:41:44.131,0.235,rpm,0.000,0.060157,
2026-06-08T15:41:44.146,0.250,rpm,0.000,0.060157,
2026-06-08T15:41:44.163,0.266,rpm,0.000,0.060157,
2026-06-08T15:41:44.207,0.313,rpm,0.000,0.060157,
2026-06-08T15:41:44.208,0.313,torque,0.000,0.060225,
2026-06-08T15:41:44.208,0.313,rpm,0.000,0.060225,
2026-06-08T15:41:44.220,0.313,rpm,0.000,0.060225,
2026-06-08T15:41:44.237,0.344,rpm,0.000,0.060225,
2026-06-08T15:41:44.278,0.375,rpm,0.000,0.060225,
2026-06-08T15:41:44.278,0.375,rpm,0.000,0.060225,
2026-06-08T15:41:44.291,0.391,torque,0.000,0.060284,
2026-06-08T15:41:44.301,0.407,rpm,0.000,0.060284,
2026-06-08T15:41:44.340,0.438,rpm,0.000,0.060284,
2026-06-08T15:41:44.354,0.453,rpm,0.000,0.060284,
2026-06-08T15:41:44.365,0.469,rpm,0.000,0.060284,
2026-06-08T15:41:44.365,0.469,torque,0.000,0.060418,
2026-06-08T15:41:44.412,0.516,rpm,0.000,0.060418,
2026-06-08T15:41:44.412,0.516,rpm,0.000,0.060418,
2026-06-08T15:41:44.426,0.532,rpm,0.000,0.060418,
2026-06-08T15:41:44.448,0.547,rpm,0.000,0.060418,
2026-06-08T15:41:44.469,0.563,rpm,0.000,0.060418,
2026-06-08T15:41:44.469,0.563,torque,0.000,0.060518,
2026-06-08T15:41:44.486,0.578,rpm,0.000,0.060518,
2026-06-08T15:41:44.535,0.641,rpm,0.000,0.060518,
2026-06-08T15:41:44.535,0.641,rpm,0.000,0.060518,
2026-06-08T15:41:44.552,0.657,rpm,0.000,0.060518,
2026-06-08T15:41:44.569,0.672,torque,0.000,0.060613,
2026-06-08T15:41:44.570,0.672,rpm,0.000,0.060613,
2026-06-08T15:41:44.600,0.703,rpm,0.000,0.060613,
2026-06-08T15:41:44.625,0.719,rpm,0.000,0.060613,
2026-06-08T15:41:44.626,0.719,torque,0.000,0.060809,
2026-06-08T15:41:44.626,0.719,rpm,0.000,0.060809,
2026-06-08T15:41:44.676,0.782,rpm,0.000,0.060809,
2026-06-08T15:41:44.676,0.782,rpm,0.000,0.060809,
2026-06-08T15:41:44.693,0.797,rpm,0.000,0.060809,
2026-06-08T15:41:44.709,0.813,rpm,0.000,0.060809,
2026-06-08T15:41:44.719,0.813,rpm,0.000,0.060809,
2026-06-08T15:41:44.719,0.813,torque,0.000,0.060826,
2026-06-08T15:41:44.766,0.860,rpm,0.000,0.060826,
2026-06-08T15:41:44.780,0.875,rpm,0.000,0.060826,
2026-06-08T15:41:44.796,0.891,rpm,0.000,0.060826,
2026-06-08T15:41:44.814,0.907,torque,0.000,0.060886,
2026-06-08T15:41:44.815,0.922,rpm,0.000,0.060886,
2026-06-08T15:41:44.829,0.922,rpm,0.000,0.060886,
2026-06-08T15:41:44.832,0.938,rpm,0.000,0.060886,
2026-06-08T15:41:44.893,1.000,rpm,0.000,0.060886,
2026-06-08T15:41:44.893,1.000,rpm,0.000,0.060886,
2026-06-08T15:41:44.893,1.000,torque,0.000,0.061019,
2026-06-08T15:41:44.910,1.016,rpm,0.000,0.061019,
2026-06-08T15:41:44.977,1.078,rpm,0.000,0.061019,
2026-06-08T15:41:44.977,1.078,rpm,0.000,0.061019,
2026-06-08T15:41:44.978,1.078,torque,0.000,0.061055,
2026-06-08T15:41:44.993,1.094,rpm,0.000,0.061055,
2026-06-08T15:41:45.029,1.125,rpm,0.000,0.061055,
2026-06-08T15:41:45.045,1.141,rpm,0.000,0.061055,
2026-06-08T15:41:45.060,1.157,rpm,0.000,0.061055,
2026-06-08T15:41:45.074,1.172,torque,0.000,0.061095,
2026-06-08T15:41:45.076,1.172,rpm,0.000,0.061095,
2026-06-08T15:41:45.096,1.188,rpm,0.000,0.061095,
2026-06-08T15:41:45.125,1.219,rpm,0.000,0.061095,
2026-06-08T15:41:45.155,1.250,rpm,0.000,0.061095,
2026-06-08T15:41:45.156,1.250,torque,0.000,0.061045,
2026-06-08T15:41:45.156,1.250,rpm,0.000,0.061045,
2026-06-08T15:41:45.195,1.297,rpm,0.000,0.061045,
2026-06-08T15:41:45.223,1.328,rpm,0.000,0.061045,
2026-06-08T15:41:45.223,1.328,rpm,0.000,0.061045,
2026-06-08T15:41:45.240,1.344,rpm,0.000,0.061045,
2026-06-08T15:41:45.240,1.344,torque,0.000,0.061096,
2026-06-08T15:41:45.256,1.360,rpm,0.000,0.061096,
2026-06-08T15:41:45.274,1.375,rpm,0.000,0.061096,
2026-06-08T15:41:45.304,1.407,rpm,0.000,0.061096,
2026-06-08T15:41:45.319,1.422,rpm,0.000,0.061096,
2026-06-08T15:41:45.335,1.438,torque,0.000,0.061246,
2026-06-08T15:41:45.336,1.438,rpm,0.000,0.061246,
2026-06-08T15:41:45.357,1.453,rpm,0.000,0.061246,
2026-06-08T15:41:45.377,1.469,rpm,0.000,0.061246,
2026-06-08T15:41:45.408,1.500,rpm,0.000,0.061246,
2026-06-08T15:41:45.434,1.532,torque,0.000,0.061275,
2026-06-08T15:41:45.434,1.532,rpm,0.000,0.061275,
2026-06-08T15:41:45.451,1.547,rpm,0.000,0.061275,
2026-06-08T15:41:45.469,1.563,rpm,0.000,0.061275,
2026-06-08T15:41:45.496,1.594,rpm,0.000,0.061275,
2026-06-08T15:41:45.508,1.610,torque,0.000,0.062020,
2026-06-08T15:41:45.508,1.610,rpm,0.000,0.062020,
2026-06-08T15:41:45.526,1.625,rpm,0.000,0.062020,
2026-06-08T15:41:45.542,1.641,rpm,0.000,0.062020,
2026-06-08T15:41:45.572,1.672,rpm,0.000,0.062020,
2026-06-08T15:41:45.585,1.688,rpm,0.000,0.062020,
2026-06-08T15:41:45.585,1.688,torque,0.000,0.062346,
2026-06-08T15:41:45.603,1.703,rpm,0.000,0.062346,
2026-06-08T15:41:45.618,1.719,rpm,0.000,0.062346,
2026-06-08T15:41:45.648,1.750,rpm,0.000,0.062346,
2026-06-08T15:41:45.677,1.782,rpm,0.000,0.062346,
2026-06-08T15:41:45.691,1.797,torque,0.000,0.062065,
2026-06-08T15:41:45.691,1.797,rpm,0.000,0.062065,
2026-06-08T15:41:45.691,1.797,rpm,0.000,0.062065,
2026-06-08T15:41:45.706,1.813,rpm,0.000,0.062065,
2026-06-08T15:41:45.761,1.860,rpm,0.000,0.062065,
2026-06-08T15:41:45.775,1.875,rpm,0.000,0.062065,
2026-06-08T15:41:45.775,1.875,torque,0.000,0.061992,
2026-06-08T15:41:45.788,1.891,rpm,0.000,0.061992,
2026-06-08T15:41:45.802,1.907,rpm,0.000,0.061992,
2026-06-08T15:41:45.820,1.922,rpm,0.000,0.061992,
2026-06-08T15:41:45.862,1.969,rpm,0.000,0.061992,
2026-06-08T15:41:45.863,1.969,torque,0.000,0.062063,
2026-06-08T15:41:45.863,1.969,rpm,0.000,0.062063,
2026-06-08T15:41:45.879,1.985,rpm,0.000,0.062063,
2026-06-08T15:41:45.895,2.000,rpm,0.000,0.062063,
2026-06-08T15:41:45.936,2.032,rpm,0.000,0.062063,
2026-06-08T15:41:45.936,2.032,torque,0.000,0.062084,
2026-06-08T15:41:45.937,2.032,rpm,0.000,0.062084,
2026-06-08T15:41:45.975,2.078,rpm,0.000,0.062084,
2026-06-08T15:41:45.975,2.078,rpm,0.000,0.062084,
2026-06-08T15:41:45.996,2.094,rpm,0.000,0.062084,
2026-06-08T15:41:46.016,2.110,torque,0.000,0.062360,
2026-06-08T15:41:46.016,2.110,rpm,0.000,0.062360,
2026-06-08T15:41:46.040,2.141,rpm,0.000,0.062360,
2026-06-08T15:41:46.066,2.172,rpm,0.000,0.062360,
2026-06-08T15:41:46.077,2.172,rpm,0.000,0.062360,
2026-06-08T15:41:46.095,2.188,torque,0.000,0.062546,
2026-06-08T15:41:46.105,2.203,rpm,0.000,0.062546,
2026-06-08T15:41:46.149,2.250,rpm,0.000,0.062546,
2026-06-08T15:41:46.158,2.250,rpm,0.000,0.062546,
2026-06-08T15:41:46.158,2.250,rpm,0.000,0.062546,
2026-06-08T15:41:46.182,2.282,torque,0.000,0.062517,
2026-06-08T15:41:46.183,2.282,rpm,0.000,0.062517,
2026-06-08T15:41:46.208,2.313,rpm,0.000,0.062517,
2026-06-08T15:41:46.209,2.313,rpm,0.000,0.062517,
2026-06-08T15:41:46.242,2.344,rpm,0.000,0.062517,
2026-06-08T15:41:46.260,2.360,rpm,0.000,0.062517,
2026-06-08T15:41:46.261,2.360,torque,0.000,0.063156,
2026-06-08T15:41:46.300,2.407,rpm,0.000,0.063156,
2026-06-08T15:41:46.315,2.407,rpm,0.000,0.063156,
2026-06-08T15:41:46.317,2.422,rpm,0.000,0.063156,
2026-06-08T15:41:46.346,2.438,rpm,0.000,0.063156,
2026-06-08T15:41:46.347,2.453,torque,0.000,0.063608,
2026-06-08T15:41:46.367,2.469,rpm,0.000,0.063608,
2026-06-08T15:41:46.406,2.500,rpm,0.000,0.063608,
2026-06-08T15:41:46.426,2.532,rpm,0.000,0.063608,
2026-06-08T15:41:46.428,2.532,rpm,0.000,0.063608,
2026-06-08T15:41:46.469,2.563,rpm,0.000,0.063608,
2026-06-08T15:41:46.469,2.563,torque,0.000,0.062986,
2026-06-08T15:41:46.470,2.563,rpm,0.000,0.062986,
2026-06-08T15:41:46.493,2.594,rpm,0.000,0.062986,
2026-06-08T15:41:46.508,2.610,rpm,0.000,0.062986,
2026-06-08T15:41:46.537,2.641,rpm,0.000,0.062986,
2026-06-08T15:41:46.552,2.657,torque,0.000,0.062598,
2026-06-08T15:41:46.552,2.657,rpm,0.000,0.062598,
2026-06-08T15:41:46.572,2.672,rpm,0.000,0.062598,
2026-06-08T15:41:46.591,2.688,rpm,0.000,0.062598,
2026-06-08T15:41:46.639,2.735,rpm,0.000,0.062598,
2026-06-08T15:41:46.640,2.735,torque,0.000,0.062328,
2026-06-08T15:41:46.640,2.735,rpm,0.000,0.062328,
2026-06-08T15:41:46.681,2.782,rpm,0.000,0.062328,
2026-06-08T15:41:46.713,2.813,rpm,0.000,0.062328,
2026-06-08T15:41:46.726,2.828,rpm,0.000,0.062328,
2026-06-08T15:41:46.726,2.828,torque,0.000,0.062681,
2026-06-08T15:41:46.740,2.844,rpm,0.000,0.062681,
2026-06-08T15:41:46.741,2.844,rpm,0.000,0.062681,
2026-06-08T15:41:46.788,2.891,rpm,0.000,0.062681,
2026-06-08T15:41:46.804,2.907,rpm,0.000,0.062681,
2026-06-08T15:41:46.804,2.907,rpm,0.000,0.062681,
2026-06-08T15:41:46.804,2.907,torque,0.000,0.063609,
2026-06-08T15:41:46.820,2.922,rpm,0.000,0.063609,
2026-06-08T15:41:46.868,2.969,rpm,0.000,0.063609,
2026-06-08T15:41:46.885,2.985,rpm,0.000,0.063609,
2026-06-08T15:41:46.900,3.000,torque,0.000,0.064104,
2026-06-08T15:41:46.903,3.000,rpm,0.000,0.064104,
2026-06-08T15:41:46.918,3.016,rpm,0.000,0.064104,
2026-06-08T15:41:46.948,3.047,rpm,0.000,0.064104,
2026-06-08T15:41:46.959,3.063,rpm,0.000,0.064104,
2026-06-08T15:41:46.973,3.078,torque,0.000,0.064038,
2026-06-08T15:41:46.973,3.078,rpm,0.000,0.064038,
2026-06-08T15:41:46.988,3.094,rpm,0.000,0.064038,
2026-06-08T15:41:46.998,3.094,rpm,0.000,0.064038,
2026-06-08T15:41:47.049,3.141,rpm,0.000,0.064038,
2026-06-08T15:41:47.049,3.141,rpm,0.000,0.064038,
2026-06-08T15:41:47.049,3.141,torque,0.000,0.064215,
2026-06-08T15:41:47.050,3.157,rpm,0.000,0.064215,
2026-06-08T15:41:47.117,3.219,rpm,0.000,0.064215,
2026-06-08T15:41:47.117,3.219,rpm,0.000,0.064215,
2026-06-08T15:41:47.117,3.219,rpm,0.000,0.064215,
2026-06-08T15:41:47.125,3.219,torque,0.000,0.064222,
2026-06-08T15:41:47.130,3.235,rpm,0.000,0.064222,
2026-06-08T15:41:47.173,3.266,rpm,0.000,0.064222,
2026-06-08T15:41:47.176,3.282,rpm,0.000,0.064222,
2026-06-08T15:41:47.215,3.313,rpm,0.000,0.064222,
2026-06-08T15:41:47.231,3.328,rpm,0.000,0.064222,
2026-06-08T15:41:47.231,3.328,torque,0.000,0.064142,
2026-06-08T15:41:47.262,3.360,rpm,0.000,0.064142,
2026-06-08T15:41:47.263,3.360,rpm,0.000,0.064142,
2026-06-08T15:41:47.316,3.422,rpm,0.000,0.064142,
2026-06-08T15:41:47.332,3.438,rpm,0.000,0.064142,
2026-06-08T15:41:47.332,3.438,torque,0.000,0.064319,
2026-06-08T15:41:47.344,3.438,rpm,0.000,0.064319,
2026-06-08T15:41:47.368,3.469,rpm,0.000,0.064319,
2026-06-08T15:41:47.403,3.500,rpm,0.000,0.064319,
2026-06-08T15:41:47.403,3.500,rpm,0.000,0.064319,
2026-06-08T15:41:47.421,3.516,rpm,0.000,0.064319,
2026-06-08T15:41:47.421,3.516,torque,0.000,0.064388,
2026-06-08T15:41:47.434,3.532,rpm,0.000,0.064388,
2026-06-08T15:41:47.468,3.563,rpm,0.000,0.064388,
2026-06-08T15:41:47.484,3.578,rpm,0.000,0.064388,
2026-06-08T15:41:47.496,3.594,torque,0.000,0.064504,
2026-06-08T15:41:47.496,3.594,rpm,0.000,0.064504,
2026-06-08T15:41:47.515,3.610,rpm,0.000,0.064504,
2026-06-08T15:41:47.559,3.657,rpm,0.000,0.064504,
2026-06-08T15:41:47.575,3.672,rpm,0.000,0.064504,
2026-06-08T15:41:47.583,3.688,rpm,0.000,0.064504,
2026-06-08T15:41:47.584,3.688,torque,0.000,0.064584,
2026-06-08T15:41:47.585,3.688,rpm,0.000,0.064584,
2026-06-08T15:41:47.623,3.719,rpm,0.000,0.064584,
2026-06-08T15:41:47.646,3.750,rpm,0.000,0.064584,
2026-06-08T15:41:47.648,3.750,rpm,0.000,0.064584,
2026-06-08T15:41:47.663,3.766,torque,0.000,0.064918,
2026-06-08T15:41:47.675,3.782,rpm,0.000,0.064918,
2026-06-08T15:41:47.676,3.782,rpm,0.000,0.064918,
2026-06-08T15:41:47.751,3.844,rpm,0.000,0.064918,
2026-06-08T15:41:47.752,3.844,rpm,0.000,0.064918,
2026-06-08T15:41:47.752,3.844,torque,0.000,0.065200,
2026-06-08T15:41:47.764,3.860,rpm,0.000,0.065200,
2026-06-08T15:41:47.799,3.891,rpm,0.000,0.065200,
2026-06-08T15:41:47.811,3.907,rpm,0.000,0.065200,
2026-06-08T15:41:47.827,3.922,rpm,0.000,0.065200,
2026-06-08T15:41:47.844,3.938,rpm,0.000,0.065200,
2026-06-08T15:41:47.845,3.938,torque,0.000,0.065393,
2026-06-08T15:41:47.864,3.969,rpm,0.000,0.065393,
2026-06-08T15:41:47.882,3.985,rpm,0.000,0.065393,
2026-06-08T15:41:47.904,4.000,rpm,0.000,0.065393,
2026-06-08T15:41:47.933,4.032,rpm,0.000,0.065393,
2026-06-08T15:41:47.933,4.032,torque,0.000,0.065313,
2026-06-08T15:41:47.954,4.047,rpm,0.000,0.065313,
2026-06-08T15:41:47.970,4.063,rpm,0.000,0.065313,
2026-06-08T15:41:47.995,4.094,rpm,0.000,0.065313,
2026-06-08T15:41:48.037,4.141,rpm,0.000,0.065313,
2026-06-08T15:41:48.060,4.157,rpm,0.000,0.065313,
2026-06-08T15:41:48.060,4.157,torque,0.000,0.065239,
2026-06-08T15:41:48.060,4.157,rpm,0.000,0.065239,
2026-06-08T15:41:48.061,4.157,rpm,0.000,0.065239,
2026-06-08T15:41:48.076,4.172,rpm,0.000,0.065239,
2026-06-08T15:41:48.100,4.203,torque,0.000,0.065352,
2026-06-08T15:41:48.140,4.235,rpm,0.000,0.065352,
2026-06-08T15:41:48.168,4.266,rpm,0.000,0.065352,
2026-06-08T15:41:48.168,4.266,rpm,0.000,0.065352,
2026-06-08T15:41:48.210,4.313,rpm,0.000,0.065352,
2026-06-08T15:41:48.229,4.328,torque,0.000,0.065413,
2026-06-08T15:41:48.229,4.328,rpm,0.000,0.065413,
2026-06-08T15:41:48.230,4.328,rpm,0.000,0.065413,
2026-06-08T15:41:48.230,4.328,rpm,0.000,0.065413,
2026-06-08T15:41:48.248,4.344,rpm,0.000,0.065413,
2026-06-08T15:41:48.290,4.391,torque,0.000,0.064948,
2026-06-08T15:41:48.308,4.407,rpm,0.000,0.064948,
2026-06-08T15:41:48.308,4.407,rpm,0.000,0.064948,
2026-06-08T15:41:48.326,4.422,rpm,0.000,0.064948,
2026-06-08T15:41:48.340,4.438,rpm,0.000,0.064948,
2026-06-08T15:41:48.367,4.469,rpm,0.000,0.064948,
2026-06-08T15:41:48.367,4.469,torque,0.000,0.064202,
2026-06-08T15:41:48.384,4.485,rpm,0.000,0.064202,
2026-06-08T15:41:48.400,4.500,rpm,0.000,0.064202,
2026-06-08T15:41:48.417,4.516,rpm,0.000,0.064202,
2026-06-08T15:41:48.474,4.578,rpm,0.000,0.064202,
2026-06-08T15:41:48.475,4.578,torque,0.000,0.063542,
2026-06-08T15:41:48.475,4.578,rpm,0.000,0.063542,
2026-06-08T15:41:48.518,4.610,rpm,0.000,0.063542,
2026-06-08T15:41:48.518,4.610,rpm,0.000,0.063542,
2026-06-08T15:41:48.555,4.657,torque,0.000,0.063469,
2026-06-08T15:41:48.556,4.657,rpm,0.000,0.063469,
2026-06-08T15:41:48.574,4.672,rpm,0.000,0.063469,
2026-06-08T15:41:48.592,4.688,rpm,0.000,0.063469,
2026-06-08T15:41:48.630,4.735,rpm,0.000,0.063469,
2026-06-08T15:41:48.646,4.750,rpm,0.000,0.063469,
2026-06-08T15:41:48.646,4.750,torque,0.000,0.064488,
2026-06-08T15:41:48.646,4.750,rpm,0.000,0.064488,
2026-06-08T15:41:48.668,4.766,rpm,0.000,0.064488,
2026-06-08T15:41:48.689,4.782,rpm,0.000,0.064488,
2026-06-08T15:41:48.718,4.813,rpm,0.000,0.064488,
2026-06-08T15:41:48.718,4.813,torque,0.000,0.065308,
2026-06-08T15:41:48.733,4.828,rpm,0.000,0.065308,
2026-06-08T15:41:48.746,4.844,rpm,0.000,0.065308,
2026-06-08T15:41:48.758,4.860,rpm,0.000,0.065308,
2026-06-08T15:41:48.796,4.891,torque,0.000,0.065365,
2026-06-08T15:41:48.796,4.891,rpm,0.000,0.065365,
2026-06-08T15:41:48.852,4.953,rpm,0.000,0.065365,
2026-06-08T15:41:48.863,4.969,rpm,0.000,0.065365,
2026-06-08T15:41:48.876,4.969,torque,0.000,0.064949,
2026-06-08T15:41:48.876,4.969,rpm,0.000,0.064949,
2026-06-08T15:41:48.932,5.032,rpm,0.000,0.064949,
2026-06-08T15:41:48.932,5.032,rpm,0.000,0.064949,
2026-06-08T15:41:48.950,5.047,rpm,0.000,0.064949,
2026-06-08T15:41:48.965,5.063,torque,0.000,0.064370,
2026-06-08T15:41:48.968,5.063,rpm,0.000,0.064370,
2026-06-08T15:41:49.017,5.110,rpm,0.000,0.064370,
2026-06-08T15:41:49.033,5.125,rpm,0.000,0.064370,
2026-06-08T15:41:49.047,5.141,rpm,0.000,0.064370,
2026-06-08T15:41:49.047,5.141,torque,0.000,0.065708,
2026-06-08T15:41:49.068,5.172,rpm,0.000,0.065708,
2026-06-08T15:41:49.086,5.188,rpm,0.000,0.065708,
2026-06-08T15:41:49.120,5.219,rpm,0.000,0.065708,
2026-06-08T15:41:49.120,5.219,rpm,0.000,0.065708,
2026-06-08T15:41:49.151,5.250,torque,0.000,0.067514,
2026-06-08T15:41:49.151,5.250,rpm,0.000,0.067514,
2026-06-08T15:41:49.165,5.266,rpm,0.000,0.067514,
2026-06-08T15:41:49.178,5.282,rpm,0.000,0.067514,
2026-06-08T15:41:49.195,5.297,rpm,0.000,0.067514,
2026-06-08T15:41:49.231,5.328,torque,0.000,0.067544,
2026-06-08T15:41:49.233,5.328,rpm,0.000,0.067544,
2026-06-08T15:41:49.246,5.344,rpm,0.000,0.067544,
2026-06-08T15:41:49.265,5.360,rpm,0.000,0.067544,
2026-06-08T15:41:49.294,5.391,rpm,0.000,0.067544,
2026-06-08T15:41:49.309,5.407,rpm,0.000,0.067544,
2026-06-08T15:41:49.311,5.407,torque,0.000,0.066854,
2026-06-08T15:41:49.323,5.422,rpm,0.000,0.066854,
2026-06-08T15:41:49.327,5.422,rpm,0.000,0.066854,
2026-06-08T15:41:49.397,5.500,torque,0.000,0.066897,
2026-06-08T15:41:49.409,5.516,rpm,0.000,0.066897,
2026-06-08T15:41:49.411,5.516,rpm,0.000,0.066897,
2026-06-08T15:41:49.447,5.547,rpm,0.000,0.066897,
2026-06-08T15:41:49.460,5.563,rpm,0.000,0.066897,
2026-06-08T15:41:49.484,5.578,torque,0.000,0.067397,
2026-06-08T15:41:49.485,5.578,rpm,0.000,0.067397,
2026-06-08T15:41:49.504,5.610,rpm,0.000,0.067397,
2026-06-08T15:41:49.521,5.625,rpm,0.000,0.067397,
2026-06-08T15:41:49.521,5.625,rpm,0.000,0.067397,
2026-06-08T15:41:49.588,5.688,rpm,0.000,0.067397,
2026-06-08T15:41:49.588,5.688,torque,0.000,0.068015,
2026-06-08T15:41:49.589,5.688,rpm,0.000,0.068015,
2026-06-08T15:41:49.606,5.703,rpm,0.000,0.068015,
2026-06-08T15:41:49.654,5.750,rpm,0.000,0.068015,
2026-06-08T15:41:49.670,5.766,torque,0.000,0.070132,
2026-06-08T15:41:49.671,5.766,rpm,0.000,0.070132,
2026-06-08T15:41:49.683,5.782,rpm,0.000,0.070132,
2026-06-08T15:41:49.721,5.813,rpm,0.000,0.070132,
2026-06-08T15:41:49.738,5.844,rpm,0.000,0.070132,
2026-06-08T15:41:49.753,5.860,torque,0.000,0.070280,
2026-06-08T15:41:49.753,5.860,rpm,0.000,0.070280,
2026-06-08T15:41:49.766,5.860,rpm,0.000,0.070280,
2026-06-08T15:41:49.806,5.907,rpm,0.000,0.070280,
2026-06-08T15:41:49.816,5.922,rpm,0.000,0.070280,
2026-06-08T15:41:49.831,5.938,rpm,0.000,0.070280,
2026-06-08T15:41:49.832,5.938,torque,0.000,0.067248,
2026-06-08T15:41:49.835,5.938,rpm,0.000,0.067248,
2026-06-08T15:41:49.882,5.985,rpm,0.000,0.067248,
2026-06-08T15:41:49.897,6.000,rpm,0.000,0.067248,
2026-06-08T15:41:49.911,6.016,rpm,0.000,0.067248,
2026-06-08T15:41:49.911,6.016,torque,0.000,0.066211,
2026-06-08T15:41:49.928,6.032,rpm,0.000,0.066211,
2026-06-08T15:41:49.947,6.047,rpm,0.000,0.066211,
2026-06-08T15:41:49.959,6.063,rpm,0.000,0.066211,
2026-06-08T15:41:49.977,6.078,rpm,0.000,0.066211,
2026-06-08T15:41:50.019,6.125,rpm,0.000,0.066211,
2026-06-08T15:41:50.019,6.125,torque,0.000,0.066150,
2026-06-08T15:41:50.020,6.125,rpm,0.000,0.066150,
2026-06-08T15:41:50.032,6.125,rpm,0.000,0.066150,
2026-06-08T15:41:50.097,6.203,rpm,0.000,0.066150,
2026-06-08T15:41:50.098,6.203,torque,0.000,0.066245,
2026-06-08T15:41:50.098,6.203,rpm,0.000,0.066245,
2026-06-08T15:41:50.118,6.219,rpm,0.000,0.066245,
2026-06-08T15:41:50.131,6.235,rpm,0.000,0.066245,
2026-06-08T15:41:50.150,6.250,rpm,0.000,0.066245,
2026-06-08T15:41:50.170,6.266,torque,0.000,0.066335,
2026-06-08T15:41:50.180,6.282,rpm,0.000,0.066335,
2026-06-08T15:41:50.213,6.313,rpm,0.000,0.066335,
2026-06-08T15:41:50.236,6.328,rpm,0.000,0.066335,
2026-06-08T15:41:50.259,6.360,rpm,0.000,0.066335,
2026-06-08T15:41:50.259,6.360,torque,0.000,0.066307,
2026-06-08T15:41:50.289,6.391,rpm,0.000,0.066307,
2026-06-08T15:41:50.311,6.407,rpm,0.000,0.066307,
2026-06-08T15:41:50.324,6.422,rpm,0.000,0.066307,
2026-06-08T15:41:50.341,6.438,rpm,0.000,0.066307,
2026-06-08T15:41:50.352,6.453,torque,0.000,0.066360,
2026-06-08T15:41:50.354,6.453,rpm,0.000,0.066360,
2026-06-08T15:41:50.394,6.500,rpm,0.000,0.066360,
2026-06-08T15:41:50.407,6.500,rpm,0.000,0.066360,
2026-06-08T15:41:50.424,6.516,rpm,0.000,0.066360,
2026-06-08T15:41:50.438,6.532,torque,0.000,0.066395,
2026-06-08T15:41:50.449,6.547,rpm,0.000,0.066395,
2026-06-08T15:41:50.451,6.547,rpm,0.000,0.066395,
2026-06-08T15:41:50.506,6.610,rpm,0.000,0.066395,
2026-06-08T15:41:50.523,6.625,rpm,0.000,0.066395,
2026-06-08T15:41:50.523,6.625,rpm,0.000,0.066395,
2026-06-08T15:41:50.523,6.625,torque,0.000,0.066432,
2026-06-08T15:41:50.539,6.641,rpm,0.000,0.066432,
2026-06-08T15:41:50.577,6.672,rpm,0.000,0.066432,
2026-06-08T15:41:50.608,6.703,rpm,0.000,0.066432,
2026-06-08T15:41:50.609,6.703,rpm,0.000,0.066432,
2026-06-08T15:41:50.609,6.703,torque,0.000,0.066543,
2026-06-08T15:41:50.628,6.735,rpm,0.000,0.066543,
2026-06-08T15:41:50.665,6.766,rpm,0.000,0.066543,
2026-06-08T15:41:50.683,6.782,rpm,0.000,0.066543,
2026-06-08T15:41:50.698,6.797,rpm,0.000,0.066543,
2026-06-08T15:41:50.698,6.797,torque,0.000,0.066584,
2026-06-08T15:41:50.698,6.797,rpm,0.000,0.066584,
2026-06-08T15:41:50.709,6.813,rpm,0.000,0.066584,
2026-06-08T15:41:50.738,6.844,rpm,0.000,0.066584,
2026-06-08T15:41:50.755,6.860,rpm,0.000,0.066584,
2026-06-08T15:41:50.794,6.891,torque,0.000,0.066488,
2026-06-08T15:41:50.807,6.907,rpm,0.000,0.066488,
2026-06-08T15:41:50.808,6.907,rpm,0.000,0.066488,
2026-06-08T15:41:50.854,6.953,rpm,0.000,0.066488,
2026-06-08T15:41:50.869,6.969,rpm,0.000,0.066488,
2026-06-08T15:41:50.871,6.969,torque,0.000,0.066484,
2026-06-08T15:41:50.871,6.969,rpm,0.000,0.066484,
2026-06-08T15:41:50.904,7.000,rpm,0.000,0.066484,
2026-06-08T15:41:50.935,7.032,rpm,0.000,0.066484,
2026-06-08T15:41:50.950,7.047,rpm,0.000,0.066484,
2026-06-08T15:41:50.961,7.063,torque,0.000,0.066677,
2026-06-08T15:41:50.964,7.063,rpm,0.000,0.066677,
2026-06-08T15:41:50.965,7.063,rpm,0.000,0.066677,
2026-06-08T15:41:51.006,7.110,rpm,0.000,0.066677,
2026-06-08T15:41:51.018,7.110,rpm,0.000,0.066677,
2026-06-08T15:41:51.033,7.125,rpm,0.000,0.066677,
2026-06-08T15:41:51.048,7.141,torque,0.000,0.066930,
2026-06-08T15:41:51.065,7.157,rpm,0.000,0.066930,
2026-06-08T15:41:51.081,7.188,rpm,0.000,0.066930,
2026-06-08T15:41:51.106,7.203,rpm,0.000,0.066930,
2026-06-08T15:41:51.106,7.203,rpm,0.000,0.066930,
2026-06-08T15:41:51.138,7.235,torque,0.000,0.067010,
2026-06-08T15:41:51.140,7.235,rpm,0.000,0.067010,
2026-06-08T15:41:51.165,7.266,rpm,0.000,0.067010,
2026-06-08T15:41:51.188,7.282,rpm,0.000,0.067010,
2026-06-08T15:41:51.225,7.328,rpm,-60.000,0.067010,
2026-06-08T15:41:51.243,7.344,rpm,-851.000,0.067010,
2026-06-08T15:41:51.243,7.344,torque,-851.000,0.068431,
2026-06-08T15:41:51.244,7.344,rpm,-851.000,0.068431,
2026-06-08T15:41:51.265,7.360,rpm,-6106.000,0.068431,
2026-06-08T15:41:51.296,7.391,rpm,-7838.000,0.068431,
2026-06-08T15:41:51.339,7.438,rpm,-9571.000,0.068431,
2026-06-08T15:41:51.340,7.438,torque,-9571.000,0.581220,
2026-06-08T15:41:51.340,7.438,rpm,-9663.000,0.581220,
2026-06-08T15:41:51.356,7.453,rpm,-10031.000,0.581220,
2026-06-08T15:41:51.356,7.453,rpm,-10068.000,0.581220,
2026-06-08T15:41:51.383,7.485,rpm,-10359.000,0.581220,
2026-06-08T15:41:51.399,7.500,torque,-10359.000,4.238277,
2026-06-08T15:41:51.399,7.500,rpm,-10192.000,4.238277,
2026-06-08T15:41:51.460,7.563,rpm,-10287.000,4.238277,
2026-06-08T15:41:51.460,7.563,rpm,-10320.000,4.238277,
2026-06-08T15:41:51.498,7.594,rpm,-10360.000,4.238277,
2026-06-08T15:41:51.498,7.594,rpm,-10353.000,4.238277,
2026-06-08T15:41:51.511,7.610,torque,-10353.000,9.129477,
2026-06-08T15:41:51.512,7.610,rpm,-10138.000,9.129477,
2026-06-08T15:41:51.552,7.657,rpm,-10367.000,9.129477,
2026-06-08T15:41:51.573,7.672,rpm,-10362.000,9.129477,
2026-06-08T15:41:51.586,7.688,rpm,-10403.000,9.129477,
2026-06-08T15:41:51.586,7.688,torque,-10403.000,10.828102,
2026-06-08T15:41:51.603,7.703,rpm,-10106.000,10.828102,
2026-06-08T15:41:51.605,7.703,rpm,-10391.000,10.828102,
2026-06-08T15:41:51.622,7.719,rpm,-10380.000,10.828102,
2026-06-08T15:41:51.675,7.782,rpm,-10376.000,10.828102,
2026-06-08T15:41:51.675,7.782,torque,-10376.000,10.946645,
2026-06-08T15:41:51.697,7.797,rpm,-10380.000,10.946645,
2026-06-08T15:41:51.699,7.797,rpm,-10408.000,10.946645,
2026-06-08T15:41:51.742,7.844,rpm,-10157.000,10.946645,
2026-06-08T15:41:51.758,7.860,rpm,-10406.000,10.946645,
2026-06-08T15:41:51.758,7.860,torque,-10406.000,10.932958,
2026-06-08T15:41:51.777,7.875,rpm,-10389.000,10.932958,
2026-06-08T15:41:51.778,7.875,rpm,-10325.000,10.932958,
2026-06-08T15:41:51.793,7.891,rpm,-10350.000,10.932958,
2026-06-08T15:41:51.794,7.891,rpm,-10264.000,10.932958,
2026-06-08T15:41:51.836,7.938,rpm,-10117.000,10.932958,
2026-06-08T15:41:51.836,7.938,torque,-10117.000,10.891399,
2026-06-08T15:41:51.855,7.953,rpm,-10300.000,10.891399,
2026-06-08T15:41:51.871,7.969,rpm,-10274.000,10.891399,
2026-06-08T15:41:51.874,7.969,rpm,-10286.000,10.891399,
2026-06-08T15:41:51.923,8.016,rpm,-10288.000,10.891399,
2026-06-08T15:41:51.923,8.016,torque,-10288.000,10.854482,
2026-06-08T15:41:51.940,8.032,rpm,-10132.000,10.854482,
2026-06-08T15:41:51.955,8.047,rpm,-10266.000,10.854482,
2026-06-08T15:41:51.972,8.078,rpm,-10315.000,10.854482,
2026-06-08T15:41:51.996,8.094,torque,-10315.000,10.835303,
2026-06-08T15:41:52.010,8.110,rpm,-10235.000,10.835303,
2026-06-08T15:41:52.011,8.110,rpm,-10275.000,10.835303,
2026-06-08T15:41:52.029,8.125,rpm,-10249.000,10.835303,
2026-06-08T15:41:52.032,8.125,rpm,-10257.000,10.835303,
2026-06-08T15:41:52.075,8.172,rpm,-10240.000,10.835303,
2026-06-08T15:41:52.089,8.188,torque,-10240.000,10.813905,
2026-06-08T15:41:52.103,8.203,rpm,-10086.000,10.813905,
2026-06-08T15:41:52.104,8.203,rpm,-10286.000,10.813905,
2026-06-08T15:41:52.148,8.250,rpm,-10135.000,10.813905,
2026-06-08T15:41:52.161,8.266,rpm,-10190.000,10.813905,
2026-06-08T15:41:52.162,8.266,torque,-10190.000,10.801111,
2026-06-08T15:41:52.165,8.266,rpm,-10026.000,10.801111,
2026-06-08T15:41:52.208,8.313,rpm,-10294.000,10.801111,
2026-06-08T15:41:52.245,8.344,rpm,-10216.000,10.801111,
2026-06-08T15:41:52.260,8.360,rpm,-10182.000,10.801111,
2026-06-08T15:41:52.260,8.360,rpm,-10166.000,10.801111,
2026-06-08T15:41:52.261,8.360,torque,-10166.000,10.800297,
2026-06-08T15:41:52.278,8.375,rpm,-10220.000,10.800297,
2026-06-08T15:41:52.294,8.391,rpm,-9992.000,10.800297,
2026-06-08T15:41:52.326,8.422,rpm,-10186.000,10.800297,
2026-06-08T15:41:52.340,8.438,rpm,-10116.000,10.800297,
2026-06-08T15:41:52.356,8.453,torque,-10116.000,10.773352,
2026-06-08T15:41:52.356,8.453,rpm,-10177.000,10.773352,
2026-06-08T15:41:52.376,8.469,rpm,-10028.000,10.773352,
2026-06-08T15:41:52.396,8.500,rpm,-10223.000,10.773352,
2026-06-08T15:41:52.425,8.532,rpm,-9968.000,10.773352,
2026-06-08T15:41:52.438,8.532,rpm,-10254.000,10.773352,
2026-06-08T15:41:52.438,8.532,torque,-10254.000,10.756590,
2026-06-08T15:41:52.441,8.547,rpm,-10263.000,10.756590,
2026-06-08T15:41:52.462,8.563,rpm,-10149.000,10.756590,
2026-06-08T15:41:52.479,8.578,rpm,-9917.000,10.756590,
2026-06-08T15:41:52.523,8.625,rpm,-10191.000,10.756590,
2026-06-08T15:41:52.523,8.625,torque,-10191.000,10.750696,
2026-06-08T15:41:52.539,8.641,rpm,-10041.000,10.750696,
2026-06-08T15:41:52.552,8.657,rpm,-10091.000,10.750696,
2026-06-08T15:41:52.554,8.657,rpm,-10056.000,10.750696,
2026-06-08T15:41:52.610,8.703,rpm,-10110.000,10.750696,
2026-06-08T15:41:52.611,8.703,torque,-10110.000,10.739545,
2026-06-08T15:41:52.612,8.703,rpm,-10114.000,10.739545,
2026-06-08T15:41:52.614,8.719,rpm,-10159.000,10.739545,
2026-06-08T15:41:52.654,8.750,rpm,-10206.000,10.739545,
2026-06-08T15:41:52.667,8.766,rpm,-10121.000,10.739545,
2026-06-08T15:41:52.669,8.766,torque,-10121.000,10.730413,
2026-06-08T15:41:52.670,8.766,rpm,-9972.000,10.730413,
2026-06-08T15:41:52.700,8.797,rpm,-10143.000,10.730413,
2026-06-08T15:41:52.737,8.844,rpm,-9920.000,10.730413,
2026-06-08T15:41:52.753,8.860,rpm,-10130.000,10.730413,
2026-06-08T15:41:52.767,8.860,torque,-10130.000,10.707324,
2026-06-08T15:41:52.768,8.860,rpm,-10190.000,10.707324,
2026-06-08T15:41:52.798,8.891,rpm,-10145.000,10.707324,
2026-06-08T15:41:52.815,8.907,rpm,-10053.000,10.707324,
2026-06-08T15:41:52.857,8.953,rpm,-10060.000,10.707324,
2026-06-08T15:41:52.858,8.953,rpm,-10214.000,10.707324,
2026-06-08T15:41:52.858,8.953,torque,-10214.000,10.705231,
2026-06-08T15:41:52.874,8.969,rpm,-10157.000,10.705231,
2026-06-08T15:41:52.905,9.000,rpm,-10043.000,10.705231,
2026-06-08T15:41:52.927,9.032,rpm,-10049.000,10.705231,
2026-06-08T15:41:52.941,9.047,torque,-10049.000,10.711809,
2026-06-08T15:41:52.942,9.047,rpm,-10130.000,10.711809,
2026-06-08T15:41:52.956,9.063,rpm,-9878.000,10.711809,
2026-06-08T15:41:53.005,9.110,rpm,-10127.000,10.711809,
2026-06-08T15:41:53.019,9.125,rpm,-10006.000,10.711809,
2026-06-08T15:41:53.020,9.125,rpm,-10149.000,10.711809,
2026-06-08T15:41:53.020,9.125,torque,-10149.000,10.725257,
2026-06-08T15:41:53.046,9.141,rpm,-9997.000,10.725257,
2026-06-08T15:41:53.086,9.188,rpm,-10129.000,10.725257,
2026-06-08T15:41:53.095,9.188,rpm,-10104.000,10.725257,
2026-06-08T15:41:53.098,9.203,rpm,-10132.000,10.725257,
2026-06-08T15:41:53.115,9.219,torque,-10132.000,10.704782,
2026-06-08T15:41:53.129,9.235,rpm,-10093.000,10.704782,
2026-06-08T15:41:53.164,9.266,rpm,-9901.000,10.704782,
2026-06-08T15:41:53.164,9.266,rpm,-9876.000,10.704782,
2026-06-08T15:41:53.200,9.297,rpm,-10084.000,10.704782,
2026-06-08T15:41:53.217,9.313,rpm,-10111.000,10.704782,
2026-06-08T15:41:53.217,9.313,torque,-10111.000,10.697576,
2026-06-08T15:41:53.219,9.313,rpm,-10165.000,10.697576,
2026-06-08T15:41:53.258,9.360,rpm,-10044.000,10.697576,
2026-06-08T15:41:53.285,9.391,rpm,-10151.000,10.697576,
2026-06-08T15:41:53.285,9.391,rpm,-9964.000,10.697576,
2026-06-08T15:41:53.298,9.391,torque,-9964.000,10.686963,
2026-06-08T15:41:53.299,9.391,rpm,-10081.000,10.686963,
2026-06-08T15:41:53.331,9.438,rpm,-10083.000,10.686963,
2026-06-08T15:41:53.333,9.438,rpm,-10129.000,10.686963,
2026-06-08T15:41:53.390,9.485,rpm,-10116.000,10.686963,
2026-06-08T15:41:53.391,9.485,torque,-10116.000,10.664705,
2026-06-08T15:41:53.392,9.485,rpm,-10168.000,10.664705,
2026-06-08T15:41:53.406,9.500,rpm,-10161.000,10.664705,
2026-06-08T15:41:53.448,9.547,rpm,-10126.000,10.664705,
2026-06-08T15:41:53.462,9.563,rpm,-10149.000,10.664705,
2026-06-08T15:41:53.462,9.563,torque,-10149.000,10.676217,
2026-06-08T15:41:53.476,9.578,rpm,-10190.000,10.676217,
2026-06-08T15:41:53.517,9.610,rpm,-10129.000,10.676217,
2026-06-08T15:41:53.530,9.625,rpm,-10162.000,10.676217,
2026-06-08T15:41:53.565,9.657,torque,-10162.000,10.690526,
2026-06-08T15:41:53.565,9.657,rpm,-9907.000,10.690526,
2026-06-08T15:41:53.581,9.688,rpm,-10090.000,10.690526,
2026-06-08T15:41:53.584,9.688,rpm,-10118.000,10.690526,
2026-06-08T15:41:53.632,9.735,rpm,-10156.000,10.690526,
2026-06-08T15:41:53.643,9.735,rpm,-9998.000,10.690526,
2026-06-08T15:41:53.643,9.735,torque,-9998.000,10.679448,
2026-06-08T15:41:53.660,9.766,rpm,-10115.000,10.679448,
2026-06-08T15:41:53.678,9.782,rpm,-10054.000,10.679448,
2026-06-08T15:41:53.717,9.813,rpm,-10059.000,10.679448,
2026-06-08T15:41:53.717,9.813,rpm,-10150.000,10.679448,
2026-06-08T15:41:53.718,9.813,torque,-10150.000,10.658191,
2026-06-08T15:41:53.735,9.828,rpm,-10094.000,10.658191,
2026-06-08T15:41:53.765,9.860,rpm,-9918.000,10.658191,
2026-06-08T15:41:53.791,9.891,rpm,-10076.000,10.658191,
2026-06-08T15:41:53.807,9.907,rpm,-9856.000,10.658191,
2026-06-08T15:41:53.807,9.907,torque,-9856.000,10.660078,
2026-06-08T15:41:53.824,9.922,rpm,-10022.000,10.660078,
2026-06-08T15:41:53.826,9.922,rpm,-10002.000,10.660078,
2026-06-08T15:41:53.864,9.969,rpm,-10055.000,10.660078,
2026-06-08T15:41:53.890,9.985,rpm,-9861.000,10.660078,
2026-06-08T15:41:53.891,9.985,rpm,-10140.000,10.660078,
2026-06-08T15:41:53.891,9.985,torque,-10140.000,10.647538,
2026-06-08T15:41:53.919,10.016,rpm,-9886.000,10.647538,
2026-06-08T15:41:53.963,10.063,rpm,-10018.000,10.647538,
2026-06-08T15:41:53.981,10.078,rpm,-10081.000,10.647538,
2026-06-08T15:41:53.981,10.078,rpm,-10055.000,10.647538,
2026-06-08T15:41:53.982,10.078,torque,-10055.000,10.644978,
2026-06-08T15:41:53.996,10.094,rpm,-9940.000,10.644978,
2026-06-08T15:41:54.036,10.141,rpm,-10101.000,10.644978,
2026-06-08T15:41:54.050,10.141,rpm,-9867.000,10.644978,
2026-06-08T15:41:54.063,10.157,rpm,-10087.000,10.644978,
2026-06-08T15:41:54.065,10.157,torque,-10087.000,10.639852,
2026-06-08T15:41:54.103,10.203,rpm,-10037.000,10.639852,
2026-06-08T15:41:54.103,10.203,rpm,-10042.000,10.639852,
2026-06-08T15:41:54.142,10.235,rpm,-9850.000,10.639852,
2026-06-08T15:41:54.172,10.266,rpm,-9860.000,10.639852,
2026-06-08T15:41:54.172,10.266,torque,-9860.000,10.641546,
2026-06-08T15:41:54.173,10.266,rpm,-10106.000,10.641546,
2026-06-08T15:41:54.174,10.266,throttle,-10106.000,10.641546,100.000
2026-06-08T15:41:54.204,10.297,rpm,-9986.000,10.641546,100.000
2026-06-08T15:41:54.222,10.328,rpm,-10096.000,10.641546,100.000
2026-06-08T15:41:54.247,10.344,rpm,-9975.000,10.641546,100.000
2026-06-08T15:41:54.264,10.360,torque,-9975.000,10.659367,100.000
2026-06-08T15:41:54.264,10.360,rpm,-10144.000,10.659367,100.000
2026-06-08T15:41:54.282,10.375,rpm,-9851.000,10.659367,100.000
2026-06-08T15:41:54.298,10.391,rpm,-10072.000,10.659367,100.000
2026-06-08T15:41:54.299,10.391,rpm,-10068.000,10.659367,100.000
2026-06-08T15:41:54.348,10.453,rpm,-10116.000,10.659367,100.000
2026-06-08T15:41:54.348,10.453,torque,-10116.000,11.146645,100.000
2026-06-08T15:41:54.364,10.469,rpm,-10111.000,11.146645,100.000
2026-06-08T15:41:54.365,10.469,rpm,-9883.000,11.146645,100.000
2026-06-08T15:41:54.382,10.485,rpm,-9981.000,11.146645,100.000
2026-06-08T15:41:54.432,10.532,rpm,-9875.000,11.146645,100.000
2026-06-08T15:41:54.433,10.532,torque,-9875.000,11.699395,100.000
2026-06-08T15:41:54.454,10.547,rpm,-10079.000,11.699395,100.000
2026-06-08T15:41:54.456,10.563,rpm,-10063.000,11.699395,100.000
2026-06-08T15:41:54.472,10.578,rpm,-10095.000,11.699395,100.000
2026-06-08T15:41:54.523,10.625,rpm,-10098.000,11.699395,100.000
2026-06-08T15:41:54.523,10.625,rpm,-10107.000,11.699395,100.000
2026-06-08T15:41:54.523,10.625,torque,-10107.000,11.621640,100.000
2026-06-08T15:41:54.541,10.641,rpm,-10025.000,11.621640,100.000
2026-06-08T15:41:54.562,10.657,rpm,-9985.000,11.621640,100.000
2026-06-08T15:41:54.578,10.672,rpm,-10139.000,11.621640,100.000
2026-06-08T15:41:54.597,10.703,torque,-10139.000,11.508710,100.000
2026-06-08T15:41:54.597,10.703,rpm,-10013.000,11.508710,100.000
2026-06-08T15:41:54.642,10.735,rpm,-10032.000,11.508710,100.000
2026-06-08T15:41:54.643,10.735,rpm,-9864.000,11.508710,100.000
2026-06-08T15:41:54.673,10.766,rpm,-10056.000,11.508710,100.000
2026-06-08T15:41:54.687,10.782,torque,-10056.000,11.486662,100.000
2026-06-08T15:41:54.687,10.782,rpm,-9882.000,11.486662,100.000
2026-06-08T15:41:54.723,10.828,rpm,-9812.000,11.486662,100.000
2026-06-08T15:41:54.753,10.860,rpm,-9995.000,11.486662,100.000
2026-06-08T15:41:54.784,10.875,rpm,-10116.000,11.486662,100.000
2026-06-08T15:41:54.784,10.875,torque,-10116.000,11.464220,100.000
2026-06-08T15:41:54.784,10.875,rpm,-10143.000,11.464220,100.000
2026-06-08T15:41:54.802,10.907,rpm,-9798.000,11.464220,100.000
2026-06-08T15:41:54.842,10.938,rpm,-10001.000,11.464220,100.000
2026-06-08T15:41:54.843,10.938,torque,-10001.000,10.856703,100.000
2026-06-08T15:41:54.862,10.953,rpm,-10071.000,10.856703,100.000
2026-06-08T15:41:54.909,11.000,rpm,-10065.000,10.856703,100.000
2026-06-08T15:41:54.921,11.016,rpm,-10045.000,10.856703,100.000
2026-06-08T15:41:54.937,11.032,rpm,-9981.000,10.856703,100.000
2026-06-08T15:41:54.937,11.032,torque,-9981.000,10.315576,100.000
2026-06-08T15:41:54.957,11.063,rpm,-10003.000,10.315576,100.000
2026-06-08T15:41:54.974,11.078,rpm,-10097.000,10.315576,100.000
2026-06-08T15:41:55.006,11.110,rpm,-10065.000,10.315576,100.000
2026-06-08T15:41:55.020,11.125,rpm,-10046.000,10.315576,100.000
2026-06-08T15:41:55.037,11.141,rpm,-10051.000,10.315576,100.000
2026-06-08T15:41:55.037,11.141,torque,-10051.000,10.303904,100.000
2026-06-08T15:41:55.038,11.141,rpm,-9979.000,10.303904,100.000
2026-06-08T15:41:55.054,11.157,rpm,-10068.000,10.303904,100.000
2026-06-08T15:41:55.109,11.203,rpm,-10036.000,10.303904,100.000
2026-06-08T15:41:55.111,11.203,rpm,-10048.000,10.303904,100.000
2026-06-08T15:41:55.111,11.203,torque,-10048.000,10.309933,100.000
2026-06-08T15:41:55.112,11.219,throttle,-10048.000,10.309933,0.000
2026-06-08T15:41:55.133,11.235,rpm,-9990.000,10.309933,0.000
2026-06-08T15:41:55.166,11.266,rpm,-10012.000,10.309933,0.000
2026-06-08T15:41:55.179,11.282,rpm,-10101.000,10.309933,0.000
2026-06-08T15:41:55.192,11.297,torque,-10101.000,10.308542,0.000
2026-06-08T15:41:55.192,11.297,rpm,-10074.000,10.308542,0.000
2026-06-08T15:41:55.213,11.313,rpm,-9993.000,10.308542,0.000
2026-06-08T15:41:55.282,11.375,rpm,-10060.000,10.308542,0.000
2026-06-08T15:41:55.282,11.375,rpm,-10109.000,10.308542,0.000
2026-06-08T15:41:55.302,11.407,rpm,-9862.000,10.308542,0.000
2026-06-08T15:41:55.302,11.407,torque,-9862.000,10.865455,0.000
2026-06-08T15:41:55.304,11.407,rpm,-10062.000,10.865455,0.000
2026-06-08T15:41:55.307,11.407,rpm,-10047.000,10.865455,0.000
2026-06-08T15:41:55.362,11.469,rpm,-10100.000,10.865455,0.000
2026-06-08T15:41:55.382,11.485,rpm,-9874.000,10.865455,0.000
2026-06-08T15:41:55.405,11.500,rpm,-10107.000,10.865455,0.000
2026-06-08T15:41:55.406,11.500,torque,-10107.000,11.660603,0.000
2026-06-08T15:41:55.407,11.500,rpm,-9962.000,11.660603,0.000
2026-06-08T15:41:55.421,11.516,rpm,-9857.000,11.660603,0.000
2026-06-08T15:41:55.442,11.547,rpm,-10035.000,11.660603,0.000
2026-06-08T15:41:55.472,11.578,rpm,-10126.000,11.660603,0.000
2026-06-08T15:41:55.472,11.578,torque,-10126.000,11.540976,0.000
2026-06-08T15:41:55.491,11.594,rpm,-10002.000,11.540976,0.000
2026-06-08T15:41:55.492,11.594,rpm,-10027.000,11.540976,0.000
2026-06-08T15:41:55.528,11.625,rpm,-9878.000,11.540976,0.000
2026-06-08T15:41:55.528,11.625,rpm,-9842.000,11.540976,0.000
2026-06-08T15:41:55.562,11.657,rpm,-10087.000,11.540976,0.000
2026-06-08T15:41:55.562,11.657,torque,-10087.000,11.509232,0.000
2026-06-08T15:41:55.582,11.688,rpm,-10128.000,11.509232,0.000
2026-06-08T15:41:55.603,11.703,rpm,-10064.000,11.509232,0.000
2026-06-08T15:41:55.634,11.735,rpm,-10032.000,11.509232,0.000
2026-06-08T15:41:55.646,11.750,rpm,-10042.000,11.509232,0.000
2026-06-08T15:41:55.646,11.750,torque,-10042.000,11.546935,0.000
2026-06-08T15:41:55.647,11.750,rpm,-10047.000,11.546935,0.000
2026-06-08T15:41:55.669,11.766,rpm,-10027.000,11.546935,0.000
2026-06-08T15:41:55.718,11.813,rpm,-10028.000,11.546935,0.000
2026-06-08T15:41:55.730,11.828,rpm,-9833.000,11.546935,0.000
2026-06-08T15:41:55.730,11.828,torque,-9833.000,11.445959,0.000
2026-06-08T15:41:55.731,11.828,rpm,-10040.000,11.445959,0.000
2026-06-08T15:41:55.787,11.891,rpm,-9912.000,11.445959,0.000
2026-06-08T15:41:55.801,11.907,rpm,-10020.000,11.445959,0.000
2026-06-08T15:41:55.818,11.922,rpm,-9918.000,11.445959,0.000
2026-06-08T15:41:55.818,11.922,rpm,-9937.000,11.445959,0.000
2026-06-08T15:41:55.819,11.922,torque,-9937.000,10.806513,0.000
2026-06-08T15:41:55.840,11.938,rpm,-10065.000,10.806513,0.000
2026-06-08T15:41:55.873,11.969,rpm,-10041.000,10.806513,0.000
2026-06-08T15:41:55.888,11.985,rpm,-9948.000,10.806513,0.000
2026-06-08T15:41:55.888,11.985,torque,-9948.000,10.327616,0.000
2026-06-08T15:41:55.907,12.000,rpm,-10009.000,10.327616,0.000
2026-06-08T15:41:55.924,12.016,rpm,-9826.000,10.327616,0.000
2026-06-08T15:41:55.955,12.047,rpm,-10050.000,10.327616,0.000
2026-06-08T15:41:55.969,12.063,rpm,-9875.000,10.327616,0.000
2026-06-08T15:41:55.985,12.078,rpm,-10090.000,10.327616,0.000
2026-06-08T15:41:55.987,12.078,torque,-10090.000,10.265238,0.000
2026-06-08T15:41:56.007,12.110,rpm,-9826.000,10.265238,0.000
2026-06-08T15:41:56.039,12.141,rpm,-10045.000,10.265238,0.000
2026-06-08T15:41:56.040,12.141,rpm,-10002.000,10.265238,0.000
2026-06-08T15:41:56.068,12.172,rpm,-10109.000,10.265238,0.000
2026-06-08T15:41:56.072,12.172,torque,-10109.000,10.280519,0.000
2026-06-08T15:41:56.072,12.172,rpm,-10045.000,10.280519,0.000
2026-06-08T15:41:56.091,12.188,rpm,-9934.000,10.280519,0.000
2026-06-08T15:41:56.147,12.250,rpm,-10100.000,10.280519,0.000
2026-06-08T15:41:56.149,12.250,torque,-10100.000,10.279696,0.000
2026-06-08T15:41:56.149,12.250,rpm,-9932.000,10.279696,0.000
2026-06-08T15:41:56.156,12.250,throttle,-9932.000,10.279696,100.000
2026-06-08T15:41:56.157,12.250,rpm,-10013.000,10.279696,100.000
2026-06-08T15:41:56.187,12.282,rpm,-10118.000,10.279696,100.000
2026-06-08T15:41:56.223,12.328,rpm,-10015.000,10.279696,100.000
2026-06-08T15:41:56.240,12.344,rpm,-9911.000,10.279696,100.000
2026-06-08T15:41:56.240,12.344,torque,-9911.000,10.263009,100.000
2026-06-08T15:41:56.243,12.344,rpm,-10053.000,10.263009,100.000
2026-06-08T15:41:56.289,12.391,rpm,-9877.000,10.263009,100.000
2026-06-08T15:41:56.300,12.407,rpm,-10082.000,10.263009,100.000
2026-06-08T15:41:56.317,12.422,rpm,-9972.000,10.263009,100.000
2026-06-08T15:41:56.317,12.422,torque,-9972.000,10.581017,100.000
2026-06-08T15:41:56.351,12.453,rpm,-10114.000,10.581017,100.000
2026-06-08T15:41:56.351,12.453,rpm,-10081.000,10.581017,100.000
2026-06-08T15:41:56.403,12.500,rpm,-10029.000,10.581017,100.000
2026-06-08T15:41:56.420,12.516,rpm,-10043.000,10.581017,100.000
2026-06-08T15:41:56.420,12.516,torque,-10043.000,11.474799,100.000
2026-06-08T15:41:56.437,12.532,rpm,-10033.000,11.474799,100.000
2026-06-08T15:41:56.438,12.532,rpm,-9929.000,11.474799,100.000
2026-06-08T15:41:56.498,12.594,rpm,-10053.000,11.474799,100.000
2026-06-08T15:41:56.499,12.594,torque,-10053.000,11.513051,100.000
2026-06-08T15:41:56.513,12.610,rpm,-10041.000,11.513051,100.000
2026-06-08T15:41:56.517,12.610,rpm,-10012.000,11.513051,100.000
2026-06-08T15:41:56.559,12.657,rpm,-10005.000,11.513051,100.000
2026-06-08T15:41:56.573,12.672,rpm,-9913.000,11.513051,100.000
2026-06-08T15:41:56.592,12.688,torque,-9913.000,11.459745,100.000
2026-06-08T15:41:56.592,12.688,rpm,-10020.000,11.459745,100.000
2026-06-08T15:41:56.614,12.719,rpm,-9945.000,11.459745,100.000
2026-06-08T15:41:56.631,12.735,rpm,-9984.000,11.459745,100.000
2026-06-08T15:41:56.648,12.750,rpm,-9940.000,11.459745,100.000
2026-06-08T15:41:56.680,12.782,rpm,-10011.000,11.459745,100.000
2026-06-08T15:41:56.681,12.782,torque,-10011.000,11.484856,100.000
2026-06-08T15:41:56.702,12.797,rpm,-9891.000,11.484856,100.000
2026-06-08T15:41:56.702,12.797,rpm,-10033.000,11.484856,100.000
2026-06-08T15:41:56.723,12.828,rpm,-9938.000,11.484856,100.000
2026-06-08T15:41:56.758,12.860,rpm,-10008.000,11.484856,100.000
2026-06-08T15:41:56.769,12.875,rpm,-9805.000,11.484856,100.000
2026-06-08T15:41:56.770,12.875,torque,-9805.000,11.448370,100.000
2026-06-08T15:41:56.796,12.891,rpm,-10034.000,11.448370,100.000
2026-06-08T15:41:56.824,12.922,rpm,-9991.000,11.448370,100.000
2026-06-08T15:41:56.853,12.953,rpm,-10083.000,11.448370,100.000
2026-06-08T15:41:56.871,12.969,rpm,-9887.000,11.448370,100.000
2026-06-08T15:41:56.872,12.969,torque,-9887.000,10.903469,100.000
2026-06-08T15:41:56.888,12.985,rpm,-10057.000,10.903469,100.000
2026-06-08T15:41:56.889,12.985,rpm,-9926.000,10.903469,100.000
2026-06-08T15:41:56.910,13.016,rpm,-10031.000,10.903469,100.000
2026-06-08T15:41:56.929,13.032,rpm,-9798.000,10.903469,100.000
2026-06-08T15:41:56.929,13.032,torque,-9798.000,10.307854,100.000
2026-06-08T15:41:56.962,13.063,rpm,-10040.000,10.307854,100.000
2026-06-08T15:41:56.978,13.078,rpm,-9864.000,10.307854,100.000
2026-06-08T15:41:56.980,13.078,rpm,-10088.000,10.307854,100.000
2026-06-08T15:41:57.008,13.110,rpm,-10062.000,10.307854,100.000
2026-06-08T15:41:57.026,13.125,torque,-10062.000,10.238757,100.000
2026-06-08T15:41:57.027,13.125,rpm,-9973.000,10.238757,100.000
2026-06-08T15:41:57.042,13.141,rpm,-9828.000,10.238757,100.000
2026-06-08T15:41:57.044,13.141,rpm,-10152.000,10.238757,100.000
2026-06-08T15:41:57.086,13.188,rpm,-10029.000,10.238757,100.000
2026-06-08T15:41:57.101,13.203,rpm,-10071.000,10.238757,100.000
2026-06-08T15:41:57.101,13.203,torque,-10071.000,10.225076,100.000
2026-06-08T15:41:57.117,13.219,rpm,-9929.000,10.225076,100.000
2026-06-08T15:41:57.136,13.235,rpm,-10043.000,10.225076,100.000
2026-06-08T15:41:57.176,13.282,rpm,-9932.000,10.225076,100.000
2026-06-08T15:41:57.191,13.297,rpm,-9974.000,10.225076,100.000
2026-06-08T15:41:57.192,13.297,torque,-9974.000,10.209781,100.000
2026-06-08T15:41:57.211,13.313,rpm,-9976.000,10.209781,100.000
2026-06-08T15:41:57.234,13.328,rpm,-10002.000,10.209781,100.000
2026-06-08T15:41:57.251,13.344,rpm,-10058.000,10.209781,100.000
2026-06-08T15:41:57.270,13.375,rpm,-10052.000,10.209781,100.000
2026-06-08T15:41:57.297,13.391,rpm,-9893.000,10.209781,100.000
2026-06-08T15:41:57.298,13.391,torque,-9893.000,10.222893,100.000
2026-06-08T15:41:57.317,13.422,rpm,-10046.000,10.222893,100.000
2026-06-08T15:41:57.332,13.438,rpm,-10016.000,10.222893,100.000
2026-06-08T15:41:57.350,13.453,rpm,-10035.000,10.222893,100.000
2026-06-08T15:41:57.377,13.469,torque,-10035.000,10.221081,100.000
2026-06-08T15:41:57.377,13.469,rpm,-9924.000,10.221081,100.000
2026-06-08T15:41:57.395,13.500,rpm,-9987.000,10.221081,100.000
2026-06-08T15:41:57.397,13.500,rpm,-10071.000,10.221081,100.000
2026-06-08T15:41:57.398,13.500,throttle,-10071.000,10.221081,0.000
2026-06-08T15:41:57.425,13.532,rpm,-10021.000,10.221081,0.000
2026-06-08T15:41:57.466,13.563,torque,-10021.000,10.241215,0.000
2026-06-08T15:41:57.467,13.563,rpm,-10069.000,10.241215,0.000
2026-06-08T15:41:57.467,13.563,rpm,-10080.000,10.241215,0.000
2026-06-08T15:41:57.486,13.578,rpm,-9931.000,10.241215,0.000
2026-06-08T15:41:57.507,13.610,rpm,-10048.000,10.241215,0.000
2026-06-08T15:41:57.540,13.641,rpm,-9881.000,10.241215,0.000
2026-06-08T15:41:57.555,13.657,rpm,-10041.000,10.241215,0.000
2026-06-08T15:41:57.556,13.657,torque,-10041.000,10.368732,0.000
2026-06-08T15:41:57.576,13.672,rpm,-9907.000,10.368732,0.000
2026-06-08T15:41:57.601,13.703,rpm,-10081.000,10.368732,0.000
2026-06-08T15:41:57.621,13.719,rpm,-9917.000,10.368732,0.000
2026-06-08T15:41:57.637,13.735,torque,-9917.000,11.224598,0.000
2026-06-08T15:41:57.651,13.750,rpm,-9933.000,11.224598,0.000
2026-06-08T15:41:57.651,13.750,rpm,-9875.000,11.224598,0.000
2026-06-08T15:41:57.675,13.766,rpm,-10030.000,11.224598,0.000
2026-06-08T15:41:57.699,13.797,rpm,-10010.000,11.224598,0.000
2026-06-08T15:41:57.736,13.828,rpm,-10022.000,11.224598,0.000
2026-06-08T15:41:57.736,13.828,torque,-10022.000,11.599206,0.000
2026-06-08T15:41:57.736,13.828,rpm,-9883.000,11.599206,0.000
2026-06-08T15:41:57.751,13.844,rpm,-10040.000,11.599206,0.000
2026-06-08T15:41:57.773,13.875,rpm,-9899.000,11.599206,0.000
2026-06-08T15:41:57.797,13.891,rpm,-10023.000,11.599206,0.000
2026-06-08T15:41:57.813,13.907,torque,-10023.000,11.460661,0.000
2026-06-08T15:41:57.815,13.907,rpm,-10064.000,11.460661,0.000
2026-06-08T15:41:57.848,13.953,rpm,-9974.000,11.460661,0.000
2026-06-08T15:41:57.849,13.953,rpm,-9972.000,11.460661,0.000
2026-06-08T15:41:57.882,13.985,rpm,-10021.000,11.460661,0.000
2026-06-08T15:41:57.901,14.000,rpm,-9903.000,11.460661,0.000
2026-06-08T15:41:57.901,14.000,torque,-9903.000,11.445975,0.000
2026-06-08T15:41:57.903,14.000,rpm,-10030.000,11.445975,0.000
2026-06-08T15:41:57.923,14.016,rpm,-9940.000,11.445975,0.000
2026-06-08T15:41:57.925,14.032,rpm,-10104.000,11.445975,0.000
2026-06-08T15:41:57.980,14.078,rpm,-9808.000,11.445975,0.000
2026-06-08T15:41:58.002,14.094,rpm,-9997.000,11.445975,0.000
2026-06-08T15:41:58.002,14.094,torque,-9997.000,11.483381,0.000
2026-06-08T15:41:58.028,14.125,rpm,-10134.000,11.483381,0.000
2026-06-08T15:41:58.049,14.141,rpm,-9914.000,11.483381,0.000
2026-06-08T15:41:58.050,14.157,rpm,-9840.000,11.483381,0.000
2026-06-08T15:41:58.080,14.172,rpm,-10009.000,11.483381,0.000
2026-06-08T15:41:58.080,14.172,torque,-10009.000,11.209119,0.000
2026-06-08T15:41:58.100,14.203,rpm,-10107.000,11.209119,0.000
2026-06-08T15:41:58.118,14.219,rpm,-9984.000,11.209119,0.000
2026-06-08T15:41:58.136,14.235,rpm,-10113.000,11.209119,0.000
2026-06-08T15:41:58.164,14.266,rpm,-10044.000,11.209119,0.000
2026-06-08T15:41:58.165,14.266,torque,-10044.000,10.521902,0.000
2026-06-08T15:41:58.201,14.297,rpm,-9844.000,10.521902,0.000
2026-06-08T15:41:58.216,14.313,rpm,-9899.000,10.521902,0.000
2026-06-08T15:41:58.247,14.344,rpm,-10080.000,10.521902,0.000
2026-06-08T15:41:58.247,14.344,torque,-10080.000,10.289790,0.000
2026-06-08T15:41:58.269,14.375,rpm,-10025.000,10.289790,0.000
2026-06-08T15:41:58.291,14.391,rpm,-9881.000,10.289790,0.000
2026-06-08T15:41:58.307,14.407,rpm,-10058.000,10.289790,0.000
2026-06-08T15:41:58.324,14.422,rpm,-10017.000,10.289790,0.000
2026-06-08T15:41:58.324,14.422,torque,-10017.000,10.292540,0.000
2026-06-08T15:41:58.337,14.438,rpm,-9857.000,10.292540,0.000
2026-06-08T15:41:58.359,14.453,rpm,-10036.000,10.292540,0.000
2026-06-08T15:41:58.382,14.485,rpm,-10029.000,10.292540,0.000
2026-06-08T15:41:58.419,14.516,rpm,-9939.000,10.292540,0.000
2026-06-08T15:41:58.419,14.516,torque,-9939.000,10.292197,0.000
2026-06-08T15:41:58.419,14.516,rpm,-9904.000,10.292197,0.000
2026-06-08T15:41:58.450,14.547,rpm,-10019.000,10.292197,0.000
2026-06-08T15:41:58.453,14.547,rpm,-10098.000,10.292197,0.000
2026-06-08T15:41:58.453,14.547,rpm,-10020.000,10.292197,0.000
2026-06-08T15:41:58.505,14.610,rpm,-10008.000,10.292197,0.000
2026-06-08T15:41:58.505,14.610,torque,-10008.000,10.322780,0.000
2026-06-08T15:41:58.518,14.610,rpm,-10086.000,10.322780,0.000
2026-06-08T15:41:58.519,14.625,rpm,-9811.000,10.322780,0.000
2026-06-08T15:41:58.570,14.672,rpm,-10043.000,10.322780,0.000
2026-06-08T15:41:58.588,14.688,torque,-10043.000,10.325238,0.000
2026-06-08T15:41:58.609,14.703,rpm,-9988.000,10.325238,0.000
2026-06-08T15:41:58.611,14.703,rpm,-9858.000,10.325238,0.000
2026-06-08T15:41:58.676,14.782,rpm,-9958.000,10.325238,0.000
2026-06-08T15:41:58.676,14.782,torque,-9958.000,10.322963,0.000
2026-06-08T15:41:58.676,14.782,rpm,-10004.000,10.322963,0.000
2026-06-08T15:41:58.694,14.797,rpm,-10079.000,10.322963,0.000
2026-06-08T15:41:58.695,14.797,throttle,-10079.000,10.322963,100.000
2026-06-08T15:41:58.696,14.797,rpm,-10101.000,10.322963,100.000
2026-06-08T15:41:58.758,14.860,rpm,-10022.000,10.322963,100.000
2026-06-08T15:41:58.759,14.860,torque,-10022.000,10.371900,100.000
2026-06-08T15:41:58.760,14.860,rpm,-9898.000,10.371900,100.000
2026-06-08T15:41:58.776,14.875,rpm,-10090.000,10.371900,100.000
2026-06-08T15:41:58.778,14.875,rpm,-10083.000,10.371900,100.000
2026-06-08T15:41:58.829,14.922,rpm,-10061.000,10.371900,100.000
2026-06-08T15:41:58.847,14.953,torque,-10061.000,10.585110,100.000
2026-06-08T15:41:58.866,14.969,rpm,-9925.000,10.585110,100.000
2026-06-08T15:41:58.868,14.969,rpm,-10009.000,10.585110,100.000
2026-06-08T15:41:58.885,14.985,rpm,-9842.000,10.585110,100.000
2026-06-08T15:41:58.902,15.000,rpm,-9852.000,10.585110,100.000
2026-06-08T15:41:58.937,15.032,rpm,-9955.000,10.585110,100.000
2026-06-08T15:41:58.937,15.032,torque,-9955.000,11.417657,100.000
2026-06-08T15:41:58.958,15.063,rpm,-10079.000,11.417657,100.000
2026-06-08T15:41:58.983,15.078,rpm,-10040.000,11.417657,100.000
2026-06-08T15:41:58.984,15.078,rpm,-10099.000,11.417657,100.000
2026-06-08T15:41:59.017,15.110,rpm,-9922.000,11.417657,100.000
2026-06-08T15:41:59.017,15.110,torque,-9922.000,11.572641,100.000
2026-06-08T15:41:59.031,15.125,rpm,-10094.000,11.572641,100.000
2026-06-08T15:41:59.053,15.157,rpm,-10083.000,11.572641,100.000
2026-06-08T15:41:59.075,15.172,rpm,-10070.000,11.572641,100.000
2026-06-08T15:41:59.110,15.203,rpm,-10042.000,11.572641,100.000
2026-06-08T15:41:59.110,15.203,torque,-10042.000,11.508047,100.000
2026-06-08T15:41:59.123,15.219,rpm,-9837.000,11.508047,100.000
2026-06-08T15:41:59.151,15.250,rpm,-10050.000,11.508047,100.000
2026-06-08T15:41:59.174,15.266,rpm,-9854.000,11.508047,100.000
2026-06-08T15:41:59.212,15.313,rpm,-10013.000,11.508047,100.000
2026-06-08T15:41:59.212,15.313,torque,-10013.000,11.489758,100.000
2026-06-08T15:41:59.226,15.328,rpm,-10108.000,11.489758,100.000
2026-06-08T15:41:59.226,15.328,rpm,-10021.000,11.489758,100.000
2026-06-08T15:41:59.247,15.344,rpm,-9802.000,11.489758,100.000
2026-06-08T15:41:59.268,15.360,rpm,-9989.000,11.489758,100.000
2026-06-08T15:41:59.269,15.375,torque,-9989.000,11.504123,100.000
2026-06-08T15:41:59.302,15.407,rpm,-9863.000,11.504123,100.000
2026-06-08T15:41:59.322,15.422,rpm,-10008.000,11.504123,100.000
2026-06-08T15:41:59.357,15.453,rpm,-10057.000,11.504123,100.000
2026-06-08T15:41:59.357,15.453,rpm,-10016.000,11.504123,100.000
2026-06-08T15:41:59.379,15.485,torque,-10016.000,11.106601,100.000
2026-06-08T15:41:59.379,15.485,rpm,-9917.000,11.106601,100.000
2026-06-08T15:41:59.397,15.500,rpm,-10075.000,11.106601,100.000
2026-06-08T15:41:59.399,15.500,rpm,-10098.000,11.106601,100.000
2026-06-08T15:41:59.420,15.516,rpm,-10007.000,11.106601,100.000
2026-06-08T15:41:59.449,15.547,torque,-10007.000,10.380967,100.000
2026-06-08T15:41:59.461,15.563,rpm,-10111.000,10.380967,100.000
2026-06-08T15:41:59.480,15.578,rpm,-10046.000,10.380967,100.000
2026-06-08T15:41:59.504,15.610,rpm,-10035.000,10.380967,100.000
2026-06-08T15:41:59.524,15.625,rpm,-10002.000,10.380967,100.000
2026-06-08T15:41:59.544,15.641,torque,-10002.000,10.236874,100.000
2026-06-08T15:41:59.559,15.657,rpm,-9984.000,10.236874,100.000
2026-06-08T15:41:59.559,15.657,rpm,-10058.000,10.236874,100.000
2026-06-08T15:41:59.579,15.672,rpm,-9848.000,10.236874,100.000
2026-06-08T15:41:59.582,15.688,rpm,-10069.000,10.236874,100.000
2026-06-08T15:41:59.638,15.735,rpm,-10021.000,10.236874,100.000
2026-06-08T15:41:59.638,15.735,torque,-10021.000,10.219380,100.000
2026-06-08T15:41:59.659,15.750,rpm,-10001.000,10.219380,100.000
2026-06-08T15:41:59.660,15.766,rpm,-10066.000,10.219380,100.000
2026-06-08T15:41:59.682,15.782,rpm,-10002.000,10.219380,100.000
2026-06-08T15:41:59.704,15.797,rpm,-10027.000,10.219380,100.000
2026-06-08T15:41:59.704,15.797,torque,-10027.000,10.217304,100.000
2026-06-08T15:41:59.742,15.844,rpm,-9942.000,10.217304,100.000
2026-06-08T15:41:59.770,15.875,rpm,-10020.000,10.217304,100.000
2026-06-08T15:41:59.770,15.875,rpm,-9992.000,10.217304,100.000
2026-06-08T15:41:59.772,15.875,throttle,-9992.000,10.217304,0.000
2026-06-08T15:41:59.790,15.891,rpm,-10121.000,10.217304,0.000
2026-06-08T15:41:59.790,15.891,torque,-10121.000,10.232427,0.000
2026-06-08T15:41:59.812,15.907,rpm,-9787.000,10.232427,0.000
2026-06-08T15:41:59.812,15.907,rpm,-9840.000,10.232427,0.000
2026-06-08T15:41:59.856,15.953,rpm,-9985.000,10.232427,0.000
2026-06-08T15:41:59.896,16.000,rpm,-10006.000,10.232427,0.000
2026-06-08T15:41:59.897,16.000,rpm,-10097.000,10.232427,0.000
2026-06-08T15:41:59.897,16.000,torque,-10097.000,10.346878,0.000
2026-06-08T15:41:59.917,16.016,rpm,-10018.000,10.346878,0.000
2026-06-08T15:41:59.917,16.016,rpm,-10066.000,10.346878,0.000
2026-06-08T15:41:59.918,16.016,rpm,-10054.000,10.346878,0.000
2026-06-08T15:41:59.968,16.063,rpm,-10094.000,10.346878,0.000
2026-06-08T15:41:59.986,16.078,torque,-10094.000,11.040887,0.000
2026-06-08T15:41:59.988,16.094,rpm,-10038.000,11.040887,0.000
2026-06-08T15:42:00.005,16.110,rpm,-9819.000,11.040887,0.000
2026-06-08T15:42:00.007,16.110,rpm,-10102.000,11.040887,0.000
2026-06-08T15:42:00.066,16.172,rpm,-9866.000,11.040887,0.000
2026-06-08T15:42:00.067,16.172,torque,-9866.000,11.729508,0.000
2026-06-08T15:42:00.090,16.188,rpm,-9998.000,11.729508,0.000
2026-06-08T15:42:00.092,16.188,rpm,-9883.000,11.729508,0.000
2026-06-08T15:42:00.111,16.203,rpm,-9967.000,11.729508,0.000
2026-06-08T15:42:00.131,16.235,rpm,-9855.000,11.729508,0.000
2026-06-08T15:42:00.131,16.235,torque,-9855.000,11.551744,0.000
2026-06-08T15:42:00.164,16.266,rpm,-10022.000,11.551744,0.000
2026-06-08T15:42:00.164,16.266,rpm,-10010.000,11.551744,0.000
2026-06-08T15:42:00.190,16.282,rpm,-10026.000,11.551744,0.000
2026-06-08T15:42:00.212,16.313,rpm,-9775.000,11.551744,0.000
2026-06-08T15:42:00.231,16.328,rpm,-10010.000,11.551744,0.000
2026-06-08T15:42:00.232,16.328,torque,-10010.000,11.467556,0.000
2026-06-08T15:42:00.254,16.360,rpm,-10052.000,11.467556,0.000
2026-06-08T15:42:00.288,16.391,rpm,-10025.000,11.467556,0.000
2026-06-08T15:42:00.289,16.391,rpm,-9787.000,11.467556,0.000
2026-06-08T15:42:00.308,16.407,torque,-9787.000,11.462066,0.000
2026-06-08T15:42:00.308,16.407,rpm,-10061.000,11.462066,0.000
2026-06-08T15:42:00.329,16.422,rpm,-9837.000,11.462066,0.000
2026-06-08T15:42:00.366,16.469,rpm,-10082.000,11.462066,0.000
2026-06-08T15:42:00.389,16.485,rpm,-9844.000,11.462066,0.000
2026-06-08T15:42:00.401,16.500,rpm,-10020.000,11.462066,0.000
2026-06-08T15:42:00.420,16.516,torque,-10020.000,11.366656,0.000
2026-06-08T15:42:00.420,16.516,rpm,-9835.000,11.366656,0.000
2026-06-08T15:42:00.422,16.516,rpm,-10043.000,11.366656,0.000
2026-06-08T15:42:00.424,16.516,rpm,-10002.000,11.366656,0.000
2026-06-08T15:42:00.500,16.594,rpm,-10077.000,11.366656,0.000
2026-06-08T15:42:00.514,16.610,rpm,-9864.000,11.366656,0.000
2026-06-08T15:42:00.514,16.610,torque,-9864.000,10.759615,0.000
2026-06-08T15:42:00.541,16.641,rpm,-9995.000,10.759615,0.000
2026-06-08T15:42:00.564,16.657,rpm,-10025.000,10.759615,0.000
2026-06-08T15:42:00.564,16.657,rpm,-10075.000,10.759615,0.000
2026-06-08T15:42:00.586,16.688,torque,-10075.000,10.407106,0.000
2026-06-08T15:42:00.586,16.688,rpm,-10046.000,10.407106,0.000
2026-06-08T15:42:00.622,16.719,rpm,-9772.000,10.407106,0.000
2026-06-08T15:42:00.649,16.750,rpm,-9975.000,10.407106,0.000
2026-06-08T15:42:00.673,16.766,rpm,-10006.000,10.407106,0.000
2026-06-08T15:42:00.673,16.766,rpm,-10006.000,10.407106,0.000
2026-06-08T15:42:00.673,16.766,torque,-10006.000,10.423665,0.000
2026-06-08T15:42:00.702,16.797,rpm,-9900.000,10.423665,0.000
2026-06-08T15:42:00.749,16.844,rpm,-10000.000,10.423665,0.000
2026-06-08T15:42:00.773,16.875,rpm,-10072.000,10.423665,0.000
2026-06-08T15:42:00.774,16.875,torque,-10072.000,10.437413,0.000
2026-06-08T15:42:00.774,16.875,rpm,-10053.000,10.437413,0.000
2026-06-08T15:42:00.807,16.907,rpm,-10026.000,10.437413,0.000
2026-06-08T15:42:00.807,16.907,rpm,-9988.000,10.437413,0.000
2026-06-08T15:42:00.809,16.907,rpm,-9972.000,10.437413,0.000
2026-06-08T15:42:00.832,16.938,torque,-9972.000,10.429401,0.000
2026-06-08T15:42:00.873,16.969,rpm,-9933.000,10.429401,0.000
2026-06-08T15:42:00.893,16.985,rpm,-10021.000,10.429401,0.000
2026-06-08T15:42:00.909,17.000,rpm,-10017.000,10.429401,0.000
2026-06-08T15:42:00.911,17.016,rpm,-10046.000,10.429401,0.000
2026-06-08T15:42:00.925,17.032,torque,-10046.000,10.450112,0.000
2026-06-08T15:42:00.925,17.032,rpm,-9829.000,10.450112,0.000
2026-06-08T15:42:00.971,17.063,rpm,-10050.000,10.450112,0.000
2026-06-08T15:42:00.973,17.078,rpm,-9821.000,10.450112,0.000
2026-06-08T15:42:00.974,17.078,throttle,-9821.000,10.450112,100.000
2026-06-08T15:42:00.995,17.094,rpm,-9995.000,10.450112,100.000
2026-06-08T15:42:01.014,17.110,torque,-9995.000,10.465108,100.000
2026-06-08T15:42:01.014,17.110,rpm,-9924.000,10.465108,100.000
2026-06-08T15:42:01.038,17.141,rpm,-10058.000,10.465108,100.000
2026-06-08T15:42:01.077,17.172,rpm,-9911.000,10.465108,100.000
2026-06-08T15:42:01.077,17.172,rpm,-10027.000,10.465108,100.000
2026-06-08T15:42:01.098,17.203,rpm,-10029.000,10.465108,100.000
2026-06-08T15:42:01.098,17.203,torque,-10029.000,10.502107,100.000
2026-06-08T15:42:01.120,17.219,rpm,-10066.000,10.502107,100.000
2026-06-08T15:42:01.163,17.266,rpm,-10085.000,10.502107,100.000
2026-06-08T15:42:01.163,17.266,rpm,-10109.000,10.502107,100.000
2026-06-08T15:42:01.188,17.282,rpm,-10054.000,10.502107,100.000
2026-06-08T15:42:01.199,17.297,torque,-10054.000,11.107766,100.000
2026-06-08T15:42:01.200,17.297,rpm,-9999.000,11.107766,100.000
2026-06-08T15:42:01.221,17.313,rpm,-9893.000,11.107766,100.000
2026-06-08T15:42:01.224,17.328,rpm,-10045.000,11.107766,100.000
2026-06-08T15:42:01.276,17.375,rpm,-9793.000,11.107766,100.000
2026-06-08T15:42:01.305,17.407,rpm,-10034.000,11.107766,100.000
2026-06-08T15:42:01.305,17.407,torque,-10034.000,11.585514,100.000
2026-06-08T15:42:01.321,17.422,rpm,-10010.000,11.585514,100.000
2026-06-08T15:42:01.343,17.438,rpm,-10072.000,11.585514,100.000
2026-06-08T15:42:01.343,17.438,rpm,-10017.000,11.585514,100.000
2026-06-08T15:42:01.347,17.453,torque,-10017.000,11.462015,100.000
2026-06-08T15:42:01.347,17.453,rpm,-10047.000,11.462015,100.000
2026-06-08T15:42:01.411,17.516,rpm,-9985.000,11.462015,100.000
2026-06-08T15:42:01.411,17.516,rpm,-10034.000,11.462015,100.000
2026-06-08T15:42:01.430,17.532,rpm,-9905.000,11.462015,100.000
2026-06-08T15:42:01.430,17.532,torque,-9905.000,11.450216,100.000
2026-06-08T15:42:01.465,17.563,rpm,-9794.000,11.450216,100.000
2026-06-08T15:42:01.466,17.563,rpm,-9801.000,11.450216,100.000
2026-06-08T15:42:01.489,17.594,rpm,-10041.000,11.450216,100.000
2026-06-08T15:42:01.529,17.625,rpm,-10005.000,11.450216,100.000
2026-06-08T15:42:01.544,17.641,rpm,-9885.000,11.450216,100.000
2026-06-08T15:42:01.544,17.641,torque,-9885.000,11.475026,100.000
2026-06-08T15:42:01.562,17.657,rpm,-10102.000,11.475026,100.000
2026-06-08T15:42:01.563,17.657,rpm,-9984.000,11.475026,100.000
2026-06-08T15:42:01.565,17.657,rpm,-10045.000,11.475026,100.000
2026-06-08T15:42:01.619,17.719,rpm,-9837.000,11.475026,100.000
2026-06-08T15:42:01.619,17.719,torque,-9837.000,11.307988,100.000
2026-06-08T15:42:01.633,17.735,rpm,-10082.000,11.307988,100.000
2026-06-08T15:42:01.657,17.750,rpm,-10030.000,11.307988,100.000
2026-06-08T15:42:01.661,17.766,rpm,-10024.000,11.307988,100.000
2026-06-08T15:42:01.683,17.782,rpm,-10085.000,11.307988,100.000
2026-06-08T15:42:01.715,17.813,rpm,-10099.000,11.307988,100.000
2026-06-08T15:42:01.715,17.813,torque,-10099.000,10.558974,100.000
2026-06-08T15:42:01.752,17.844,rpm,-10070.000,10.558974,100.000
2026-06-08T15:42:01.779,17.875,rpm,-9906.000,10.558974,100.000
2026-06-08T15:42:01.820,17.922,torque,-9906.000,10.350796,100.000
2026-06-08T15:42:01.820,17.922,rpm,-10061.000,10.350796,100.000
2026-06-08T15:42:01.820,17.922,rpm,-10024.000,10.350796,100.000
2026-06-08T15:42:01.854,17.953,rpm,-10042.000,10.350796,100.000
2026-06-08T15:42:01.856,17.953,rpm,-10049.000,10.350796,100.000
2026-06-08T15:42:01.857,17.953,rpm,-10003.000,10.350796,100.000
2026-06-08T15:42:01.880,17.985,torque,-10003.000,10.922981,100.000
2026-06-08T15:42:01.918,18.016,rpm,-10109.000,10.922981,100.000
2026-06-08T15:42:01.918,18.016,rpm,-10124.000,10.922981,100.000
2026-06-08T15:42:01.937,18.032,rpm,-10089.000,10.922981,100.000
2026-06-08T15:42:01.974,18.078,rpm,-10104.000,10.922981,100.000
2026-06-08T15:42:01.974,18.078,torque,-10104.000,10.658438,100.000
2026-06-08T15:42:01.995,18.094,rpm,-10034.000,10.658438,100.000
2026-06-08T15:42:01.997,18.094,rpm,-10057.000,10.658438,100.000
2026-06-08T15:42:02.015,18.110,rpm,-10087.000,10.658438,100.000
2026-06-08T15:42:02.016,18.110,throttle,-10087.000,10.658438,0.000
2026-06-08T15:42:02.016,18.110,rpm,-10051.000,10.658438,0.000
2026-06-08T15:42:02.057,18.157,torque,-10051.000,10.307510,0.000
2026-06-08T15:42:02.077,18.172,rpm,-10088.000,10.307510,0.000
2026-06-08T15:42:02.093,18.188,rpm,-10021.000,10.307510,0.000
2026-06-08T15:42:02.131,18.235,rpm,-10017.000,10.307510,0.000
2026-06-08T15:42:02.153,18.250,rpm,-10066.000,10.307510,0.000
2026-06-08T15:42:02.153,18.250,torque,-10066.000,10.262937,0.000
2026-06-08T15:42:02.154,18.250,rpm,-10086.000,10.262937,0.000
2026-06-08T15:42:02.176,18.282,rpm,-9943.000,10.262937,0.000
2026-06-08T15:42:02.197,18.297,rpm,-10014.000,10.262937,0.000
2026-06-08T15:42:02.236,18.328,torque,-10014.000,10.981834,0.000
2026-06-08T15:42:02.257,18.360,rpm,-10001.000,10.981834,0.000
2026-06-08T15:42:02.259,18.360,rpm,-10006.000,10.981834,0.000
2026-06-08T15:42:02.279,18.375,rpm,-10036.000,10.981834,0.000
2026-06-08T15:42:02.297,18.391,torque,-10036.000,11.594723,0.000
2026-06-08T15:42:02.297,18.391,rpm,-10098.000,11.594723,0.000
2026-06-08T15:42:02.334,18.438,rpm,-10060.000,11.594723,0.000
2026-06-08T15:42:02.360,18.453,rpm,-10092.000,11.594723,0.000
2026-06-08T15:42:02.360,18.453,rpm,-10023.000,11.594723,0.000
2026-06-08T15:42:02.382,18.485,rpm,-10075.000,11.594723,0.000
2026-06-08T15:42:02.400,18.500,torque,-10075.000,11.435544,0.000
2026-06-08T15:42:02.401,18.500,rpm,-10016.000,11.435544,0.000
2026-06-08T15:42:02.401,18.500,rpm,-10012.000,11.435544,0.000
2026-06-08T15:42:02.465,18.563,rpm,-10041.000,11.435544,0.000
2026-06-08T15:42:02.478,18.578,rpm,-10060.000,11.435544,0.000
2026-06-08T15:42:02.479,18.578,rpm,-10027.000,11.435544,0.000
2026-06-08T15:42:02.505,18.610,torque,-10027.000,11.389384,0.000
2026-06-08T15:42:02.505,18.610,rpm,-9830.000,11.389384,0.000
2026-06-08T15:42:02.531,18.625,rpm,-9950.000,11.389384,0.000
2026-06-08T15:42:02.531,18.625,rpm,-9866.000,11.389384,0.000
2026-06-08T15:42:02.549,18.641,rpm,-10008.000,11.389384,0.000
2026-06-08T15:42:02.584,18.688,torque,-10008.000,11.419642,0.000
2026-06-08T15:42:02.608,18.703,rpm,-10074.000,11.419642,0.000
2026-06-08T15:42:02.634,18.735,rpm,-10068.000,11.419642,0.000
2026-06-08T15:42:02.665,18.766,torque,-10068.000,11.294383,0.000
2026-06-08T15:42:02.665,18.766,rpm,-9867.000,11.294383,0.000
2026-06-08T15:42:02.665,18.766,rpm,-9943.000,11.294383,0.000
2026-06-08T15:42:02.680,18.782,rpm,-9979.000,11.294383,0.000
2026-06-08T15:42:02.705,18.797,rpm,-10061.000,11.294383,0.000
2026-06-08T15:42:02.730,18.828,rpm,-10047.000,11.294383,0.000
2026-06-08T15:42:02.746,18.844,torque,-10047.000,10.652392,0.000
2026-06-08T15:42:02.766,18.860,rpm,-10022.000,10.652392,0.000
2026-06-08T15:42:02.781,18.875,rpm,-9891.000,10.652392,0.000
2026-06-08T15:42:02.781,18.875,rpm,-10036.000,10.652392,0.000
2026-06-08T15:42:02.816,18.922,rpm,-10079.000,10.652392,0.000
2026-06-08T15:42:02.836,18.938,torque,-10079.000,10.290947,0.000
2026-06-08T15:42:02.837,18.938,rpm,-10112.000,10.290947,0.000
2026-06-08T15:42:02.838,18.938,rpm,-10051.000,10.290947,0.000
2026-06-08T15:42:02.863,18.969,rpm,-10015.000,10.290947,0.000
2026-06-08T15:42:02.901,19.000,rpm,-10018.000,10.290947,0.000
2026-06-08T15:42:02.917,19.016,torque,-10018.000,10.285904,0.000
2026-06-08T15:42:02.942,19.047,rpm,-10034.000,10.285904,0.000
2026-06-08T15:42:02.944,19.047,rpm,-9983.000,10.285904,0.000
2026-06-08T15:42:02.963,19.063,rpm,-10002.000,10.285904,0.000
2026-06-08T15:42:02.963,19.063,rpm,-10016.000,10.285904,0.000
2026-06-08T15:42:03.002,19.094,rpm,-10030.000,10.285904,0.000
2026-06-08T15:42:03.018,19.110,torque,-10030.000,10.317933,0.000
2026-06-08T15:42:03.041,19.141,rpm,-10058.000,10.317933,0.000
2026-06-08T15:42:03.043,19.141,rpm,-10005.000,10.317933,0.000
2026-06-08T15:42:03.080,19.172,rpm,-10069.000,10.317933,0.000
2026-06-08T15:42:03.092,19.188,rpm,-10103.000,10.317933,0.000
2026-06-08T15:42:03.093,19.188,torque,-10103.000,10.350841,0.000
2026-06-08T15:42:03.112,19.203,rpm,-10077.000,10.350841,0.000
2026-06-08T15:42:03.129,19.235,rpm,-9904.000,10.350841,0.000
2026-06-08T15:42:03.146,19.250,rpm,-9991.000,10.350841,0.000
2026-06-08T15:42:03.177,19.282,rpm,-10011.000,10.350841,0.000
2026-06-08T15:42:03.177,19.282,torque,-10011.000,10.361050,0.000
2026-06-08T15:42:03.195,19.297,rpm,-10139.000,10.361050,0.000
2026-06-08T15:42:03.197,19.297,rpm,-10018.000,10.361050,0.000
2026-06-08T15:42:03.198,19.297,throttle,-10018.000,10.361050,100.000
2026-06-08T15:42:03.198,19.297,rpm,-9906.000,10.361050,100.000
2026-06-08T15:42:03.248,19.344,rpm,-10028.000,10.361050,100.000
2026-06-08T15:42:03.270,19.375,torque,-10028.000,10.391121,100.000
2026-06-08T15:42:03.270,19.375,rpm,-10037.000,10.391121,100.000
2026-06-08T15:42:03.290,19.391,rpm,-9814.000,10.391121,100.000
2026-06-08T15:42:03.292,19.391,rpm,-10081.000,10.391121,100.000
2026-06-08T15:42:03.293,19.391,rpm,-10029.000,10.391121,100.000
2026-06-08T15:42:03.353,19.453,rpm,-10013.000,10.391121,100.000
2026-06-08T15:42:03.353,19.453,torque,-10013.000,10.514580,100.000
2026-06-08T15:42:03.353,19.453,rpm,-10012.000,10.514580,100.000
2026-06-08T15:42:03.370,19.469,rpm,-9972.000,10.514580,100.000
2026-06-08T15:42:03.421,19.516,rpm,-9877.000,10.514580,100.000
2026-06-08T15:42:03.431,19.532,rpm,-10095.000,10.514580,100.000
2026-06-08T15:42:03.431,19.532,torque,-10095.000,11.280490,100.000
2026-06-08T15:42:03.450,19.547,rpm,-10051.000,11.280490,100.000
2026-06-08T15:42:03.472,19.578,rpm,-10020.000,11.280490,100.000
2026-06-08T15:42:03.487,19.578,rpm,-9822.000,11.280490,100.000
2026-06-08T15:42:03.518,19.610,torque,-9822.000,11.470941,100.000
2026-06-08T15:42:03.536,19.641,rpm,-9912.000,11.470941,100.000
2026-06-08T15:42:03.537,19.641,rpm,-10102.000,11.470941,100.000
2026-06-08T15:42:03.566,19.672,rpm,-9925.000,11.470941,100.000
2026-06-08T15:42:03.566,19.672,rpm,-9868.000,11.470941,100.000
2026-06-08T15:42:03.620,19.719,rpm,-9841.000,11.470941,100.000
2026-06-08T15:42:03.620,19.719,torque,-9841.000,11.382687,100.000
2026-06-08T15:42:03.620,19.719,rpm,-10100.000,11.382687,100.000
2026-06-08T15:42:03.638,19.735,rpm,-10086.000,11.382687,100.000
2026-06-08T15:42:03.657,19.750,rpm,-10090.000,11.382687,100.000
2026-06-08T15:42:03.693,19.797,torque,-10090.000,11.346873,100.000
2026-06-08T15:42:03.693,19.797,rpm,-9792.000,11.346873,100.000
2026-06-08T15:42:03.715,19.813,rpm,-10127.000,11.346873,100.000
2026-06-08T15:42:03.736,19.828,rpm,-9987.000,11.346873,100.000
2026-06-08T15:42:03.765,19.860,rpm,-10081.000,11.346873,100.000
2026-06-08T15:42:03.777,19.875,rpm,-9834.000,11.346873,100.000
2026-06-08T15:42:03.777,19.875,torque,-9834.000,11.342080,100.000
2026-06-08T15:42:03.795,19.891,rpm,-10026.000,11.342080,100.000
2026-06-08T15:42:03.815,19.907,rpm,-9985.000,11.342080,100.000
2026-06-08T15:42:03.829,19.922,rpm,-10043.000,11.342080,100.000
2026-06-08T15:42:03.845,19.938,rpm,-9871.000,11.342080,100.000
2026-06-08T15:42:03.872,19.969,torque,-9871.000,10.999782,100.000
2026-06-08T15:42:03.873,19.969,rpm,-10061.000,10.999782,100.000
2026-06-08T15:42:03.894,20.000,rpm,-9866.000,10.999782,100.000
2026-06-08T15:42:03.925,20.016,rpm,-9964.000,10.999782,100.000
2026-06-08T15:42:03.937,20.032,rpm,-9875.000,10.999782,100.000
2026-06-08T15:42:03.937,20.032,torque,-9875.000,10.275958,100.000
2026-06-08T15:42:03.956,20.063,rpm,-10009.000,10.275958,100.000
2026-06-08T15:42:03.974,20.078,rpm,-9866.000,10.275958,100.000
2026-06-08T15:42:04.002,20.094,rpm,-10010.000,10.275958,100.000
2026-06-08T15:42:04.002,20.094,rpm,-10010.000,10.275958,100.000
2026-06-08T15:42:04.012,20.110,rpm,-10142.000,10.275958,100.000
2026-06-08T15:42:04.031,20.125,torque,-10142.000,10.121958,100.000
2026-06-08T15:42:04.051,20.157,rpm,-9875.000,10.121958,100.000
2026-06-08T15:42:04.067,20.172,rpm,-10092.000,10.121958,100.000
2026-06-08T15:42:04.082,20.188,rpm,-9887.000,10.121958,100.000
2026-06-08T15:42:04.111,20.203,rpm,-10075.000,10.121958,100.000
2026-06-08T15:42:04.131,20.235,torque,-10075.000,10.103381,100.000
2026-06-08T15:42:04.131,20.235,rpm,-9852.000,10.103381,100.000
2026-06-08T15:42:04.150,20.250,rpm,-9963.000,10.103381,100.000
2026-06-08T15:42:04.152,20.250,throttle,-9963.000,10.103381,0.000
2026-06-08T15:42:04.153,20.250,rpm,-9929.000,10.103381,0.000
2026-06-08T15:42:04.207,20.313,rpm,-10085.000,10.103381,0.000
2026-06-08T15:42:04.219,20.313,rpm,-9872.000,10.103381,0.000
2026-06-08T15:42:04.219,20.313,torque,-9872.000,10.117910,0.000
2026-06-08T15:42:04.237,20.328,rpm,-10022.000,10.117910,0.000
2026-06-08T15:42:04.238,20.344,rpm,-10041.000,10.117910,0.000
2026-06-08T15:42:04.287,20.391,rpm,-9980.000,10.117910,0.000
2026-06-08T15:42:04.287,20.391,rpm,-10001.000,10.117910,0.000
2026-06-08T15:42:04.297,20.391,torque,-10001.000,10.299038,0.000
2026-06-08T15:42:04.316,20.422,rpm,-10092.000,10.299038,0.000
2026-06-08T15:42:04.319,20.422,rpm,-10049.000,10.299038,0.000
2026-06-08T15:42:04.366,20.469,rpm,-10113.000,10.299038,0.000
2026-06-08T15:42:04.367,20.469,rpm,-10073.000,10.299038,0.000
2026-06-08T15:42:04.379,20.485,torque,-10073.000,11.123990,0.000
2026-06-08T15:42:04.394,20.500,rpm,-10011.000,11.123990,0.000
2026-06-08T15:42:04.396,20.500,rpm,-9894.000,11.123990,0.000
2026-06-08T15:42:04.443,20.547,rpm,-10034.000,11.123990,0.000
2026-06-08T15:42:04.463,20.563,rpm,-9819.000,11.123990,0.000
2026-06-08T15:42:04.464,20.563,rpm,-10096.000,11.123990,0.000
2026-06-08T15:42:04.464,20.563,torque,-10096.000,11.401655,0.000
2026-06-08T15:42:04.486,20.578,rpm,-10106.000,11.401655,0.000
2026-06-08T15:42:04.520,20.625,rpm,-10056.000,11.401655,0.000
2026-06-08T15:42:04.550,20.657,rpm,-10114.000,11.401655,0.000
2026-06-08T15:42:04.552,20.657,torque,-10114.000,11.301607,0.000
2026-06-08T15:42:04.573,20.672,rpm,-9848.000,11.301607,0.000
2026-06-08T15:42:04.594,20.688,rpm,-10046.000,11.301607,0.000
2026-06-08T15:42:04.630,20.735,rpm,-9880.000,11.301607,0.000
2026-06-08T15:42:04.655,20.750,rpm,-9999.000,11.301607,0.000
2026-06-08T15:42:04.655,20.750,torque,-9999.000,11.337445,0.000
2026-06-08T15:42:04.656,20.750,rpm,-9835.000,11.337445,0.000
2026-06-08T15:42:04.677,20.782,rpm,-10092.000,11.337445,0.000
2026-06-08T15:42:04.679,20.782,rpm,-9928.000,11.337445,0.000
2026-06-08T15:42:04.734,20.828,rpm,-10118.000,11.337445,0.000
2026-06-08T15:42:04.734,20.828,torque,-10118.000,11.387443,0.000
2026-06-08T15:42:04.748,20.844,rpm,-10084.000,11.387443,0.000
2026-06-08T15:42:04.767,20.860,rpm,-9988.000,11.387443,0.000
2026-06-08T15:42:04.789,20.891,rpm,-10073.000,11.387443,0.000
2026-06-08T15:42:04.819,20.922,rpm,-9827.000,11.387443,0.000
2026-06-08T15:42:04.819,20.922,torque,-9827.000,11.154955,0.000
2026-06-08T15:42:04.820,20.922,rpm,-9853.000,11.154955,0.000
2026-06-08T15:42:04.857,20.953,rpm,-10078.000,11.154955,0.000
2026-06-08T15:42:04.860,20.953,rpm,-9824.000,11.154955,0.000
2026-06-08T15:42:04.882,20.985,rpm,-9974.000,11.154955,0.000
2026-06-08T15:42:04.914,21.016,rpm,-10106.000,11.154955,0.000
2026-06-08T15:42:04.914,21.016,torque,-10106.000,10.550126,0.000
2026-06-08T15:42:04.929,21.032,rpm,-9992.000,10.550126,0.000
2026-06-08T15:42:04.929,21.032,rpm,-9903.000,10.550126,0.000
2026-06-08T15:42:04.970,21.063,rpm,-9947.000,10.550126,0.000
2026-06-08T15:42:05.012,21.110,rpm,-10134.000,10.550126,0.000
2026-06-08T15:42:05.012,21.110,torque,-10134.000,10.263391,0.000
2026-06-08T15:42:05.031,21.125,rpm,-9844.000,10.263391,0.000
2026-06-08T15:42:05.031,21.125,rpm,-9837.000,10.263391,0.000
2026-06-08T15:42:05.059,21.157,rpm,-9997.000,10.263391,0.000
2026-06-08T15:42:05.100,21.203,rpm,-10033.000,10.263391,0.000
2026-06-08T15:42:05.100,21.203,rpm,-10080.000,10.263391,0.000
2026-06-08T15:42:05.100,21.203,torque,-10080.000,10.233893,0.000
2026-06-08T15:42:05.118,21.219,rpm,-10091.000,10.233893,0.000
2026-06-08T15:42:05.146,21.250,rpm,-9900.000,10.233893,0.000
2026-06-08T15:42:05.147,21.250,rpm,-9895.000,10.233893,0.000
2026-06-08T15:42:05.171,21.266,rpm,-10070.000,10.233893,0.000
2026-06-08T15:42:05.172,21.266,torque,-10070.000,10.265459,0.000
2026-06-08T15:42:05.198,21.297,rpm,-10080.000,10.265459,0.000
2026-06-08T15:42:05.241,21.344,rpm,-9872.000,10.265459,0.000
2026-06-08T15:42:05.241,21.344,rpm,-9979.000,10.265459,0.000
2026-06-08T15:42:05.260,21.360,rpm,-10058.000,10.265459,0.000
2026-06-08T15:42:05.261,21.360,torque,-10058.000,10.322556,0.000
2026-06-08T15:42:05.276,21.375,rpm,-10064.000,10.322556,0.000
2026-06-08T15:42:05.303,21.407,rpm,-10109.000,10.322556,0.000
2026-06-08T15:42:05.307,21.407,throttle,-10109.000,10.322556,100.000
2026-06-08T15:42:05.329,21.422,rpm,-10115.000,10.322556,100.000
2026-06-08T15:42:05.329,21.422,torque,-10115.000,10.318116,100.000
2026-06-08T15:42:05.350,21.453,rpm,-10068.000,10.318116,100.000
2026-06-08T15:42:05.350,21.453,rpm,-10113.000,10.318116,100.000
2026-06-08T15:42:05.396,21.500,rpm,-9924.000,10.318116,100.000
2026-06-08T15:42:05.428,21.532,rpm,-10017.000,10.318116,100.000
2026-06-08T15:42:05.447,21.547,rpm,-9892.000,10.318116,100.000
2026-06-08T15:42:05.448,21.547,torque,-9892.000,10.389910,100.000
2026-06-08T15:42:05.476,21.578,rpm,-10061.000,10.389910,100.000
2026-06-08T15:42:05.478,21.578,rpm,-10104.000,10.389910,100.000
2026-06-08T15:42:05.479,21.578,rpm,-10098.000,10.389910,100.000
2026-06-08T15:42:05.480,21.578,rpm,-9849.000,10.389910,100.000
2026-06-08T15:42:05.524,21.625,torque,-9849.000,11.076118,100.000
2026-06-08T15:42:05.547,21.641,rpm,-9972.000,11.076118,100.000
2026-06-08T15:42:05.547,21.641,rpm,-9942.000,11.076118,100.000
2026-06-08T15:42:05.583,21.688,rpm,-10051.000,11.076118,100.000
2026-06-08T15:42:05.598,21.703,rpm,-10098.000,11.076118,100.000
2026-06-08T15:42:05.598,21.703,torque,-10098.000,11.553535,100.000
2026-06-08T15:42:05.599,21.703,rpm,-10039.000,11.553535,100.000
2026-06-08T15:42:05.624,21.719,rpm,-9912.000,11.553535,100.000
2026-06-08T15:42:05.650,21.750,rpm,-10029.000,11.553535,100.000
2026-06-08T15:42:05.676,21.782,rpm,-10067.000,11.553535,100.000
2026-06-08T15:42:05.676,21.782,rpm,-10062.000,11.553535,100.000
2026-06-08T15:42:05.694,21.797,torque,-10062.000,11.455515,100.000
2026-06-08T15:42:05.715,21.813,rpm,-9925.000,11.455515,100.000
2026-06-08T15:42:05.737,21.828,rpm,-9830.000,11.455515,100.000
2026-06-08T15:42:05.737,21.828,rpm,-9873.000,11.455515,100.000
2026-06-08T15:42:05.779,21.875,rpm,-10000.000,11.455515,100.000
2026-06-08T15:42:05.803,21.907,torque,-10000.000,11.439463,100.000
2026-06-08T15:42:05.803,21.907,rpm,-10102.000,11.439463,100.000
2026-06-08T15:42:05.804,21.907,rpm,-9997.000,11.439463,100.000
2026-06-08T15:42:05.827,21.922,rpm,-10108.000,11.439463,100.000
2026-06-08T15:42:05.831,21.922,rpm,-9989.000,11.439463,100.000
2026-06-08T15:42:05.831,21.922,torque,-9989.000,11.458197,100.000
2026-06-08T15:42:05.902,22.000,rpm,-9993.000,11.458197,100.000
2026-06-08T15:42:05.902,22.000,rpm,-10047.000,11.458197,100.000
2026-06-08T15:42:05.936,22.032,rpm,-10067.000,11.458197,100.000
2026-06-08T15:42:05.936,22.032,rpm,-10029.000,11.458197,100.000
2026-06-08T15:42:05.950,22.047,torque,-10029.000,11.291859,100.000
2026-06-08T15:42:05.950,22.047,rpm,-10035.000,11.291859,100.000
2026-06-08T15:42:05.971,22.063,rpm,-9970.000,11.291859,100.000
2026-06-08T15:42:05.995,22.094,rpm,-9996.000,11.291859,100.000
2026-06-08T15:42:06.012,22.110,rpm,-9901.000,11.291859,100.000
2026-06-08T15:42:06.029,22.125,torque,-9901.000,10.527948,100.000
2026-06-08T15:42:06.030,22.125,rpm,-10083.000,10.527948,100.000
2026-06-08T15:42:06.067,22.172,rpm,-9948.000,10.527948,100.000
2026-06-08T15:42:06.091,22.188,rpm,-10051.000,10.527948,100.000
2026-06-08T15:42:06.104,22.203,rpm,-9846.000,10.527948,100.000
2026-06-08T15:42:06.123,22.219,rpm,-10047.000,10.527948,100.000
2026-06-08T15:42:06.123,22.219,torque,-10047.000,10.193184,100.000
2026-06-08T15:42:06.125,22.219,rpm,-10059.000,10.193184,100.000
2026-06-08T15:42:06.128,22.235,rpm,-10116.000,10.193184,100.000
2026-06-08T15:42:06.184,22.282,rpm,-9846.000,10.193184,100.000
2026-06-08T15:42:06.200,22.297,rpm,-10057.000,10.193184,100.000
2026-06-08T15:42:06.200,22.297,torque,-10057.000,10.206077,100.000
2026-06-08T15:42:06.200,22.297,rpm,-10015.000,10.206077,100.000
2026-06-08T15:42:06.248,22.344,rpm,-10063.000,10.206077,100.000
2026-06-08T15:42:06.283,22.375,rpm,-10036.000,10.206077,100.000
2026-06-08T15:42:06.283,22.375,rpm,-10026.000,10.206077,100.000
2026-06-08T15:42:06.296,22.391,torque,-10026.000,10.204839,100.000
2026-06-08T15:42:06.318,22.422,rpm,-10070.000,10.204839,100.000
2026-06-08T15:42:06.320,22.422,rpm,-10075.000,10.204839,100.000
2026-06-08T15:42:06.320,22.422,throttle,-10075.000,10.204839,0.000
2026-06-08T15:42:06.340,22.438,rpm,-9971.000,10.204839,0.000
2026-06-08T15:42:06.355,22.453,rpm,-10099.000,10.204839,0.000
2026-06-08T15:42:06.387,22.485,rpm,-9896.000,10.204839,0.000
2026-06-08T15:42:06.388,22.485,torque,-9896.000,10.203624,0.000
2026-06-08T15:42:06.429,22.532,rpm,-10096.000,10.203624,0.000
2026-06-08T15:42:06.449,22.547,rpm,-10019.000,10.203624,0.000
2026-06-08T15:42:06.449,22.547,rpm,-9935.000,10.203624,0.000
2026-06-08T15:42:06.488,22.594,torque,-9935.000,10.362460,0.000
2026-06-08T15:42:06.488,22.594,rpm,-10075.000,10.362460,0.000
2026-06-08T15:42:06.513,22.610,rpm,-9953.000,10.362460,0.000
2026-06-08T15:42:06.537,22.641,rpm,-9853.000,10.362460,0.000
2026-06-08T15:42:06.537,22.641,rpm,-9839.000,10.362460,0.000
2026-06-08T15:42:06.551,22.657,torque,-9839.000,11.285981,0.000
2026-06-08T15:42:06.569,22.672,rpm,-10004.000,11.285981,0.000
2026-06-08T15:42:06.585,22.688,rpm,-9858.000,11.285981,0.000
2026-06-08T15:42:06.626,22.719,rpm,-10068.000,11.285981,0.000
2026-06-08T15:42:06.650,22.750,rpm,-10091.000,11.285981,0.000
2026-06-08T15:42:06.650,22.750,torque,-10091.000,11.597272,0.000
2026-06-08T15:42:06.651,22.750,rpm,-10019.000,11.597272,0.000
2026-06-08T15:42:06.674,22.766,rpm,-10042.000,11.597272,0.000
2026-06-08T15:42:06.677,22.782,rpm,-9976.000,11.597272,0.000
2026-06-08T15:42:06.710,22.813,rpm,-10010.000,11.597272,0.000
2026-06-08T15:42:06.710,22.813,rpm,-9995.000,11.597272,0.000
2026-06-08T15:42:06.710,22.813,torque,-9995.000,11.409366,0.000
2026-06-08T15:42:06.743,22.844,rpm,-9876.000,11.409366,0.000
2026-06-08T15:42:06.767,22.860,rpm,-10016.000,11.409366,0.000
2026-06-08T15:42:06.794,22.891,rpm,-10084.000,11.409366,0.000
2026-06-08T15:42:06.829,22.922,rpm,-9784.000,11.409366,0.000
2026-06-08T15:42:06.829,22.922,torque,-9784.000,11.424709,0.000
2026-06-08T15:42:06.844,22.938,rpm,-9855.000,11.424709,0.000
2026-06-08T15:42:06.845,22.938,rpm,-9898.000,11.424709,0.000
2026-06-08T15:42:06.871,22.969,rpm,-10060.000,11.424709,0.000
2026-06-08T15:42:06.900,23.000,rpm,-9973.000,11.424709,0.000
2026-06-08T15:42:06.900,23.000,torque,-9973.000,11.455620,0.000
2026-06-08T15:42:06.927,23.032,rpm,-9836.000,11.455620,0.000
2026-06-08T15:42:06.955,23.047,rpm,-9972.000,11.455620,0.000
2026-06-08T15:42:06.971,23.063,rpm,-10058.000,11.455620,0.000
2026-06-08T15:42:06.995,23.094,rpm,-9834.000,11.455620,0.000
2026-06-08T15:42:06.995,23.094,torque,-9834.000,11.248217,0.000
2026-06-08T15:42:06.997,23.094,rpm,-10091.000,11.248217,0.000
2026-06-08T15:42:07.000,23.094,rpm,-9820.000,11.248217,0.000
2026-06-08T15:42:07.000,23.094,rpm,-9842.000,11.248217,0.000
2026-06-08T15:42:07.066,23.172,rpm,-10055.000,11.248217,0.000
2026-06-08T15:42:07.082,23.188,rpm,-10141.000,11.248217,0.000
2026-06-08T15:42:07.082,23.188,torque,-10141.000,10.721093,0.000
2026-06-08T15:42:07.103,23.203,rpm,-10003.000,10.721093,0.000
2026-06-08T15:42:07.104,23.203,rpm,-9896.000,10.721093,0.000
2026-06-08T15:42:07.125,23.219,rpm,-10005.000,10.721093,0.000
2026-06-08T15:42:07.158,23.250,torque,-10005.000,10.584079,0.000
2026-06-08T15:42:07.158,23.250,rpm,-10144.000,10.584079,0.000
2026-06-08T15:42:07.171,23.266,rpm,-10093.000,10.584079,0.000
2026-06-08T15:42:07.197,23.297,rpm,-10064.000,10.584079,0.000
2026-06-08T15:42:07.230,23.328,rpm,-9832.000,10.584079,0.000
2026-06-08T15:42:07.230,23.328,rpm,-9871.000,10.584079,0.000
2026-06-08T15:42:07.244,23.344,torque,-9871.000,11.171620,0.000
2026-06-08T15:42:07.263,23.360,rpm,-10106.000,11.171620,0.000
2026-06-08T15:42:07.296,23.391,rpm,-10004.000,11.171620,0.000
2026-06-08T15:42:07.329,23.422,torque,-10004.000,10.799601,0.000
2026-06-08T15:42:07.350,23.453,rpm,-9906.000,10.799601,0.000
2026-06-08T15:42:07.350,23.453,rpm,-9950.000,10.799601,0.000
2026-06-08T15:42:07.352,23.453,throttle,-9950.000,10.799601,100.000
2026-06-08T15:42:07.370,23.469,rpm,-9982.000,10.799601,100.000
2026-06-08T15:42:07.390,23.485,rpm,-10117.000,10.799601,100.000
2026-06-08T15:42:07.427,23.532,rpm,-9961.000,10.799601,100.000
2026-06-08T15:42:07.428,23.532,torque,-9961.000,10.449866,100.000
2026-06-08T15:42:07.454,23.547,rpm,-10071.000,10.449866,100.000
2026-06-08T15:42:07.454,23.547,rpm,-9963.000,10.449866,100.000
2026-06-08T15:42:07.476,23.578,rpm,-9999.000,10.449866,100.000
2026-06-08T15:42:07.493,23.594,rpm,-9830.000,10.449866,100.000
2026-06-08T15:42:07.493,23.594,torque,-9830.000,10.564182,100.000
2026-06-08T15:42:07.526,23.625,rpm,-10007.000,10.564182,100.000
2026-06-08T15:42:07.549,23.641,rpm,-9826.000,10.564182,100.000
2026-06-08T15:42:07.550,23.641,rpm,-10102.000,10.564182,100.000
2026-06-08T15:42:07.574,23.672,rpm,-10024.000,10.564182,100.000
2026-06-08T15:42:07.593,23.688,rpm,-10065.000,10.564182,100.000
2026-06-08T15:42:07.593,23.688,torque,-10065.000,11.401751,100.000
2026-06-08T15:42:07.624,23.719,rpm,-9853.000,11.401751,100.000
2026-06-08T15:42:07.648,23.750,rpm,-10060.000,11.401751,100.000
2026-06-08T15:42:07.669,23.766,rpm,-10124.000,11.401751,100.000
2026-06-08T15:42:07.669,23.766,torque,-10124.000,11.702546,100.000
2026-06-08T15:42:07.669,23.766,rpm,-10117.000,11.702546,100.000
2026-06-08T15:42:07.704,23.797,rpm,-9911.000,11.702546,100.000
2026-06-08T15:42:07.720,23.813,rpm,-10096.000,11.702546,100.000
2026-06-08T15:42:07.750,23.844,rpm,-10005.000,11.702546,100.000
2026-06-08T15:42:07.769,23.875,rpm,-9989.000,11.702546,100.000
2026-06-08T15:42:07.769,23.875,torque,-9989.000,11.578600,100.000
2026-06-08T15:42:07.789,23.891,rpm,-10101.000,11.578600,100.000
2026-06-08T15:42:07.790,23.891,rpm,-10081.000,11.578600,100.000
2026-06-08T15:42:07.838,23.938,rpm,-10094.000,11.578600,100.000
2026-06-08T15:42:07.849,23.953,rpm,-10081.000,11.578600,100.000
2026-06-08T15:42:07.849,23.953,torque,-10081.000,11.561810,100.000
2026-06-08T15:42:07.851,23.953,rpm,-9929.000,11.561810,100.000
2026-06-08T15:42:07.872,23.969,rpm,-10087.000,11.561810,100.000
2026-06-08T15:42:07.893,23.985,rpm,-9927.000,11.561810,100.000
2026-06-08T15:42:07.925,24.032,rpm,-10044.000,11.561810,100.000
2026-06-08T15:42:07.935,24.032,torque,-10044.000,11.589332,100.000
2026-06-08T15:42:07.936,24.032,rpm,-10015.000,11.589332,100.000
2026-06-08T15:42:07.959,24.063,rpm,-10061.000,11.589332,100.000
2026-06-08T15:42:07.992,24.094,rpm,-9938.000,11.589332,100.000
2026-06-08T15:42:08.011,24.110,rpm,-10001.000,11.589332,100.000
2026-06-08T15:42:08.022,24.125,rpm,-9849.000,11.589332,100.000
2026-06-08T15:42:08.023,24.125,torque,-9849.000,11.367237,100.000
2026-06-08T15:42:08.046,24.141,rpm,-10088.000,11.367237,100.000
2026-06-08T15:42:08.082,24.188,rpm,-10089.000,11.367237,100.000
2026-06-08T15:42:08.095,24.188,rpm,-10035.000,11.367237,100.000
2026-06-08T15:42:08.113,24.203,rpm,-10113.000,11.367237,100.000
2026-06-08T15:42:08.114,24.219,torque,-10113.000,10.587427,100.000
2026-06-08T15:42:08.115,24.219,rpm,-10043.000,10.587427,100.000
2026-06-08T15:42:08.169,24.266,rpm,-10011.000,10.587427,100.000
2026-06-08T15:42:08.169,24.266,rpm,-10038.000,10.587427,100.000
2026-06-08T15:42:08.184,24.282,rpm,-10058.000,10.587427,100.000
2026-06-08T15:42:08.206,24.297,torque,-10058.000,10.284384,100.000
2026-06-08T15:42:08.208,24.313,rpm,-10131.000,10.284384,100.000
2026-06-08T15:42:08.236,24.328,rpm,-10067.000,10.284384,100.000
2026-06-08T15:42:08.287,24.391,rpm,-9856.000,10.284384,100.000
2026-06-08T15:42:08.305,24.407,rpm,-9991.000,10.284384,100.000
2026-06-08T15:42:08.305,24.407,rpm,-10026.000,10.284384,100.000
2026-06-08T15:42:08.305,24.407,torque,-10026.000,10.257199,100.000
2026-06-08T15:42:08.306,24.407,rpm,-10081.000,10.257199,100.000
2026-06-08T15:42:08.337,24.438,rpm,-10091.000,10.257199,100.000
2026-06-08T15:42:08.357,24.453,rpm,-10057.000,10.257199,100.000
2026-06-08T15:42:08.357,24.453,torque,-10057.000,10.218189,100.000
2026-06-08T15:42:08.358,24.453,rpm,-10031.000,10.218189,100.000
2026-06-08T15:42:08.392,24.485,rpm,-9985.000,10.218189,100.000
2026-06-08T15:42:08.426,24.532,rpm,-10016.000,10.218189,100.000
2026-06-08T15:42:08.464,24.563,rpm,-10106.000,10.218189,100.000
2026-06-08T15:42:08.464,24.563,rpm,-10072.000,10.218189,100.000
2026-06-08T15:42:08.464,24.563,torque,-10072.000,10.206888,100.000
2026-06-08T15:42:08.467,24.563,throttle,-10072.000,10.206888,0.000
2026-06-08T15:42:08.489,24.594,rpm,-10022.000,10.206888,0.000
2026-06-08T15:42:08.512,24.610,rpm,-10064.000,10.206888,0.000
2026-06-08T15:42:08.530,24.625,rpm,-9956.000,10.206888,0.000
2026-06-08T15:42:08.530,24.625,torque,-9956.000,10.218203,0.000
2026-06-08T15:42:08.551,24.657,rpm,-9853.000,10.218203,0.000
2026-06-08T15:42:08.583,24.688,rpm,-9969.000,10.218203,0.000
2026-06-08T15:42:08.585,24.688,rpm,-10082.000,10.218203,0.000
2026-06-08T15:42:08.613,24.719,rpm,-10042.000,10.218203,0.000
2026-06-08T15:42:08.614,24.719,torque,-10042.000,10.536880,0.000
2026-06-08T15:42:08.614,24.719,rpm,-9935.000,10.536880,0.000
2026-06-08T15:42:08.654,24.750,rpm,-9974.000,10.536880,0.000
2026-06-08T15:42:08.682,24.782,rpm,-9867.000,10.536880,0.000
2026-06-08T15:42:08.682,24.782,rpm,-10027.000,10.536880,0.000
2026-06-08T15:42:08.709,24.813,rpm,-9951.000,10.536880,0.000
2026-06-08T15:42:08.733,24.828,torque,-9951.000,11.669370,0.000
2026-06-08T15:42:08.737,24.828,rpm,-10000.000,11.669370,0.000
2026-06-08T15:42:08.792,24.891,rpm,-10056.000,11.669370,0.000
2026-06-08T15:42:08.795,24.891,rpm,-9980.000,11.669370,0.000
2026-06-08T15:42:08.822,24.922,rpm,-10124.000,11.669370,0.000
2026-06-08T15:42:08.822,24.922,torque,-10124.000,12.071188,0.000
2026-06-08T15:42:08.837,24.938,rpm,-9968.000,12.071188,0.000
2026-06-08T15:42:08.838,24.938,rpm,-9849.000,12.071188,0.000
2026-06-08T15:42:08.864,24.969,rpm,-10056.000,12.071188,0.000
2026-06-08T15:42:08.864,24.969,rpm,-9864.000,12.071188,0.000
2026-06-08T15:42:08.889,24.985,rpm,-10042.000,12.071188,0.000
2026-06-08T15:42:08.889,24.985,torque,-10042.000,12.124484,0.000
2026-06-08T15:42:08.939,25.032,rpm,-10053.000,12.124484,0.000
2026-06-08T15:42:08.961,25.063,rpm,-9941.000,12.124484,0.000
2026-06-08T15:42:08.963,25.063,rpm,-10037.000,12.124484,0.000
2026-06-08T15:42:08.964,25.063,rpm,-9970.000,12.124484,0.000
2026-06-08T15:42:08.990,25.094,torque,-9970.000,11.911136,0.000
2026-06-08T15:42:09.007,25.110,rpm,-10044.000,11.911136,0.000
2026-06-08T15:42:09.030,25.125,rpm,-9989.000,11.911136,0.000
2026-06-08T15:42:09.031,25.125,rpm,-10021.000,11.911136,0.000
2026-06-08T15:42:09.051,25.157,rpm,-10036.000,11.911136,0.000
2026-06-08T15:42:09.051,25.157,torque,-10036.000,11.912981,0.000
2026-06-08T15:42:09.088,25.188,rpm,-9853.000,11.912981,0.000
2026-06-08T15:42:09.110,25.203,rpm,-9846.000,11.912981,0.000
2026-06-08T15:42:09.110,25.203,rpm,-9811.000,11.912981,0.000
2026-06-08T15:42:09.130,25.235,rpm,-9922.000,11.912981,0.000
2026-06-08T15:42:09.150,25.250,torque,-9922.000,11.466012,0.000
2026-06-08T15:42:09.153,25.250,rpm,-10025.000,11.466012,0.000
2026-06-08T15:42:09.194,25.297,rpm,-9950.000,11.466012,0.000
2026-06-08T15:42:09.196,25.297,rpm,-9851.000,11.466012,0.000
2026-06-08T15:42:09.219,25.313,rpm,-10009.000,11.466012,0.000
2026-06-08T15:42:09.231,25.328,rpm,-9814.000,11.466012,0.000
2026-06-08T15:42:09.254,25.360,torque,-9814.000,10.645504,0.000
2026-06-08T15:42:09.254,25.360,rpm,-10024.000,10.645504,0.000
2026-06-08T15:42:09.283,25.375,rpm,-10038.000,10.645504,0.000
2026-06-08T15:42:09.323,25.422,rpm,-9884.000,10.645504,0.000
2026-06-08T15:42:09.323,25.422,rpm,-10006.000,10.645504,0.000
2026-06-08T15:42:09.337,25.438,torque,-10006.000,10.386972,0.000
2026-06-08T15:42:09.338,25.438,rpm,-10099.000,10.386972,0.000
2026-06-08T15:42:09.361,25.453,rpm,-10109.000,10.386972,0.000
2026-06-08T15:42:09.362,25.453,rpm,-9965.000,10.386972,0.000
2026-06-08T15:42:09.363,25.469,rpm,-9798.000,10.386972,0.000
2026-06-08T15:42:09.424,25.516,rpm,-10029.000,10.386972,0.000
2026-06-08T15:42:09.424,25.516,torque,-10029.000,10.453664,0.000
2026-06-08T15:42:09.440,25.532,rpm,-10105.000,10.453664,0.000
2026-06-08T15:42:09.469,25.563,rpm,-10080.000,10.453664,0.000
2026-06-08T15:42:09.496,25.594,rpm,-10093.000,10.453664,0.000
2026-06-08T15:42:09.496,25.594,rpm,-9973.000,10.453664,0.000
2026-06-08T15:42:09.496,25.594,torque,-9973.000,10.502557,0.000
2026-06-08T15:42:09.534,25.625,rpm,-10022.000,10.502557,0.000
2026-06-08T15:42:09.552,25.657,rpm,-10070.000,10.502557,0.000
2026-06-08T15:42:09.593,25.688,torque,-10070.000,10.389141,0.000
2026-06-08T15:42:09.593,25.688,rpm,-9836.000,10.389141,0.000
2026-06-08T15:42:09.613,25.719,rpm,-10014.000,10.389141,0.000
2026-06-08T15:42:09.614,25.719,rpm,-9924.000,10.389141,0.000
2026-06-08T15:42:09.638,25.735,rpm,-10029.000,10.389141,0.000
2026-06-08T15:42:09.639,25.735,throttle,-10029.000,10.389141,100.000
2026-06-08T15:42:09.661,25.766,rpm,-9784.000,10.389141,100.000
2026-06-08T15:42:09.661,25.766,torque,-9784.000,10.366995,100.000
2026-06-08T15:42:09.682,25.782,rpm,-9972.000,10.366995,100.000
2026-06-08T15:42:09.718,25.813,rpm,-9914.000,10.366995,100.000
2026-06-08T15:42:09.719,25.813,rpm,-10060.000,10.366995,100.000
2026-06-08T15:42:09.744,25.844,rpm,-10085.000,10.366995,100.000
2026-06-08T15:42:09.745,25.844,torque,-10085.000,10.491596,100.000
2026-06-08T15:42:09.768,25.860,rpm,-10078.000,10.491596,100.000
2026-06-08T15:42:09.769,25.875,rpm,-10071.000,10.491596,100.000
2026-06-08T15:42:09.786,25.891,rpm,-10124.000,10.491596,100.000
2026-06-08T15:42:09.827,25.922,rpm,-9893.000,10.491596,100.000
2026-06-08T15:42:09.847,25.938,rpm,-10033.000,10.491596,100.000
2026-06-08T15:42:09.848,25.953,torque,-10033.000,11.156164,100.000
2026-06-08T15:42:09.848,25.953,rpm,-9988.000,11.156164,100.000
2026-06-08T15:42:09.869,25.969,rpm,-10083.000,11.156164,100.000
2026-06-08T15:42:09.869,25.969,rpm,-10071.000,11.156164,100.000
2026-06-08T15:42:09.921,26.016,torque,-10071.000,12.153611,100.000
2026-06-08T15:42:09.938,26.032,rpm,-9968.000,12.153611,100.000
2026-06-08T15:42:09.962,26.063,rpm,-10029.000,12.153611,100.000
2026-06-08T15:42:09.987,26.078,rpm,-9934.000,12.153611,100.000
2026-06-08T15:42:10.026,26.125,rpm,-10099.000,12.153611,100.000
2026-06-08T15:42:10.026,26.125,torque,-10099.000,12.117292,100.000
2026-06-08T15:42:10.041,26.141,rpm,-10054.000,12.117292,100.000
2026-06-08T15:42:10.041,26.141,rpm,-10012.000,12.117292,100.000
2026-06-08T15:42:10.063,26.157,rpm,-9877.000,12.117292,100.000
2026-06-08T15:42:10.087,26.188,rpm,-10019.000,12.117292,100.000
2026-06-08T15:42:10.124,26.219,torque,-10019.000,11.837727,100.000
2026-06-08T15:42:10.124,26.219,rpm,-10091.000,11.837727,100.000
2026-06-08T15:42:10.139,26.235,rpm,-10112.000,11.837727,100.000
2026-06-08T15:42:10.139,26.235,rpm,-10088.000,11.837727,100.000
2026-06-08T15:42:10.165,26.266,rpm,-10008.000,11.837727,100.000
2026-06-08T15:42:10.187,26.282,rpm,-9952.000,11.837727,100.000
2026-06-08T15:42:10.187,26.282,torque,-9952.000,11.996533,100.000
2026-06-08T15:42:10.204,26.297,rpm,-10060.000,11.996533,100.000
2026-06-08T15:42:10.236,26.328,rpm,-10028.000,11.996533,100.000
2026-06-08T15:42:10.237,26.328,rpm,-10010.000,11.996533,100.000
2026-06-08T15:42:10.277,26.375,rpm,-9883.000,11.996533,100.000
2026-06-08T15:42:10.302,26.407,torque,-9883.000,12.074862,100.000
2026-06-08T15:42:10.302,26.407,rpm,-10028.000,12.074862,100.000
2026-06-08T15:42:10.303,26.407,rpm,-9822.000,12.074862,100.000
2026-06-08T15:42:10.321,26.422,rpm,-10051.000,12.074862,100.000
2026-06-08T15:42:10.324,26.422,rpm,-9927.000,12.074862,100.000
2026-06-08T15:42:10.379,26.485,rpm,-10056.000,12.074862,100.000
2026-06-08T15:42:10.379,26.485,torque,-10056.000,11.263983,100.000
2026-06-08T15:42:10.394,26.500,rpm,-10047.000,11.263983,100.000
2026-06-08T15:42:10.419,26.516,rpm,-9896.000,11.263983,100.000
2026-06-08T15:42:10.467,26.563,rpm,-10038.000,11.263983,100.000
2026-06-08T15:42:10.467,26.563,torque,-10038.000,10.670705,100.000
2026-06-08T15:42:10.467,26.563,rpm,-10038.000,10.670705,100.000
2026-06-08T15:42:10.490,26.594,rpm,-9945.000,10.670705,100.000
2026-06-08T15:42:10.522,26.625,rpm,-10092.000,10.670705,100.000
2026-06-08T15:42:10.525,26.625,rpm,-10015.000,10.670705,100.000
2026-06-08T15:42:10.558,26.657,rpm,-9855.000,10.670705,100.000
2026-06-08T15:42:10.558,26.657,torque,-9855.000,10.590742,100.000
2026-06-08T15:42:10.585,26.688,rpm,-10123.000,10.590742,100.000
2026-06-08T15:42:10.612,26.703,rpm,-9833.000,10.590742,100.000
2026-06-08T15:42:10.612,26.703,rpm,-9794.000,10.590742,100.000
2026-06-08T15:42:10.638,26.735,rpm,-9975.000,10.590742,100.000
2026-06-08T15:42:10.639,26.735,torque,-9975.000,10.396450,100.000
2026-06-08T15:42:10.639,26.735,rpm,-10131.000,10.396450,100.000
2026-06-08T15:42:10.695,26.797,rpm,-9866.000,10.396450,100.000
2026-06-08T15:42:10.724,26.828,rpm,-9945.000,10.396450,100.000
2026-06-08T15:42:10.740,26.844,rpm,-10084.000,10.396450,100.000
2026-06-08T15:42:10.740,26.844,torque,-10084.000,10.323096,100.000
2026-06-08T15:42:10.767,26.860,rpm,-9972.000,10.323096,100.000
2026-06-08T15:42:10.768,26.860,rpm,-10008.000,10.323096,100.000
2026-06-08T15:42:10.771,26.875,rpm,-10008.000,10.323096,100.000
2026-06-08T15:42:10.792,26.891,torque,-10008.000,10.274545,100.000
2026-06-08T15:42:10.792,26.891,rpm,-10055.000,10.274545,100.000
2026-06-08T15:42:10.849,26.953,rpm,-10065.000,10.274545,100.000
2026-06-08T15:42:10.849,26.953,rpm,-10099.000,10.274545,100.000
2026-06-08T15:42:10.867,26.969,rpm,-9927.000,10.274545,100.000
2026-06-08T15:42:10.880,26.985,rpm,-10086.000,10.274545,100.000
2026-06-08T15:42:10.881,26.985,torque,-10086.000,10.299364,100.000
2026-06-08T15:42:10.895,27.000,rpm,-10047.000,10.299364,100.000
2026-06-08T15:42:10.898,27.000,throttle,-10047.000,10.299364,0.000
2026-06-08T15:42:10.898,27.000,rpm,-10025.000,10.299364,0.000
2026-06-08T15:42:10.944,27.047,rpm,-9828.000,10.299364,0.000
2026-06-08T15:42:10.955,27.047,rpm,-10079.000,10.299364,0.000
2026-06-08T15:42:10.957,27.063,torque,-10079.000,10.317629,0.000
2026-06-08T15:42:10.978,27.078,rpm,-9841.000,10.317629,0.000
2026-06-08T15:42:11.029,27.125,rpm,-9854.000,10.317629,0.000
2026-06-08T15:42:11.041,27.141,rpm,-10084.000,10.317629,0.000
2026-06-08T15:42:11.041,27.141,torque,-10084.000,10.473426,0.000
2026-06-08T15:42:11.063,27.157,rpm,-9877.000,10.473426,0.000
2026-06-08T15:42:11.084,27.188,rpm,-9996.000,10.473426,0.000
2026-06-08T15:42:11.119,27.219,rpm,-9974.000,10.473426,0.000
2026-06-08T15:42:11.132,27.235,rpm,-10001.000,10.473426,0.000
2026-06-08T15:42:11.150,27.250,torque,-10001.000,11.461598,0.000
2026-06-08T15:42:11.150,27.250,rpm,-9883.000,11.461598,0.000
2026-06-08T15:42:11.152,27.250,rpm,-10149.000,11.461598,0.000
2026-06-08T15:42:11.207,27.313,rpm,-10073.000,11.461598,0.000
2026-06-08T15:42:11.219,27.313,torque,-10073.000,11.890694,0.000
2026-06-08T15:42:11.245,27.344,rpm,-10047.000,11.890694,0.000
2026-06-08T15:42:11.268,27.360,rpm,-9963.000,11.890694,0.000
2026-06-08T15:42:11.303,27.407,rpm,-10122.000,11.890694,0.000
2026-06-08T15:42:11.317,27.422,rpm,-10027.000,11.890694,0.000
2026-06-08T15:42:11.317,27.422,torque,-10027.000,11.823923,0.000
2026-06-08T15:42:11.317,27.422,rpm,-10082.000,11.823923,0.000
2026-06-08T15:42:11.339,27.438,rpm,-9788.000,11.823923,0.000
2026-06-08T15:42:11.380,27.485,rpm,-9987.000,11.823923,0.000
2026-06-08T15:42:11.398,27.500,rpm,-9973.000,11.823923,0.000
2026-06-08T15:42:11.399,27.500,torque,-9973.000,11.898376,0.000
2026-06-08T15:42:11.413,27.516,rpm,-10051.000,11.898376,0.000
2026-06-08T15:42:11.413,27.516,rpm,-9863.000,11.898376,0.000
2026-06-08T15:42:11.459,27.563,rpm,-10068.000,11.898376,0.000
2026-06-08T15:42:11.493,27.594,rpm,-10041.000,11.898376,0.000
2026-06-08T15:42:11.493,27.594,torque,-10041.000,12.011507,0.000
2026-06-08T15:42:11.493,27.594,rpm,-10045.000,12.011507,0.000
2026-06-08T15:42:11.508,27.610,rpm,-10080.000,12.011507,0.000
2026-06-08T15:42:11.533,27.625,rpm,-10041.000,12.011507,0.000
2026-06-08T15:42:11.557,27.657,rpm,-10015.000,12.011507,0.000
2026-06-08T15:42:11.592,27.688,rpm,-9850.000,12.011507,0.000
2026-06-08T15:42:11.593,27.688,torque,-9850.000,11.746256,0.000
2026-06-08T15:42:11.606,27.703,rpm,-10017.000,11.746256,0.000
2026-06-08T15:42:11.608,27.703,rpm,-9978.000,11.746256,0.000
2026-06-08T15:42:11.633,27.735,rpm,-10091.000,11.746256,0.000
2026-06-08T15:42:11.657,27.750,torque,-10091.000,10.965591,0.000
2026-06-08T15:42:11.657,27.750,rpm,-10013.000,10.965591,0.000
2026-06-08T15:42:11.696,27.797,rpm,-10047.000,10.965591,0.000
2026-06-08T15:42:11.715,27.813,rpm,-9963.000,10.965591,0.000
2026-06-08T15:42:11.716,27.813,rpm,-10074.000,10.965591,0.000
2026-06-08T15:42:11.750,27.844,rpm,-9814.000,10.965591,0.000
2026-06-08T15:42:11.751,27.844,torque,-9814.000,10.538639,0.000
2026-06-08T15:42:11.772,27.875,rpm,-10011.000,10.538639,0.000
2026-06-08T15:42:11.795,27.891,rpm,-9856.000,10.538639,0.000
2026-06-08T15:42:11.795,27.891,rpm,-10102.000,10.538639,0.000
2026-06-08T15:42:11.813,27.907,rpm,-9922.000,10.538639,0.000
2026-06-08T15:42:11.813,27.907,torque,-9922.000,10.513707,0.000
2026-06-08T15:42:11.873,27.969,rpm,-10067.000,10.513707,0.000
2026-06-08T15:42:11.873,27.969,rpm,-9847.000,10.513707,0.000
2026-06-08T15:42:11.913,28.016,rpm,-10002.000,10.513707,0.000
2026-06-08T15:42:11.928,28.032,rpm,-10091.000,10.513707,0.000
2026-06-08T15:42:11.928,28.032,torque,-10091.000,10.548943,0.000
2026-06-08T15:42:11.950,28.047,rpm,-9929.000,10.548943,0.000
2026-06-08T15:42:11.952,28.047,rpm,-10065.000,10.548943,0.000
2026-06-08T15:42:11.954,28.047,throttle,-10065.000,10.548943,100.000
2026-06-08T15:42:11.978,28.078,rpm,-9965.000,10.548943,100.000
2026-06-08T15:42:12.010,28.110,rpm,-10092.000,10.548943,100.000
2026-06-08T15:42:12.010,28.110,rpm,-10047.000,10.548943,100.000
2026-06-08T15:42:12.010,28.110,torque,-10047.000,10.526565,100.000
2026-06-08T15:42:12.025,28.125,rpm,-10128.000,10.526565,100.000
2026-06-08T15:42:12.048,28.141,rpm,-10018.000,10.526565,100.000
2026-06-08T15:42:12.073,28.172,rpm,-10030.000,10.526565,100.000
2026-06-08T15:42:12.108,28.203,rpm,-10040.000,10.526565,100.000
2026-06-08T15:42:12.108,28.203,torque,-10040.000,10.651834,100.000
2026-06-08T15:42:12.121,28.219,rpm,-10157.000,10.651834,100.000
2026-06-08T15:42:12.121,28.219,rpm,-10029.000,10.651834,100.000
2026-06-08T15:42:12.168,28.266,rpm,-9976.000,10.651834,100.000
2026-06-08T15:42:12.169,28.266,torque,-9976.000,11.599175,100.000
2026-06-08T15:42:12.187,28.282,rpm,-10107.000,11.599175,100.000
2026-06-08T15:42:12.208,28.313,rpm,-10113.000,11.599175,100.000
2026-06-08T15:42:12.225,28.328,rpm,-10033.000,11.599175,100.000
2026-06-08T15:42:12.225,28.328,rpm,-10076.000,11.599175,100.000
2026-06-08T15:42:12.281,28.375,rpm,-9874.000,11.599175,100.000
2026-06-08T15:42:12.281,28.375,rpm,-10123.000,11.599175,100.000
2026-06-08T15:42:12.281,28.375,torque,-10123.000,12.044689,100.000
2026-06-08T15:42:12.302,28.407,rpm,-9918.000,12.044689,100.000
2026-06-08T15:42:12.320,28.422,rpm,-10026.000,12.044689,100.000
2026-06-08T15:42:12.353,28.453,rpm,-9909.000,12.044689,100.000
2026-06-08T15:42:12.354,28.453,torque,-9909.000,11.936087,100.000
2026-06-08T15:42:12.379,28.485,rpm,-9969.000,11.936087,100.000
2026-06-08T15:42:12.380,28.485,rpm,-10023.000,11.936087,100.000
2026-06-08T15:42:12.400,28.500,rpm,-10078.000,11.936087,100.000
2026-06-08T15:42:12.415,28.516,rpm,-9839.000,11.936087,100.000
2026-06-08T15:42:12.445,28.547,rpm,-10098.000,11.936087,100.000
2026-06-08T15:42:12.445,28.547,torque,-10098.000,11.992537,100.000
2026-06-08T15:42:12.468,28.563,rpm,-9867.000,11.992537,100.000
2026-06-08T15:42:12.469,28.563,rpm,-10096.000,11.992537,100.000
2026-06-08T15:42:12.486,28.578,rpm,-10058.000,11.992537,100.000
2026-06-08T15:42:12.536,28.641,rpm,-10059.000,11.992537,100.000
2026-06-08T15:42:12.536,28.641,torque,-10059.000,12.110169,100.000
2026-06-08T15:42:12.562,28.657,rpm,-10013.000,12.110169,100.000
2026-06-08T15:42:12.562,28.657,rpm,-9997.000,12.110169,100.000
2026-06-08T15:42:12.584,28.688,rpm,-9875.000,12.110169,100.000
2026-06-08T15:42:12.620,28.719,rpm,-9977.000,12.110169,100.000
2026-06-08T15:42:12.620,28.719,torque,-9977.000,11.652212,100.000
2026-06-08T15:42:12.620,28.719,rpm,-9978.000,11.652212,100.000
2026-06-08T15:42:12.634,28.735,rpm,-10028.000,11.652212,100.000
2026-06-08T15:42:12.658,28.750,rpm,-10039.000,11.652212,100.000
2026-06-08T15:42:12.683,28.782,rpm,-10142.000,11.652212,100.000
2026-06-08T15:42:12.715,28.813,torque,-10142.000,10.980690,100.000
2026-06-08T15:42:12.715,28.813,rpm,-9915.000,10.980690,100.000
2026-06-08T15:42:12.731,28.828,rpm,-10022.000,10.980690,100.000
2026-06-08T15:42:12.732,28.828,rpm,-9905.000,10.980690,100.000
2026-06-08T15:42:12.757,28.860,rpm,-10103.000,10.980690,100.000
2026-06-08T15:42:12.779,28.875,torque,-10103.000,10.713879,100.000
2026-06-08T15:42:12.779,28.875,rpm,-9923.000,10.713879,100.000
2026-06-08T15:42:12.813,28.907,rpm,-10075.000,10.713879,100.000
2026-06-08T15:42:12.832,28.938,rpm,-9862.000,10.713879,100.000
2026-06-08T15:42:12.853,28.953,rpm,-10134.000,10.713879,100.000
2026-06-08T15:42:12.884,28.985,rpm,-10128.000,10.713879,100.000
2026-06-08T15:42:12.884,28.985,torque,-10128.000,10.621301,100.000
2026-06-08T15:42:12.884,28.985,rpm,-10074.000,10.621301,100.000
2026-06-08T15:42:12.904,29.000,rpm,-9988.000,10.621301,100.000
2026-06-08T15:42:12.965,29.063,torque,-9988.000,10.543330,100.000
2026-06-08T15:42:12.992,29.094,rpm,-10047.000,10.543330,100.000
2026-06-08T15:42:12.994,29.094,rpm,-10036.000,10.543330,100.000
2026-06-08T15:42:13.013,29.110,rpm,-10014.000,10.543330,100.000
2026-06-08T15:42:13.047,29.141,torque,-10014.000,10.505949,100.000
2026-06-08T15:42:13.066,29.157,rpm,-9984.000,10.505949,100.000
2026-06-08T15:42:13.068,29.172,rpm,-10050.000,10.505949,100.000
2026-06-08T15:42:13.068,29.172,throttle,-10050.000,10.505949,0.000
2026-06-08T15:42:13.091,29.188,rpm,-10036.000,10.505949,0.000
2026-06-08T15:42:13.127,29.219,rpm,-10055.000,10.505949,0.000
2026-06-08T15:42:13.147,29.250,torque,-10055.000,10.592611,0.000
2026-06-08T15:42:13.162,29.266,rpm,-10035.000,10.592611,0.000
2026-06-08T15:42:13.163,29.266,rpm,-9987.000,10.592611,0.000
2026-06-08T15:42:13.188,29.282,rpm,-9919.000,10.592611,0.000
2026-06-08T15:42:13.215,29.313,rpm,-10000.000,10.592611,0.000
2026-06-08T15:42:13.215,29.313,torque,-10000.000,10.838296,0.000
2026-06-08T15:42:13.257,29.360,rpm,-10136.000,10.838296,0.000
2026-06-08T15:42:13.257,29.360,rpm,-10075.000,10.838296,0.000
2026-06-08T15:42:13.273,29.375,rpm,-9835.000,10.838296,0.000
2026-06-08T15:42:13.274,29.375,rpm,-10079.000,10.838296,0.000
2026-06-08T15:42:13.306,29.407,torque,-10079.000,12.108412,0.000
2026-06-08T15:42:13.306,29.407,rpm,-10018.000,12.108412,0.000
2026-06-08T15:42:13.329,29.422,rpm,-10105.000,12.108412,0.000
2026-06-08T15:42:13.353,29.453,rpm,-10061.000,12.108412,0.000
2026-06-08T15:42:13.390,29.485,rpm,-10009.000,12.108412,0.000
2026-06-08T15:42:13.390,29.485,rpm,-9975.000,12.108412,0.000
2026-06-08T15:42:13.403,29.500,torque,-9975.000,12.708167,0.000
2026-06-08T15:42:13.404,29.500,rpm,-10018.000,12.708167,0.000
2026-06-08T15:42:13.429,29.532,rpm,-9893.000,12.708167,0.000
2026-06-08T15:42:13.451,29.547,rpm,-10012.000,12.708167,0.000
2026-06-08T15:42:13.483,29.578,rpm,-10123.000,12.708167,0.000
2026-06-08T15:42:13.483,29.578,torque,-10123.000,12.564767,0.000
2026-06-08T15:42:13.495,29.594,rpm,-10032.000,12.564767,0.000
2026-06-08T15:42:13.497,29.594,rpm,-9936.000,12.564767,0.000
2026-06-08T15:42:13.557,29.657,rpm,-10060.000,12.564767,0.000
2026-06-08T15:42:13.578,29.672,rpm,-10050.000,12.564767,0.000
2026-06-08T15:42:13.578,29.672,torque,-10050.000,12.334406,0.000
2026-06-08T15:42:13.600,29.703,rpm,-9837.000,12.334406,0.000
2026-06-08T15:42:13.601,29.703,rpm,-9810.000,12.334406,0.000
2026-06-08T15:42:13.602,29.703,rpm,-9832.000,12.334406,0.000
2026-06-08T15:42:13.661,29.766,rpm,-10089.000,12.334406,0.000
2026-06-08T15:42:13.661,29.766,torque,-10089.000,12.441038,0.000
2026-06-08T15:42:13.661,29.766,rpm,-10007.000,12.441038,0.000
2026-06-08T15:42:13.677,29.782,rpm,-9982.000,12.441038,0.000
2026-06-08T15:42:13.700,29.797,rpm,-9981.000,12.441038,0.000
2026-06-08T15:42:13.722,29.828,rpm,-10076.000,12.441038,0.000
2026-06-08T15:42:13.723,29.828,torque,-10076.000,12.416039,0.000
2026-06-08T15:42:13.761,29.860,rpm,-9897.000,12.416039,0.000
2026-06-08T15:42:13.779,29.875,rpm,-10018.000,12.416039,0.000
2026-06-08T15:42:13.780,29.875,rpm,-10006.000,12.416039,0.000
2026-06-08T15:42:13.819,29.922,rpm,-10088.000,12.416039,0.000
2026-06-08T15:42:13.843,29.938,rpm,-9880.000,12.416039,0.000
2026-06-08T15:42:13.844,29.938,torque,-9880.000,11.464144,0.000
2026-06-08T15:42:13.844,29.938,rpm,-9931.000,11.464144,0.000
2026-06-08T15:42:13.873,29.969,rpm,-9818.000,11.464144,0.000
2026-06-08T15:42:13.876,29.969,rpm,-10006.000,11.464144,0.000
2026-06-08T15:42:13.876,29.969,rpm,-10036.000,11.464144,0.000
2026-06-08T15:42:13.919,30.016,torque,-10036.000,10.776390,0.000
2026-06-08T15:42:13.947,30.047,rpm,-10066.000,10.776390,0.000
2026-06-08T15:42:13.972,30.063,rpm,-9792.000,10.776390,0.000
2026-06-08T15:42:13.988,30.094,rpm,-9989.000,10.776390,0.000
2026-06-08T15:42:13.988,30.094,rpm,-9984.000,10.776390,0.000
2026-06-08T15:42:14.009,30.110,rpm,-10061.000,10.776390,0.000
2026-06-08T15:42:14.009,30.110,torque,-10061.000,10.745300,0.000
2026-06-08T15:42:14.013,30.110,rpm,-9997.000,10.745300,0.000
2026-06-08T15:42:14.013,30.110,rpm,-10042.000,10.745300,0.000
2026-06-08T15:42:14.074,30.172,rpm,-9942.000,10.745300,0.000
2026-06-08T15:42:14.090,30.188,torque,-9942.000,10.703433,0.000
2026-06-08T15:42:14.108,30.203,rpm,-9987.000,10.703433,0.000
2026-06-08T15:42:14.160,30.266,rpm,-10014.000,10.703433,0.000
2026-06-08T15:42:14.172,30.266,torque,-10014.000,10.743520,0.000
2026-06-08T15:42:14.172,30.266,rpm,-10038.000,10.743520,0.000
2026-06-08T15:42:14.173,30.266,rpm,-9831.000,10.743520,0.000
2026-06-08T15:42:14.177,30.282,rpm,-10098.000,10.743520,0.000
2026-06-08T15:42:14.252,30.344,rpm,-9860.000,10.743520,0.000
2026-06-08T15:42:14.253,30.344,rpm,-10042.000,10.743520,0.000
2026-06-08T15:42:14.254,30.360,torque,-10042.000,10.730248,0.000
2026-06-08T15:42:14.255,30.360,rpm,-10129.000,10.730248,0.000
2026-06-08T15:42:14.306,30.407,rpm,-9908.000,10.730248,0.000
2026-06-08T15:42:14.326,30.422,rpm,-10020.000,10.730248,0.000
2026-06-08T15:42:14.352,30.453,rpm,-10039.000,10.730248,0.000
2026-06-08T15:42:14.368,30.469,torque,-10039.000,10.762071,0.000
2026-06-08T15:42:14.394,30.485,rpm,-10070.000,10.762071,0.000
2026-06-08T15:42:14.394,30.485,rpm,-10081.000,10.762071,0.000
2026-06-08T15:42:14.418,30.516,rpm,-10004.000,10.762071,0.000
2026-06-08T15:42:14.419,30.516,torque,-10004.000,10.769592,0.000
2026-06-08T15:42:14.444,30.547,rpm,-10003.000,10.769592,0.000
2026-06-08T15:42:14.445,30.547,rpm,-10018.000,10.769592,0.000
2026-06-08T15:42:14.488,30.594,rpm,-9871.000,10.769592,0.000
2026-06-08T15:42:14.513,30.610,rpm,-10058.000,10.769592,0.000
2026-06-08T15:42:14.526,30.625,rpm,-10088.000,10.769592,0.000
2026-06-08T15:42:14.528,30.625,torque,-10088.000,10.769074,0.000
2026-06-08T15:42:14.551,30.657,rpm,-10006.000,10.769074,0.000
2026-06-08T15:42:14.553,30.657,rpm,-10014.000,10.769074,0.000
2026-06-08T15:42:14.573,30.672,rpm,-10082.000,10.769074,0.000
2026-06-08T15:42:14.591,30.688,torque,-10082.000,10.813908,0.000
2026-06-08T15:42:14.610,30.703,rpm,-10037.000,10.813908,0.000
2026-06-08T15:42:14.645,30.750,rpm,-10100.000,10.813908,0.000
2026-06-08T15:42:14.646,30.750,rpm,-10039.000,10.813908,0.000
2026-06-08T15:42:14.680,30.782,rpm,-9936.000,10.813908,0.000
2026-06-08T15:42:14.681,30.782,rpm,-9999.000,10.813908,0.000
2026-06-08T15:42:14.681,30.782,torque,-9999.000,10.810662,0.000
2026-06-08T15:42:14.716,30.813,rpm,-9859.000,10.810662,0.000
2026-06-08T15:42:14.738,30.828,rpm,-10014.000,10.810662,0.000
2026-06-08T15:42:14.745,30.844,rpm,-10121.000,10.810662,0.000
2026-06-08T15:42:14.795,30.891,torque,-10121.000,10.799561,0.000
2026-06-08T15:42:14.796,30.891,rpm,-10005.000,10.799561,0.000
2026-06-08T15:42:14.814,30.907,rpm,-9972.000,10.799561,0.000
2026-06-08T15:42:14.834,30.938,rpm,-10012.000,10.799561,0.000
2026-06-08T15:42:14.851,30.953,rpm,-10072.000,10.799561,0.000
2026-06-08T15:42:14.869,30.969,rpm,-10004.000,10.799561,0.000
2026-06-08T15:42:14.870,30.969,torque,-10004.000,10.768050,0.000
2026-06-08T15:42:14.870,30.969,rpm,-10023.000,10.768050,0.000
2026-06-08T15:42:14.895,31.000,rpm,-10068.000,10.768050,0.000
2026-06-08T15:42:14.901,31.000,rpm,-10103.000,10.768050,0.000
2026-06-08T15:42:14.957,31.063,rpm,-9584.000,10.768050,0.000
2026-06-08T15:42:14.957,31.063,torque,-9584.000,10.731504,0.000
2026-06-08T15:42:14.982,31.078,rpm,-8946.000,10.731504,0.000
2026-06-08T15:42:14.985,31.078,rpm,-1844.000,10.731504,0.000
2026-06-08T15:42:15.006,31.110,rpm,-359.000,10.731504,0.000
2026-06-08T15:42:15.006,31.110,rpm,-344.000,10.731504,0.000
2026-06-08T15:42:15.026,31.125,torque,-344.000,10.544277,0.000
2026-06-08T15:42:15.026,31.125,rpm,284.000,10.544277,0.000
2026-06-08T15:42:15.104,31.203,rpm,187.000,10.544277,0.000
2026-06-08T15:42:15.104,31.203,rpm,169.000,10.544277,0.000
2026-06-08T15:42:15.107,31.203,rpm,121.000,10.544277,0.000
2026-06-08T15:42:15.153,31.250,rpm,89.000,10.544277,0.000
2026-06-08T15:42:15.153,31.250,torque,89.000,7.413067,0.000
2026-06-08T15:42:15.155,31.250,rpm,70.000,7.413067,0.000
2026-06-08T15:42:15.155,31.250,rpm,68.000,7.413067,0.000
2026-06-08T15:42:15.201,31.297,rpm,58.000,7.413067,0.000
2026-06-08T15:42:15.227,31.328,torque,58.000,1.781227,0.000
2026-06-08T15:42:15.240,31.344,rpm,46.000,1.781227,0.000
2026-06-08T15:42:15.241,31.344,rpm,46.000,1.781227,0.000
2026-06-08T15:42:15.262,31.360,rpm,41.000,1.781227,0.000
2026-06-08T15:42:15.262,31.360,rpm,38.000,1.781227,0.000
2026-06-08T15:42:15.263,31.360,rpm,36.000,1.781227,0.000
2026-06-08T15:42:15.263,31.360,torque,36.000,0.166646,0.000
2026-06-08T15:42:15.316,31.407,rpm,33.000,0.166646,0.000
2026-06-08T15:42:15.337,31.438,rpm,30.000,0.166646,0.000
2026-06-08T15:42:15.372,31.469,rpm,29.000,0.166646,0.000
2026-06-08T15:42:15.386,31.485,rpm,26.000,0.166646,0.000
2026-06-08T15:42:15.386,31.485,torque,26.000,0.109277,0.000
2026-06-08T15:42:15.386,31.485,rpm,25.000,0.109277,0.000
2026-06-08T15:42:15.410,31.500,rpm,24.000,0.109277,0.000
2026-06-08T15:42:15.437,31.532,rpm,23.000,0.109277,0.000
2026-06-08T15:42:15.476,31.578,torque,23.000,0.106998,0.000
2026-06-08T15:42:15.476,31.578,rpm,21.000,0.106998,0.000
2026-06-08T15:42:15.492,31.594,rpm,20.000,0.106998,0.000
2026-06-08T15:42:15.515,31.610,rpm,19.000,0.106998,0.000
2026-06-08T15:42:15.517,31.610,rpm,19.000,0.106998,0.000
2026-06-08T15:42:15.541,31.641,rpm,18.000,0.106998,0.000
2026-06-08T15:42:15.559,31.657,torque,18.000,0.104641,0.000
2026-06-08T15:42:15.581,31.672,rpm,17.000,0.104641,0.000
2026-06-08T15:42:15.582,31.688,rpm,17.000,0.104641,0.000
2026-06-08T15:42:15.601,31.703,rpm,16.000,0.104641,0.000
2026-06-08T15:42:15.640,31.735,rpm,15.000,0.104641,0.000
2026-06-08T15:42:15.640,31.735,rpm,15.000,0.104641,0.000
2026-06-08T15:42:15.661,31.766,rpm,15.000,0.104641,0.000
2026-06-08T15:42:15.661,31.766,torque,15.000,0.100886,0.000
2026-06-08T15:42:15.693,31.797,rpm,14.000,0.100886,0.000
2026-06-08T15:42:15.693,31.797,rpm,14.000,0.100886,0.000
2026-06-08T15:42:15.716,31.813,rpm,13.000,0.100886,0.000
2026-06-08T15:42:15.716,31.813,torque,13.000,0.097100,0.000
2026-06-08T15:42:15.759,31.860,rpm,13.000,0.097100,0.000
2026-06-08T15:42:15.777,31.875,rpm,12.000,0.097100,0.000
2026-06-08T15:42:15.801,31.907,rpm,12.000,0.097100,0.000
2026-06-08T15:42:15.815,31.907,rpm,12.000,0.097100,0.000
2026-06-08T15:42:15.815,31.907,torque,12.000,0.093474,0.000
2026-06-08T15:42:15.835,31.938,rpm,11.000,0.093474,0.000
2026-06-08T15:42:15.837,31.938,rpm,11.000,0.093474,0.000
2026-06-08T15:42:15.878,31.969,rpm,11.000,0.093474,0.000
2026-06-08T15:42:15.898,32.000,rpm,11.000,0.093474,0.000
2026-06-08T15:42:15.914,32.016,torque,11.000,0.090644,0.000
2026-06-08T15:42:15.914,32.016,rpm,10.000,0.090644,0.000
2026-06-08T15:42:15.915,32.016,rpm,10.000,0.090644,0.000
2026-06-08T15:42:15.940,32.032,rpm,10.000,0.090644,0.000
2026-06-08T15:42:15.966,32.063,rpm,10.000,0.090644,0.000
2026-06-08T15:42:16.004,32.110,rpm,9.000,0.090644,0.000
2026-06-08T15:42:16.004,32.110,torque,9.000,0.088717,0.000
2026-06-08T15:42:16.018,32.110,rpm,9.000,0.088717,0.000
2026-06-08T15:42:16.020,32.125,rpm,9.000,0.088717,0.000
2026-06-08T15:42:16.047,32.141,rpm,9.000,0.088717,0.000
2026-06-08T15:42:16.086,32.188,rpm,9.000,0.088717,0.000
2026-06-08T15:42:16.086,32.188,torque,9.000,0.086934,0.000
2026-06-08T15:42:16.103,32.203,rpm,8.000,0.086934,0.000
2026-06-08T15:42:16.125,32.219,rpm,8.000,0.086934,0.000
2026-06-08T15:42:16.126,32.219,rpm,8.000,0.086934,0.000
2026-06-08T15:42:16.149,32.250,rpm,8.000,0.086934,0.000
2026-06-08T15:42:16.149,32.250,torque,8.000,0.085527,0.000
2026-06-08T15:42:16.171,32.266,rpm,8.000,0.085527,0.000
2026-06-08T15:42:16.171,32.266,rpm,8.000,0.085527,0.000
2026-06-08T15:42:16.210,32.313,rpm,8.000,0.085527,0.000
2026-06-08T15:42:16.247,32.344,rpm,7.000,0.085527,0.000
2026-06-08T15:42:16.248,32.344,rpm,7.000,0.085527,0.000
2026-06-08T15:42:16.249,32.344,torque,7.000,0.084074,0.000
2026-06-08T15:42:16.274,32.375,rpm,7.000,0.084074,0.000
2026-06-08T15:42:16.277,32.375,rpm,7.000,0.084074,0.000
2026-06-08T15:42:16.341,32.438,rpm,7.000,0.084074,0.000
2026-06-08T15:42:16.341,32.438,torque,7.000,0.082542,0.000
2026-06-08T15:42:16.341,32.438,rpm,7.000,0.082542,0.000
2026-06-08T15:42:16.358,32.453,rpm,7.000,0.082542,0.000
2026-06-08T15:42:16.359,32.453,rpm,7.000,0.082542,0.000
2026-06-08T15:42:16.385,32.485,rpm,6.000,0.082542,0.000
2026-06-08T15:42:16.430,32.532,rpm,6.000,0.082542,0.000
2026-06-08T15:42:16.430,32.532,torque,6.000,0.081468,0.000
2026-06-08T15:42:16.470,32.563,rpm,6.000,0.081468,0.000
2026-06-08T15:42:16.472,32.563,rpm,6.000,0.081468,0.000
2026-06-08T15:42:16.494,32.594,rpm,6.000,0.081468,0.000
2026-06-08T15:42:16.495,32.594,torque,6.000,0.080634,0.000
2026-06-08T15:42:16.517,32.610,rpm,6.000,0.080634,0.000
2026-06-08T15:42:16.517,32.610,rpm,6.000,0.080634,0.000
2026-06-08T15:42:16.558,32.657,rpm,6.000,0.080634,0.000
2026-06-08T15:42:16.577,32.672,rpm,6.000,0.080634,0.000
2026-06-08T15:42:16.591,32.688,rpm,6.000,0.080634,0.000
2026-06-08T15:42:16.591,32.688,torque,6.000,0.079893,0.000
2026-06-08T15:42:16.609,32.703,rpm,6.000,0.079893,0.000
2026-06-08T15:42:16.612,32.703,rpm,5.000,0.079893,0.000
2026-06-08T15:42:16.666,32.766,rpm,5.000,0.079893,0.000
2026-06-08T15:42:16.666,32.766,rpm,5.000,0.079893,0.000
2026-06-08T15:42:16.686,32.782,torque,5.000,0.079209,0.000
2026-06-08T15:42:16.687,32.782,rpm,5.000,0.079209,0.000
2026-06-08T15:42:16.713,32.813,rpm,5.000,0.079209,0.000
2026-06-08T15:42:16.751,32.844,rpm,5.000,0.079209,0.000
2026-06-08T15:42:16.752,32.844,rpm,5.000,0.079209,0.000
2026-06-08T15:42:16.768,32.860,torque,5.000,0.078337,0.000
2026-06-08T15:42:16.768,32.860,rpm,5.000,0.078337,0.000
2026-06-08T15:42:16.792,32.891,rpm,5.000,0.078337,0.000
2026-06-08T15:42:16.815,32.907,rpm,5.000,0.078337,0.000
2026-06-08T15:42:16.836,32.938,rpm,5.000,0.078337,0.000
2026-06-08T15:42:16.860,32.953,torque,5.000,0.077693,0.000
2026-06-08T15:42:16.872,32.969,rpm,5.000,0.077693,0.000
2026-06-08T15:42:16.872,32.969,rpm,5.000,0.077693,0.000
2026-06-08T15:42:16.891,32.985,rpm,5.000,0.077693,0.000
2026-06-08T15:42:16.896,33.000,rpm,5.000,0.077693,0.000
2026-06-08T15:42:16.956,33.047,torque,5.000,0.077200,0.000
2026-06-08T15:42:16.956,33.047,rpm,4.000,0.077200,0.000
2026-06-08T15:42:16.957,33.063,rpm,4.000,0.077200,0.000
2026-06-08T15:42:16.973,33.078,rpm,4.000,0.077200,0.000
2026-06-08T15:42:16.999,33.094,rpm,4.000,0.077200,0.000
2026-06-08T15:42:17.023,33.125,rpm,4.000,0.077200,0.000
2026-06-08T15:42:17.024,33.125,torque,4.000,0.076802,0.000
2026-06-08T15:42:17.049,33.141,rpm,4.000,0.076802,0.000
2026-06-08T15:42:17.102,33.203,rpm,4.000,0.076802,0.000
2026-06-08T15:42:17.103,33.203,rpm,4.000,0.076802,0.000
2026-06-08T15:42:17.135,33.235,rpm,4.000,0.076802,0.000
2026-06-08T15:42:17.135,33.235,torque,4.000,0.076247,0.000
2026-06-08T15:42:17.167,33.266,rpm,4.000,0.076247,0.000
2026-06-08T15:42:17.167,33.266,rpm,4.000,0.076247,0.000
2026-06-08T15:42:17.187,33.282,rpm,4.000,0.076247,0.000
2026-06-08T15:42:17.204,33.297,rpm,4.000,0.076247,0.000
2026-06-08T15:42:17.204,33.297,torque,4.000,0.076545,0.000
2026-06-08T15:42:17.204,33.297,rpm,4.000,0.076545,0.000
2026-06-08T15:42:17.227,33.328,rpm,4.000,0.076545,0.000
2026-06-08T15:42:17.253,33.344,rpm,4.000,0.076545,0.000
2026-06-08T15:42:17.253,33.344,rpm,4.000,0.076545,0.000
2026-06-08T15:42:17.292,33.391,torque,4.000,0.075993,0.000
2026-06-08T15:42:17.292,33.391,rpm,4.000,0.075993,0.000
2026-06-08T15:42:17.309,33.407,rpm,4.000,0.075993,0.000
2026-06-08T15:42:17.333,33.438,rpm,4.000,0.075993,0.000
2026-06-08T15:42:17.362,33.453,rpm,4.000,0.075993,0.000
2026-06-08T15:42:17.384,33.485,torque,4.000,0.075599,0.000
2026-06-08T15:42:17.408,33.500,rpm,4.000,0.075599,0.000
2026-06-08T15:42:17.408,33.500,rpm,4.000,0.075599,0.000
2026-06-08T15:42:17.434,33.532,rpm,3.000,0.075599,0.000
2026-06-08T15:42:17.458,33.563,rpm,3.000,0.075599,0.000
2026-06-08T15:42:17.474,33.578,rpm,3.000,0.075599,0.000
2026-06-08T15:42:17.474,33.578,torque,3.000,0.075170,0.000
2026-06-08T15:42:17.476,33.578,rpm,3.000,0.075170,0.000
2026-06-08T15:42:17.495,33.594,rpm,3.000,0.075170,0.000
2026-06-08T15:42:17.495,33.594,rpm,3.000,0.075170,0.000
2026-06-08T15:42:17.498,33.594,rpm,3.000,0.075170,0.000
2026-06-08T15:42:17.569,33.672,rpm,3.000,0.075170,0.000
2026-06-08T15:42:17.570,33.672,torque,3.000,0.074716,0.000
2026-06-08T15:42:17.587,33.688,rpm,3.000,0.074716,0.000
2026-06-08T15:42:17.609,33.703,rpm,3.000,0.074716,0.000
2026-06-08T15:42:17.611,33.703,rpm,3.000,0.074716,0.000
2026-06-08T15:42:17.631,33.735,rpm,3.000,0.074716,0.000
2026-06-08T15:42:17.631,33.735,torque,3.000,0.074234,0.000
2026-06-08T15:42:17.656,33.750,rpm,3.000,0.074234,0.000
2026-06-08T15:42:17.695,33.797,rpm,3.000,0.074234,0.000
2026-06-08T15:42:17.731,33.828,rpm,3.000,0.074234,0.000
2026-06-08T15:42:17.731,33.828,torque,3.000,0.073927,0.000
2026-06-08T15:42:17.732,33.828,rpm,3.000,0.073927,0.000
2026-06-08T15:42:17.752,33.844,rpm,3.000,0.073927,0.000
2026-06-08T15:42:17.758,33.860,rpm,3.000,0.073927,0.000
2026-06-08T15:42:17.819,33.922,torque,3.000,0.073648,0.000
2026-06-08T15:42:17.819,33.922,rpm,3.000,0.073648,0.000
2026-06-08T15:42:17.857,33.953,rpm,3.000,0.073648,0.000
2026-06-08T15:42:17.859,33.953,rpm,3.000,0.073648,0.000
2026-06-08T15:42:17.878,33.969,rpm,3.000,0.073648,0.000
2026-06-08T15:42:17.878,33.969,torque,3.000,0.073397,0.000
2026-06-08T15:42:17.907,34.000,rpm,3.000,0.073397,0.000
2026-06-08T15:42:17.947,34.047,rpm,3.000,0.073397,0.000
2026-06-08T15:42:17.947,34.047,rpm,3.000,0.073397,0.000
2026-06-08T15:42:17.969,34.063,rpm,3.000,0.073397,0.000
2026-06-08T15:42:17.980,34.078,rpm,3.000,0.073397,0.000
2026-06-08T15:42:17.980,34.078,torque,3.000,0.073094,0.000
2026-06-08T15:42:18.001,34.094,rpm,3.000,0.073094,0.000
2026-06-08T15:42:18.062,34.157,rpm,3.000,0.073094,0.000
2026-06-08T15:42:18.062,34.157,rpm,3.000,0.073094,0.000
2026-06-08T15:42:18.076,34.172,torque,3.000,0.072523,0.000
2026-06-08T15:42:18.077,34.172,rpm,3.000,0.072523,0.000
2026-06-08T15:42:18.108,34.203,rpm,3.000,0.072523,0.000
2026-06-08T15:42:18.129,34.235,rpm,3.000,0.072523,0.000
2026-06-08T15:42:18.150,34.250,rpm,3.000,0.072523,0.000
2026-06-08T15:42:18.170,34.266,torque,3.000,0.072178,0.000
2026-06-08T15:42:18.170,34.266,rpm,3.000,0.072178,0.000
2026-06-08T15:42:18.187,34.282,rpm,3.000,0.072178,0.000
2026-06-08T15:42:18.187,34.282,rpm,3.000,0.072178,0.000
2026-06-08T15:42:18.216,34.313,rpm,2.000,0.072178,0.000
2026-06-08T15:42:18.239,34.344,torque,2.000,0.072227,0.000
2026-06-08T15:42:18.261,34.360,rpm,2.000,0.072227,0.000
2026-06-08T15:42:18.281,34.375,rpm,2.000,0.072227,0.000
2026-06-08T15:42:18.298,34.391,rpm,2.000,0.072227,0.000
2026-06-08T15:42:18.298,34.391,rpm,2.000,0.072227,0.000
2026-06-08T15:42:18.332,34.422,rpm,2.000,0.072227,0.000
2026-06-08T15:42:18.332,34.422,torque,2.000,0.072020,0.000
2026-06-08T15:42:18.351,34.453,rpm,2.000,0.072020,0.000
2026-06-08T15:42:18.372,34.469,rpm,2.000,0.072020,0.000
2026-06-08T15:42:18.372,34.469,rpm,2.000,0.072020,0.000
2026-06-08T15:42:18.415,34.516,rpm,2.000,0.072020,0.000
2026-06-08T15:42:18.416,34.516,torque,2.000,0.071734,0.000
2026-06-08T15:42:18.417,34.516,rpm,2.000,0.071734,0.000
2026-06-08T15:42:18.461,34.563,rpm,2.000,0.071734,0.000
2026-06-08T15:42:18.482,34.578,rpm,2.000,0.071734,0.000
2026-06-08T15:42:18.516,34.610,torque,2.000,0.071505,0.000
2026-06-08T15:42:18.516,34.610,rpm,2.000,0.071505,0.000
2026-06-08T15:42:18.516,34.610,rpm,2.000,0.071505,0.000
2026-06-08T15:42:18.533,34.625,rpm,2.000,0.071505,0.000
2026-06-08T15:42:18.535,34.641,rpm,2.000,0.071505,0.000
2026-06-08T15:42:18.586,34.688,rpm,2.000,0.071505,0.000
2026-06-08T15:42:18.586,34.688,torque,2.000,0.071099,0.000
2026-06-08T15:42:18.601,34.703,rpm,2.000,0.071099,0.000
2026-06-08T15:42:18.601,34.703,rpm,2.000,0.071099,0.000
2026-06-08T15:42:18.623,34.719,rpm,2.000,0.071099,0.000
2026-06-08T15:42:18.641,34.735,rpm,2.000,0.071099,0.000
2026-06-08T15:42:18.679,34.782,torque,2.000,0.070758,0.000
2026-06-08T15:42:18.679,34.782,rpm,2.000,0.070758,0.000
2026-06-08T15:42:18.717,34.813,rpm,2.000,0.070758,0.000
2026-06-08T15:42:18.760,34.860,rpm,2.000,0.070758,0.000
2026-06-08T15:42:18.776,34.875,rpm,2.000,0.070758,0.000
2026-06-08T15:42:18.776,34.875,torque,2.000,0.070423,0.000
2026-06-08T15:42:18.776,34.875,rpm,2.000,0.070423,0.000
2026-06-08T15:42:18.801,34.907,rpm,2.000,0.070423,0.000
2026-06-08T15:42:18.829,34.922,rpm,2.000,0.070423,0.000
2026-06-08T15:42:18.865,34.969,rpm,2.000,0.070423,0.000
2026-06-08T15:42:18.865,34.969,torque,2.000,0.070239,0.000
2026-06-08T15:42:18.865,34.969,rpm,2.000,0.070239,0.000
2026-06-08T15:42:18.882,34.985,rpm,2.000,0.070239,0.000
2026-06-08T15:42:18.905,35.000,rpm,2.000,0.070239,0.000
2026-06-08T15:42:18.930,35.032,torque,2.000,0.070118,0.000
2026-06-08T15:42:18.930,35.032,rpm,2.000,0.070118,0.000
2026-06-08T15:42:18.964,35.063,rpm,2.000,0.070118,0.000
2026-06-08T15:42:18.965,35.063,rpm,2.000,0.070118,0.000
2026-06-08T15:42:18.984,35.078,rpm,2.000,0.070118,0.000
2026-06-08T15:42:19.021,35.125,torque,2.000,0.069978,0.000
2026-06-08T15:42:19.022,35.125,rpm,2.000,0.069978,0.000
2026-06-08T15:42:19.041,35.141,rpm,2.000,0.069978,0.000
2026-06-08T15:42:19.042,35.141,rpm,2.000,0.069978,0.000
2026-06-08T15:42:19.062,35.157,rpm,2.000,0.069978,0.000
2026-06-08T15:42:19.080,35.172,rpm,2.000,0.069978,0.000
2026-06-08T15:42:19.108,35.203,torque,2.000,0.069866,0.000
2026-06-08T15:42:19.108,35.203,rpm,2.000,0.069866,0.000
2026-06-08T15:42:19.128,35.219,rpm,2.000,0.069866,0.000
2026-06-08T15:42:19.145,35.250,rpm,2.000,0.069866,0.000
2026-06-08T15:42:19.164,35.266,rpm,2.000,0.069866,0.000
2026-06-08T15:42:19.193,35.297,rpm,2.000,0.069866,0.000
2026-06-08T15:42:19.194,35.297,torque,2.000,0.069722,0.000
2026-06-08T15:42:19.214,35.313,rpm,2.000,0.069722,0.000
2026-06-08T15:42:19.216,35.313,rpm,2.000,0.069722,0.000
2026-06-08T15:42:19.233,35.328,rpm,2.000,0.069722,0.000
2026-06-08T15:42:19.265,35.360,rpm,2.000,0.069722,0.000
2026-06-08T15:42:19.275,35.375,torque,2.000,0.069536,0.000
2026-06-08T15:42:19.276,35.375,rpm,2.000,0.069536,0.000
2026-06-08T15:42:19.312,35.407,rpm,2.000,0.069536,0.000
2026-06-08T15:42:19.343,35.438,rpm,2.000,0.069536,0.000
2026-06-08T15:42:19.355,35.453,rpm,2.000,0.069536,0.000
2026-06-08T15:42:19.355,35.453,torque,2.000,0.069387,0.000
2026-06-08T15:42:19.356,35.453,rpm,2.000,0.069387,0.000
2026-06-08T15:42:19.394,35.500,rpm,2.000,0.069387,0.000
2026-06-08T15:42:19.412,35.516,rpm,2.000,0.069387,0.000
2026-06-08T15:42:19.434,35.532,rpm,2.000,0.069387,0.000
2026-06-08T15:42:19.434,35.532,rpm,2.000,0.069387,0.000
2026-06-08T15:42:19.435,35.532,torque,2.000,0.069199,0.000
2026-06-08T15:42:19.455,35.547,rpm,2.000,0.069199,0.000
2026-06-08T15:42:19.504,35.610,rpm,2.000,0.069199,0.000
2026-06-08T15:42:19.518,35.610,rpm,2.000,0.069199,0.000
2026-06-08T15:42:19.537,35.641,rpm,2.000,0.069199,0.000
2026-06-08T15:42:19.538,35.641,torque,2.000,0.069088,0.000
2026-06-08T15:42:19.540,35.641,rpm,2.000,0.069088,0.000
2026-06-08T15:42:19.606,35.703,rpm,2.000,0.069088,0.000
2026-06-08T15:42:19.606,35.703,rpm,2.000,0.069088,0.000
2026-06-08T15:42:19.618,35.719,rpm,2.000,0.069088,0.000
2026-06-08T15:42:19.618,35.719,torque,2.000,0.069190,0.000
2026-06-08T15:42:19.620,35.719,rpm,2.000,0.069190,0.000
2026-06-08T15:42:19.676,35.782,rpm,2.000,0.069190,0.000
2026-06-08T15:42:19.689,35.782,rpm,2.000,0.069190,0.000
2026-06-08T15:42:19.710,35.813,rpm,2.000,0.069190,0.000
2026-06-08T15:42:19.711,35.813,torque,2.000,0.068998,0.000
2026-06-08T15:42:19.711,35.813,rpm,2.000,0.068998,0.000
2026-06-08T15:42:19.736,35.828,rpm,2.000,0.068998,0.000
2026-06-08T15:42:19.769,35.860,rpm,2.000,0.068998,0.000
2026-06-08T15:42:19.781,35.875,rpm,2.000,0.068998,0.000
2026-06-08T15:42:19.799,35.891,torque,2.000,0.069158,0.000
2026-06-08T15:42:19.799,35.891,rpm,1.000,0.069158,0.000
2026-06-08T15:42:19.816,35.922,rpm,1.000,0.069158,0.000
2026-06-08T15:42:19.858,35.953,rpm,1.000,0.069158,0.000
2026-06-08T15:42:19.875,35.969,rpm,1.000,0.069158,0.000
2026-06-08T15:42:19.875,35.969,torque,1.000,0.069519,0.000
2026-06-08T15:42:19.875,35.969,rpm,1.000,0.069519,0.000
2026-06-08T15:42:19.925,36.016,rpm,1.000,0.069519,0.000
2026-06-08T15:42:19.940,36.032,rpm,1.000,0.069519,0.000
2026-06-08T15:42:19.956,36.047,rpm,1.000,0.069519,0.000
2026-06-08T15:42:19.957,36.063,torque,1.000,0.068656,0.000
2026-06-08T15:42:19.972,36.063,rpm,1.000,0.068656,0.000
2026-06-08T15:42:20.010,36.110,rpm,1.000,0.068656,0.000
2026-06-08T15:42:20.024,36.125,rpm,1.000,0.068656,0.000
2026-06-08T15:42:20.040,36.141,rpm,1.000,0.068656,0.000
2026-06-08T15:42:20.042,36.141,torque,1.000,0.068300,0.000
2026-06-08T15:42:20.043,36.141,rpm,1.000,0.068300,0.000
2026-06-08T15:42:20.081,36.172,rpm,1.000,0.068300,0.000
2026-06-08T15:42:20.101,36.203,rpm,1.000,0.068300,0.000
2026-06-08T15:42:20.101,36.203,rpm,1.000,0.068300,0.000
2026-06-08T15:42:20.128,36.219,torque,1.000,0.068506,0.000
2026-06-08T15:42:20.128,36.219,rpm,1.000,0.068506,0.000
2026-06-08T15:42:20.147,36.250,rpm,1.000,0.068506,0.000
2026-06-08T15:42:20.184,36.282,rpm,1.000,0.068506,0.000
2026-06-08T15:42:20.184,36.282,rpm,1.000,0.068506,0.000
2026-06-08T15:42:20.214,36.313,torque,1.000,0.068385,0.000
2026-06-08T15:42:20.214,36.313,rpm,1.000,0.068385,0.000
2026-06-08T15:42:20.229,36.328,rpm,1.000,0.068385,0.000
2026-06-08T15:42:20.256,36.360,rpm,1.000,0.068385,0.000
2026-06-08T15:42:20.277,36.375,rpm,1.000,0.068385,0.000
2026-06-08T15:42:20.278,36.375,rpm,1.000,0.068385,0.000
2026-06-08T15:42:20.292,36.391,torque,1.000,0.068125,0.000
2026-06-08T15:42:20.308,36.407,rpm,1.000,0.068125,0.000
2026-06-08T15:42:20.352,36.453,rpm,1.000,0.068125,0.000
2026-06-08T15:42:20.362,36.453,rpm,1.000,0.068125,0.000
2026-06-08T15:42:20.363,36.469,rpm,1.000,0.068125,0.000
2026-06-08T15:42:20.382,36.485,torque,1.000,0.067949,0.000
2026-06-08T15:42:20.400,36.500,rpm,1.000,0.067949,0.000
2026-06-08T15:42:20.416,36.516,rpm,1.000,0.067949,0.000
2026-06-08T15:42:20.433,36.532,rpm,1.000,0.067949,0.000
2026-06-08T15:42:20.462,36.563,rpm,1.000,0.067949,0.000
2026-06-08T15:42:20.480,36.578,rpm,1.000,0.067949,0.000
2026-06-08T15:42:20.480,36.578,torque,1.000,0.067908,0.000
2026-06-08T15:42:20.495,36.594,rpm,1.000,0.067908,0.000
2026-06-08T15:42:20.497,36.594,rpm,1.000,0.067908,0.000
2026-06-08T15:42:20.544,36.641,rpm,1.000,0.067908,0.000
2026-06-08T15:42:20.558,36.657,rpm,1.000,0.067908,0.000
2026-06-08T15:42:20.559,36.657,torque,1.000,0.067938,0.000
2026-06-08T15:42:20.576,36.672,rpm,1.000,0.067938,0.000
2026-06-08T15:42:20.594,36.688,rpm,1.000,0.067938,0.000
2026-06-08T15:42:20.621,36.719,rpm,1.000,0.067938,0.000
2026-06-08T15:42:20.632,36.735,rpm,1.000,0.067938,0.000
2026-06-08T15:42:20.649,36.750,torque,1.000,0.067855,0.000
2026-06-08T15:42:20.649,36.750,rpm,1.000,0.067855,0.000
2026-06-08T15:42:20.666,36.766,rpm,1.000,0.067855,0.000
2026-06-08T15:42:20.681,36.782,rpm,1.000,0.067855,0.000
2026-06-08T15:42:20.683,36.782,throttle,1.000,0.067855,100.000
2026-06-08T15:42:20.726,36.828,rpm,1.000,0.067855,100.000
2026-06-08T15:42:20.738,36.844,torque,1.000,0.067696,100.000
2026-06-08T15:42:20.739,36.844,rpm,1.000,0.067696,100.000
2026-06-08T15:42:20.740,36.844,rpm,1.000,0.067696,100.000
2026-06-08T15:42:20.769,36.875,rpm,1.000,0.067696,100.000
2026-06-08T15:42:20.787,36.891,rpm,1.000,0.067696,100.000
2026-06-08T15:42:20.825,36.922,torque,1.000,0.067729,100.000
2026-06-08T15:42:20.826,36.922,rpm,1.000,0.067729,100.000
2026-06-08T15:42:20.840,36.938,rpm,1.000,0.067729,100.000
2026-06-08T15:42:20.840,36.938,rpm,1.000,0.067729,100.000
2026-06-08T15:42:20.881,36.985,rpm,1.000,0.067729,100.000
2026-06-08T15:42:20.896,37.000,rpm,1.000,0.067729,100.000
2026-06-08T15:42:20.913,37.016,torque,1.000,0.068279,100.000
2026-06-08T15:42:20.913,37.016,rpm,1.000,0.068279,100.000
2026-06-08T15:42:20.927,37.032,rpm,1.000,0.068279,100.000
2026-06-08T15:42:20.929,37.032,rpm,1.000,0.068279,100.000
2026-06-08T15:42:20.982,37.078,rpm,1.000,0.068279,100.000
2026-06-08T15:42:20.999,37.094,rpm,1.000,0.068279,100.000
2026-06-08T15:42:20.999,37.094,torque,1.000,0.068942,100.000
2026-06-08T15:42:21.016,37.110,rpm,1.000,0.068942,100.000
2026-06-08T15:42:21.047,37.141,rpm,1.000,0.068942,100.000
2026-06-08T15:42:21.062,37.157,rpm,1.000,0.068942,100.000
2026-06-08T15:42:21.080,37.172,rpm,1.000,0.068942,100.000
2026-06-08T15:42:21.081,37.172,torque,1.000,0.069346,100.000
2026-06-08T15:42:21.095,37.188,rpm,1.000,0.069346,100.000
2026-06-08T15:42:21.127,37.219,rpm,1.000,0.069346,100.000
2026-06-08T15:42:21.157,37.250,rpm,1.000,0.069346,100.000
2026-06-08T15:42:21.158,37.250,rpm,1.000,0.069346,100.000
2026-06-08T15:42:21.170,37.266,torque,1.000,0.069723,100.000
2026-06-08T15:42:21.170,37.266,rpm,1.000,0.069723,100.000
2026-06-08T15:42:21.208,37.313,rpm,1.000,0.069723,100.000
2026-06-08T15:42:21.229,37.328,rpm,1.000,0.069723,100.000
2026-06-08T15:42:21.229,37.328,rpm,1.000,0.069723,100.000
2026-06-08T15:42:21.258,37.360,torque,1.000,0.069598,100.000
2026-06-08T15:42:21.258,37.360,rpm,1.000,0.069598,100.000
2026-06-08T15:42:21.270,37.375,rpm,1.000,0.069598,100.000
2026-06-08T15:42:21.296,37.391,rpm,1.000,0.069598,100.000
2026-06-08T15:42:21.318,37.422,rpm,1.000,0.069598,100.000
2026-06-08T15:42:21.333,37.438,torque,1.000,0.069524,100.000
2026-06-08T15:42:21.333,37.438,rpm,1.000,0.069524,100.000
2026-06-08T15:42:21.346,37.438,rpm,1.000,0.069524,100.000
2026-06-08T15:42:21.389,37.485,rpm,1.000,0.069524,100.000
2026-06-08T15:42:21.399,37.500,rpm,1.000,0.069524,100.000
2026-06-08T15:42:21.414,37.516,rpm,1.000,0.069524,100.000
2026-06-08T15:42:21.425,37.516,torque,1.000,0.069739,100.000
2026-06-08T15:42:21.426,37.532,rpm,1.000,0.069739,100.000
2026-06-08T15:42:21.469,37.563,rpm,1.000,0.069739,100.000
2026-06-08T15:42:21.479,37.578,rpm,1.000,0.069739,100.000
2026-06-08T15:42:21.492,37.594,rpm,1.000,0.069739,100.000
2026-06-08T15:42:21.502,37.594,torque,1.000,0.069675,100.000
2026-06-08T15:42:21.503,37.594,rpm,1.000,0.069675,100.000
2026-06-08T15:42:21.545,37.641,rpm,1.000,0.069675,100.000
2026-06-08T15:42:21.546,37.641,rpm,1.000,0.069675,100.000
2026-06-08T15:42:21.570,37.672,rpm,1.000,0.069675,100.000
2026-06-08T15:42:21.572,37.672,throttle,1.000,0.069675,0.000
2026-06-08T15:42:21.582,37.688,torque,1.000,0.069675,0.000
2026-06-08T15:42:21.583,37.688,rpm,1.000,0.069675,0.000
2026-06-08T15:42:21.625,37.719,rpm,1.000,0.069675,0.000
2026-06-08T15:42:21.644,37.735,rpm,1.000,0.069675,0.000
2026-06-08T15:42:21.653,37.750,rpm,1.000,0.069675,0.000
2026-06-08T15:42:21.676,37.782,torque,1.000,0.069849,0.000
2026-06-08T15:42:21.676,37.782,rpm,1.000,0.069849,0.000
2026-06-08T15:42:21.677,37.782,rpm,1.000,0.069849,0.000
2026-06-08T15:42:21.726,37.828,rpm,1.000,0.069849,0.000
2026-06-08T15:42:21.737,37.828,rpm,1.000,0.069849,0.000
2026-06-08T15:42:21.738,37.828,rpm,1.000,0.069849,0.000
2026-06-08T15:42:21.765,37.860,torque,1.000,0.070630,0.000
2026-06-08T15:42:21.776,37.875,rpm,1.000,0.070630,0.000
2026-06-08T15:42:21.797,37.891,rpm,1.000,0.070630,0.000
2026-06-08T15:42:21.807,37.907,rpm,1.000,0.070630,0.000
2026-06-08T15:42:21.835,37.938,rpm,1.000,0.070630,0.000
2026-06-08T15:42:21.849,37.953,torque,1.000,0.068919,0.000
2026-06-08T15:42:21.858,37.953,rpm,1.000,0.068919,0.000
2026-06-08T15:42:21.859,37.953,rpm,1.000,0.068919,0.000
2026-06-08T15:42:21.924,38.016,rpm,1.000,0.068919,0.000
2026-06-08T15:42:21.925,38.016,torque,1.000,0.067919,0.000
2026-06-08T15:42:21.949,38.047,rpm,1.000,0.067919,0.000
2026-06-08T15:42:21.986,38.078,rpm,1.000,0.067919,0.000
2026-06-08T15:42:22.012,38.110,rpm,1.000,0.067919,0.000
2026-06-08T15:42:22.013,38.110,torque,1.000,0.067634,0.000
2026-06-08T15:42:22.017,38.110,rpm,1.000,0.067634,0.000
2026-06-08T15:42:22.052,38.157,rpm,1.000,0.067634,0.000
2026-06-08T15:42:22.062,38.157,rpm,1.000,0.067634,0.000
2026-06-08T15:42:22.089,38.188,rpm,1.000,0.067634,0.000
2026-06-08T15:42:22.098,38.203,torque,1.000,0.066662,0.000
2026-06-08T15:42:22.118,38.219,rpm,1.000,0.066662,0.000
2026-06-08T15:42:22.140,38.235,rpm,1.000,0.066662,0.000
2026-06-08T15:42:22.140,38.235,rpm,1.000,0.066662,0.000
2026-06-08T15:42:22.163,38.266,rpm,1.000,0.066662,0.000
2026-06-08T15:42:22.182,38.282,rpm,1.000,0.066662,0.000
2026-06-08T15:42:22.182,38.282,torque,1.000,0.066129,0.000
2026-06-08T15:42:22.232,38.328,rpm,1.000,0.066129,0.000
2026-06-08T15:42:22.232,38.328,rpm,1.000,0.066129,0.000
2026-06-08T15:42:22.261,38.360,rpm,1.000,0.066129,0.000
2026-06-08T15:42:22.282,38.375,torque,1.000,0.065642,0.000
2026-06-08T15:42:22.283,38.375,rpm,1.000,0.065642,0.000
2026-06-08T15:42:22.314,38.407,rpm,1.000,0.065642,0.000
2026-06-08T15:42:22.324,38.422,rpm,1.000,0.065642,0.000
2026-06-08T15:42:22.350,38.453,rpm,1.000,0.065642,0.000
2026-06-08T15:42:22.355,38.453,rpm,1.000,0.065642,0.000
2026-06-08T15:42:22.355,38.453,torque,1.000,0.065350,0.000
2026-06-08T15:42:22.383,38.485,rpm,1.000,0.065350,0.000
2026-06-08T15:42:22.426,38.532,rpm,1.000,0.065350,0.000
2026-06-08T15:42:22.430,38.532,throttle,1.000,0.065350,100.000
2026-06-08T15:42:22.439,38.532,torque,1.000,0.065647,100.000
2026-06-08T15:42:22.462,38.563,rpm,1.000,0.065647,100.000
2026-06-08T15:42:22.487,38.578,rpm,1.000,0.065647,100.000
2026-06-08T15:42:22.507,38.610,rpm,1.000,0.065647,100.000
2026-06-08T15:42:22.515,38.610,rpm,1.000,0.065647,100.000
2026-06-08T15:42:22.527,38.625,rpm,1.000,0.065647,100.000
2026-06-08T15:42:22.537,38.641,torque,1.000,0.065836,100.000
2026-06-08T15:42:22.560,38.657,rpm,1.000,0.065836,100.000
2026-06-08T15:42:22.588,38.688,rpm,1.000,0.065836,100.000
2026-06-08T15:42:22.588,38.688,rpm,1.000,0.065836,100.000
2026-06-08T15:42:22.630,38.735,torque,1.000,0.066840,100.000
2026-06-08T15:42:22.630,38.735,rpm,1.000,0.066840,100.000
2026-06-08T15:42:22.658,38.750,rpm,1.000,0.066840,100.000
2026-06-08T15:42:22.659,38.750,rpm,1.000,0.066840,100.000
2026-06-08T15:42:22.705,38.797,rpm,1.000,0.066840,100.000
2026-06-08T15:42:22.706,38.797,torque,1.000,0.067508,100.000
2026-06-08T15:42:22.706,38.797,rpm,1.000,0.067508,100.000
2026-06-08T15:42:22.754,38.860,rpm,1.000,0.067508,100.000
2026-06-08T15:42:22.766,38.860,rpm,1.000,0.067508,100.000
2026-06-08T15:42:22.781,38.875,rpm,1.000,0.067508,100.000
2026-06-08T15:42:22.811,38.907,rpm,1.000,0.067508,100.000
2026-06-08T15:42:22.812,38.907,torque,1.000,0.068299,100.000
2026-06-08T15:42:22.813,38.907,rpm,1.000,0.068299,100.000
2026-06-08T15:42:22.855,38.953,rpm,1.000,0.068299,100.000
2026-06-08T15:42:22.869,38.969,rpm,1.000,0.068299,100.000
2026-06-08T15:42:22.883,38.985,rpm,1.000,0.068299,100.000
2026-06-08T15:42:22.899,39.000,torque,1.000,0.068865,100.000
2026-06-08T15:42:22.899,39.000,rpm,1.000,0.068865,100.000
2026-06-08T15:42:22.913,39.016,rpm,1.000,0.068865,100.000
2026-06-08T15:42:22.932,39.032,rpm,1.000,0.068865,100.000
2026-06-08T15:42:22.974,39.078,rpm,1.000,0.068865,100.000
2026-06-08T15:42:22.989,39.094,rpm,1.000,0.068865,100.000
2026-06-08T15:42:22.990,39.094,torque,1.000,0.068753,100.000
2026-06-08T15:42:23.012,39.110,rpm,1.000,0.068753,100.000
2026-06-08T15:42:23.035,39.141,rpm,1.000,0.068753,100.000
2026-06-08T15:42:23.066,39.157,rpm,1.000,0.068753,100.000
2026-06-08T15:42:23.066,39.157,rpm,1.000,0.068753,100.000
2026-06-08T15:42:23.067,39.172,torque,1.000,0.068755,100.000
2026-06-08T15:42:23.085,39.188,rpm,1.000,0.068755,100.000
2026-06-08T15:42:23.115,39.219,rpm,1.000,0.068755,100.000
2026-06-08T15:42:23.128,39.219,rpm,1.000,0.068755,100.000
2026-06-08T15:42:23.155,39.250,torque,1.000,0.068725,100.000
2026-06-08T15:42:23.155,39.250,rpm,1.000,0.068725,100.000
2026-06-08T15:42:23.180,39.282,rpm,1.000,0.068725,100.000
2026-06-08T15:42:23.195,39.297,rpm,1.000,0.068725,100.000
2026-06-08T15:42:23.225,39.328,rpm,1.000,0.068725,100.000
2026-06-08T15:42:23.244,39.344,rpm,1.000,0.068725,100.000
2026-06-08T15:42:23.246,39.344,torque,1.000,0.068893,100.000
2026-06-08T15:42:23.265,39.360,rpm,1.000,0.068893,100.000
2026-06-08T15:42:23.279,39.375,rpm,1.000,0.068893,100.000
2026-06-08T15:42:23.326,39.422,rpm,1.000,0.068893,100.000
2026-06-08T15:42:23.342,39.438,rpm,1.000,0.068893,100.000
2026-06-08T15:42:23.343,39.438,torque,1.000,0.068896,100.000
2026-06-08T15:42:23.343,39.438,rpm,1.000,0.068896,100.000
2026-06-08T15:42:23.360,39.453,rpm,1.000,0.068896,100.000
2026-06-08T15:42:23.397,39.500,rpm,1.000,0.068896,100.000
2026-06-08T15:42:23.427,39.532,rpm,1.000,0.068896,100.000
2026-06-08T15:42:23.427,39.532,rpm,1.000,0.068896,100.000
2026-06-08T15:42:23.427,39.532,torque,1.000,0.068830,100.000
2026-06-08T15:42:23.440,39.532,rpm,1.000,0.068830,100.000
2026-06-08T15:42:23.459,39.563,rpm,1.000,0.068830,100.000
2026-06-08T15:42:23.499,39.594,rpm,1.000,0.068830,100.000
2026-06-08T15:42:23.499,39.594,torque,1.000,0.068672,100.000
2026-06-08T15:42:23.499,39.594,rpm,1.000,0.068672,100.000
2026-06-08T15:42:23.512,39.610,throttle,1.000,0.068672,0.000
2026-06-08T15:42:23.513,39.610,rpm,1.000,0.068672,0.000
2026-06-08T15:42:23.557,39.657,rpm,1.000,0.068672,0.000
2026-06-08T15:42:23.568,39.672,rpm,1.000,0.068672,0.000
2026-06-08T15:42:23.584,39.688,torque,1.000,0.068530,0.000
2026-06-08T15:42:23.584,39.688,rpm,1.000,0.068530,0.000
2026-06-08T15:42:23.598,39.703,rpm,1.000,0.068530,0.000
2026-06-08T15:42:23.612,39.703,rpm,1.000,0.068530,0.000
2026-06-08T15:42:23.664,39.766,rpm,1.000,0.068530,0.000
2026-06-08T15:42:23.665,39.766,torque,1.000,0.068707,0.000
2026-06-08T15:42:23.665,39.766,rpm,1.000,0.068707,0.000
2026-06-08T15:42:23.686,39.782,rpm,1.000,0.068707,0.000
2026-06-08T15:42:23.713,39.813,rpm,1.000,0.068707,0.000
2026-06-08T15:42:23.726,39.828,rpm,1.000,0.068707,0.000
2026-06-08T15:42:23.738,39.828,rpm,1.000,0.068707,0.000
2026-06-08T15:42:23.754,39.860,torque,1.000,0.068438,0.000
2026-06-08T15:42:23.771,39.875,rpm,1.000,0.068438,0.000
2026-06-08T15:42:23.818,39.922,rpm,1.000,0.068438,0.000
2026-06-08T15:42:23.819,39.922,rpm,1.000,0.068438,0.000
2026-06-08T15:42:23.822,39.922,rpm,1.000,0.068438,0.000
2026-06-08T15:42:23.824,39.922,torque,1.000,0.067537,0.000
2026-06-08T15:42:23.852,39.953,rpm,1.000,0.067537,0.000
2026-06-08T15:42:23.883,39.985,rpm,1.000,0.067537,0.000
2026-06-08T15:42:23.903,40.000,rpm,1.000,0.067537,0.000
2026-06-08T15:42:23.928,40.032,torque,1.000,0.067002,0.000
2026-06-08T15:42:23.942,40.047,rpm,1.000,0.067002,0.000
2026-06-08T15:42:23.956,40.047,rpm,1.000,0.067002,0.000
2026-06-08T15:42:23.986,40.078,rpm,1.000,0.067002,0.000
2026-06-08T15:42:23.997,40.094,rpm,1.000,0.067002,0.000
2026-06-08T15:42:24.017,40.110,torque,1.000,0.066220,0.000
2026-06-08T15:42:24.017,40.110,rpm,1.000,0.066220,0.000
2026-06-08T15:42:24.040,40.141,rpm,1.000,0.066220,0.000
2026-06-08T15:42:24.065,40.157,rpm,1.000,0.066220,0.000
2026-06-08T15:42:24.065,40.157,rpm,1.000,0.066220,0.000
2026-06-08T15:42:24.088,40.188,torque,1.000,0.065469,0.000
2026-06-08T15:42:24.108,40.203,rpm,1.000,0.065469,0.000
2026-06-08T15:42:24.108,40.203,rpm,1.000,0.065469,0.000
2026-06-08T15:42:24.142,40.235,rpm,1.000,0.065469,0.000
2026-06-08T15:42:24.151,40.250,rpm,1.000,0.065469,0.000
2026-06-08T15:42:24.174,40.266,rpm,1.000,0.065469,0.000
2026-06-08T15:42:24.175,40.266,torque,1.000,0.065632,0.000
2026-06-08T15:42:24.195,40.297,rpm,1.000,0.065632,0.000
2026-06-08T15:42:24.228,40.328,rpm,1.000,0.065632,0.000
2026-06-08T15:42:24.241,40.344,rpm,1.000,0.065632,0.000
2026-06-08T15:42:24.251,40.344,rpm,1.000,0.065632,0.000
2026-06-08T15:42:24.269,40.360,torque,1.000,0.065364,0.000
2026-06-08T15:42:24.293,40.391,rpm,1.000,0.065364,0.000
2026-06-08T15:42:24.304,40.407,rpm,1.000,0.065364,0.000
2026-06-08T15:42:24.325,40.422,rpm,1.000,0.065364,0.000
2026-06-08T15:42:24.334,40.438,rpm,1.000,0.065364,0.000
2026-06-08T15:42:24.353,40.453,torque,1.000,0.064895,0.000
2026-06-08T15:42:24.355,40.453,rpm,1.000,0.064895,0.000
2026-06-08T15:42:24.382,40.485,rpm,1.000,0.064895,0.000
2026-06-08T15:42:24.401,40.500,rpm,1.000,0.064895,0.000
2026-06-08T15:42:24.421,40.516,rpm,1.000,0.064895,0.000
2026-06-08T15:42:24.421,40.516,throttle,1.000,0.064895,100.000
2026-06-08T15:42:24.425,40.516,rpm,1.000,0.064895,100.000
2026-06-08T15:42:24.448,40.547,torque,1.000,0.065030,100.000
2026-06-08T15:42:24.452,40.547,rpm,1.000,0.065030,100.000
2026-06-08T15:42:24.483,40.578,rpm,1.000,0.065030,100.000
2026-06-08T15:42:24.490,40.594,rpm,1.000,0.065030,100.000
2026-06-08T15:42:24.511,40.610,rpm,1.000,0.065030,100.000
2026-06-08T15:42:24.516,40.610,torque,1.000,0.065174,100.000
2026-06-08T15:42:24.541,40.641,rpm,0.000,0.065174,100.000
2026-06-08T15:42:24.573,40.672,rpm,0.000,0.065174,100.000
2026-06-08T15:42:24.597,40.688,rpm,0.000,0.065174,100.000
2026-06-08T15:42:24.618,40.719,torque,0.000,0.065429,100.000
2026-06-08T15:42:24.618,40.719,rpm,0.000,0.065429,100.000
2026-06-08T15:42:24.652,40.750,rpm,0.000,0.065429,100.000
2026-06-08T15:42:24.655,40.750,rpm,0.000,0.065429,100.000
2026-06-08T15:42:24.682,40.782,rpm,0.000,0.065429,100.000
2026-06-08T15:42:24.684,40.782,rpm,0.000,0.065429,100.000
2026-06-08T15:42:24.699,40.797,torque,0.000,0.066461,100.000
2026-06-08T15:42:24.727,40.828,rpm,0.000,0.066461,100.000
2026-06-08T15:42:24.746,40.844,rpm,0.000,0.066461,100.000
2026-06-08T15:42:24.766,40.860,rpm,0.000,0.066461,100.000
2026-06-08T15:42:24.795,40.891,torque,0.000,0.067251,100.000
2026-06-08T15:42:24.798,40.891,rpm,0.000,0.067251,100.000
2026-06-08T15:42:24.834,40.938,rpm,0.000,0.067251,100.000
2026-06-08T15:42:24.858,40.953,rpm,0.000,0.067251,100.000
2026-06-08T15:42:24.865,40.969,torque,0.000,0.067798,100.000
2026-06-08T15:42:24.870,40.969,rpm,0.000,0.067798,100.000
2026-06-08T15:42:24.901,41.000,rpm,0.000,0.067798,100.000
2026-06-08T15:42:24.924,41.016,rpm,0.000,0.067798,100.000
2026-06-08T15:42:24.933,41.032,rpm,0.000,0.067798,100.000
2026-06-08T15:42:24.962,41.063,torque,0.000,0.067926,100.000
2026-06-08T15:42:24.962,41.063,rpm,0.000,0.067926,100.000
2026-06-08T15:42:24.986,41.078,rpm,0.000,0.067926,100.000
2026-06-08T15:42:24.997,41.094,rpm,0.000,0.067926,100.000
2026-06-08T15:42:25.030,41.125,rpm,0.000,0.067926,100.000
2026-06-08T15:42:25.040,41.141,torque,0.000,0.067920,100.000
2026-06-08T15:42:25.040,41.141,rpm,0.000,0.067920,100.000
2026-06-08T15:42:25.065,41.157,rpm,0.000,0.067920,100.000
2026-06-08T15:42:25.080,41.172,rpm,0.000,0.067920,100.000
2026-06-08T15:42:25.113,41.219,rpm,0.000,0.067920,100.000
2026-06-08T15:42:25.129,41.219,rpm,0.000,0.067920,100.000
2026-06-08T15:42:25.140,41.235,torque,0.000,0.067612,100.000
2026-06-08T15:42:25.140,41.235,rpm,0.000,0.067612,100.000
2026-06-08T15:42:25.161,41.266,rpm,0.000,0.067612,100.000
2026-06-08T15:42:25.179,41.282,rpm,0.000,0.067612,100.000
2026-06-08T15:42:25.206,41.297,rpm,0.000,0.067612,100.000
2026-06-08T15:42:25.244,41.344,torque,0.000,0.067900,100.000
2026-06-08T15:42:25.254,41.360,rpm,0.000,0.067900,100.000
2026-06-08T15:42:25.254,41.360,rpm,0.000,0.067900,100.000
2026-06-08T15:42:25.284,41.375,rpm,0.000,0.067900,100.000
2026-06-08T15:42:25.327,41.422,torque,0.000,0.067998,100.000
2026-06-08T15:42:25.327,41.422,rpm,0.000,0.067998,100.000
2026-06-08T15:42:25.337,41.438,rpm,0.000,0.067998,100.000
2026-06-08T15:42:25.351,41.453,rpm,0.000,0.067998,100.000
2026-06-08T15:42:25.375,41.469,rpm,0.000,0.067998,100.000
2026-06-08T15:42:25.391,41.485,rpm,0.000,0.067998,100.000
2026-06-08T15:42:25.392,41.485,torque,0.000,0.067943,100.000
2026-06-08T15:42:25.415,41.516,rpm,0.000,0.067943,100.000
2026-06-08T15:42:25.416,41.516,rpm,0.000,0.067943,100.000
2026-06-08T15:42:25.448,41.547,rpm,0.000,0.067943,100.000
2026-06-08T15:42:25.461,41.563,rpm,0.000,0.067943,100.000
2026-06-08T15:42:25.461,41.563,throttle,0.000,0.067943,0.000
2026-06-08T15:42:25.472,41.563,rpm,0.000,0.067943,0.000
2026-06-08T15:42:25.472,41.563,torque,0.000,0.068006,0.000
2026-06-08T15:42:25.529,41.625,rpm,0.000,0.068006,0.000
2026-06-08T15:42:25.530,41.625,rpm,0.000,0.068006,0.000
2026-06-08T15:42:25.530,41.625,rpm,0.000,0.068006,0.000
2026-06-08T15:42:25.554,41.657,rpm,0.000,0.068006,0.000
2026-06-08T15:42:25.556,41.657,torque,0.000,0.067975,0.000
2026-06-08T15:42:25.639,41.735,rpm,0.000,0.067975,0.000
2026-06-08T15:42:25.663,41.766,torque,0.000,0.068076,0.000
2026-06-08T15:42:25.664,41.766,rpm,0.000,0.068076,0.000
2026-06-08T15:42:25.682,41.782,rpm,0.000,0.068076,0.000
2026-06-08T15:42:25.711,41.813,rpm,0.000,0.068076,0.000
2026-06-08T15:42:25.726,41.828,rpm,0.000,0.068076,0.000
2026-06-08T15:42:25.737,41.828,rpm,0.000,0.068076,0.000
2026-06-08T15:42:25.737,41.828,torque,0.000,0.067076,0.000
2026-06-08T15:42:25.767,41.860,rpm,0.000,0.067076,0.000
2026-06-08T15:42:25.797,41.891,rpm,0.000,0.067076,0.000
2026-06-08T15:42:25.798,41.891,rpm,0.000,0.067076,0.000
2026-06-08T15:42:25.816,41.907,rpm,0.000,0.067076,0.000
2026-06-08T15:42:25.816,41.907,torque,0.000,0.066422,0.000
2026-06-08T15:42:25.867,41.969,rpm,0.000,0.066422,0.000
2026-06-08T15:42:25.881,41.985,rpm,0.000,0.066422,0.000
2026-06-08T15:42:25.881,41.985,rpm,0.000,0.066422,0.000
2026-06-08T15:42:25.905,42.000,rpm,0.000,0.066422,0.000
2026-06-08T15:42:25.913,42.016,torque,0.000,0.066137,0.000
2026-06-08T15:42:25.945,42.047,rpm,0.000,0.066137,0.000
2026-06-08T15:42:25.956,42.047,rpm,0.000,0.066137,0.000
2026-06-08T15:42:25.956,42.047,rpm,0.000,0.066137,0.000
2026-06-08T15:42:26.001,42.094,torque,0.000,0.065223,0.000
2026-06-08T15:42:26.001,42.094,rpm,0.000,0.065223,0.000
2026-06-08T15:42:26.001,42.094,rpm,0.000,0.065223,0.000
2026-06-08T15:42:26.035,42.141,rpm,0.000,0.065223,0.000
2026-06-08T15:42:26.036,42.141,rpm,0.000,0.065223,0.000
2026-06-08T15:42:26.079,42.172,rpm,0.000,0.065223,0.000
2026-06-08T15:42:26.080,42.172,torque,0.000,0.064578,0.000
2026-06-08T15:42:26.108,42.203,rpm,0.000,0.064578,0.000
2026-06-08T15:42:26.109,42.203,rpm,0.000,0.064578,0.000
2026-06-08T15:42:26.136,42.235,rpm,0.000,0.064578,0.000
2026-06-08T15:42:26.170,42.266,rpm,0.000,0.064578,0.000
2026-06-08T15:42:26.170,42.266,torque,0.000,0.064193,0.000
2026-06-08T15:42:26.173,42.266,rpm,0.000,0.064193,0.000
2026-06-08T15:42:26.216,42.313,rpm,0.000,0.064193,0.000
2026-06-08T15:42:26.245,42.344,rpm,0.000,0.064193,0.000
2026-06-08T15:42:26.249,42.344,torque,0.000,0.064047,0.000
2026-06-08T15:42:26.272,42.375,rpm,0.000,0.064047,0.000
2026-06-08T15:42:26.315,42.407,rpm,0.000,0.064047,0.000
2026-06-08T15:42:26.316,42.407,throttle,0.000,0.064047,100.000
2026-06-08T15:42:26.328,42.422,rpm,0.000,0.064047,100.000
2026-06-08T15:42:26.337,42.438,torque,0.000,0.064723,100.000
2026-06-08T15:42:26.361,42.453,rpm,0.000,0.064723,100.000
2026-06-08T15:42:26.361,42.453,rpm,0.000,0.064723,100.000
2026-06-08T15:42:26.397,42.500,rpm,0.000,0.064723,100.000
2026-06-08T15:42:26.406,42.500,rpm,0.000,0.064723,100.000
2026-06-08T15:42:26.423,42.516,rpm,0.000,0.064723,100.000
2026-06-08T15:42:26.424,42.516,torque,0.000,0.064692,100.000
2026-06-08T15:42:26.443,42.547,rpm,0.000,0.064692,100.000
2026-06-08T15:42:26.475,42.578,rpm,0.000,0.064692,100.000
2026-06-08T15:42:26.487,42.578,rpm,0.000,0.064692,100.000
2026-06-08T15:42:26.518,42.610,rpm,0.000,0.064692,100.000
2026-06-08T15:42:26.518,42.610,torque,0.000,0.064961,100.000
2026-06-08T15:42:26.527,42.625,rpm,0.000,0.064961,100.000
2026-06-08T15:42:26.564,42.657,rpm,0.000,0.064961,100.000
2026-06-08T15:42:26.573,42.672,rpm,0.000,0.064961,100.000
2026-06-08T15:42:26.591,42.688,rpm,0.000,0.064961,100.000
2026-06-08T15:42:26.593,42.688,rpm,0.000,0.064961,100.000
2026-06-08T15:42:26.605,42.703,torque,0.000,0.066000,100.000
2026-06-08T15:42:26.643,42.735,rpm,0.000,0.066000,100.000
2026-06-08T15:42:26.646,42.750,rpm,0.000,0.066000,100.000
2026-06-08T15:42:26.665,42.766,rpm,0.000,0.066000,100.000
2026-06-08T15:42:26.679,42.782,torque,0.000,0.066791,100.000
2026-06-08T15:42:26.686,42.782,rpm,0.000,0.066791,100.000
2026-06-08T15:42:26.720,42.813,rpm,0.000,0.066791,100.000
2026-06-08T15:42:26.738,42.828,rpm,0.000,0.066791,100.000
2026-06-08T15:42:26.755,42.860,rpm,0.000,0.066791,100.000
2026-06-08T15:42:26.771,42.875,rpm,0.000,0.066791,100.000
2026-06-08T15:42:26.772,42.875,torque,0.000,0.067267,100.000
2026-06-08T15:42:26.833,42.938,rpm,0.000,0.067267,100.000
2026-06-08T15:42:26.859,42.953,rpm,0.000,0.067267,100.000
2026-06-08T15:42:26.860,42.953,torque,0.000,0.067387,100.000
2026-06-08T15:42:26.894,42.985,rpm,0.000,0.067387,100.000
2026-06-08T15:42:26.909,43.000,rpm,0.000,0.067387,100.000
2026-06-08T15:42:26.927,43.032,rpm,0.000,0.067387,100.000
2026-06-08T15:42:26.931,43.032,rpm,0.000,0.067387,100.000
2026-06-08T15:42:26.953,43.047,torque,0.000,0.067377,100.000
2026-06-08T15:42:26.967,43.063,rpm,0.000,0.067377,100.000
2026-06-08T15:42:26.993,43.094,rpm,0.000,0.067377,100.000
2026-06-08T15:42:27.010,43.110,rpm,0.000,0.067377,100.000
2026-06-08T15:42:27.035,43.141,rpm,0.000,0.067377,100.000
2026-06-08T15:42:27.035,43.141,torque,0.000,0.067550,100.000
2026-06-08T15:42:27.045,43.141,rpm,0.000,0.067550,100.000
2026-06-08T15:42:27.071,43.172,rpm,0.000,0.067550,100.000
2026-06-08T15:42:27.086,43.188,rpm,0.000,0.067550,100.000
2026-06-08T15:42:27.106,43.203,rpm,0.000,0.067550,100.000
2026-06-08T15:42:27.113,43.203,torque,0.000,0.067864,100.000
2026-06-08T15:42:27.132,43.235,rpm,0.000,0.067864,100.000
2026-06-08T15:42:27.174,43.266,rpm,0.000,0.067864,100.000
2026-06-08T15:42:27.174,43.266,rpm,0.000,0.067864,100.000
2026-06-08T15:42:27.196,43.297,rpm,0.000,0.067864,100.000
2026-06-08T15:42:27.197,43.297,rpm,0.000,0.067864,100.000
2026-06-08T15:42:27.213,43.313,torque,0.000,0.067707,100.000
2026-06-08T15:42:27.241,43.344,rpm,0.000,0.067707,100.000
2026-06-08T15:42:27.265,43.360,rpm,0.000,0.067707,100.000
2026-06-08T15:42:27.278,43.375,rpm,0.000,0.067707,100.000
2026-06-08T15:42:27.295,43.391,throttle,0.000,0.067707,0.000
2026-06-08T15:42:27.307,43.407,rpm,0.000,0.067707,0.000
2026-06-08T15:42:27.307,43.407,torque,0.000,0.067577,0.000
2026-06-08T15:42:27.316,43.407,rpm,0.000,0.067577,0.000
2026-06-08T15:42:27.375,43.469,rpm,0.000,0.067577,0.000
2026-06-08T15:42:27.383,43.485,rpm,0.000,0.067577,0.000
2026-06-08T15:42:27.383,43.485,torque,0.000,0.067577,0.000
2026-06-08T15:42:27.383,43.485,rpm,0.000,0.067577,0.000
2026-06-08T15:42:27.435,43.532,rpm,0.000,0.067577,0.000
2026-06-08T15:42:27.437,43.532,rpm,0.000,0.067577,0.000
2026-06-08T15:42:27.437,43.532,rpm,0.000,0.067577,0.000
2026-06-08T15:42:27.476,43.578,torque,0.000,0.067419,0.000
2026-06-08T15:42:27.477,43.578,rpm,0.000,0.067419,0.000
2026-06-08T15:42:27.528,43.625,rpm,0.000,0.067419,0.000
2026-06-08T15:42:27.547,43.641,torque,0.000,0.066519,0.000
2026-06-08T15:42:27.549,43.641,rpm,0.000,0.066519,0.000
2026-06-08T15:42:27.580,43.672,rpm,0.000,0.066519,0.000
2026-06-08T15:42:27.591,43.688,rpm,0.000,0.066519,0.000
2026-06-08T15:42:27.615,43.719,rpm,0.000,0.066519,0.000
2026-06-08T15:42:27.632,43.735,torque,0.000,0.066155,0.000
2026-06-08T15:42:27.660,43.766,rpm,0.000,0.066155,0.000
2026-06-08T15:42:27.669,43.766,rpm,0.000,0.066155,0.000
2026-06-08T15:42:27.690,43.782,rpm,0.000,0.066155,0.000
2026-06-08T15:42:27.723,43.828,rpm,0.000,0.066155,0.000
2026-06-08T15:42:27.724,43.828,torque,0.000,0.065510,0.000
2026-06-08T15:42:27.740,43.844,rpm,0.000,0.065510,0.000
2026-06-08T15:42:27.774,43.875,rpm,0.000,0.065510,0.000
2026-06-08T15:42:27.775,43.875,rpm,0.000,0.065510,0.000
2026-06-08T15:42:27.783,43.875,rpm,0.000,0.065510,0.000
2026-06-08T15:42:27.806,43.907,torque,0.000,0.064429,0.000
2026-06-08T15:42:27.810,43.907,rpm,0.000,0.064429,0.000
2026-06-08T15:42:27.839,43.938,rpm,0.000,0.064429,0.000
2026-06-08T15:42:27.858,43.953,rpm,0.000,0.064429,0.000
2026-06-08T15:42:27.877,43.969,rpm,0.000,0.064429,0.000
2026-06-08T15:42:27.896,44.000,torque,0.000,0.063708,0.000
2026-06-08T15:42:27.906,44.000,rpm,0.000,0.063708,0.000
2026-06-08T15:42:27.942,44.047,rpm,0.000,0.063708,0.000
2026-06-08T15:42:27.953,44.047,rpm,0.000,0.063708,0.000
2026-06-08T15:42:27.973,44.078,rpm,0.000,0.063708,0.000
2026-06-08T15:42:27.977,44.078,torque,0.000,0.063461,0.000
2026-06-08T15:42:28.004,44.094,rpm,0.000,0.063461,0.000
2026-06-08T15:42:28.007,44.110,rpm,0.000,0.063461,0.000
2026-06-08T15:42:28.049,44.141,rpm,0.000,0.063461,0.000
2026-06-08T15:42:28.062,44.157,rpm,0.000,0.063461,0.000
2026-06-08T15:42:28.072,44.172,torque,0.000,0.063616,0.000
2026-06-08T15:42:28.090,44.188,rpm,0.000,0.063616,0.000
2026-06-08T15:42:28.115,44.219,rpm,0.000,0.063616,0.000
2026-06-08T15:42:28.126,44.219,rpm,0.000,0.063616,0.000
2026-06-08T15:42:28.149,44.250,rpm,0.000,0.063616,0.000
2026-06-08T15:42:28.154,44.250,torque,0.000,0.063817,0.000
2026-06-08T15:42:28.172,44.266,rpm,0.000,0.063817,0.000
2026-06-08T15:42:28.211,44.313,rpm,0.000,0.063817,0.000
2026-06-08T15:42:28.211,44.313,rpm,0.000,0.063817,0.000
2026-06-08T15:42:28.236,44.328,rpm,0.000,0.063817,0.000
2026-06-08T15:42:28.252,44.344,torque,0.000,0.063900,0.000
2026-06-08T15:42:28.254,44.360,rpm,0.000,0.063900,0.000
2026-06-08T15:42:28.300,44.391,rpm,0.000,0.063900,0.000
2026-06-08T15:42:28.301,44.407,rpm,0.000,0.063900,0.000
2026-06-08T15:42:28.319,44.422,rpm,0.000,0.063900,0.000
2026-06-08T15:42:28.340,44.438,rpm,0.000,0.063900,0.000
2026-06-08T15:42:28.341,44.438,torque,0.000,0.063689,0.000
2026-06-08T15:42:28.342,44.438,rpm,0.000,0.063689,0.000
2026-06-08T15:42:28.378,44.469,rpm,0.000,0.063689,0.000
2026-06-08T15:42:28.387,44.485,rpm,0.000,0.063689,0.000
2026-06-08T15:42:28.415,44.516,rpm,0.000,0.063689,0.000
2026-06-08T15:42:28.423,44.516,torque,0.000,0.063845,0.000
2026-06-08T15:42:28.452,44.547,rpm,0.000,0.063845,0.000
2026-06-08T15:42:28.462,44.563,rpm,0.000,0.063845,0.000
2026-06-08T15:42:28.480,44.578,rpm,0.000,0.063845,0.000
2026-06-08T15:42:28.480,44.578,rpm,0.000,0.063845,0.000
2026-06-08T15:42:28.503,44.594,torque,0.000,0.064712,0.000
2026-06-08T15:42:28.531,44.625,rpm,0.000,0.064712,0.000
2026-06-08T15:42:28.553,44.657,rpm,0.000,0.064712,0.000
2026-06-08T15:42:28.568,44.672,rpm,0.000,0.064712,0.000
2026-06-08T15:42:28.577,44.672,rpm,0.000,0.064712,0.000
2026-06-08T15:42:28.584,44.688,torque,0.000,0.064870,0.000
2026-06-08T15:42:28.622,44.719,rpm,0.000,0.064870,0.000
2026-06-08T15:42:28.649,44.750,rpm,0.000,0.064870,0.000
2026-06-08T15:42:28.666,44.766,rpm,0.000,0.064870,0.000
2026-06-08T15:42:28.679,44.782,torque,0.000,0.064846,0.000
2026-06-08T15:42:28.702,44.797,rpm,0.000,0.064846,0.000
2026-06-08T15:42:28.704,44.797,rpm,0.000,0.064846,0.000
2026-06-08T15:42:28.730,44.828,rpm,0.000,0.064846,0.000
2026-06-08T15:42:28.744,44.844,rpm,0.000,0.064846,0.000
2026-06-08T15:42:28.761,44.860,torque,0.000,0.064729,0.000
2026-06-08T15:42:28.763,44.860,rpm,0.000,0.064729,0.000
2026-06-08T15:42:28.796,44.891,rpm,0.000,0.064729,0.000
2026-06-08T15:42:28.812,44.907,rpm,0.000,0.064729,0.000
2026-06-08T15:42:28.829,44.922,rpm,0.000,0.064729,0.000
2026-06-08T15:42:28.848,44.953,torque,0.000,0.064644,0.000
2026-06-08T15:42:28.848,44.953,rpm,0.000,0.064644,0.000
2026-06-08T15:42:28.878,44.969,rpm,0.000,0.064644,0.000
2026-06-08T15:42:28.888,44.985,rpm,0.000,0.064644,0.000
2026-06-08T15:42:28.898,45.000,rpm,0.000,0.064644,0.000
2026-06-08T15:42:28.931,45.032,rpm,0.000,0.064644,0.000
2026-06-08T15:42:28.932,45.032,torque,0.000,0.064602,0.000
2026-06-08T15:42:28.973,45.078,rpm,0.000,0.064602,0.000
2026-06-08T15:42:29.003,45.094,rpm,0.000,0.064602,0.000
2026-06-08T15:42:29.014,45.110,rpm,0.000,0.064602,0.000
2026-06-08T15:42:29.022,45.125,torque,0.000,0.064344,0.000
2026-06-08T15:42:29.022,45.125,rpm,0.000,0.064344,0.000
2026-06-08T15:42:29.053,45.157,rpm,0.000,0.064344,0.000
2026-06-08T15:42:29.081,45.172,rpm,0.000,0.064344,0.000
2026-06-08T15:42:29.091,45.188,rpm,0.000,0.064344,0.000
2026-06-08T15:42:29.117,45.219,torque,0.000,0.064162,0.000
2026-06-08T15:42:29.117,45.219,rpm,0.000,0.064162,0.000
2026-06-08T15:42:29.159,45.250,rpm,0.000,0.064162,0.000
2026-06-08T15:42:29.161,45.266,rpm,0.000,0.064162,0.000
2026-06-08T15:42:29.182,45.282,rpm,0.000,0.064162,0.000
2026-06-08T15:42:29.189,45.282,torque,0.000,0.064207,0.000
2026-06-08T15:42:29.212,45.313,rpm,0.000,0.064207,0.000
2026-06-08T15:42:29.231,45.328,rpm,0.000,0.064207,0.000
2026-06-08T15:42:29.246,45.344,rpm,0.000,0.064207,0.000
2026-06-08T15:42:29.279,45.375,rpm,0.000,0.064207,0.000
2026-06-08T15:42:29.281,45.375,torque,0.000,0.064304,0.000
2026-06-08T15:42:29.281,45.375,rpm,0.000,0.064304,0.000
2026-06-08T15:42:29.327,45.422,rpm,0.000,0.064304,0.000
2026-06-08T15:42:29.337,45.438,rpm,0.000,0.064304,0.000
2026-06-08T15:42:29.356,45.453,rpm,0.000,0.064304,0.000
2026-06-08T15:42:29.359,45.453,rpm,0.000,0.064304,0.000
2026-06-08T15:42:29.371,45.469,torque,0.000,0.064393,0.000
2026-06-08T15:42:29.412,45.516,rpm,0.000,0.064393,0.000
2026-06-08T15:42:29.413,45.516,rpm,0.000,0.064393,0.000
2026-06-08T15:42:29.435,45.532,rpm,0.000,0.064393,0.000
2026-06-08T15:42:29.447,45.547,rpm,0.000,0.064393,0.000
2026-06-08T15:42:29.455,45.547,torque,0.000,0.064206,0.000
2026-06-08T15:42:29.485,45.578,rpm,0.000,0.064206,0.000
2026-06-08T15:42:29.487,45.578,rpm,0.000,0.064206,0.000
2026-06-08T15:42:29.512,45.610,rpm,0.000,0.064206,0.000
2026-06-08T15:42:29.529,45.625,rpm,0.000,0.064206,0.000
2026-06-08T15:42:29.546,45.641,torque,0.000,0.064121,0.000
2026-06-08T15:42:29.548,45.641,rpm,0.000,0.064121,0.000
2026-06-08T15:42:29.571,45.672,rpm,0.000,0.064121,0.000
2026-06-08T15:42:29.588,45.688,rpm,0.000,0.064121,0.000
2026-06-08T15:42:29.612,45.703,rpm,0.000,0.064121,0.000
2026-06-08T15:42:29.623,45.719,torque,0.000,0.064274,0.000
2026-06-08T15:42:29.642,45.735,rpm,0.000,0.064274,0.000
2026-06-08T15:42:29.655,45.750,rpm,0.000,0.064274,0.000
2026-06-08T15:42:29.678,45.782,rpm,0.000,0.064274,0.000
2026-06-08T15:42:29.685,45.782,rpm,0.000,0.064274,0.000
2026-06-08T15:42:29.705,45.797,rpm,0.000,0.064274,0.000
2026-06-08T15:42:29.720,45.813,torque,0.000,0.064387,0.000
2026-06-08T15:42:29.743,45.844,rpm,0.000,0.064387,0.000
2026-06-08T15:42:29.773,45.875,rpm,0.000,0.064387,0.000
2026-06-08T15:42:29.783,45.875,rpm,0.000,0.064387,0.000
2026-06-08T15:42:29.804,45.907,torque,0.000,0.064316,0.000
2026-06-08T15:42:29.812,45.907,rpm,0.000,0.064316,0.000
2026-06-08T15:42:29.842,45.938,rpm,0.000,0.064316,0.000
2026-06-08T15:42:29.849,45.953,rpm,0.000,0.064316,0.000
2026-06-08T15:42:29.869,45.969,rpm,0.000,0.064316,0.000
2026-06-08T15:42:29.897,46.000,torque,0.000,0.064184,0.000
2026-06-08T15:42:29.897,46.000,rpm,0.000,0.064184,0.000
2026-06-08T15:42:29.925,46.016,rpm,0.000,0.064184,0.000
2026-06-08T15:42:29.931,46.032,rpm,0.000,0.064184,0.000
2026-06-08T15:42:29.954,46.047,rpm,0.000,0.064184,0.000
2026-06-08T15:42:29.975,46.078,torque,0.000,0.064181,0.000
2026-06-08T15:42:29.976,46.078,rpm,0.000,0.064181,0.000
2026-06-08T15:42:30.013,46.110,rpm,0.000,0.064181,0.000
2026-06-08T15:42:30.041,46.141,rpm,0.000,0.064181,0.000
2026-06-08T15:42:30.041,46.141,rpm,0.000,0.064181,0.000
2026-06-08T15:42:30.057,46.157,torque,0.000,0.064009,0.000
2026-06-08T15:42:30.065,46.157,rpm,0.000,0.064009,0.000
2026-06-08T15:42:30.102,46.203,rpm,0.000,0.064009,0.000
2026-06-08T15:42:30.103,46.203,rpm,0.000,0.064009,0.000
2026-06-08T15:42:30.144,46.235,torque,0.000,0.063954,0.000
2026-06-08T15:42:30.170,46.266,rpm,0.000,0.063954,0.000
2026-06-08T15:42:30.170,46.266,rpm,0.000,0.063954,0.000
2026-06-08T15:42:30.202,46.297,rpm,0.000,0.063954,0.000
2026-06-08T15:42:30.214,46.313,rpm,0.000,0.063954,0.000
2026-06-08T15:42:30.234,46.328,rpm,0.000,0.063954,0.000
2026-06-08T15:42:30.235,46.328,torque,0.000,0.063969,0.000
2026-06-08T15:42:30.264,46.360,rpm,0.000,0.063969,0.000
2026-06-08T15:42:30.279,46.375,rpm,0.000,0.063969,0.000
2026-06-08T15:42:30.294,46.391,rpm,0.000,0.063969,0.000
2026-06-08T15:42:30.319,46.422,rpm,0.000,0.063969,0.000
2026-06-08T15:42:30.326,46.422,torque,0.000,0.064035,0.000
2026-06-08T15:42:30.353,46.453,rpm,0.000,0.064035,0.000
2026-06-08T15:42:30.362,46.453,rpm,0.000,0.064035,0.000
2026-06-08T15:42:30.379,46.485,rpm,0.000,0.064035,0.000
2026-06-08T15:42:30.395,46.500,rpm,0.000,0.064035,0.000
2026-06-08T15:42:30.401,46.500,torque,0.000,0.064103,0.000
2026-06-08T15:42:30.425,46.516,rpm,0.000,0.064103,0.000
2026-06-08T15:42:30.443,46.547,rpm,0.000,0.064103,0.000
2026-06-08T15:42:30.458,46.563,rpm,0.000,0.064103,0.000
2026-06-08T15:42:30.483,46.578,rpm,0.000,0.064103,0.000
2026-06-08T15:42:30.487,46.578,torque,0.000,0.064043,0.000
2026-06-08T15:42:30.524,46.625,rpm,0.000,0.064043,0.000
2026-06-08T15:42:30.526,46.625,rpm,0.000,0.064043,0.000
2026-06-08T15:42:30.553,46.657,rpm,0.000,0.064043,0.000
2026-06-08T15:42:30.569,46.672,rpm,0.000,0.064043,0.000
2026-06-08T15:42:30.584,46.688,torque,0.000,0.063933,0.000
2026-06-08T15:42:30.586,46.688,rpm,0.000,0.063933,0.000
2026-06-08T15:42:30.615,46.719,rpm,0.000,0.063933,0.000
2026-06-08T15:42:30.638,46.735,rpm,0.000,0.063933,0.000
2026-06-08T15:42:30.655,46.750,rpm,0.000,0.063933,0.000
2026-06-08T15:42:30.670,46.766,torque,0.000,0.064014,0.000
2026-06-08T15:42:30.672,46.766,rpm,0.000,0.064014,0.000
2026-06-08T15:42:30.706,46.797,rpm,0.000,0.064014,0.000
2026-06-08T15:42:30.712,46.813,rpm,0.000,0.064014,0.000
2026-06-08T15:42:30.729,46.828,rpm,0.000,0.064014,0.000
2026-06-08T15:42:30.756,46.860,rpm,0.000,0.064014,0.000
2026-06-08T15:42:30.756,46.860,torque,0.000,0.063872,0.000
2026-06-08T15:42:30.792,46.891,rpm,0.000,0.063872,0.000
2026-06-08T15:42:30.803,46.907,rpm,0.000,0.063872,0.000
2026-06-08T15:42:30.830,46.922,rpm,0.000,0.063872,0.000
2026-06-08T15:42:30.836,46.938,torque,0.000,0.063949,0.000
2026-06-08T15:42:30.871,46.969,rpm,0.000,0.063949,0.000
2026-06-08T15:42:30.880,46.985,rpm,0.000,0.063949,0.000
2026-06-08T15:42:30.912,47.016,rpm,0.000,0.063949,0.000
2026-06-08T15:42:30.913,47.016,rpm,0.000,0.063949,0.000
2026-06-08T15:42:30.931,47.032,torque,0.000,0.064239,0.000
2026-06-08T15:42:30.931,47.032,rpm,0.000,0.064239,0.000
2026-06-08T15:42:30.969,47.063,rpm,0.000,0.064239,0.000
2026-06-08T15:42:30.987,47.078,rpm,0.000,0.064239,0.000
2026-06-08T15:42:31.004,47.110,rpm,0.000,0.064239,0.000
2026-06-08T15:42:31.012,47.110,torque,0.000,0.064278,0.000
2026-06-08T15:42:31.012,47.110,rpm,0.000,0.064278,0.000
2026-06-08T15:42:31.040,47.141,rpm,0.000,0.064278,0.000
2026-06-08T15:42:31.066,47.157,rpm,0.000,0.064278,0.000
2026-06-08T15:42:31.073,47.172,rpm,0.000,0.064278,0.000
2026-06-08T15:42:31.106,47.203,torque,0.000,0.064012,0.000
2026-06-08T15:42:31.109,47.203,rpm,0.000,0.064012,0.000
2026-06-08T15:42:31.148,47.250,rpm,0.000,0.064012,0.000
2026-06-08T15:42:31.167,47.266,rpm,0.000,0.064012,0.000
2026-06-08T15:42:31.187,47.282,rpm,0.000,0.064012,0.000
2026-06-08T15:42:31.187,47.282,torque,0.000,0.063705,0.000
2026-06-08T15:42:31.188,47.282,rpm,0.000,0.063705,0.000
2026-06-08T15:42:31.222,47.313,rpm,0.000,0.063705,0.000
2026-06-08T15:42:31.232,47.328,rpm,0.000,0.063705,0.000
2026-06-08T15:42:31.258,47.360,rpm,0.000,0.063705,0.000
2026-06-08T15:42:31.278,47.375,torque,0.000,0.063631,0.000
2026-06-08T15:42:31.286,47.391,rpm,0.000,0.063631,0.000
2026-06-08T15:42:31.309,47.407,rpm,0.000,0.063631,0.000
2026-06-08T15:42:31.326,47.422,rpm,0.000,0.063631,0.000
2026-06-08T15:42:31.329,47.422,rpm,0.000,0.063631,0.000
2026-06-08T15:42:31.354,47.453,rpm,0.000,0.063631,0.000
2026-06-08T15:42:31.367,47.469,torque,0.000,0.063552,0.000
2026-06-08T15:42:31.394,47.485,rpm,0.000,0.063552,0.000
2026-06-08T15:42:31.417,47.516,rpm,0.000,0.063552,0.000
2026-06-08T15:42:31.430,47.532,rpm,0.000,0.063552,0.000
2026-06-08T15:42:31.448,47.547,torque,0.000,0.063627,0.000
2026-06-08T15:42:31.460,47.563,rpm,0.000,0.063627,0.000
2026-06-08T15:42:31.483,47.578,rpm,0.000,0.063627,0.000
2026-06-08T15:42:31.500,47.594,rpm,0.000,0.063627,0.000
2026-06-08T15:42:31.516,47.610,rpm,0.000,0.063627,0.000
2026-06-08T15:42:31.533,47.625,torque,0.000,0.063580,0.000
2026-06-08T15:42:31.536,47.641,rpm,0.000,0.063580,0.000
2026-06-08T15:42:31.570,47.672,rpm,0.000,0.063580,0.000
2026-06-08T15:42:31.576,47.672,rpm,0.000,0.063580,0.000
2026-06-08T15:42:31.594,47.688,rpm,0.000,0.063580,0.000
2026-06-08T15:42:31.625,47.719,torque,0.000,0.063529,0.000
2026-06-08T15:42:31.625,47.719,rpm,0.000,0.063529,0.000
2026-06-08T15:42:31.660,47.750,rpm,0.000,0.063529,0.000
2026-06-08T15:42:31.660,47.750,rpm,0.000,0.063529,0.000
2026-06-08T15:42:31.677,47.782,rpm,0.000,0.063529,0.000
2026-06-08T15:42:31.708,47.813,torque,0.000,0.063654,0.000
2026-06-08T15:42:31.709,47.813,rpm,0.000,0.063654,0.000
2026-06-08T15:42:31.711,47.813,rpm,0.000,0.063654,0.000
2026-06-08T15:42:31.753,47.844,rpm,0.000,0.063654,0.000
2026-06-08T15:42:31.776,47.875,rpm,0.000,0.063654,0.000
2026-06-08T15:42:31.777,47.875,rpm,0.000,0.063654,0.000
2026-06-08T15:42:31.795,47.891,torque,0.000,0.063560,0.000
2026-06-08T15:42:31.802,47.907,rpm,0.000,0.063560,0.000
2026-06-08T15:42:31.832,47.922,rpm,0.000,0.063560,0.000
2026-06-08T15:42:31.846,47.938,rpm,0.000,0.063560,0.000
2026-06-08T15:42:31.865,47.969,rpm,0.000,0.063560,0.000
2026-06-08T15:42:31.880,47.985,torque,0.000,0.063556,0.000
2026-06-08T15:42:31.880,47.985,rpm,0.000,0.063556,0.000
2026-06-08T15:42:31.909,48.000,rpm,0.000,0.063556,0.000
