timestamp,elapsed_s,source,rpm,torque_nm,throttle_pct
2026-06-08T15:36:20.833,0.000,torque,,0.000227,
2026-06-08T15:36:20.833,0.000,rpm,0.000,0.000227,
2026-06-08T15:36:20.833,0.000,rpm,0.000,0.000227,
2026-06-08T15:36:20.833,0.000,rpm,0.000,0.000227,
2026-06-08T15:36:20.834,0.000,torque,0.000,0.000340,
2026-06-08T15:36:20.834,0.000,rpm,0.000,0.000340,
2026-06-08T15:36:20.834,0.000,rpm,0.000,0.000340,
2026-06-08T15:36:20.850,0.015,rpm,0.000,0.000340,
2026-06-08T15:36:20.875,0.047,rpm,0.000,0.000340,
2026-06-08T15:36:20.906,0.078,torque,0.000,0.000374,
2026-06-08T15:36:20.906,0.078,rpm,0.000,0.000374,
2026-06-08T15:36:20.930,0.094,rpm,0.000,0.000374,
2026-06-08T15:36:20.943,0.109,rpm,0.000,0.000374,
2026-06-08T15:36:20.963,0.140,rpm,0.000,0.000374,
2026-06-08T15:36:20.973,0.140,rpm,0.000,0.000374,
2026-06-08T15:36:20.973,0.140,torque,0.000,0.000430,
2026-06-08T15:36:20.991,0.156,rpm,0.000,0.000430,
2026-06-08T15:36:21.025,0.187,rpm,0.000,0.000430,
2026-06-08T15:36:21.042,0.219,rpm,0.000,0.000430,
2026-06-08T15:36:21.058,0.234,rpm,0.000,0.000430,
2026-06-08T15:36:21.058,0.234,torque,0.000,0.000405,
2026-06-08T15:36:21.090,0.265,rpm,0.000,0.000405,
2026-06-08T15:36:21.112,0.281,rpm,0.000,0.000405,
2026-06-08T15:36:21.121,0.297,rpm,0.000,0.000405,
2026-06-08T15:36:21.143,0.312,rpm,0.000,0.000405,
2026-06-08T15:36:21.145,0.312,rpm,0.000,0.000405,
2026-06-08T15:36:21.145,0.312,torque,0.000,0.000402,
2026-06-08T15:36:21.181,0.344,rpm,0.000,0.000402,
2026-06-08T15:36:21.188,0.359,rpm,0.000,0.000402,
2026-06-08T15:36:21.211,0.375,rpm,0.000,0.000402,
2026-06-08T15:36:21.233,0.406,torque,0.000,0.000337,
2026-06-08T15:36:21.233,0.406,rpm,0.000,0.000337,
2026-06-08T15:36:21.274,0.437,rpm,0.000,0.000337,
2026-06-08T15:36:21.274,0.437,rpm,0.000,0.000337,
2026-06-08T15:36:21.293,0.469,rpm,0.000,0.000337,
2026-06-08T15:36:21.310,0.484,rpm,0.000,0.000337,
2026-06-08T15:36:21.313,0.484,torque,0.000,0.000051,
2026-06-08T15:36:21.320,0.484,rpm,0.000,0.000051,
2026-06-08T15:36:21.367,0.531,rpm,0.000,0.000051,
2026-06-08T15:36:21.369,0.531,rpm,0.000,0.000051,
2026-06-08T15:36:21.403,0.578,torque,0.000,0.000384,
2026-06-08T15:36:21.423,0.594,rpm,0.000,0.000384,
2026-06-08T15:36:21.445,0.609,rpm,0.000,0.000384,
2026-06-08T15:36:21.486,0.656,rpm,0.000,0.000384,
2026-06-08T15:36:21.487,0.656,torque,0.000,0.000119,
2026-06-08T15:36:21.518,0.687,rpm,0.000,0.000119,
2026-06-08T15:36:21.530,0.703,rpm,0.000,0.000119,
2026-06-08T15:36:21.555,0.719,rpm,0.000,0.000119,
2026-06-08T15:36:21.571,0.734,rpm,0.000,0.000119,
2026-06-08T15:36:21.578,0.750,torque,0.000,0.000437,
2026-06-08T15:36:21.595,0.765,rpm,0.000,0.000437,
2026-06-08T15:36:21.624,0.797,rpm,0.000,0.000437,
2026-06-08T15:36:21.624,0.797,rpm,0.000,0.000437,
2026-06-08T15:36:21.656,0.828,rpm,0.000,0.000437,
2026-06-08T15:36:21.660,0.828,torque,0.000,0.000393,
2026-06-08T15:36:21.696,0.859,rpm,0.000,0.000393,
2026-06-08T15:36:21.702,0.875,rpm,0.000,0.000393,
2026-06-08T15:36:21.720,0.890,rpm,0.000,0.000393,
2026-06-08T15:36:21.744,0.906,rpm,0.000,0.000393,
2026-06-08T15:36:21.754,0.922,torque,0.000,0.000486,
2026-06-08T15:36:21.760,0.937,rpm,0.000,0.000486,
2026-06-08T15:36:21.805,0.969,rpm,0.000,0.000486,
2026-06-08T15:36:21.825,1.000,rpm,0.000,0.000486,
2026-06-08T15:36:21.841,1.015,torque,0.000,0.000610,
2026-06-08T15:36:21.841,1.015,rpm,0.000,0.000610,
2026-06-08T15:36:21.880,1.047,rpm,0.000,0.000610,
2026-06-08T15:36:21.887,1.062,rpm,0.000,0.000610,
2026-06-08T15:36:21.906,1.078,rpm,0.000,0.000610,
2026-06-08T15:36:21.925,1.094,torque,0.000,0.000607,
2026-06-08T15:36:21.925,1.094,rpm,0.000,0.000607,
2026-06-08T15:36:21.931,1.094,rpm,0.000,0.000607,
2026-06-08T15:36:21.969,1.140,rpm,0.000,0.000607,
2026-06-08T15:36:21.997,1.172,rpm,0.000,0.000607,
2026-06-08T15:36:22.016,1.187,torque,0.000,0.000549,
2026-06-08T15:36:22.016,1.187,rpm,0.000,0.000549,
2026-06-08T15:36:22.052,1.219,rpm,0.000,0.000549,
2026-06-08T15:36:22.059,1.234,rpm,0.000,0.000549,
2026-06-08T15:36:22.093,1.265,torque,0.000,0.000460,
2026-06-08T15:36:22.105,1.281,rpm,0.000,0.000460,
2026-06-08T15:36:22.144,1.312,rpm,0.000,0.000460,
2026-06-08T15:36:22.164,1.328,rpm,0.000,0.000460,
2026-06-08T15:36:22.180,1.344,rpm,0.000,0.000460,
2026-06-08T15:36:22.182,1.344,torque,0.000,0.000246,
2026-06-08T15:36:22.198,1.375,rpm,0.000,0.000246,
2026-06-08T15:36:22.233,1.406,rpm,0.000,0.000246,
2026-06-08T15:36:22.255,1.422,rpm,0.000,0.000246,
2026-06-08T15:36:22.270,1.437,torque,0.000,0.000309,
2026-06-08T15:36:22.274,1.437,rpm,0.000,0.000309,
2026-06-08T15:36:22.309,1.484,rpm,0.000,0.000309,
2026-06-08T15:36:22.318,1.484,rpm,0.000,0.000309,
2026-06-08T15:36:22.339,1.515,rpm,0.000,0.000309,
2026-06-08T15:36:22.356,1.531,torque,0.000,0.000417,
2026-06-08T15:36:22.396,1.562,rpm,0.000,0.000417,
2026-06-08T15:36:22.421,1.594,rpm,0.000,0.000417,
2026-06-08T15:36:22.434,1.609,rpm,0.000,0.000417,
2026-06-08T15:36:22.448,1.625,torque,0.000,0.000474,
2026-06-08T15:36:22.472,1.640,rpm,0.000,0.000474,
2026-06-08T15:36:22.489,1.656,rpm,0.000,0.000474,
2026-06-08T15:36:22.506,1.672,rpm,0.000,0.000474,
2026-06-08T15:36:22.529,1.703,rpm,0.000,0.000474,
2026-06-08T15:36:22.537,1.703,torque,0.000,0.000469,
2026-06-08T15:36:22.552,1.719,rpm,0.000,0.000469,
2026-06-08T15:36:22.567,1.734,rpm,0.000,0.000469,
2026-06-08T15:36:22.594,1.765,rpm,0.000,0.000469,
2026-06-08T15:36:22.594,1.765,rpm,0.000,0.000469,
2026-06-08T15:36:22.623,1.797,torque,0.000,0.000370,
2026-06-08T15:36:22.624,1.797,rpm,0.000,0.000370,
2026-06-08T15:36:22.658,1.828,rpm,0.000,0.000370,
2026-06-08T15:36:22.665,1.828,rpm,0.000,0.000370,
2026-06-08T15:36:22.687,1.859,rpm,0.000,0.000370,
2026-06-08T15:36:22.702,1.875,rpm,0.000,0.000370,
2026-06-08T15:36:22.703,1.875,torque,0.000,0.000383,
2026-06-08T15:36:22.713,1.890,rpm,0.000,0.000383,
2026-06-08T15:36:22.742,1.906,rpm,0.000,0.000383,
2026-06-08T15:36:22.770,1.937,rpm,0.000,0.000383,
2026-06-08T15:36:22.779,1.953,rpm,0.000,0.000383,
2026-06-08T15:36:22.798,1.969,torque,0.000,0.000418,
2026-06-08T15:36:22.798,1.969,rpm,0.000,0.000418,
2026-06-08T15:36:22.834,2.000,rpm,0.000,0.000418,
2026-06-08T15:36:22.851,2.015,rpm,0.000,0.000418,
2026-06-08T15:36:22.872,2.047,torque,0.000,0.000345,
2026-06-08T15:36:22.901,2.078,rpm,0.000,0.000345,
2026-06-08T15:36:22.901,2.078,rpm,0.000,0.000345,
2026-06-08T15:36:22.911,2.078,rpm,0.000,0.000345,
2026-06-08T15:36:22.940,2.109,rpm,0.000,0.000345,
2026-06-08T15:36:22.958,2.125,torque,0.000,0.000311,
2026-06-08T15:36:22.960,2.125,rpm,0.000,0.000311,
2026-06-08T15:36:23.001,2.172,rpm,0.000,0.000311,
2026-06-08T15:36:23.011,2.187,rpm,0.000,0.000311,
2026-06-08T15:36:23.025,2.187,rpm,0.000,0.000311,
2026-06-08T15:36:23.045,2.219,rpm,0.000,0.000311,
2026-06-08T15:36:23.045,2.219,torque,0.000,0.000266,
2026-06-08T15:36:23.051,2.219,rpm,0.000,0.000266,
2026-06-08T15:36:23.089,2.265,rpm,0.000,0.000266,
2026-06-08T15:36:23.114,2.281,rpm,0.000,0.000266,
2026-06-08T15:36:23.120,2.297,rpm,0.000,0.000266,
2026-06-08T15:36:23.135,2.297,torque,0.000,0.000224,
2026-06-08T15:36:23.163,2.328,rpm,0.000,0.000224,
2026-06-08T15:36:23.165,2.328,rpm,0.000,0.000224,
2026-06-08T15:36:23.185,2.359,rpm,0.000,0.000224,
2026-06-08T15:36:23.193,2.359,rpm,0.000,0.000224,
2026-06-08T15:36:23.215,2.390,torque,0.000,0.000344,
2026-06-08T15:36:23.221,2.390,rpm,0.000,0.000344,
2026-06-08T15:36:23.254,2.422,rpm,0.000,0.000344,
2026-06-08T15:36:23.268,2.437,rpm,0.000,0.000344,
2026-06-08T15:36:23.283,2.453,rpm,0.000,0.000344,
2026-06-08T15:36:23.297,2.469,rpm,0.000,0.000344,
2026-06-08T15:36:23.312,2.484,torque,0.000,0.000261,
2026-06-08T15:36:23.329,2.500,rpm,0.000,0.000261,
2026-06-08T15:36:23.349,2.515,rpm,0.000,0.000261,
2026-06-08T15:36:23.365,2.531,rpm,0.000,0.000261,
2026-06-08T15:36:23.392,2.562,rpm,0.000,0.000261,
2026-06-08T15:36:23.402,2.578,torque,0.000,0.000327,
2026-06-08T15:36:23.435,2.609,rpm,0.000,0.000327,
2026-06-08T15:36:23.446,2.609,rpm,0.000,0.000327,
2026-06-08T15:36:23.463,2.640,rpm,0.000,0.000327,
2026-06-08T15:36:23.487,2.656,torque,0.000,0.000200,
2026-06-08T15:36:23.488,2.656,rpm,0.000,0.000200,
2026-06-08T15:36:23.514,2.687,rpm,0.000,0.000200,
2026-06-08T15:36:23.534,2.703,rpm,0.000,0.000200,
2026-06-08T15:36:23.535,2.703,rpm,0.000,0.000200,
2026-06-08T15:36:23.558,2.734,rpm,0.000,0.000200,
2026-06-08T15:36:23.564,2.734,torque,0.000,0.000112,
2026-06-08T15:36:23.607,2.781,rpm,0.000,0.000112,
2026-06-08T15:36:23.608,2.781,rpm,0.000,0.000112,
2026-06-08T15:36:23.614,2.781,rpm,0.000,0.000112,
2026-06-08T15:36:23.639,2.812,rpm,0.000,0.000112,
2026-06-08T15:36:23.662,2.828,torque,0.000,0.000028,
2026-06-08T15:36:23.689,2.859,rpm,0.000,0.000028,
2026-06-08T15:36:23.705,2.875,rpm,0.000,0.000028,
2026-06-08T15:36:23.727,2.890,rpm,0.000,0.000028,
2026-06-08T15:36:23.742,2.906,torque,0.000,0.000053,
2026-06-08T15:36:23.756,2.922,rpm,0.000,0.000053,
2026-06-08T15:36:23.777,2.953,rpm,0.000,0.000053,
2026-06-08T15:36:23.784,2.953,rpm,0.000,0.000053,
2026-06-08T15:36:23.800,2.969,rpm,0.000,0.000053,
2026-06-08T15:36:23.818,2.984,rpm,0.000,0.000053,
2026-06-08T15:36:23.834,3.000,torque,0.000,0.000350,
2026-06-08T15:36:23.850,3.015,rpm,0.000,0.000350,
2026-06-08T15:36:23.879,3.047,rpm,0.000,0.000350,
2026-06-08T15:36:23.894,3.062,rpm,0.000,0.000350,
2026-06-08T15:36:23.913,3.078,torque,0.000,0.002775,
2026-06-08T15:36:23.940,3.109,rpm,0.000,0.002775,
2026-06-08T15:36:23.965,3.140,rpm,0.000,0.002775,
2026-06-08T15:36:23.984,3.156,rpm,0.000,0.002775,
2026-06-08T15:36:23.998,3.172,torque,0.000,0.005090,
2026-06-08T15:36:24.004,3.172,rpm,0.000,0.005090,
2026-06-08T15:36:24.035,3.203,rpm,0.000,0.005090,
2026-06-08T15:36:24.060,3.234,rpm,0.000,0.005090,
2026-06-08T15:36:24.068,3.234,rpm,0.000,0.005090,
2026-06-08T15:36:24.083,3.250,rpm,0.000,0.005090,
2026-06-08T15:36:24.099,3.265,torque,0.000,0.005444,
2026-06-08T15:36:24.100,3.265,rpm,0.000,0.005444,
2026-06-08T15:36:24.135,3.297,rpm,0.000,0.005444,
2026-06-08T15:36:24.142,3.312,rpm,0.000,0.005444,
2026-06-08T15:36:24.166,3.328,rpm,0.000,0.005444,
2026-06-08T15:36:24.170,3.344,torque,0.000,0.005941,
2026-06-08T15:36:24.195,3.359,rpm,0.000,0.005941,
2026-06-08T15:36:24.196,3.359,rpm,0.000,0.005941,
2026-06-08T15:36:24.242,3.406,rpm,0.000,0.005941,
2026-06-08T15:36:24.266,3.437,torque,0.000,0.006421,
2026-06-08T15:36:24.272,3.437,rpm,0.000,0.006421,
2026-06-08T15:36:24.302,3.469,rpm,0.000,0.006421,
2026-06-08T15:36:24.309,3.484,rpm,0.000,0.006421,
2026-06-08T15:36:24.326,3.500,rpm,0.000,0.006421,
2026-06-08T15:36:24.340,3.515,rpm,0.000,0.006421,
2026-06-08T15:36:24.352,3.515,torque,0.000,0.006823,
2026-06-08T15:36:24.382,3.547,rpm,0.000,0.006823,
2026-06-08T15:36:24.382,3.547,rpm,0.000,0.006823,
2026-06-08T15:36:24.402,3.578,rpm,0.000,0.006823,
2026-06-08T15:36:24.415,3.578,rpm,0.000,0.006823,
2026-06-08T15:36:24.432,3.609,torque,0.000,0.006952,
2026-06-08T15:36:24.458,3.625,rpm,0.000,0.006952,
2026-06-08T15:36:24.468,3.640,rpm,0.000,0.006952,
2026-06-08T15:36:24.483,3.656,rpm,0.000,0.006952,
2026-06-08T15:36:24.507,3.672,rpm,0.000,0.006952,
2026-06-08T15:36:24.526,3.703,torque,0.000,0.007096,
2026-06-08T15:36:24.528,3.703,rpm,0.000,0.007096,
2026-06-08T15:36:24.559,3.734,rpm,0.000,0.007096,
2026-06-08T15:36:24.568,3.734,rpm,0.000,0.007096,
2026-06-08T15:36:24.578,3.750,rpm,0.000,0.007096,
2026-06-08T15:36:24.604,3.781,rpm,0.000,0.007096,
2026-06-08T15:36:24.611,3.781,torque,0.000,0.006858,
2026-06-08T15:36:24.630,3.797,rpm,0.000,0.006858,
2026-06-08T15:36:24.659,3.828,rpm,0.000,0.006858,
2026-06-08T15:36:24.666,3.828,rpm,0.000,0.006858,
2026-06-08T15:36:24.690,3.859,torque,0.000,0.006836,
2026-06-08T15:36:24.698,3.875,rpm,0.000,0.006836,
2026-06-08T15:36:24.723,3.890,rpm,0.000,0.006836,
2026-06-08T15:36:24.740,3.906,rpm,0.000,0.006836,
2026-06-08T15:36:24.761,3.937,rpm,0.000,0.006836,
2026-06-08T15:36:24.783,3.953,torque,0.000,0.006370,
2026-06-08T15:36:24.783,3.953,rpm,0.000,0.006370,
2026-06-08T15:36:24.817,3.984,rpm,0.000,0.006370,
2026-06-08T15:36:24.819,3.984,rpm,0.000,0.006370,
2026-06-08T15:36:24.849,4.015,rpm,0.000,0.006370,
2026-06-08T15:36:24.865,4.031,rpm,0.000,0.006370,
2026-06-08T15:36:24.866,4.031,torque,0.000,0.006097,
2026-06-08T15:36:24.894,4.062,rpm,0.000,0.006097,
2026-06-08T15:36:24.912,4.078,rpm,0.000,0.006097,
2026-06-08T15:36:24.920,4.094,rpm,0.000,0.006097,
2026-06-08T15:36:24.943,4.109,rpm,0.000,0.006097,
2026-06-08T15:36:24.949,4.125,torque,0.000,0.006103,
2026-06-08T15:36:24.964,4.140,rpm,0.000,0.006103,
2026-06-08T15:36:24.998,4.172,rpm,0.000,0.006103,
2026-06-08T15:36:25.006,4.172,rpm,0.000,0.006103,
2026-06-08T15:36:25.024,4.187,rpm,0.000,0.006103,
2026-06-08T15:36:25.041,4.203,torque,0.000,0.006056,
2026-06-08T15:36:25.064,4.234,rpm,0.000,0.006056,
2026-06-08T15:36:25.074,4.250,rpm,0.000,0.006056,
2026-06-08T15:36:25.083,4.250,rpm,0.000,0.006056,
2026-06-08T15:36:25.111,4.281,rpm,0.000,0.006056,
2026-06-08T15:36:25.114,4.281,rpm,0.000,0.006056,
2026-06-08T15:36:25.135,4.312,torque,0.000,0.005706,
2026-06-08T15:36:25.156,4.328,rpm,0.000,0.005706,
2026-06-08T15:36:25.173,4.344,rpm,0.000,0.005706,
2026-06-08T15:36:25.176,4.344,rpm,0.000,0.005706,
2026-06-08T15:36:25.201,4.375,rpm,0.000,0.005706,
2026-06-08T15:36:25.211,4.375,torque,0.000,0.004723,
2026-06-08T15:36:25.227,4.390,rpm,0.000,0.004723,
2026-06-08T15:36:25.239,4.406,rpm,0.000,0.004723,
2026-06-08T15:36:25.296,4.469,torque,0.000,0.004403,
2026-06-08T15:36:25.307,4.469,rpm,0.000,0.004403,
2026-06-08T15:36:25.338,4.500,rpm,0.000,0.004403,
2026-06-08T15:36:25.344,4.515,rpm,0.000,0.004403,
2026-06-08T15:36:25.360,4.531,rpm,0.000,0.004403,
2026-06-08T15:36:25.377,4.547,rpm,0.000,0.004403,
2026-06-08T15:36:25.383,4.547,torque,0.000,0.004313,
2026-06-08T15:36:25.410,4.578,rpm,0.000,0.004313,
2026-06-08T15:36:25.439,4.609,rpm,0.000,0.004313,
2026-06-08T15:36:25.440,4.609,rpm,0.000,0.004313,
2026-06-08T15:36:25.461,4.625,rpm,0.000,0.004313,
2026-06-08T15:36:25.469,4.640,torque,0.000,0.004397,
2026-06-08T15:36:25.500,4.672,rpm,0.000,0.004397,
2026-06-08T15:36:25.510,4.672,rpm,0.000,0.004397,
2026-06-08T15:36:25.539,4.703,rpm,0.000,0.004397,
2026-06-08T15:36:25.552,4.719,rpm,0.000,0.004397,
2026-06-08T15:36:25.558,4.734,torque,0.000,0.004364,
2026-06-08T15:36:25.558,4.734,rpm,0.000,0.004364,
2026-06-08T15:36:25.603,4.765,rpm,0.000,0.004364,
2026-06-08T15:36:25.632,4.797,rpm,0.000,0.004364,
2026-06-08T15:36:25.647,4.812,torque,0.000,0.004226,
2026-06-08T15:36:25.661,4.828,rpm,0.000,0.004226,
2026-06-08T15:36:25.706,4.875,rpm,0.000,0.004226,
2026-06-08T15:36:25.727,4.890,rpm,0.000,0.004226,
2026-06-08T15:36:25.742,4.906,torque,0.000,0.004234,
2026-06-08T15:36:25.762,4.937,rpm,0.000,0.004234,
2026-06-08T15:36:25.764,4.937,rpm,0.000,0.004234,
2026-06-08T15:36:25.790,4.953,rpm,0.000,0.004234,
2026-06-08T15:36:25.806,4.969,rpm,0.000,0.004234,
2026-06-08T15:36:25.822,4.984,torque,0.000,0.004285,
2026-06-08T15:36:25.843,5.015,rpm,0.000,0.004285,
2026-06-08T15:36:25.852,5.015,rpm,0.000,0.004285,
2026-06-08T15:36:25.872,5.047,rpm,0.000,0.004285,
2026-06-08T15:36:25.895,5.062,rpm,0.000,0.004285,
2026-06-08T15:36:25.903,5.078,torque,0.000,0.004353,
2026-06-08T15:36:25.919,5.094,rpm,0.000,0.004353,
2026-06-08T15:36:25.939,5.109,rpm,0.000,0.004353,
2026-06-08T15:36:25.959,5.125,rpm,0.000,0.004353,
2026-06-08T15:36:25.983,5.156,rpm,0.000,0.004353,
2026-06-08T15:36:25.997,5.172,torque,0.000,0.004271,
2026-06-08T15:36:26.009,5.172,rpm,0.000,0.004271,
2026-06-08T15:36:26.019,5.187,rpm,0.000,0.004271,
2026-06-08T15:36:26.055,5.219,rpm,0.000,0.004271,
2026-06-08T15:36:26.079,5.250,rpm,0.000,0.004271,
2026-06-08T15:36:26.079,5.250,torque,0.000,0.004238,
2026-06-08T15:36:26.113,5.281,rpm,0.000,0.004238,
2026-06-08T15:36:26.138,5.312,rpm,0.000,0.004238,
2026-06-08T15:36:26.159,5.328,rpm,0.000,0.004238,
2026-06-08T15:36:26.162,5.328,torque,0.000,0.004421,
2026-06-08T15:36:26.175,5.344,rpm,0.000,0.004421,
2026-06-08T15:36:26.195,5.359,rpm,0.000,0.004421,
2026-06-08T15:36:26.210,5.375,rpm,0.000,0.004421,
2026-06-08T15:36:26.241,5.406,rpm,0.000,0.004421,
2026-06-08T15:36:26.255,5.422,torque,0.000,0.004390,
2026-06-08T15:36:26.255,5.422,rpm,0.000,0.004390,
2026-06-08T15:36:26.290,5.453,rpm,0.000,0.004390,
2026-06-08T15:36:26.290,5.453,rpm,0.000,0.004390,
2026-06-08T15:36:26.319,5.484,rpm,0.000,0.004390,
2026-06-08T15:36:26.336,5.500,torque,0.000,0.004406,
2026-06-08T15:36:26.369,5.531,rpm,0.000,0.004406,
2026-06-08T15:36:26.394,5.562,rpm,0.000,0.004406,
2026-06-08T15:36:26.401,5.578,rpm,0.000,0.004406,
2026-06-08T15:36:26.424,5.594,torque,0.000,0.004618,
2026-06-08T15:36:26.447,5.609,rpm,0.000,0.004618,
2026-06-08T15:36:26.463,5.625,rpm,0.000,0.004618,
2026-06-08T15:36:26.479,5.656,rpm,0.000,0.004618,
2026-06-08T15:36:26.496,5.672,rpm,0.000,0.004618,
2026-06-08T15:36:26.511,5.687,torque,0.000,0.004719,
2026-06-08T15:36:26.544,5.719,rpm,0.000,0.004719,
2026-06-08T15:36:26.545,5.719,rpm,0.000,0.004719,
2026-06-08T15:36:26.575,5.750,rpm,0.000,0.004719,
2026-06-08T15:36:26.591,5.765,rpm,0.000,0.004719,
2026-06-08T15:36:26.606,5.781,torque,0.000,0.004760,
2026-06-08T15:36:26.626,5.797,rpm,0.000,0.004760,
2026-06-08T15:36:26.629,5.797,rpm,0.000,0.004760,
2026-06-08T15:36:26.655,5.828,rpm,0.000,0.004760,
2026-06-08T15:36:26.671,5.844,rpm,0.000,0.004760,
2026-06-08T15:36:26.685,5.859,torque,0.000,0.004568,
2026-06-08T15:36:26.698,5.875,rpm,0.000,0.004568,
2026-06-08T15:36:26.720,5.890,rpm,0.000,0.004568,
2026-06-08T15:36:26.746,5.922,rpm,0.000,0.004568,
2026-06-08T15:36:26.767,5.937,torque,0.000,0.004737,
2026-06-08T15:36:26.768,5.937,rpm,0.000,0.004737,
2026-06-08T15:36:26.803,5.969,rpm,0.000,0.004737,
2026-06-08T15:36:26.819,5.984,rpm,0.000,0.004737,
2026-06-08T15:36:26.847,6.015,rpm,0.000,0.004737,
2026-06-08T15:36:26.862,6.031,torque,0.000,0.004829,
2026-06-08T15:36:26.883,6.047,rpm,0.000,0.004829,
2026-06-08T15:36:26.898,6.062,rpm,0.000,0.004829,
2026-06-08T15:36:26.926,6.094,rpm,0.000,0.004829,
2026-06-08T15:36:26.942,6.109,torque,0.000,0.004895,
2026-06-08T15:36:26.976,6.140,rpm,0.000,0.004895,
2026-06-08T15:36:26.998,6.172,rpm,0.000,0.004895,
2026-06-08T15:36:27.007,6.172,rpm,0.000,0.004895,
2026-06-08T15:36:27.030,6.203,torque,0.000,0.005044,
2026-06-08T15:36:27.036,6.203,rpm,0.000,0.005044,
2026-06-08T15:36:27.064,6.234,rpm,0.000,0.005044,
2026-06-08T15:36:27.072,6.234,rpm,0.000,0.005044,
2026-06-08T15:36:27.093,6.265,rpm,0.000,0.005044,
2026-06-08T15:36:27.118,6.281,torque,0.000,0.005002,
2026-06-08T15:36:27.144,6.312,rpm,0.000,0.005002,
2026-06-08T15:36:27.166,6.328,rpm,0.000,0.005002,
2026-06-08T15:36:27.183,6.359,rpm,0.000,0.005002,
2026-06-08T15:36:27.201,6.375,torque,0.000,0.005099,
2026-06-08T15:36:27.208,6.375,rpm,0.000,0.005099,
2026-06-08T15:36:27.244,6.406,rpm,0.000,0.005099,
2026-06-08T15:36:27.266,6.437,rpm,0.000,0.005099,
2026-06-08T15:36:27.295,6.469,torque,0.000,0.005174,
2026-06-08T15:36:27.296,6.469,rpm,0.000,0.005174,
2026-06-08T15:36:27.316,6.484,rpm,0.000,0.005174,
2026-06-08T15:36:27.339,6.515,rpm,0.000,0.005174,
2026-06-08T15:36:27.358,6.531,rpm,0.000,0.005174,
2026-06-08T15:36:27.374,6.547,torque,0.000,0.005132,
2026-06-08T15:36:27.380,6.547,rpm,0.000,0.005132,
2026-06-08T15:36:27.409,6.578,rpm,0.000,0.005132,
2026-06-08T15:36:27.424,6.594,rpm,0.000,0.005132,
2026-06-08T15:36:27.451,6.625,rpm,0.000,0.005132,
2026-06-08T15:36:27.472,6.640,torque,0.000,0.005108,
2026-06-08T15:36:27.472,6.640,rpm,0.000,0.005108,
2026-06-08T15:36:27.518,6.687,rpm,0.000,0.005108,
2026-06-08T15:36:27.549,6.719,torque,0.000,0.005217,
2026-06-08T15:36:27.584,6.750,rpm,0.000,0.005217,
2026-06-08T15:36:27.598,6.765,rpm,0.000,0.005217,
2026-06-08T15:36:27.614,6.781,rpm,0.000,0.005217,
2026-06-08T15:36:27.635,6.797,rpm,0.000,0.005217,
2026-06-08T15:36:27.635,6.797,torque,0.000,0.005241,
2026-06-08T15:36:27.672,6.844,rpm,0.000,0.005241,
2026-06-08T15:36:27.678,6.844,rpm,0.000,0.005241,
2026-06-08T15:36:27.697,6.859,rpm,0.000,0.005241,
2026-06-08T15:36:27.727,6.890,torque,0.000,0.005335,
2026-06-08T15:36:27.727,6.890,rpm,0.000,0.005335,
2026-06-08T15:36:27.757,6.922,rpm,0.000,0.005335,
2026-06-08T15:36:27.766,6.937,rpm,0.000,0.005335,
2026-06-08T15:36:27.788,6.953,rpm,0.000,0.005335,
2026-06-08T15:36:27.807,6.984,torque,0.000,0.005603,
2026-06-08T15:36:27.818,6.984,rpm,0.000,0.005603,
2026-06-08T15:36:27.849,7.015,rpm,0.000,0.005603,
2026-06-08T15:36:27.855,7.031,rpm,0.000,0.005603,
2026-06-08T15:36:27.876,7.047,rpm,0.000,0.005603,
2026-06-08T15:36:27.904,7.078,rpm,0.000,0.005603,
2026-06-08T15:36:27.904,7.078,torque,0.000,0.005596,
2026-06-08T15:36:27.933,7.109,rpm,0.000,0.005596,
2026-06-08T15:36:27.939,7.109,rpm,0.000,0.005596,
2026-06-08T15:36:27.955,7.125,rpm,0.000,0.005596,
2026-06-08T15:36:27.970,7.140,rpm,0.000,0.005596,
2026-06-08T15:36:27.979,7.156,torque,0.000,0.005626,
2026-06-08T15:36:28.003,7.172,rpm,0.000,0.005626,
2026-06-08T15:36:28.031,7.203,rpm,0.000,0.005626,
2026-06-08T15:36:28.032,7.203,rpm,0.000,0.005626,
2026-06-08T15:36:28.055,7.219,rpm,0.000,0.005626,
2026-06-08T15:36:28.078,7.250,torque,0.000,0.005773,
2026-06-08T15:36:28.099,7.265,rpm,0.000,0.005773,
2026-06-08T15:36:28.125,7.297,rpm,0.000,0.005773,
2026-06-08T15:36:28.141,7.312,rpm,0.000,0.005773,
2026-06-08T15:36:28.158,7.328,torque,0.000,0.005867,
2026-06-08T15:36:28.159,7.328,rpm,0.000,0.005867,
2026-06-08T15:36:28.193,7.359,rpm,0.000,0.005867,
2026-06-08T15:36:28.194,7.359,rpm,0.000,0.005867,
2026-06-08T15:36:28.238,7.406,rpm,0.000,0.005867,
2026-06-08T15:36:28.251,7.422,torque,0.000,0.005854,
2026-06-08T15:36:28.257,7.422,rpm,0.000,0.005854,
2026-06-08T15:36:28.291,7.453,rpm,0.000,0.005854,
2026-06-08T15:36:28.307,7.469,rpm,0.000,0.005854,
2026-06-08T15:36:28.323,7.500,rpm,0.000,0.005854,
2026-06-08T15:36:28.327,7.500,torque,0.000,0.005827,
2026-06-08T15:36:28.353,7.515,rpm,0.000,0.005827,
2026-06-08T15:36:28.367,7.531,rpm,0.000,0.005827,
2026-06-08T15:36:28.383,7.547,rpm,0.000,0.005827,
2026-06-08T15:36:28.401,7.578,rpm,0.000,0.005827,
2026-06-08T15:36:28.409,7.578,rpm,0.000,0.005827,
2026-06-08T15:36:28.414,7.578,torque,0.000,0.005927,
2026-06-08T15:36:28.450,7.625,rpm,0.000,0.005927,
2026-06-08T15:36:28.458,7.625,rpm,0.000,0.005927,
2026-06-08T15:36:28.480,7.656,rpm,0.000,0.005927,
2026-06-08T15:36:28.499,7.672,torque,0.000,0.006009,
2026-06-08T15:36:28.530,7.703,rpm,0.000,0.006009,
2026-06-08T15:36:28.532,7.703,rpm,0.000,0.006009,
2026-06-08T15:36:28.558,7.734,rpm,0.000,0.006009,
2026-06-08T15:36:28.575,7.750,rpm,0.000,0.006009,
2026-06-08T15:36:28.589,7.765,torque,0.000,0.005977,
2026-06-08T15:36:28.591,7.765,rpm,0.000,0.005977,
2026-06-08T15:36:28.628,7.797,rpm,0.000,0.005977,
2026-06-08T15:36:28.637,7.812,rpm,0.000,0.005977,
2026-06-08T15:36:28.658,7.828,rpm,0.000,0.005977,
2026-06-08T15:36:28.662,7.828,throttle,0.000,0.005977,100.000
2026-06-08T15:36:28.686,7.859,torque,0.000,0.006029,100.000
2026-06-08T15:36:28.686,7.859,rpm,0.000,0.006029,100.000
2026-06-08T15:36:28.721,7.890,rpm,0.000,0.006029,100.000
2026-06-08T15:36:28.721,7.890,rpm,0.000,0.006029,100.000
2026-06-08T15:36:28.739,7.906,rpm,0.000,0.006029,100.000
2026-06-08T15:36:28.767,7.937,torque,0.000,0.006106,100.000
2026-06-08T15:36:28.779,7.953,rpm,0.000,0.006106,100.000
2026-06-08T15:36:28.797,7.969,rpm,0.000,0.006106,100.000
2026-06-08T15:36:28.847,8.015,torque,0.000,0.006281,100.000
2026-06-08T15:36:28.850,8.015,rpm,0.000,0.006281,100.000
2026-06-08T15:36:28.881,8.047,rpm,0.000,0.006281,100.000
2026-06-08T15:36:28.896,8.062,rpm,0.000,0.006281,100.000
2026-06-08T15:36:28.933,8.109,torque,0.000,0.007183,100.000
2026-06-08T15:36:28.962,8.125,rpm,0.000,0.007183,100.000
2026-06-08T15:36:28.963,8.125,rpm,0.000,0.007183,100.000
2026-06-08T15:36:28.991,8.156,rpm,0.000,0.007183,100.000
2026-06-08T15:36:29.007,8.172,rpm,0.000,0.007183,100.000
2026-06-08T15:36:29.021,8.187,torque,0.000,0.007894,100.000
2026-06-08T15:36:29.027,8.203,rpm,0.000,0.007894,100.000
2026-06-08T15:36:29.036,8.203,rpm,0.000,0.007894,100.000
2026-06-08T15:36:29.075,8.250,rpm,0.000,0.007894,100.000
2026-06-08T15:36:29.085,8.250,rpm,0.000,0.007894,100.000
2026-06-08T15:36:29.105,8.281,rpm,0.000,0.007894,100.000
2026-06-08T15:36:29.107,8.281,torque,0.000,0.008189,100.000
2026-06-08T15:36:29.150,8.312,rpm,0.000,0.008189,100.000
2026-06-08T15:36:29.170,8.344,rpm,0.000,0.008189,100.000
2026-06-08T15:36:29.179,8.344,rpm,0.000,0.008189,100.000
2026-06-08T15:36:29.198,8.375,torque,0.000,0.008316,100.000
2026-06-08T15:36:29.222,8.390,rpm,0.000,0.008316,100.000
2026-06-08T15:36:29.223,8.390,rpm,0.000,0.008316,100.000
2026-06-08T15:36:29.247,8.422,rpm,0.000,0.008316,100.000
2026-06-08T15:36:29.263,8.437,rpm,0.000,0.008316,100.000
2026-06-08T15:36:29.278,8.453,rpm,0.000,0.008316,100.000
2026-06-08T15:36:29.279,8.453,torque,0.000,0.010000,100.000
2026-06-08T15:36:29.309,8.484,rpm,0.000,0.010000,100.000
2026-06-08T15:36:29.347,8.515,rpm,0.000,0.010000,100.000
2026-06-08T15:36:29.356,8.531,rpm,0.000,0.010000,100.000
2026-06-08T15:36:29.372,8.547,rpm,0.000,0.010000,100.000
2026-06-08T15:36:29.378,8.547,torque,0.000,0.017604,100.000
2026-06-08T15:36:29.398,8.562,rpm,0.000,0.017604,100.000
2026-06-08T15:36:29.428,8.594,rpm,0.000,0.017604,100.000
2026-06-08T15:36:29.435,8.609,rpm,0.000,0.017604,100.000
2026-06-08T15:36:29.454,8.625,rpm,0.000,0.017604,100.000
2026-06-08T15:36:29.454,8.625,torque,0.000,0.022456,100.000
2026-06-08T15:36:29.472,8.640,rpm,0.000,0.022456,100.000
2026-06-08T15:36:29.500,8.672,rpm,0.000,0.022456,100.000
2026-06-08T15:36:29.514,8.687,rpm,0.000,0.022456,100.000
2026-06-08T15:36:29.534,8.703,rpm,0.000,0.022456,100.000
2026-06-08T15:36:29.550,8.719,torque,0.000,0.022568,100.000
2026-06-08T15:36:29.571,8.734,rpm,0.000,0.022568,100.000
2026-06-08T15:36:29.588,8.765,rpm,0.000,0.022568,100.000
2026-06-08T15:36:29.615,8.781,rpm,0.000,0.022568,100.000
2026-06-08T15:36:29.630,8.797,torque,0.000,0.022528,100.000
2026-06-08T15:36:29.650,8.812,rpm,0.000,0.022528,100.000
2026-06-08T15:36:29.665,8.828,rpm,0.000,0.022528,100.000
2026-06-08T15:36:29.695,8.859,rpm,0.000,0.022528,100.000
2026-06-08T15:36:29.711,8.875,rpm,0.000,0.022528,100.000
2026-06-08T15:36:29.712,8.875,torque,0.000,0.022347,100.000
2026-06-08T15:36:29.733,8.906,rpm,0.000,0.022347,100.000
2026-06-08T15:36:29.750,8.922,rpm,0.000,0.022347,100.000
2026-06-08T15:36:29.769,8.937,rpm,0.000,0.022347,100.000
2026-06-08T15:36:29.791,8.953,rpm,0.000,0.022347,100.000
2026-06-08T15:36:29.806,8.969,torque,0.000,0.021702,100.000
2026-06-08T15:36:29.808,8.984,rpm,0.000,0.021702,100.000
2026-06-08T15:36:29.834,9.000,rpm,0.000,0.021702,100.000
2026-06-08T15:36:29.845,9.015,throttle,0.000,0.021702,0.000
2026-06-08T15:36:29.848,9.015,rpm,0.000,0.021702,0.000
2026-06-08T15:36:29.872,9.047,rpm,0.000,0.021702,0.000
2026-06-08T15:36:29.886,9.062,torque,0.000,0.022383,0.000
2026-06-08T15:36:29.887,9.062,rpm,0.000,0.022383,0.000
2026-06-08T15:36:29.904,9.078,rpm,0.000,0.022383,0.000
2026-06-08T15:36:29.947,9.109,rpm,0.000,0.022383,0.000
2026-06-08T15:36:29.971,9.140,rpm,0.000,0.022383,0.000
2026-06-08T15:36:29.971,9.140,torque,0.000,0.023033,0.000
2026-06-08T15:36:30.001,9.172,rpm,0.000,0.023033,0.000
2026-06-08T15:36:30.018,9.187,rpm,0.000,0.023033,0.000
2026-06-08T15:36:30.039,9.203,rpm,0.000,0.023033,0.000
2026-06-08T15:36:30.042,9.219,rpm,0.000,0.023033,0.000
2026-06-08T15:36:30.063,9.234,rpm,0.000,0.023033,0.000
2026-06-08T15:36:30.063,9.234,torque,0.000,0.016876,0.000
2026-06-08T15:36:30.082,9.250,rpm,0.000,0.016876,0.000
2026-06-08T15:36:30.115,9.281,rpm,0.000,0.016876,0.000
2026-06-08T15:36:30.131,9.297,rpm,0.000,0.016876,0.000
2026-06-08T15:36:30.146,9.312,torque,0.000,0.008681,0.000
2026-06-08T15:36:30.149,9.312,rpm,0.000,0.008681,0.000
2026-06-08T15:36:30.174,9.344,rpm,0.000,0.008681,0.000
2026-06-08T15:36:30.189,9.359,rpm,0.000,0.008681,0.000
2026-06-08T15:36:30.204,9.375,rpm,0.000,0.008681,0.000
2026-06-08T15:36:30.227,9.390,rpm,0.000,0.008681,0.000
2026-06-08T15:36:30.233,9.406,torque,0.000,0.006979,0.000
2026-06-08T15:36:30.248,9.422,rpm,0.000,0.006979,0.000
2026-06-08T15:36:30.282,9.453,rpm,0.000,0.006979,0.000
2026-06-08T15:36:30.303,9.469,rpm,0.000,0.006979,0.000
2026-06-08T15:36:30.303,9.469,rpm,0.000,0.006979,0.000
2026-06-08T15:36:30.319,9.484,torque,0.000,0.005371,0.000
2026-06-08T15:36:30.327,9.500,rpm,0.000,0.005371,0.000
2026-06-08T15:36:30.384,9.547,rpm,0.000,0.005371,0.000
2026-06-08T15:36:30.415,9.578,torque,0.000,0.004008,0.000
2026-06-08T15:36:30.415,9.578,rpm,0.000,0.004008,0.000
2026-06-08T15:36:30.442,9.609,rpm,0.000,0.004008,0.000
2026-06-08T15:36:30.449,9.625,rpm,0.000,0.004008,0.000
2026-06-08T15:36:30.466,9.640,rpm,0.000,0.004008,0.000
2026-06-08T15:36:30.479,9.640,rpm,0.000,0.004008,0.000
2026-06-08T15:36:30.494,9.656,torque,0.000,0.003277,0.000
2026-06-08T15:36:30.514,9.687,rpm,0.000,0.003277,0.000
2026-06-08T15:36:30.518,9.687,rpm,0.000,0.003277,0.000
2026-06-08T15:36:30.556,9.719,rpm,0.000,0.003277,0.000
2026-06-08T15:36:30.576,9.750,torque,0.000,0.002918,0.000
2026-06-08T15:36:30.599,9.765,rpm,0.000,0.002918,0.000
2026-06-08T15:36:30.607,9.781,rpm,0.000,0.002918,0.000
2026-06-08T15:36:30.663,9.828,rpm,0.000,0.002918,0.000
2026-06-08T15:36:30.666,9.828,torque,0.000,0.002911,0.000
2026-06-08T15:36:30.698,9.875,rpm,0.000,0.002911,0.000
2026-06-08T15:36:30.719,9.890,rpm,0.000,0.002911,0.000
2026-06-08T15:36:30.719,9.890,rpm,0.000,0.002911,0.000
2026-06-08T15:36:30.741,9.906,rpm,0.000,0.002911,0.000
2026-06-08T15:36:30.752,9.922,torque,0.000,0.002885,0.000
2026-06-08T15:36:30.777,9.953,rpm,0.000,0.002885,0.000
2026-06-08T15:36:30.794,9.969,rpm,0.000,0.002885,0.000
2026-06-08T15:36:30.813,9.984,rpm,0.000,0.002885,0.000
2026-06-08T15:36:30.831,10.000,rpm,0.000,0.002885,0.000
2026-06-08T15:36:30.848,10.015,torque,0.000,0.002749,0.000
2026-06-08T15:36:30.848,10.015,rpm,0.000,0.002749,0.000
2026-06-08T15:36:30.875,10.047,rpm,0.000,0.002749,0.000
2026-06-08T15:36:30.890,10.062,rpm,0.000,0.002749,0.000
2026-06-08T15:36:30.911,10.078,rpm,0.000,0.002749,0.000
2026-06-08T15:36:30.926,10.094,torque,0.000,0.003009,0.000
2026-06-08T15:36:30.928,10.094,rpm,0.000,0.003009,0.000
2026-06-08T15:36:30.961,10.125,rpm,0.000,0.003009,0.000
2026-06-08T15:36:30.979,10.140,throttle,0.000,0.003009,100.000
2026-06-08T15:36:30.988,10.156,rpm,0.000,0.003009,100.000
2026-06-08T15:36:31.007,10.172,rpm,0.000,0.003009,100.000
2026-06-08T15:36:31.023,10.187,torque,0.000,0.002874,100.000
2026-06-08T15:36:31.041,10.203,rpm,0.000,0.002874,100.000
2026-06-08T15:36:31.055,10.219,rpm,0.000,0.002874,100.000
2026-06-08T15:36:31.072,10.234,rpm,0.000,0.002874,100.000
2026-06-08T15:36:31.089,10.265,rpm,0.000,0.002874,100.000
2026-06-08T15:36:31.098,10.265,rpm,0.000,0.002874,100.000
2026-06-08T15:36:31.098,10.265,torque,0.000,0.002819,100.000
2026-06-08T15:36:31.130,10.297,rpm,0.000,0.002819,100.000
2026-06-08T15:36:31.151,10.312,rpm,0.000,0.002819,100.000
2026-06-08T15:36:31.172,10.344,rpm,0.000,0.002819,100.000
2026-06-08T15:36:31.180,10.344,rpm,0.000,0.002819,100.000
2026-06-08T15:36:31.182,10.344,torque,0.000,0.003315,100.000
2026-06-08T15:36:31.214,10.390,rpm,0.000,0.003315,100.000
2026-06-08T15:36:31.226,10.390,rpm,0.000,0.003315,100.000
2026-06-08T15:36:31.239,10.406,rpm,0.000,0.003315,100.000
2026-06-08T15:36:31.265,10.437,rpm,0.000,0.003315,100.000
2026-06-08T15:36:31.269,10.437,torque,0.000,0.004693,100.000
2026-06-08T15:36:31.294,10.469,rpm,0.000,0.004693,100.000
2026-06-08T15:36:31.307,10.484,rpm,0.000,0.004693,100.000
2026-06-08T15:36:31.335,10.500,rpm,0.000,0.004693,100.000
2026-06-08T15:36:31.342,10.515,rpm,0.000,0.004693,100.000
2026-06-08T15:36:31.360,10.531,torque,0.000,0.005649,100.000
2026-06-08T15:36:31.361,10.531,rpm,0.000,0.005649,100.000
2026-06-08T15:36:31.429,10.594,rpm,0.000,0.005649,100.000
2026-06-08T15:36:31.456,10.625,torque,0.000,0.006150,100.000
2026-06-08T15:36:31.456,10.625,rpm,0.000,0.006150,100.000
2026-06-08T15:36:31.467,10.640,rpm,0.000,0.006150,100.000
2026-06-08T15:36:31.489,10.656,rpm,0.000,0.006150,100.000
2026-06-08T15:36:31.504,10.672,rpm,0.000,0.006150,100.000
2026-06-08T15:36:31.531,10.703,torque,0.000,0.006102,100.000
2026-06-08T15:36:31.563,10.734,rpm,0.000,0.006102,100.000
2026-06-08T15:36:31.583,10.750,rpm,0.000,0.006102,100.000
2026-06-08T15:36:31.605,10.781,rpm,0.000,0.006102,100.000
2026-06-08T15:36:31.617,10.781,rpm,0.000,0.006102,100.000
2026-06-08T15:36:31.618,10.781,torque,0.000,0.007967,100.000
2026-06-08T15:36:31.651,10.828,rpm,0.000,0.007967,100.000
2026-06-08T15:36:31.678,10.844,rpm,0.000,0.007967,100.000
2026-06-08T15:36:31.695,10.859,rpm,0.000,0.007967,100.000
2026-06-08T15:36:31.710,10.875,torque,0.000,0.016069,100.000
2026-06-08T15:36:31.722,10.890,rpm,0.000,0.016069,100.000
2026-06-08T15:36:31.736,10.906,rpm,0.000,0.016069,100.000
2026-06-08T15:36:31.763,10.937,rpm,0.000,0.016069,100.000
2026-06-08T15:36:31.790,10.953,rpm,0.000,0.016069,100.000
2026-06-08T15:36:31.792,10.969,torque,0.000,0.020467,100.000
2026-06-08T15:36:31.808,10.984,rpm,0.000,0.020467,100.000
2026-06-08T15:36:31.833,11.000,rpm,0.000,0.020467,100.000
2026-06-08T15:36:31.849,11.015,rpm,0.000,0.020467,100.000
2026-06-08T15:36:31.872,11.047,rpm,0.000,0.020467,100.000
2026-06-08T15:36:31.886,11.062,torque,0.000,0.020131,100.000
2026-06-08T15:36:31.886,11.062,rpm,0.000,0.020131,100.000
2026-06-08T15:36:31.919,11.094,rpm,0.000,0.020131,100.000
2026-06-08T15:36:31.936,11.109,rpm,0.000,0.020131,100.000
2026-06-08T15:36:31.952,11.125,rpm,0.000,0.020131,100.000
2026-06-08T15:36:31.959,11.125,rpm,0.000,0.020131,100.000
2026-06-08T15:36:31.964,11.140,torque,0.000,0.019808,100.000
2026-06-08T15:36:31.998,11.172,rpm,0.000,0.019808,100.000
2026-06-08T15:36:32.014,11.187,rpm,0.000,0.019808,100.000
2026-06-08T15:36:32.031,11.203,rpm,0.000,0.019808,100.000
2026-06-08T15:36:32.047,11.219,rpm,0.000,0.019808,100.000
2026-06-08T15:36:32.057,11.234,torque,0.000,0.019516,100.000
2026-06-08T15:36:32.065,11.234,rpm,0.000,0.019516,100.000
2026-06-08T15:36:32.093,11.265,rpm,0.000,0.019516,100.000
2026-06-08T15:36:32.112,11.281,rpm,0.000,0.019516,100.000
2026-06-08T15:36:32.127,11.297,rpm,0.000,0.019516,100.000
2026-06-08T15:36:32.143,11.312,torque,0.000,0.019338,100.000
2026-06-08T15:36:32.143,11.312,rpm,0.000,0.019338,100.000
2026-06-08T15:36:32.173,11.344,rpm,0.000,0.019338,100.000
2026-06-08T15:36:32.198,11.359,rpm,0.000,0.019338,100.000
2026-06-08T15:36:32.218,11.390,rpm,0.000,0.019338,100.000
2026-06-08T15:36:32.224,11.390,torque,0.000,0.019217,100.000
2026-06-08T15:36:32.239,11.406,rpm,0.000,0.019217,100.000
2026-06-08T15:36:32.249,11.422,rpm,0.000,0.019217,100.000
2026-06-08T15:36:32.271,11.437,rpm,0.000,0.019217,100.000
2026-06-08T15:36:32.287,11.453,rpm,0.000,0.019217,100.000
2026-06-08T15:36:32.306,11.469,rpm,0.000,0.019217,100.000
2026-06-08T15:36:32.308,11.484,torque,0.000,0.019049,100.000
2026-06-08T15:36:32.342,11.515,rpm,0.000,0.019049,100.000
2026-06-08T15:36:32.348,11.515,rpm,0.000,0.019049,100.000
2026-06-08T15:36:32.375,11.547,rpm,0.000,0.019049,100.000
2026-06-08T15:36:32.376,11.547,rpm,0.000,0.019049,100.000
2026-06-08T15:36:32.378,11.547,throttle,0.000,0.019049,0.000
2026-06-08T15:36:32.398,11.562,torque,0.000,0.018939,0.000
2026-06-08T15:36:32.401,11.562,rpm,0.000,0.018939,0.000
2026-06-08T15:36:32.443,11.609,rpm,0.000,0.018939,0.000
2026-06-08T15:36:32.443,11.609,rpm,0.000,0.018939,0.000
2026-06-08T15:36:32.466,11.640,rpm,0.000,0.018939,0.000
2026-06-08T15:36:32.480,11.656,rpm,0.000,0.018939,0.000
2026-06-08T15:36:32.490,11.656,torque,0.000,0.018835,0.000
2026-06-08T15:36:32.515,11.687,rpm,0.000,0.018835,0.000
2026-06-08T15:36:32.517,11.687,rpm,0.000,0.018835,0.000
2026-06-08T15:36:32.543,11.719,rpm,0.000,0.018835,0.000
2026-06-08T15:36:32.557,11.734,rpm,0.000,0.018835,0.000
2026-06-08T15:36:32.573,11.750,torque,0.000,0.014936,0.000
2026-06-08T15:36:32.584,11.750,rpm,0.000,0.014936,0.000
2026-06-08T15:36:32.606,11.781,rpm,0.000,0.014936,0.000
2026-06-08T15:36:32.627,11.797,rpm,0.000,0.014936,0.000
2026-06-08T15:36:32.657,11.828,rpm,0.000,0.014936,0.000
2026-06-08T15:36:32.657,11.828,torque,0.000,0.006441,0.000
2026-06-08T15:36:32.671,11.844,rpm,0.000,0.006441,0.000
2026-06-08T15:36:32.724,11.890,rpm,0.000,0.006441,0.000
2026-06-08T15:36:32.750,11.922,torque,0.000,0.003879,0.000
2026-06-08T15:36:32.769,11.937,rpm,0.000,0.003879,0.000
2026-06-08T15:36:32.785,11.953,rpm,0.000,0.003879,0.000
2026-06-08T15:36:32.814,11.984,rpm,0.000,0.003879,0.000
2026-06-08T15:36:32.830,12.000,rpm,0.000,0.003879,0.000
2026-06-08T15:36:32.830,12.000,torque,0.000,0.003264,0.000
2026-06-08T15:36:32.849,12.015,rpm,0.000,0.003264,0.000
2026-06-08T15:36:32.881,12.047,rpm,0.000,0.003264,0.000
2026-06-08T15:36:32.894,12.062,rpm,0.000,0.003264,0.000
2026-06-08T15:36:32.912,12.078,rpm,0.000,0.003264,0.000
2026-06-08T15:36:32.923,12.094,torque,0.000,0.002142,0.000
2026-06-08T15:36:32.930,12.094,rpm,0.000,0.002142,0.000
2026-06-08T15:36:32.962,12.125,rpm,0.000,0.002142,0.000
2026-06-08T15:36:32.962,12.125,rpm,0.000,0.002142,0.000
2026-06-08T15:36:32.991,12.156,rpm,0.000,0.002142,0.000
2026-06-08T15:36:33.006,12.172,torque,0.000,0.001409,0.000
2026-06-08T15:36:33.018,12.187,rpm,0.000,0.001409,0.000
2026-06-08T15:36:33.041,12.203,rpm,0.000,0.001409,0.000
2026-06-08T15:36:33.072,12.234,rpm,0.000,0.001409,0.000
2026-06-08T15:36:33.087,12.250,torque,0.000,0.001321,0.000
2026-06-08T15:36:33.103,12.265,rpm,0.000,0.001321,0.000
2026-06-08T15:36:33.115,12.281,rpm,0.000,0.001321,0.000
2026-06-08T15:36:33.130,12.297,rpm,0.000,0.001321,0.000
2026-06-08T15:36:33.145,12.312,rpm,0.000,0.001321,0.000
2026-06-08T15:36:33.173,12.344,torque,0.000,0.001769,0.000
2026-06-08T15:36:33.176,12.344,rpm,0.000,0.001769,0.000
2026-06-08T15:36:33.211,12.375,rpm,0.000,0.001769,0.000
2026-06-08T15:36:33.232,12.406,rpm,0.000,0.001769,0.000
2026-06-08T15:36:33.246,12.422,rpm,0.000,0.001769,0.000
2026-06-08T15:36:33.262,12.437,torque,0.000,0.002062,0.000
2026-06-08T15:36:33.293,12.469,rpm,0.000,0.002062,0.000
2026-06-08T15:36:33.311,12.484,rpm,0.000,0.002062,0.000
2026-06-08T15:36:33.326,12.500,rpm,0.000,0.002062,0.000
2026-06-08T15:36:33.342,12.515,rpm,0.000,0.002062,0.000
2026-06-08T15:36:33.357,12.531,torque,0.000,0.002173,0.000
2026-06-08T15:36:33.368,12.531,rpm,0.000,0.002173,0.000
2026-06-08T15:36:33.389,12.562,rpm,0.000,0.002173,0.000
2026-06-08T15:36:33.410,12.578,rpm,0.000,0.002173,0.000
2026-06-08T15:36:33.424,12.594,rpm,0.000,0.002173,0.000
2026-06-08T15:36:33.439,12.609,torque,0.000,0.002209,0.000
2026-06-08T15:36:33.482,12.656,rpm,0.000,0.002209,0.000
2026-06-08T15:36:33.505,12.672,rpm,0.000,0.002209,0.000
2026-06-08T15:36:33.520,12.687,torque,0.000,0.002156,0.000
2026-06-08T15:36:33.524,12.687,rpm,0.000,0.002156,0.000
2026-06-08T15:36:33.560,12.734,rpm,0.000,0.002156,0.000
2026-06-08T15:36:33.566,12.734,rpm,0.000,0.002156,0.000
2026-06-08T15:36:33.584,12.750,rpm,0.000,0.002156,0.000
2026-06-08T15:36:33.607,12.781,rpm,0.000,0.002156,0.000
2026-06-08T15:36:33.608,12.781,torque,0.000,0.002113,0.000
2026-06-08T15:36:33.630,12.797,rpm,0.000,0.002113,0.000
2026-06-08T15:36:33.655,12.828,rpm,0.000,0.002113,0.000
2026-06-08T15:36:33.655,12.828,throttle,0.000,0.002113,100.000
2026-06-08T15:36:33.675,12.844,rpm,0.000,0.002113,100.000
2026-06-08T15:36:33.679,12.844,rpm,0.000,0.002113,100.000
2026-06-08T15:36:33.694,12.859,torque,0.000,0.002186,100.000
2026-06-08T15:36:33.707,12.875,rpm,0.000,0.002186,100.000
2026-06-08T15:36:33.735,12.906,rpm,0.000,0.002186,100.000
2026-06-08T15:36:33.754,12.922,rpm,0.000,0.002186,100.000
2026-06-08T15:36:33.759,12.922,rpm,0.000,0.002186,100.000
2026-06-08T15:36:33.779,12.953,torque,0.000,0.002317,100.000
2026-06-08T15:36:33.803,12.969,rpm,0.000,0.002317,100.000
2026-06-08T15:36:33.811,12.984,rpm,0.000,0.002317,100.000
2026-06-08T15:36:33.825,13.000,rpm,0.000,0.002317,100.000
2026-06-08T15:36:33.848,13.015,rpm,0.000,0.002317,100.000
2026-06-08T15:36:33.870,13.047,torque,0.000,0.002917,100.000
2026-06-08T15:36:33.870,13.047,rpm,0.000,0.002917,100.000
2026-06-08T15:36:33.904,13.078,rpm,0.000,0.002917,100.000
2026-06-08T15:36:33.906,13.078,rpm,0.000,0.002917,100.000
2026-06-08T15:36:33.922,13.094,rpm,0.000,0.002917,100.000
2026-06-08T15:36:33.951,13.125,rpm,0.000,0.002917,100.000
2026-06-08T15:36:33.967,13.140,torque,0.000,0.004036,100.000
2026-06-08T15:36:33.979,13.156,rpm,0.000,0.004036,100.000
2026-06-08T15:36:33.987,13.156,rpm,0.000,0.004036,100.000
2026-06-08T15:36:34.004,13.172,rpm,0.000,0.004036,100.000
2026-06-08T15:36:34.021,13.187,rpm,0.000,0.004036,100.000
2026-06-08T15:36:34.046,13.219,torque,0.000,0.004684,100.000
2026-06-08T15:36:34.059,13.234,rpm,0.000,0.004684,100.000
2026-06-08T15:36:34.075,13.250,rpm,0.000,0.004684,100.000
2026-06-08T15:36:34.096,13.265,rpm,0.000,0.004684,100.000
2026-06-08T15:36:34.126,13.297,rpm,0.000,0.004684,100.000
2026-06-08T15:36:34.128,13.297,torque,0.000,0.005105,100.000
2026-06-08T15:36:34.154,13.328,rpm,0.000,0.005105,100.000
2026-06-08T15:36:34.176,13.344,rpm,0.000,0.005105,100.000
2026-06-08T15:36:34.199,13.375,rpm,0.000,0.005105,100.000
2026-06-08T15:36:34.223,13.390,torque,0.000,0.005097,100.000
2026-06-08T15:36:34.223,13.390,rpm,0.000,0.005097,100.000
2026-06-08T15:36:34.249,13.422,rpm,0.000,0.005097,100.000
2026-06-08T15:36:34.272,13.437,rpm,0.000,0.005097,100.000
2026-06-08T15:36:34.287,13.453,rpm,0.000,0.005097,100.000
2026-06-08T15:36:34.303,13.469,torque,0.000,0.006287,100.000
2026-06-08T15:36:34.306,13.469,rpm,0.000,0.006287,100.000
2026-06-08T15:36:34.341,13.515,rpm,0.000,0.006287,100.000
2026-06-08T15:36:34.348,13.515,rpm,0.000,0.006287,100.000
2026-06-08T15:36:34.376,13.547,rpm,0.000,0.006287,100.000
2026-06-08T15:36:34.380,13.547,rpm,0.000,0.006287,100.000
2026-06-08T15:36:34.398,13.562,torque,0.000,0.013593,100.000
2026-06-08T15:36:34.417,13.594,rpm,0.000,0.013593,100.000
2026-06-08T15:36:34.433,13.609,rpm,0.000,0.013593,100.000
2026-06-08T15:36:34.449,13.625,rpm,0.000,0.013593,100.000
2026-06-08T15:36:34.455,13.625,rpm,0.000,0.013593,100.000
2026-06-08T15:36:34.479,13.640,torque,0.000,0.019205,100.000
2026-06-08T15:36:34.497,13.672,rpm,0.000,0.019205,100.000
2026-06-08T15:36:34.514,13.687,rpm,0.000,0.019205,100.000
2026-06-08T15:36:34.531,13.703,rpm,0.000,0.019205,100.000
2026-06-08T15:36:34.540,13.703,rpm,0.000,0.019205,100.000
2026-06-08T15:36:34.558,13.734,torque,0.000,0.019198,100.000
2026-06-08T15:36:34.569,13.734,rpm,0.000,0.019198,100.000
2026-06-08T15:36:34.598,13.765,rpm,0.000,0.019198,100.000
2026-06-08T15:36:34.603,13.765,rpm,0.000,0.019198,100.000
2026-06-08T15:36:34.627,13.797,rpm,0.000,0.019198,100.000
2026-06-08T15:36:34.650,13.812,rpm,0.000,0.019198,100.000
2026-06-08T15:36:34.656,13.828,torque,0.000,0.018852,100.000
2026-06-08T15:36:34.689,13.859,rpm,0.000,0.018852,100.000
2026-06-08T15:36:34.690,13.859,rpm,0.000,0.018852,100.000
2026-06-08T15:36:34.705,13.875,rpm,0.000,0.018852,100.000
2026-06-08T15:36:34.722,13.890,rpm,0.000,0.018852,100.000
2026-06-08T15:36:34.733,13.906,torque,0.000,0.018785,100.000
2026-06-08T15:36:34.751,13.922,rpm,0.000,0.018785,100.000
2026-06-08T15:36:34.775,13.937,rpm,0.000,0.018785,100.000
2026-06-08T15:36:34.801,13.969,rpm,0.000,0.018785,100.000
2026-06-08T15:36:34.832,14.000,torque,0.000,0.018694,100.000
2026-06-08T15:36:34.832,14.000,rpm,0.000,0.018694,100.000
2026-06-08T15:36:34.859,14.031,rpm,0.000,0.018694,100.000
2026-06-08T15:36:34.889,14.062,rpm,0.000,0.018694,100.000
2026-06-08T15:36:34.911,14.078,torque,0.000,0.018362,100.000
2026-06-08T15:36:34.912,14.078,rpm,0.000,0.018362,100.000
2026-06-08T15:36:34.940,14.109,rpm,0.000,0.018362,100.000
2026-06-08T15:36:34.963,14.125,rpm,0.000,0.018362,100.000
2026-06-08T15:36:34.973,14.140,rpm,0.000,0.018362,100.000
2026-06-08T15:36:34.981,14.156,rpm,0.000,0.018362,100.000
2026-06-08T15:36:34.996,14.172,torque,0.000,0.018616,100.000
2026-06-08T15:36:35.048,14.219,rpm,0.000,0.018616,100.000
2026-06-08T15:36:35.071,14.234,rpm,0.000,0.018616,100.000
2026-06-08T15:36:35.071,14.234,throttle,0.000,0.018616,0.000
2026-06-08T15:36:35.088,14.250,torque,0.000,0.019050,0.000
2026-06-08T15:36:35.088,14.250,rpm,0.000,0.019050,0.000
2026-06-08T15:36:35.120,14.297,rpm,0.000,0.019050,0.000
2026-06-08T15:36:35.136,14.312,rpm,0.000,0.019050,0.000
2026-06-08T15:36:35.151,14.328,rpm,0.000,0.019050,0.000
2026-06-08T15:36:35.167,14.344,torque,0.000,0.018806,0.000
2026-06-08T15:36:35.169,14.344,rpm,0.000,0.018806,0.000
2026-06-08T15:36:35.183,14.359,rpm,0.000,0.018806,0.000
2026-06-08T15:36:35.208,14.375,rpm,0.000,0.018806,0.000
2026-06-08T15:36:35.230,14.406,rpm,0.000,0.018806,0.000
2026-06-08T15:36:35.253,14.422,torque,0.000,0.014826,0.000
2026-06-08T15:36:35.286,14.453,rpm,0.000,0.014826,0.000
2026-06-08T15:36:35.311,14.484,rpm,0.000,0.014826,0.000
2026-06-08T15:36:35.327,14.500,rpm,0.000,0.014826,0.000
2026-06-08T15:36:35.343,14.515,torque,0.000,0.006103,0.000
2026-06-08T15:36:35.349,14.515,rpm,0.000,0.006103,0.000
2026-06-08T15:36:35.373,14.547,rpm,0.000,0.006103,0.000
2026-06-08T15:36:35.388,14.562,rpm,0.000,0.006103,0.000
2026-06-08T15:36:35.416,14.578,rpm,0.000,0.006103,0.000
2026-06-08T15:36:35.434,14.609,rpm,0.000,0.006103,0.000
2026-06-08T15:36:35.439,14.609,torque,0.000,0.003309,0.000
2026-06-08T15:36:35.466,14.640,rpm,0.000,0.003309,0.000
2026-06-08T15:36:35.475,14.640,rpm,0.000,0.003309,0.000
2026-06-08T15:36:35.512,14.687,torque,0.000,0.002865,0.000
2026-06-08T15:36:35.533,14.703,rpm,0.000,0.002865,0.000
2026-06-08T15:36:35.551,14.719,rpm,0.000,0.002865,0.000
2026-06-08T15:36:35.567,14.734,rpm,0.000,0.002865,0.000
2026-06-08T15:36:35.585,14.750,rpm,0.000,0.002865,0.000
2026-06-08T15:36:35.598,14.765,torque,0.000,0.001660,0.000
2026-06-08T15:36:35.617,14.781,rpm,0.000,0.001660,0.000
2026-06-08T15:36:35.647,14.812,rpm,0.000,0.001660,0.000
2026-06-08T15:36:35.684,14.859,rpm,0.000,0.001660,0.000
2026-06-08T15:36:35.685,14.859,torque,0.000,0.000785,0.000
2026-06-08T15:36:35.723,14.890,rpm,0.000,0.000785,0.000
2026-06-08T15:36:35.745,14.922,rpm,0.000,0.000785,0.000
2026-06-08T15:36:35.770,14.937,torque,0.000,0.000735,0.000
2026-06-08T15:36:35.771,14.937,rpm,0.000,0.000735,0.000
2026-06-08T15:36:35.798,14.969,rpm,0.000,0.000735,0.000
2026-06-08T15:36:35.819,14.984,rpm,0.000,0.000735,0.000
2026-06-08T15:36:35.839,15.015,rpm,0.000,0.000735,0.000
2026-06-08T15:36:35.855,15.031,rpm,0.000,0.000735,0.000
2026-06-08T15:36:35.856,15.031,rpm,0.000,0.000735,0.000
2026-06-08T15:36:35.856,15.031,torque,0.000,0.001049,0.000
2026-06-08T15:36:35.888,15.062,rpm,0.000,0.001049,0.000
2026-06-08T15:36:35.906,15.078,rpm,0.000,0.001049,0.000
2026-06-08T15:36:35.931,15.094,rpm,0.000,0.001049,0.000
2026-06-08T15:36:35.952,15.125,torque,0.000,0.001296,0.000
2026-06-08T15:36:35.971,15.140,rpm,0.000,0.001296,0.000
2026-06-08T15:36:35.982,15.156,rpm,0.000,0.001296,0.000
2026-06-08T15:36:36.000,15.172,rpm,0.000,0.001296,0.000
2026-06-08T15:36:36.020,15.187,rpm,0.000,0.001296,0.000
2026-06-08T15:36:36.031,15.203,torque,0.000,0.001405,0.000
2026-06-08T15:36:36.057,15.219,rpm,0.000,0.001405,0.000
2026-06-08T15:36:36.072,15.234,rpm,0.000,0.001405,0.000
2026-06-08T15:36:36.095,15.265,rpm,0.000,0.001405,0.000
2026-06-08T15:36:36.113,15.281,rpm,0.000,0.001405,0.000
2026-06-08T15:36:36.127,15.297,torque,0.000,0.001449,0.000
2026-06-08T15:36:36.139,15.312,rpm,0.000,0.001449,0.000
2026-06-08T15:36:36.147,15.312,rpm,0.000,0.001449,0.000
2026-06-08T15:36:36.204,15.375,torque,0.000,0.001539,0.000
2026-06-08T15:36:36.225,15.390,rpm,0.000,0.001539,0.000
2026-06-08T15:36:36.225,15.390,rpm,0.000,0.001539,0.000
2026-06-08T15:36:36.255,15.422,rpm,0.000,0.001539,0.000
2026-06-08T15:36:36.271,15.437,rpm,0.000,0.001539,0.000
2026-06-08T15:36:36.286,15.453,rpm,0.000,0.001539,0.000
2026-06-08T15:36:36.301,15.469,torque,0.000,0.001498,0.000
2026-06-08T15:36:36.302,15.469,throttle,0.000,0.001498,100.000
2026-06-08T15:36:36.322,15.484,rpm,0.000,0.001498,100.000
2026-06-08T15:36:36.338,15.500,rpm,0.000,0.001498,100.000
2026-06-08T15:36:36.371,15.547,rpm,0.000,0.001498,100.000
2026-06-08T15:36:36.375,15.547,torque,0.000,0.001550,100.000
2026-06-08T15:36:36.379,15.547,rpm,0.000,0.001550,100.000
2026-06-08T15:36:36.411,15.578,rpm,0.000,0.001550,100.000
2026-06-08T15:36:36.432,15.594,rpm,0.000,0.001550,100.000
2026-06-08T15:36:36.451,15.625,rpm,0.000,0.001550,100.000
2026-06-08T15:36:36.459,15.625,rpm,0.000,0.001550,100.000
2026-06-08T15:36:36.462,15.625,torque,0.000,0.001737,100.000
2026-06-08T15:36:36.527,15.703,rpm,0.000,0.001737,100.000
2026-06-08T15:36:36.543,15.719,rpm,0.000,0.001737,100.000
2026-06-08T15:36:36.558,15.734,torque,0.000,0.002565,100.000
2026-06-08T15:36:36.578,15.750,rpm,0.000,0.002565,100.000
2026-06-08T15:36:36.607,15.781,rpm,0.000,0.002565,100.000
2026-06-08T15:36:36.622,15.797,rpm,0.000,0.002565,100.000
2026-06-08T15:36:36.638,15.812,torque,0.000,0.003956,100.000
2026-06-08T15:36:36.640,15.812,rpm,0.000,0.003956,100.000
2026-06-08T15:36:36.674,15.844,rpm,0.000,0.003956,100.000
2026-06-08T15:36:36.706,15.875,rpm,0.000,0.003956,100.000
2026-06-08T15:36:36.734,15.906,torque,0.000,0.004323,100.000
2026-06-08T15:36:36.734,15.906,rpm,0.000,0.004323,100.000
2026-06-08T15:36:36.752,15.922,rpm,0.000,0.004323,100.000
2026-06-08T15:36:36.775,15.937,rpm,0.000,0.004323,100.000
2026-06-08T15:36:36.789,15.953,rpm,0.000,0.004323,100.000
2026-06-08T15:36:36.805,15.969,rpm,0.000,0.004323,100.000
2026-06-08T15:36:36.809,15.984,torque,0.000,0.004567,100.000
2026-06-08T15:36:36.832,16.000,rpm,0.000,0.004567,100.000
2026-06-08T15:36:36.855,16.031,rpm,0.000,0.004567,100.000
2026-06-08T15:36:36.874,16.047,rpm,0.000,0.004567,100.000
2026-06-08T15:36:36.881,16.047,rpm,0.000,0.004567,100.000
2026-06-08T15:36:36.896,16.062,torque,0.000,0.004909,100.000
2026-06-08T15:36:36.907,16.078,rpm,0.000,0.004909,100.000
2026-06-08T15:36:36.934,16.109,rpm,0.000,0.004909,100.000
2026-06-08T15:36:36.952,16.125,rpm,0.000,0.004909,100.000
2026-06-08T15:36:36.961,16.125,rpm,0.000,0.004909,100.000
2026-06-08T15:36:36.981,16.156,torque,0.000,0.008601,100.000
2026-06-08T15:36:37.000,16.172,rpm,0.000,0.008601,100.000
2026-06-08T15:36:37.015,16.187,rpm,0.000,0.008601,100.000
2026-06-08T15:36:37.034,16.203,rpm,0.000,0.008601,100.000
2026-06-08T15:36:37.039,16.203,rpm,0.000,0.008601,100.000
2026-06-08T15:36:37.068,16.234,torque,0.000,0.016846,100.000
2026-06-08T15:36:37.081,16.250,rpm,0.000,0.016846,100.000
2026-06-08T15:36:37.103,16.265,rpm,0.000,0.016846,100.000
2026-06-08T15:36:37.104,16.281,rpm,0.000,0.016846,100.000
2026-06-08T15:36:37.132,16.297,rpm,0.000,0.016846,100.000
2026-06-08T15:36:37.152,16.328,rpm,0.000,0.016846,100.000
2026-06-08T15:36:37.167,16.344,torque,0.000,0.019077,100.000
2026-06-08T15:36:37.167,16.344,rpm,0.000,0.019077,100.000
2026-06-08T15:36:37.192,16.359,rpm,0.000,0.019077,100.000
2026-06-08T15:36:37.210,16.375,rpm,0.000,0.019077,100.000
2026-06-08T15:36:37.231,16.406,rpm,0.000,0.019077,100.000
2026-06-08T15:36:37.246,16.422,rpm,0.000,0.019077,100.000
2026-06-08T15:36:37.246,16.422,torque,0.000,0.018612,100.000
2026-06-08T15:36:37.264,16.437,rpm,0.000,0.018612,100.000
2026-06-08T15:36:37.286,16.453,rpm,0.000,0.018612,100.000
2026-06-08T15:36:37.311,16.484,rpm,0.000,0.018612,100.000
2026-06-08T15:36:37.326,16.500,rpm,0.000,0.018612,100.000
2026-06-08T15:36:37.330,16.500,torque,0.000,0.018570,100.000
2026-06-08T15:36:37.339,16.515,rpm,0.000,0.018570,100.000
2026-06-08T15:36:37.367,16.531,rpm,0.000,0.018570,100.000
2026-06-08T15:36:37.416,16.578,torque,0.000,0.019123,100.000
2026-06-08T15:36:37.450,16.625,rpm,0.000,0.019123,100.000
2026-06-08T15:36:37.472,16.640,rpm,0.000,0.019123,100.000
2026-06-08T15:36:37.488,16.656,rpm,0.000,0.019123,100.000
2026-06-08T15:36:37.503,16.672,torque,0.000,0.019655,100.000
2026-06-08T15:36:37.504,16.672,rpm,0.000,0.019655,100.000
2026-06-08T15:36:37.534,16.703,rpm,0.000,0.019655,100.000
2026-06-08T15:36:37.555,16.719,rpm,0.000,0.019655,100.000
2026-06-08T15:36:37.579,16.750,rpm,0.000,0.019655,100.000
2026-06-08T15:36:37.599,16.765,torque,0.000,0.019516,100.000
2026-06-08T15:36:37.599,16.765,rpm,0.000,0.019516,100.000
2026-06-08T15:36:37.612,16.781,rpm,0.000,0.019516,100.000
2026-06-08T15:36:37.634,16.797,rpm,0.000,0.019516,100.000
2026-06-08T15:36:37.658,16.828,rpm,0.000,0.019516,100.000
2026-06-08T15:36:37.679,16.844,rpm,0.000,0.019516,100.000
2026-06-08T15:36:37.680,16.844,torque,0.000,0.019479,100.000
2026-06-08T15:36:37.680,16.844,throttle,0.000,0.019479,0.000
2026-06-08T15:36:37.699,16.875,rpm,0.000,0.019479,0.000
2026-06-08T15:36:37.729,16.890,rpm,0.000,0.019479,0.000
2026-06-08T15:36:37.738,16.906,rpm,0.000,0.019479,0.000
2026-06-08T15:36:37.760,16.922,rpm,0.000,0.019479,0.000
2026-06-08T15:36:37.760,16.922,torque,0.000,0.019384,0.000
2026-06-08T15:36:37.776,16.953,rpm,0.000,0.019384,0.000
2026-06-08T15:36:37.809,16.984,rpm,0.000,0.019384,0.000
2026-06-08T15:36:37.810,16.984,rpm,0.000,0.019384,0.000
2026-06-08T15:36:37.838,17.000,rpm,0.000,0.019384,0.000
2026-06-08T15:36:37.854,17.015,torque,0.000,0.017352,0.000
2026-06-08T15:36:37.866,17.031,rpm,0.000,0.017352,0.000
2026-06-08T15:36:37.873,17.047,rpm,0.000,0.017352,0.000
2026-06-08T15:36:37.890,17.062,rpm,0.000,0.017352,0.000
2026-06-08T15:36:37.901,17.078,rpm,0.000,0.017352,0.000
2026-06-08T15:36:37.932,17.094,rpm,0.000,0.017352,0.000
2026-06-08T15:36:37.936,17.109,torque,0.000,0.008389,0.000
2026-06-08T15:36:37.953,17.125,rpm,0.000,0.008389,0.000
2026-06-08T15:36:37.972,17.140,rpm,0.000,0.008389,0.000
2026-06-08T15:36:38.022,17.187,torque,0.000,0.003232,0.000
2026-06-08T15:36:38.025,17.187,rpm,0.000,0.003232,0.000
2026-06-08T15:36:38.060,17.234,rpm,0.000,0.003232,0.000
2026-06-08T15:36:38.078,17.250,rpm,0.000,0.003232,0.000
2026-06-08T15:36:38.089,17.265,rpm,0.000,0.003232,0.000
2026-06-08T15:36:38.108,17.281,torque,0.000,0.002669,0.000
2026-06-08T15:36:38.152,17.328,rpm,0.000,0.002669,0.000
2026-06-08T15:36:38.159,17.328,rpm,0.000,0.002669,0.000
2026-06-08T15:36:38.184,17.359,rpm,0.000,0.002669,0.000
2026-06-08T15:36:38.208,17.375,torque,0.000,0.001942,0.000
2026-06-08T15:36:38.208,17.375,rpm,0.000,0.001942,0.000
2026-06-08T15:36:38.240,17.406,rpm,0.000,0.001942,0.000
2026-06-08T15:36:38.242,17.406,rpm,0.000,0.001942,0.000
2026-06-08T15:36:38.269,17.437,rpm,0.000,0.001942,0.000
2026-06-08T15:36:38.287,17.453,torque,0.000,0.000868,0.000
2026-06-08T15:36:38.299,17.469,rpm,0.000,0.000868,0.000
2026-06-08T15:36:38.323,17.500,rpm,0.000,0.000868,0.000
2026-06-08T15:36:38.333,17.500,rpm,0.000,0.000868,0.000
2026-06-08T15:36:38.340,17.515,rpm,0.000,0.000868,0.000
2026-06-08T15:36:38.366,17.531,torque,0.000,0.000342,0.000
2026-06-08T15:36:38.371,17.547,rpm,0.000,0.000342,0.000
2026-06-08T15:36:38.378,17.547,rpm,0.000,0.000342,0.000
2026-06-08T15:36:38.410,17.578,rpm,0.000,0.000342,0.000
2026-06-08T15:36:38.446,17.609,rpm,0.000,0.000342,0.000
2026-06-08T15:36:38.462,17.625,torque,0.000,0.000737,0.000
2026-06-08T15:36:38.481,17.656,rpm,0.000,0.000737,0.000
2026-06-08T15:36:38.482,17.656,rpm,0.000,0.000737,0.000
2026-06-08T15:36:38.532,17.703,rpm,0.000,0.000737,0.000
2026-06-08T15:36:38.542,17.719,torque,0.000,0.001188,0.000
2026-06-08T15:36:38.560,17.734,rpm,0.000,0.001188,0.000
2026-06-08T15:36:38.591,17.765,rpm,0.000,0.001188,0.000
2026-06-08T15:36:38.592,17.765,rpm,0.000,0.001188,0.000
2026-06-08T15:36:38.608,17.781,rpm,0.000,0.001188,0.000
2026-06-08T15:36:38.628,17.797,torque,0.000,0.001356,0.000
2026-06-08T15:36:38.635,17.812,rpm,0.000,0.001356,0.000
2026-06-08T15:36:38.655,17.828,rpm,0.000,0.001356,0.000
2026-06-08T15:36:38.671,17.844,rpm,0.000,0.001356,0.000
2026-06-08T15:36:38.693,17.859,rpm,0.000,0.001356,0.000
2026-06-08T15:36:38.720,17.890,torque,0.000,0.001295,0.000
2026-06-08T15:36:38.721,17.890,rpm,0.000,0.001295,0.000
2026-06-08T15:36:38.747,17.922,rpm,0.000,0.001295,0.000
2026-06-08T15:36:38.757,17.922,rpm,0.000,0.001295,0.000
2026-06-08T15:36:38.785,17.953,rpm,0.000,0.001295,0.000
2026-06-08T15:36:38.801,17.969,torque,0.000,0.001362,0.000
2026-06-08T15:36:38.809,17.984,rpm,0.000,0.001362,0.000
2026-06-08T15:36:38.831,18.000,rpm,0.000,0.001362,0.000
2026-06-08T15:36:38.854,18.031,rpm,0.000,0.001362,0.000
2026-06-08T15:36:38.855,18.031,throttle,0.000,0.001362,100.000
2026-06-08T15:36:38.875,18.047,rpm,0.000,0.001362,100.000
2026-06-08T15:36:38.890,18.062,rpm,0.000,0.001362,100.000
2026-06-08T15:36:38.895,18.062,torque,0.000,0.001431,100.000
2026-06-08T15:36:38.920,18.094,rpm,0.000,0.001431,100.000
2026-06-08T15:36:38.923,18.094,rpm,0.000,0.001431,100.000
2026-06-08T15:36:38.973,18.140,torque,0.000,0.001366,100.000
2026-06-08T15:36:38.992,18.156,rpm,0.000,0.001366,100.000
2026-06-08T15:36:38.992,18.156,rpm,0.000,0.001366,100.000
2026-06-08T15:36:39.014,18.187,rpm,0.000,0.001366,100.000
2026-06-08T15:36:39.026,18.203,rpm,0.000,0.001366,100.000
2026-06-08T15:36:39.058,18.234,rpm,0.000,0.001366,100.000
2026-06-08T15:36:39.060,18.234,torque,0.000,0.001955,100.000
2026-06-08T15:36:39.062,18.234,rpm,0.000,0.001955,100.000
2026-06-08T15:36:39.096,18.265,rpm,0.000,0.001955,100.000
2026-06-08T15:36:39.132,18.297,rpm,0.000,0.001955,100.000
2026-06-08T15:36:39.150,18.312,torque,0.000,0.003348,100.000
2026-06-08T15:36:39.154,18.328,rpm,0.000,0.003348,100.000
2026-06-08T15:36:39.164,18.328,rpm,0.000,0.003348,100.000
2026-06-08T15:36:39.197,18.359,rpm,0.000,0.003348,100.000
2026-06-08T15:36:39.215,18.390,rpm,0.000,0.003348,100.000
2026-06-08T15:36:39.230,18.406,rpm,0.000,0.003348,100.000
2026-06-08T15:36:39.246,18.422,torque,0.000,0.004099,100.000
2026-06-08T15:36:39.247,18.422,rpm,0.000,0.004099,100.000
2026-06-08T15:36:39.314,18.484,rpm,0.000,0.004099,100.000
2026-06-08T15:36:39.321,18.484,torque,0.000,0.004352,100.000
2026-06-08T15:36:39.355,18.531,rpm,0.000,0.004352,100.000
2026-06-08T15:36:39.375,18.547,rpm,0.000,0.004352,100.000
2026-06-08T15:36:39.397,18.562,rpm,0.000,0.004352,100.000
2026-06-08T15:36:39.406,18.578,torque,0.000,0.004528,100.000
2026-06-08T15:36:39.425,18.594,rpm,0.000,0.004528,100.000
2026-06-08T15:36:39.448,18.609,rpm,0.000,0.004528,100.000
2026-06-08T15:36:39.454,18.625,rpm,0.000,0.004528,100.000
2026-06-08T15:36:39.468,18.640,rpm,0.000,0.004528,100.000
2026-06-08T15:36:39.492,18.656,torque,0.000,0.006197,100.000
2026-06-08T15:36:39.496,18.672,rpm,0.000,0.006197,100.000
2026-06-08T15:36:39.512,18.687,rpm,0.000,0.006197,100.000
2026-06-08T15:36:39.533,18.703,rpm,0.000,0.006197,100.000
2026-06-08T15:36:39.550,18.719,rpm,0.000,0.006197,100.000
2026-06-08T15:36:39.568,18.734,rpm,0.000,0.006197,100.000
2026-06-08T15:36:39.583,18.750,torque,0.000,0.013903,100.000
2026-06-08T15:36:39.594,18.765,rpm,0.000,0.013903,100.000
2026-06-08T15:36:39.614,18.781,rpm,0.000,0.013903,100.000
2026-06-08T15:36:39.642,18.812,rpm,0.000,0.013903,100.000
2026-06-08T15:36:39.665,18.828,torque,0.000,0.019608,100.000
2026-06-08T15:36:39.669,18.844,rpm,0.000,0.019608,100.000
2026-06-08T15:36:39.696,18.859,rpm,0.000,0.019608,100.000
2026-06-08T15:36:39.723,18.890,rpm,0.000,0.019608,100.000
2026-06-08T15:36:39.743,18.906,rpm,0.000,0.019608,100.000
2026-06-08T15:36:39.758,18.922,torque,0.000,0.019296,100.000
2026-06-08T15:36:39.771,18.937,rpm,0.000,0.019296,100.000
2026-06-08T15:36:39.787,18.953,rpm,0.000,0.019296,100.000
2026-06-08T15:36:39.793,18.969,rpm,0.000,0.019296,100.000
2026-06-08T15:36:39.812,18.984,rpm,0.000,0.019296,100.000
2026-06-08T15:36:39.841,19.015,rpm,0.000,0.019296,100.000
2026-06-08T15:36:39.841,19.015,torque,0.000,0.019089,100.000
2026-06-08T15:36:39.866,19.031,rpm,0.000,0.019089,100.000
2026-06-08T15:36:39.883,19.047,rpm,0.000,0.019089,100.000
2026-06-08T15:36:39.894,19.062,rpm,0.000,0.019089,100.000
2026-06-08T15:36:39.919,19.094,rpm,0.000,0.019089,100.000
2026-06-08T15:36:39.936,19.109,torque,0.000,0.018936,100.000
2026-06-08T15:36:39.936,19.109,rpm,0.000,0.018936,100.000
2026-06-08T15:36:39.962,19.125,rpm,0.000,0.018936,100.000
2026-06-08T15:36:39.983,19.156,rpm,0.000,0.018936,100.000
2026-06-08T15:36:40.000,19.172,rpm,0.000,0.018936,100.000
2026-06-08T15:36:40.015,19.187,rpm,0.000,0.018936,100.000
2026-06-08T15:36:40.015,19.187,torque,0.000,0.018844,100.000
2026-06-08T15:36:40.025,19.187,rpm,0.000,0.018844,100.000
2026-06-08T15:36:40.061,19.234,rpm,0.000,0.018844,100.000
2026-06-08T15:36:40.073,19.234,rpm,0.000,0.018844,100.000
2026-06-08T15:36:40.089,19.265,rpm,0.000,0.018844,100.000
2026-06-08T15:36:40.112,19.281,torque,0.000,0.018648,100.000
2026-06-08T15:36:40.112,19.281,rpm,0.000,0.018648,100.000
2026-06-08T15:36:40.145,19.312,rpm,0.000,0.018648,100.000
2026-06-08T15:36:40.146,19.312,rpm,0.000,0.018648,100.000
2026-06-08T15:36:40.177,19.344,rpm,0.000,0.018648,100.000
2026-06-08T15:36:40.191,19.359,torque,0.000,0.018659,100.000
2026-06-08T15:36:40.202,19.375,rpm,0.000,0.018659,100.000
2026-06-08T15:36:40.222,19.390,rpm,0.000,0.018659,100.000
2026-06-08T15:36:40.234,19.406,rpm,0.000,0.018659,100.000
2026-06-08T15:36:40.254,19.422,rpm,0.000,0.018659,100.000
2026-06-08T15:36:40.271,19.437,torque,0.000,0.018646,100.000
2026-06-08T15:36:40.273,19.437,rpm,0.000,0.018646,100.000
2026-06-08T15:36:40.306,19.469,rpm,0.000,0.018646,100.000
2026-06-08T15:36:40.320,19.484,rpm,0.000,0.018646,100.000
2026-06-08T15:36:40.336,19.500,rpm,0.000,0.018646,100.000
2026-06-08T15:36:40.350,19.515,rpm,0.000,0.018646,100.000
2026-06-08T15:36:40.368,19.531,torque,0.000,0.018709,100.000
2026-06-08T15:36:40.384,19.547,rpm,0.000,0.018709,100.000
2026-06-08T15:36:40.432,19.609,rpm,0.000,0.018709,100.000
2026-06-08T15:36:40.448,19.625,torque,0.000,0.018546,100.000
2026-06-08T15:36:40.465,19.640,rpm,0.000,0.018546,100.000
2026-06-08T15:36:40.482,19.656,rpm,0.000,0.018546,100.000
2026-06-08T15:36:40.503,19.672,rpm,0.000,0.018546,100.000
2026-06-08T15:36:40.532,19.703,torque,0.000,0.018458,100.000
2026-06-08T15:36:40.558,19.734,rpm,0.000,0.018458,100.000
2026-06-08T15:36:40.576,19.750,rpm,0.000,0.018458,100.000
2026-06-08T15:36:40.591,19.765,rpm,0.000,0.018458,100.000
2026-06-08T15:36:40.608,19.781,rpm,0.000,0.018458,100.000
2026-06-08T15:36:40.623,19.797,torque,0.000,0.018426,100.000
2026-06-08T15:36:40.625,19.797,rpm,0.000,0.018426,100.000
2026-06-08T15:36:40.654,19.828,rpm,0.000,0.018426,100.000
2026-06-08T15:36:40.681,19.844,throttle,0.000,0.018426,0.000
2026-06-08T15:36:40.682,19.844,rpm,0.000,0.018426,0.000
2026-06-08T15:36:40.702,19.875,rpm,0.000,0.018426,0.000
2026-06-08T15:36:40.714,19.890,torque,0.000,0.018459,0.000
2026-06-08T15:36:40.714,19.890,rpm,0.000,0.018459,0.000
2026-06-08T15:36:40.743,19.906,rpm,0.000,0.018459,0.000
2026-06-08T15:36:40.744,19.906,rpm,0.000,0.018459,0.000
2026-06-08T15:36:40.775,19.937,rpm,0.000,0.018459,0.000
2026-06-08T15:36:40.800,19.969,torque,0.000,0.018217,0.000
2026-06-08T15:36:40.810,19.984,rpm,0.000,0.018217,0.000
2026-06-08T15:36:40.817,19.984,rpm,0.000,0.018217,0.000
2026-06-08T15:36:40.834,20.000,rpm,0.000,0.018217,0.000
2026-06-08T15:36:40.849,20.015,rpm,0.000,0.018217,0.000
2026-06-08T15:36:40.873,20.047,rpm,0.000,0.018217,0.000
2026-06-08T15:36:40.877,20.047,torque,0.000,0.014434,0.000
2026-06-08T15:36:40.896,20.062,rpm,0.000,0.014434,0.000
2026-06-08T15:36:40.926,20.094,rpm,0.000,0.014434,0.000
2026-06-08T15:36:40.929,20.094,rpm,0.000,0.014434,0.000
2026-06-08T15:36:40.952,20.125,rpm,0.000,0.014434,0.000
2026-06-08T15:36:40.976,20.140,torque,0.000,0.005508,0.000
2026-06-08T15:36:40.977,20.140,rpm,0.000,0.005508,0.000
2026-06-08T15:36:41.010,20.172,rpm,0.000,0.005508,0.000
2026-06-08T15:36:41.030,20.203,rpm,0.000,0.005508,0.000
2026-06-08T15:36:41.055,20.219,torque,0.000,0.002818,0.000
2026-06-08T15:36:41.056,20.219,rpm,0.000,0.002818,0.000
2026-06-08T15:36:41.084,20.250,rpm,0.000,0.002818,0.000
2026-06-08T15:36:41.091,20.265,rpm,0.000,0.002818,0.000
2026-06-08T15:36:41.131,20.297,rpm,0.000,0.002818,0.000
2026-06-08T15:36:41.152,20.328,torque,0.000,0.002489,0.000
2026-06-08T15:36:41.154,20.328,rpm,0.000,0.002489,0.000
2026-06-08T15:36:41.171,20.344,rpm,0.000,0.002489,0.000
2026-06-08T15:36:41.195,20.359,rpm,0.000,0.002489,0.000
2026-06-08T15:36:41.223,20.390,rpm,0.000,0.002489,0.000
2026-06-08T15:36:41.225,20.390,torque,0.000,0.001391,0.000
2026-06-08T15:36:41.261,20.437,rpm,0.000,0.001391,0.000
2026-06-08T15:36:41.278,20.453,rpm,0.000,0.001391,0.000
2026-06-08T15:36:41.294,20.469,rpm,0.000,0.001391,0.000
2026-06-08T15:36:41.311,20.484,rpm,0.000,0.001391,0.000
2026-06-08T15:36:41.311,20.484,torque,0.000,0.000537,0.000
2026-06-08T15:36:41.338,20.500,rpm,0.000,0.000537,0.000
2026-06-08T15:36:41.370,20.547,rpm,0.000,0.000537,0.000
2026-06-08T15:36:41.391,20.562,rpm,0.000,0.000537,0.000
2026-06-08T15:36:41.406,20.578,torque,0.000,0.000329,0.000
2026-06-08T15:36:41.407,20.578,rpm,0.000,0.000329,0.000
2026-06-08T15:36:41.442,20.609,rpm,0.000,0.000329,0.000
2026-06-08T15:36:41.452,20.625,rpm,0.000,0.000329,0.000
2026-06-08T15:36:41.474,20.640,rpm,0.000,0.000329,0.000
2026-06-08T15:36:41.484,20.656,torque,0.000,0.000627,0.000
2026-06-08T15:36:41.506,20.672,rpm,0.000,0.000627,0.000
2026-06-08T15:36:41.535,20.703,rpm,0.000,0.000627,0.000
2026-06-08T15:36:41.552,20.719,rpm,0.000,0.000627,0.000
2026-06-08T15:36:41.569,20.734,torque,0.000,0.000910,0.000
2026-06-08T15:36:41.570,20.734,rpm,0.000,0.000910,0.000
2026-06-08T15:36:41.606,20.781,rpm,0.000,0.000910,0.000
2026-06-08T15:36:41.613,20.781,rpm,0.000,0.000910,0.000
2026-06-08T15:36:41.640,20.812,rpm,0.000,0.000910,0.000
2026-06-08T15:36:41.664,20.828,torque,0.000,0.001092,0.000
2026-06-08T15:36:41.664,20.828,rpm,0.000,0.001092,0.000
2026-06-08T15:36:41.682,20.859,rpm,0.000,0.001092,0.000
2026-06-08T15:36:41.701,20.875,rpm,0.000,0.001092,0.000
2026-06-08T15:36:41.723,20.890,rpm,0.000,0.001092,0.000
2026-06-08T15:36:41.724,20.890,rpm,0.000,0.001092,0.000
2026-06-08T15:36:41.743,20.906,torque,0.000,0.001095,0.000
2026-06-08T15:36:41.753,20.922,rpm,0.000,0.001095,0.000
2026-06-08T15:36:41.781,20.953,rpm,0.000,0.001095,0.000
2026-06-08T15:36:41.802,20.969,rpm,0.000,0.001095,0.000
2026-06-08T15:36:41.823,20.984,rpm,0.000,0.001095,0.000
2026-06-08T15:36:41.839,21.015,torque,0.000,0.000897,0.000
2026-06-08T15:36:41.840,21.015,rpm,0.000,0.000897,0.000
2026-06-08T15:36:41.842,21.015,throttle,0.000,0.000897,100.000
2026-06-08T15:36:41.873,21.047,rpm,0.000,0.000897,100.000
2026-06-08T15:36:41.889,21.062,rpm,0.000,0.000897,100.000
2026-06-08T15:36:41.920,21.094,torque,0.000,0.000813,100.000
2026-06-08T15:36:41.926,21.094,rpm,0.000,0.000813,100.000
2026-06-08T15:36:41.960,21.125,rpm,0.000,0.000813,100.000
2026-06-08T15:36:41.967,21.140,rpm,0.000,0.000813,100.000
2026-06-08T15:36:42.003,21.172,torque,0.000,0.001205,100.000
2026-06-08T15:36:42.006,21.172,rpm,0.000,0.001205,100.000
2026-06-08T15:36:42.044,21.219,rpm,0.000,0.001205,100.000
2026-06-08T15:36:42.062,21.234,rpm,0.000,0.001205,100.000
2026-06-08T15:36:42.079,21.250,rpm,0.000,0.001205,100.000
2026-06-08T15:36:42.090,21.265,rpm,0.000,0.001205,100.000
2026-06-08T15:36:42.096,21.265,torque,0.000,0.002419,100.000
2026-06-08T15:36:42.120,21.281,rpm,0.000,0.002419,100.000
2026-06-08T15:36:42.138,21.312,rpm,0.000,0.002419,100.000
2026-06-08T15:36:42.159,21.328,rpm,0.000,0.002419,100.000
2026-06-08T15:36:42.174,21.344,rpm,0.000,0.002419,100.000
2026-06-08T15:36:42.175,21.344,torque,0.000,0.003781,100.000
2026-06-08T15:36:42.194,21.359,rpm,0.000,0.003781,100.000
2026-06-08T15:36:42.223,21.390,rpm,0.000,0.003781,100.000
2026-06-08T15:36:42.238,21.406,rpm,0.000,0.003781,100.000
2026-06-08T15:36:42.253,21.422,rpm,0.000,0.003781,100.000
2026-06-08T15:36:42.270,21.437,torque,0.000,0.004298,100.000
2026-06-08T15:36:42.280,21.453,rpm,0.000,0.004298,100.000
2026-06-08T15:36:42.305,21.469,rpm,0.000,0.004298,100.000
2026-06-08T15:36:42.335,21.500,rpm,0.000,0.004298,100.000
2026-06-08T15:36:42.352,21.515,torque,0.000,0.004377,100.000
2026-06-08T15:36:42.354,21.515,rpm,0.000,0.004377,100.000
2026-06-08T15:36:42.382,21.547,rpm,0.000,0.004377,100.000
2026-06-08T15:36:42.404,21.578,rpm,0.000,0.004377,100.000
2026-06-08T15:36:42.425,21.594,rpm,0.000,0.004377,100.000
2026-06-08T15:36:42.426,21.594,rpm,0.000,0.004377,100.000
2026-06-08T15:36:42.447,21.609,torque,0.000,0.004539,100.000
2026-06-08T15:36:42.458,21.625,rpm,0.000,0.004539,100.000
2026-06-08T15:36:42.467,21.640,rpm,0.000,0.004539,100.000
2026-06-08T15:36:42.491,21.656,rpm,0.000,0.004539,100.000
2026-06-08T15:36:42.513,21.687,rpm,0.000,0.004539,100.000
2026-06-08T15:36:42.530,21.703,torque,0.000,0.008644,100.000
2026-06-08T15:36:42.557,21.719,rpm,0.000,0.008644,100.000
2026-06-08T15:36:42.577,21.750,rpm,0.000,0.008644,100.000
2026-06-08T15:36:42.591,21.765,rpm,0.000,0.008644,100.000
2026-06-08T15:36:42.610,21.781,torque,0.000,0.016209,100.000
2026-06-08T15:36:42.614,21.781,rpm,0.000,0.016209,100.000
2026-06-08T15:36:42.651,21.828,rpm,0.000,0.016209,100.000
2026-06-08T15:36:42.670,21.844,rpm,0.000,0.016209,100.000
2026-06-08T15:36:42.687,21.859,rpm,0.000,0.016209,100.000
2026-06-08T15:36:42.702,21.875,torque,0.000,0.018295,100.000
2026-06-08T15:36:42.721,21.890,rpm,0.000,0.018295,100.000
2026-06-08T15:36:42.731,21.906,rpm,0.000,0.018295,100.000
2026-06-08T15:36:42.750,21.922,rpm,0.000,0.018295,100.000
2026-06-08T15:36:42.767,21.937,rpm,0.000,0.018295,100.000
2026-06-08T15:36:42.783,21.953,torque,0.000,0.017789,100.000
2026-06-08T15:36:42.788,21.953,rpm,0.000,0.017789,100.000
2026-06-08T15:36:42.822,21.984,rpm,0.000,0.017789,100.000
2026-06-08T15:36:42.836,22.000,rpm,0.000,0.017789,100.000
2026-06-08T15:36:42.857,22.031,rpm,0.000,0.017789,100.000
2026-06-08T15:36:42.878,22.047,torque,0.000,0.017658,100.000
2026-06-08T15:36:42.896,22.062,rpm,0.000,0.017658,100.000
2026-06-08T15:36:42.913,22.078,rpm,0.000,0.017658,100.000
2026-06-08T15:36:42.932,22.094,rpm,0.000,0.017658,100.000
2026-06-08T15:36:42.959,22.125,torque,0.000,0.017642,100.000
2026-06-08T15:36:42.970,22.140,rpm,0.000,0.017642,100.000
2026-06-08T15:36:42.992,22.156,rpm,0.000,0.017642,100.000
2026-06-08T15:36:42.992,22.156,rpm,0.000,0.017642,100.000
2026-06-08T15:36:43.013,22.187,rpm,0.000,0.017642,100.000
2026-06-08T15:36:43.035,22.203,rpm,0.000,0.017642,100.000
2026-06-08T15:36:43.041,22.203,torque,0.000,0.017521,100.000
2026-06-08T15:36:43.070,22.234,rpm,0.000,0.017521,100.000
2026-06-08T15:36:43.071,22.234,rpm,0.000,0.017521,100.000
2026-06-08T15:36:43.095,22.265,rpm,0.000,0.017521,100.000
2026-06-08T15:36:43.118,22.281,rpm,0.000,0.017521,100.000
2026-06-08T15:36:43.135,22.297,torque,0.000,0.017396,100.000
2026-06-08T15:36:43.137,22.312,rpm,0.000,0.017396,100.000
2026-06-08T15:36:43.162,22.328,rpm,0.000,0.017396,100.000
2026-06-08T15:36:43.175,22.344,rpm,0.000,0.017396,100.000
2026-06-08T15:36:43.199,22.375,rpm,0.000,0.017396,100.000
2026-06-08T15:36:43.216,22.390,torque,0.000,0.017309,100.000
2026-06-08T15:36:43.218,22.390,rpm,0.000,0.017309,100.000
2026-06-08T15:36:43.227,22.390,rpm,0.000,0.017309,100.000
2026-06-08T15:36:43.271,22.437,rpm,0.000,0.017309,100.000
2026-06-08T15:36:43.296,22.469,rpm,0.000,0.017309,100.000
2026-06-08T15:36:43.312,22.484,torque,0.000,0.017339,100.000
2026-06-08T15:36:43.312,22.484,rpm,0.000,0.017339,100.000
2026-06-08T15:36:43.335,22.500,rpm,0.000,0.017339,100.000
2026-06-08T15:36:43.361,22.531,rpm,0.000,0.017339,100.000
2026-06-08T15:36:43.391,22.562,torque,0.000,0.017248,100.000
2026-06-08T15:36:43.392,22.562,rpm,0.000,0.017248,100.000
2026-06-08T15:36:43.420,22.594,rpm,0.000,0.017248,100.000
2026-06-08T15:36:43.441,22.609,rpm,0.000,0.017248,100.000
2026-06-08T15:36:43.457,22.625,rpm,0.000,0.017248,100.000
2026-06-08T15:36:43.473,22.640,torque,0.000,0.017141,100.000
2026-06-08T15:36:43.484,22.656,rpm,0.000,0.017141,100.000
2026-06-08T15:36:43.517,22.687,rpm,0.000,0.017141,100.000
2026-06-08T15:36:43.535,22.703,rpm,0.000,0.017141,100.000
2026-06-08T15:36:43.551,22.719,rpm,0.000,0.017141,100.000
2026-06-08T15:36:43.566,22.734,torque,0.000,0.017179,100.000
2026-06-08T15:36:43.568,22.734,rpm,0.000,0.017179,100.000
2026-06-08T15:36:43.607,22.781,rpm,0.000,0.017179,100.000
2026-06-08T15:36:43.633,22.797,rpm,0.000,0.017179,100.000
2026-06-08T15:36:43.649,22.812,torque,0.000,0.017254,100.000
2026-06-08T15:36:43.694,22.859,rpm,0.000,0.017254,100.000
2026-06-08T15:36:43.713,22.875,rpm,0.000,0.017254,100.000
2026-06-08T15:36:43.731,22.906,torque,0.000,0.017183,100.000
2026-06-08T15:36:43.736,22.906,rpm,0.000,0.017183,100.000
2026-06-08T15:36:43.771,22.937,rpm,0.000,0.017183,100.000
2026-06-08T15:36:43.793,22.969,rpm,0.000,0.017183,100.000
2026-06-08T15:36:43.803,22.969,rpm,0.000,0.017183,100.000
2026-06-08T15:36:43.823,22.984,torque,0.000,0.017205,100.000
2026-06-08T15:36:43.831,23.000,rpm,0.000,0.017205,100.000
2026-06-08T15:36:43.862,23.031,rpm,0.000,0.017205,100.000
2026-06-08T15:36:43.882,23.047,rpm,0.000,0.017205,100.000
2026-06-08T15:36:43.903,23.078,rpm,0.000,0.017205,100.000
2026-06-08T15:36:43.919,23.094,torque,0.000,0.017051,100.000
2026-06-08T15:36:43.919,23.094,rpm,0.000,0.017051,100.000
2026-06-08T15:36:43.937,23.109,rpm,0.000,0.017051,100.000
2026-06-08T15:36:43.955,23.125,rpm,0.000,0.017051,100.000
2026-06-08T15:36:43.986,23.156,rpm,0.000,0.017051,100.000
2026-06-08T15:36:43.994,23.156,torque,0.000,0.016924,100.000
2026-06-08T15:36:44.021,23.187,rpm,0.000,0.016924,100.000
2026-06-08T15:36:44.028,23.203,rpm,0.000,0.016924,100.000
2026-06-08T15:36:44.050,23.219,rpm,0.000,0.016924,100.000
2026-06-08T15:36:44.072,23.234,rpm,0.000,0.016924,100.000
2026-06-08T15:36:44.080,23.250,torque,0.000,0.016829,100.000
2026-06-08T15:36:44.105,23.281,rpm,0.000,0.016829,100.000
2026-06-08T15:36:44.113,23.281,rpm,0.000,0.016829,100.000
2026-06-08T15:36:44.152,23.328,rpm,0.000,0.016829,100.000
2026-06-08T15:36:44.175,23.344,rpm,0.000,0.016829,100.000
2026-06-08T15:36:44.175,23.344,torque,0.000,0.016899,100.000
2026-06-08T15:36:44.202,23.375,rpm,0.000,0.016899,100.000
2026-06-08T15:36:44.217,23.390,rpm,0.000,0.016899,100.000
2026-06-08T15:36:44.239,23.406,rpm,0.000,0.016899,100.000
2026-06-08T15:36:44.255,23.422,torque,0.000,0.016964,100.000
2026-06-08T15:36:44.256,23.422,rpm,0.000,0.016964,100.000
2026-06-08T15:36:44.282,23.453,rpm,0.000,0.016964,100.000
2026-06-08T15:36:44.303,23.469,rpm,0.000,0.016964,100.000
2026-06-08T15:36:44.319,23.484,rpm,0.000,0.016964,100.000
2026-06-08T15:36:44.336,23.500,rpm,0.000,0.016964,100.000
2026-06-08T15:36:44.346,23.515,torque,0.000,0.016907,100.000
2026-06-08T15:36:44.352,23.515,rpm,0.000,0.016907,100.000
2026-06-08T15:36:44.384,23.547,rpm,0.000,0.016907,100.000
2026-06-08T15:36:44.410,23.578,rpm,0.000,0.016907,100.000
2026-06-08T15:36:44.431,23.594,torque,0.000,0.017420,100.000
2026-06-08T15:36:44.433,23.609,rpm,0.000,0.017420,100.000
2026-06-08T15:36:44.467,23.640,rpm,0.000,0.017420,100.000
2026-06-08T15:36:44.483,23.656,rpm,0.000,0.017420,100.000
2026-06-08T15:36:44.499,23.672,rpm,0.000,0.017420,100.000
2026-06-08T15:36:44.503,23.672,rpm,0.000,0.017420,100.000
2026-06-08T15:36:44.522,23.687,torque,0.000,0.018285,100.000
2026-06-08T15:36:44.545,23.719,rpm,0.000,0.018285,100.000
2026-06-08T15:36:44.561,23.734,rpm,0.000,0.018285,100.000
2026-06-08T15:36:44.594,23.765,rpm,0.000,0.018285,100.000
2026-06-08T15:36:44.600,23.765,torque,0.000,0.018390,100.000
2026-06-08T15:36:44.623,23.797,rpm,0.000,0.018390,100.000
2026-06-08T15:36:44.631,23.797,rpm,0.000,0.018390,100.000
2026-06-08T15:36:44.652,23.828,rpm,0.000,0.018390,100.000
2026-06-08T15:36:44.671,23.844,rpm,0.000,0.018390,100.000
2026-06-08T15:36:44.687,23.859,torque,0.000,0.018276,100.000
2026-06-08T15:36:44.697,23.859,rpm,0.000,0.018276,100.000
2026-06-08T15:36:44.726,23.890,rpm,0.000,0.018276,100.000
2026-06-08T15:36:44.734,23.906,rpm,0.000,0.018276,100.000
2026-06-08T15:36:44.755,23.922,rpm,0.000,0.018276,100.000
2026-06-08T15:36:44.776,23.953,rpm,0.000,0.018276,100.000
2026-06-08T15:36:44.776,23.953,torque,0.000,0.018184,100.000
2026-06-08T15:36:44.805,23.969,rpm,0.000,0.018184,100.000
2026-06-08T15:36:44.812,23.984,rpm,0.000,0.018184,100.000
2026-06-08T15:36:44.835,24.000,rpm,0.000,0.018184,100.000
2026-06-08T15:36:44.856,24.031,rpm,0.000,0.018184,100.000
2026-06-08T15:36:44.858,24.031,torque,0.000,0.018194,100.000
2026-06-08T15:36:44.884,24.047,rpm,0.000,0.018194,100.000
2026-06-08T15:36:44.907,24.078,rpm,0.000,0.018194,100.000
2026-06-08T15:36:44.929,24.094,rpm,0.000,0.018194,100.000
2026-06-08T15:36:44.944,24.109,torque,0.000,0.018032,100.000
2026-06-08T15:36:44.953,24.125,rpm,0.000,0.018032,100.000
2026-06-08T15:36:44.989,24.156,rpm,0.000,0.018032,100.000
2026-06-08T15:36:45.011,24.187,rpm,0.000,0.018032,100.000
2026-06-08T15:36:45.023,24.187,rpm,0.000,0.018032,100.000
2026-06-08T15:36:45.039,24.203,torque,0.000,0.017854,100.000
2026-06-08T15:36:45.057,24.219,rpm,0.000,0.017854,100.000
2026-06-08T15:36:45.076,24.250,rpm,0.000,0.017854,100.000
2026-06-08T15:36:45.086,24.250,rpm,0.000,0.017854,100.000
2026-06-08T15:36:45.115,24.281,rpm,0.000,0.017854,100.000
2026-06-08T15:36:45.119,24.281,torque,0.000,0.017857,100.000
2026-06-08T15:36:45.147,24.312,rpm,0.000,0.017857,100.000
2026-06-08T15:36:45.153,24.328,rpm,0.000,0.017857,100.000
2026-06-08T15:36:45.175,24.344,rpm,0.000,0.017857,100.000
2026-06-08T15:36:45.199,24.375,rpm,0.000,0.017857,100.000
2026-06-08T15:36:45.215,24.390,rpm,0.000,0.017857,100.000
2026-06-08T15:36:45.215,24.390,torque,0.000,0.017893,100.000
2026-06-08T15:36:45.251,24.422,rpm,0.000,0.017893,100.000
2026-06-08T15:36:45.280,24.453,rpm,0.000,0.017893,100.000
2026-06-08T15:36:45.295,24.469,torque,0.000,0.017795,100.000
2026-06-08T15:36:45.297,24.469,rpm,0.000,0.017795,100.000
2026-06-08T15:36:45.312,24.484,rpm,0.000,0.017795,100.000
2026-06-08T15:36:45.356,24.531,rpm,0.000,0.017795,100.000
2026-06-08T15:36:45.376,24.547,rpm,0.000,0.017795,100.000
2026-06-08T15:36:45.383,24.547,torque,0.000,0.017639,100.000
2026-06-08T15:36:45.387,24.562,rpm,0.000,0.017639,100.000
2026-06-08T15:36:45.413,24.578,rpm,0.000,0.017639,100.000
2026-06-08T15:36:45.455,24.625,rpm,0.000,0.017639,100.000
2026-06-08T15:36:45.470,24.640,torque,0.000,0.017580,100.000
2026-06-08T15:36:45.481,24.656,rpm,0.000,0.017580,100.000
2026-06-08T15:36:45.501,24.672,rpm,0.000,0.017580,100.000
2026-06-08T15:36:45.530,24.703,rpm,0.000,0.017580,100.000
2026-06-08T15:36:45.551,24.719,rpm,0.000,0.017580,100.000
2026-06-08T15:36:45.552,24.719,torque,0.000,0.017554,100.000
2026-06-08T15:36:45.578,24.750,rpm,0.000,0.017554,100.000
2026-06-08T15:36:45.600,24.765,rpm,0.000,0.017554,100.000
2026-06-08T15:36:45.617,24.781,rpm,0.000,0.017554,100.000
2026-06-08T15:36:45.636,24.812,torque,0.000,0.017612,100.000
2026-06-08T15:36:45.667,24.844,rpm,0.000,0.017612,100.000
2026-06-08T15:36:45.695,24.859,rpm,0.000,0.017612,100.000
2026-06-08T15:36:45.713,24.875,rpm,0.000,0.017612,100.000
2026-06-08T15:36:45.722,24.890,torque,0.000,0.017549,100.000
2026-06-08T15:36:45.750,24.922,rpm,0.000,0.017549,100.000
2026-06-08T15:36:45.757,24.922,rpm,0.000,0.017549,100.000
2026-06-08T15:36:45.786,24.953,rpm,0.000,0.017549,100.000
2026-06-08T15:36:45.812,24.984,rpm,0.000,0.017549,100.000
2026-06-08T15:36:45.814,24.984,torque,0.000,0.017394,100.000
2026-06-08T15:36:45.838,25.000,rpm,0.000,0.017394,100.000
2026-06-08T15:36:45.865,25.031,rpm,0.000,0.017394,100.000
2026-06-08T15:36:45.874,25.047,rpm,0.000,0.017394,100.000
2026-06-08T15:36:45.898,25.062,rpm,0.000,0.017394,100.000
2026-06-08T15:36:45.903,25.078,torque,0.000,0.017432,100.000
2026-06-08T15:36:45.921,25.094,rpm,0.000,0.017432,100.000
2026-06-08T15:36:45.946,25.109,rpm,0.000,0.017432,100.000
2026-06-08T15:36:45.950,25.125,rpm,0.000,0.017432,100.000
2026-06-08T15:36:45.967,25.140,rpm,0.000,0.017432,100.000
2026-06-08T15:36:45.984,25.156,torque,0.000,0.017333,100.000
2026-06-08T15:36:45.986,25.156,rpm,0.000,0.017333,100.000
2026-06-08T15:36:46.022,25.187,rpm,0.000,0.017333,100.000
2026-06-08T15:36:46.029,25.203,rpm,0.000,0.017333,100.000
2026-06-08T15:36:46.052,25.219,rpm,0.000,0.017333,100.000
2026-06-08T15:36:46.073,25.250,torque,0.000,0.017272,100.000
2026-06-08T15:36:46.107,25.281,rpm,0.000,0.017272,100.000
2026-06-08T15:36:46.129,25.297,rpm,0.000,0.017272,100.000
2026-06-08T15:36:46.160,25.328,rpm,0.000,0.017272,100.000
2026-06-08T15:36:46.160,25.328,torque,0.000,0.017323,100.000
2026-06-08T15:36:46.177,25.344,rpm,0.000,0.017323,100.000
2026-06-08T15:36:46.202,25.375,throttle,0.000,0.017323,0.000
2026-06-08T15:36:46.208,25.375,rpm,0.000,0.017323,0.000
2026-06-08T15:36:46.209,25.375,rpm,0.000,0.017323,0.000
2026-06-08T15:36:46.232,25.406,rpm,0.000,0.017323,0.000
2026-06-08T15:36:46.255,25.422,torque,0.000,0.017344,0.000
2026-06-08T15:36:46.255,25.422,rpm,0.000,0.017344,0.000
2026-06-08T15:36:46.285,25.453,rpm,0.000,0.017344,0.000
2026-06-08T15:36:46.286,25.453,rpm,0.000,0.017344,0.000
2026-06-08T15:36:46.314,25.484,rpm,0.000,0.017344,0.000
2026-06-08T15:36:46.335,25.500,torque,0.000,0.016802,0.000
2026-06-08T15:36:46.335,25.500,rpm,0.000,0.016802,0.000
2026-06-08T15:36:46.361,25.531,rpm,0.000,0.016802,0.000
2026-06-08T15:36:46.383,25.547,rpm,0.000,0.016802,0.000
2026-06-08T15:36:46.399,25.562,rpm,0.000,0.016802,0.000
2026-06-08T15:36:46.416,25.578,rpm,0.000,0.016802,0.000
2026-06-08T15:36:46.426,25.594,torque,0.000,0.010017,0.000
2026-06-08T15:36:46.449,25.625,rpm,0.000,0.010017,0.000
2026-06-08T15:36:46.464,25.640,rpm,0.000,0.010017,0.000
2026-06-08T15:36:46.481,25.656,rpm,0.000,0.010017,0.000
2026-06-08T15:36:46.496,25.672,rpm,0.000,0.010017,0.000
2026-06-08T15:36:46.504,25.672,torque,0.000,0.002596,0.000
2026-06-08T15:36:46.526,25.687,rpm,0.000,0.002596,0.000
2026-06-08T15:36:46.542,25.703,rpm,0.000,0.002596,0.000
2026-06-08T15:36:46.558,25.734,rpm,0.000,0.002596,0.000
2026-06-08T15:36:46.574,25.750,rpm,0.000,0.002596,0.000
2026-06-08T15:36:46.583,25.750,rpm,0.000,0.002596,0.000
2026-06-08T15:36:46.590,25.765,torque,0.000,0.001654,0.000
2026-06-08T15:36:46.626,25.797,rpm,0.000,0.001654,0.000
2026-06-08T15:36:46.640,25.812,rpm,0.000,0.001654,0.000
2026-06-08T15:36:46.655,25.828,rpm,0.000,0.001654,0.000
2026-06-08T15:36:46.677,25.844,torque,0.000,0.001130,0.000
2026-06-08T15:36:46.680,25.844,rpm,0.000,0.001130,0.000
2026-06-08T15:36:46.715,25.890,rpm,0.000,0.001130,0.000
2026-06-08T15:36:46.735,25.906,rpm,0.000,0.001130,0.000
2026-06-08T15:36:46.752,25.922,rpm,0.000,0.001130,0.000
2026-06-08T15:36:46.766,25.937,torque,0.000,0.000061,0.000
2026-06-08T15:36:46.769,25.937,rpm,0.000,0.000061,0.000
2026-06-08T15:36:46.803,25.969,rpm,0.000,0.000061,0.000
2026-06-08T15:36:46.812,25.984,rpm,0.000,0.000061,0.000
2026-06-08T15:36:46.831,26.000,rpm,0.000,0.000061,0.000
2026-06-08T15:36:46.849,26.015,torque,0.000,0.000847,0.000
2026-06-08T15:36:46.851,26.015,rpm,0.000,0.000847,0.000
2026-06-08T15:36:46.886,26.062,rpm,0.000,0.000847,0.000
2026-06-08T15:36:46.892,26.062,rpm,0.000,0.000847,0.000
2026-06-08T15:36:46.935,26.109,torque,0.000,0.000937,0.000
2026-06-08T15:36:46.937,26.109,rpm,0.000,0.000937,0.000
2026-06-08T15:36:46.957,26.125,rpm,0.000,0.000937,0.000
2026-06-08T15:36:46.980,26.156,rpm,0.000,0.000937,0.000
2026-06-08T15:36:47.001,26.172,rpm,0.000,0.000937,0.000
2026-06-08T15:36:47.004,26.172,rpm,0.000,0.000937,0.000
2026-06-08T15:36:47.023,26.187,torque,0.000,0.000395,0.000
2026-06-08T15:36:47.030,26.203,rpm,0.000,0.000395,0.000
2026-06-08T15:36:47.054,26.219,rpm,0.000,0.000395,0.000
2026-06-08T15:36:47.081,26.250,rpm,0.000,0.000395,0.000
2026-06-08T15:36:47.105,26.281,rpm,0.000,0.000395,0.000
2026-06-08T15:36:47.119,26.281,torque,0.000,0.000216,0.000
2026-06-08T15:36:47.119,26.281,rpm,0.000,0.000216,0.000
2026-06-08T15:36:47.145,26.312,rpm,0.000,0.000216,0.000
2026-06-08T15:36:47.152,26.328,rpm,0.000,0.000216,0.000
2026-06-08T15:36:47.173,26.344,rpm,0.000,0.000216,0.000
2026-06-08T15:36:47.200,26.375,rpm,0.000,0.000216,0.000
2026-06-08T15:36:47.201,26.375,torque,0.000,0.000453,0.000
2026-06-08T15:36:47.218,26.390,rpm,0.000,0.000453,0.000
2026-06-08T15:36:47.255,26.422,rpm,0.000,0.000453,0.000
2026-06-08T15:36:47.279,26.453,rpm,0.000,0.000453,0.000
2026-06-08T15:36:47.294,26.469,torque,0.000,0.000521,0.000
2026-06-08T15:36:47.296,26.469,throttle,0.000,0.000521,100.000
2026-06-08T15:36:47.308,26.484,rpm,0.000,0.000521,100.000
2026-06-08T15:36:47.314,26.484,rpm,0.000,0.000521,100.000
2026-06-08T15:36:47.331,26.500,rpm,0.000,0.000521,100.000
2026-06-08T15:36:47.347,26.515,rpm,0.000,0.000521,100.000
2026-06-08T15:36:47.376,26.547,torque,0.000,0.000641,100.000
2026-06-08T15:36:47.377,26.547,rpm,0.000,0.000641,100.000
2026-06-08T15:36:47.400,26.562,rpm,0.000,0.000641,100.000
2026-06-08T15:36:47.422,26.594,rpm,0.000,0.000641,100.000
2026-06-08T15:36:47.423,26.594,rpm,0.000,0.000641,100.000
2026-06-08T15:36:47.449,26.625,rpm,0.000,0.000641,100.000
2026-06-08T15:36:47.455,26.625,torque,0.000,0.000665,100.000
2026-06-08T15:36:47.471,26.640,rpm,0.000,0.000665,100.000
2026-06-08T15:36:47.502,26.672,rpm,0.000,0.000665,100.000
2026-06-08T15:36:47.530,26.703,rpm,0.000,0.000665,100.000
2026-06-08T15:36:47.551,26.719,torque,0.000,0.001192,100.000
2026-06-08T15:36:47.552,26.719,rpm,0.000,0.001192,100.000
2026-06-08T15:36:47.580,26.750,rpm,0.000,0.001192,100.000
2026-06-08T15:36:47.601,26.765,rpm,0.000,0.001192,100.000
2026-06-08T15:36:47.627,26.797,torque,0.000,0.002366,100.000
2026-06-08T15:36:47.647,26.812,rpm,0.000,0.002366,100.000
2026-06-08T15:36:47.673,26.844,rpm,0.000,0.002366,100.000
2026-06-08T15:36:47.696,26.859,rpm,0.000,0.002366,100.000
2026-06-08T15:36:47.717,26.890,rpm,0.000,0.002366,100.000
2026-06-08T15:36:47.717,26.890,torque,0.000,0.002693,100.000
2026-06-08T15:36:47.735,26.906,rpm,0.000,0.002693,100.000
2026-06-08T15:36:47.756,26.922,rpm,0.000,0.002693,100.000
2026-06-08T15:36:47.776,26.937,rpm,0.000,0.002693,100.000
2026-06-08T15:36:47.799,26.969,rpm,0.000,0.002693,100.000
2026-06-08T15:36:47.802,26.969,torque,0.000,0.002958,100.000
2026-06-08T15:36:47.820,26.984,rpm,0.000,0.002958,100.000
2026-06-08T15:36:47.836,27.000,rpm,0.000,0.002958,100.000
2026-06-08T15:36:47.857,27.031,rpm,0.000,0.002958,100.000
2026-06-08T15:36:47.878,27.047,rpm,0.000,0.002958,100.000
2026-06-08T15:36:47.890,27.062,torque,0.000,0.003204,100.000
2026-06-08T15:36:47.900,27.062,rpm,0.000,0.003204,100.000
2026-06-08T15:36:47.932,27.094,rpm,0.000,0.003204,100.000
2026-06-08T15:36:47.938,27.109,rpm,0.000,0.003204,100.000
2026-06-08T15:36:47.953,27.125,rpm,0.000,0.003204,100.000
2026-06-08T15:36:47.975,27.140,torque,0.000,0.006532,100.000
2026-06-08T15:36:47.979,27.140,rpm,0.000,0.006532,100.000
2026-06-08T15:36:48.005,27.172,rpm,0.000,0.006532,100.000
2026-06-08T15:36:48.013,27.187,rpm,0.000,0.006532,100.000
2026-06-08T15:36:48.034,27.203,rpm,0.000,0.006532,100.000
2026-06-08T15:36:48.058,27.234,rpm,0.000,0.006532,100.000
2026-06-08T15:36:48.064,27.234,torque,0.000,0.014344,100.000
2026-06-08T15:36:48.082,27.250,rpm,0.000,0.014344,100.000
2026-06-08T15:36:48.105,27.281,rpm,0.000,0.014344,100.000
2026-06-08T15:36:48.112,27.281,rpm,0.000,0.014344,100.000
2026-06-08T15:36:48.135,27.297,rpm,0.000,0.014344,100.000
2026-06-08T15:36:48.160,27.328,torque,0.000,0.017137,100.000
2026-06-08T15:36:48.170,27.344,rpm,0.000,0.017137,100.000
2026-06-08T15:36:48.193,27.359,rpm,0.000,0.017137,100.000
2026-06-08T15:36:48.223,27.390,rpm,0.000,0.017137,100.000
2026-06-08T15:36:48.239,27.406,torque,0.000,0.017080,100.000
2026-06-08T15:36:48.240,27.406,rpm,0.000,0.017080,100.000
2026-06-08T15:36:48.264,27.437,rpm,0.000,0.017080,100.000
2026-06-08T15:36:48.281,27.453,rpm,0.000,0.017080,100.000
2026-06-08T15:36:48.304,27.469,rpm,0.000,0.017080,100.000
2026-06-08T15:36:48.320,27.484,rpm,0.000,0.017080,100.000
2026-06-08T15:36:48.320,27.484,torque,0.000,0.016803,100.000
2026-06-08T15:36:48.336,27.500,rpm,0.000,0.016803,100.000
2026-06-08T15:36:48.367,27.531,rpm,0.000,0.016803,100.000
2026-06-08T15:36:48.377,27.547,rpm,0.000,0.016803,100.000
2026-06-08T15:36:48.398,27.562,rpm,0.000,0.016803,100.000
2026-06-08T15:36:48.415,27.578,torque,0.000,0.016545,100.000
2026-06-08T15:36:48.425,27.594,rpm,0.000,0.016545,100.000
2026-06-08T15:36:48.446,27.609,rpm,0.000,0.016545,100.000
2026-06-08T15:36:48.465,27.640,rpm,0.000,0.016545,100.000
2026-06-08T15:36:48.479,27.640,rpm,0.000,0.016545,100.000
2026-06-08T15:36:48.497,27.672,torque,0.000,0.016514,100.000
2026-06-08T15:36:48.499,27.672,rpm,0.000,0.016514,100.000
2026-06-08T15:36:48.505,27.672,rpm,0.000,0.016514,100.000
2026-06-08T15:36:48.538,27.703,rpm,0.000,0.016514,100.000
2026-06-08T15:36:48.560,27.734,rpm,0.000,0.016514,100.000
2026-06-08T15:36:48.576,27.750,rpm,0.000,0.016514,100.000
2026-06-08T15:36:48.591,27.765,torque,0.000,0.016526,100.000
2026-06-08T15:36:48.591,27.765,rpm,0.000,0.016526,100.000
2026-06-08T15:36:48.615,27.781,rpm,0.000,0.016526,100.000
2026-06-08T15:36:48.640,27.812,rpm,0.000,0.016526,100.000
2026-06-08T15:36:48.656,27.828,rpm,0.000,0.016526,100.000
2026-06-08T15:36:48.668,27.844,torque,0.000,0.016569,100.000
2026-06-08T15:36:48.686,27.859,rpm,0.000,0.016569,100.000
2026-06-08T15:36:48.702,27.875,rpm,0.000,0.016569,100.000
2026-06-08T15:36:48.719,27.890,rpm,0.000,0.016569,100.000
2026-06-08T15:36:48.739,27.906,rpm,0.000,0.016569,100.000
2026-06-08T15:36:48.752,27.922,rpm,0.000,0.016569,100.000
2026-06-08T15:36:48.762,27.937,torque,0.000,0.016506,100.000
2026-06-08T15:36:48.779,27.953,rpm,0.000,0.016506,100.000
2026-06-08T15:36:48.800,27.969,rpm,0.000,0.016506,100.000
2026-06-08T15:36:48.817,27.984,rpm,0.000,0.016506,100.000
2026-06-08T15:36:48.832,28.000,rpm,0.000,0.016506,100.000
2026-06-08T15:36:48.846,28.015,torque,0.000,0.016316,100.000
2026-06-08T15:36:48.859,28.031,rpm,0.000,0.016316,100.000
2026-06-08T15:36:48.883,28.047,rpm,0.000,0.016316,100.000
2026-06-08T15:36:48.899,28.062,rpm,0.000,0.016316,100.000
2026-06-08T15:36:48.916,28.078,rpm,0.000,0.016316,100.000
2026-06-08T15:36:48.925,28.094,torque,0.000,0.016234,100.000
2026-06-08T15:36:48.944,28.109,rpm,0.000,0.016234,100.000
2026-06-08T15:36:48.961,28.125,rpm,0.000,0.016234,100.000
2026-06-08T15:36:48.989,28.156,rpm,0.000,0.016234,100.000
2026-06-08T15:36:49.011,28.187,torque,0.000,0.016141,100.000
2026-06-08T15:36:49.013,28.187,rpm,0.000,0.016141,100.000
2026-06-08T15:36:49.038,28.203,rpm,0.000,0.016141,100.000
2026-06-08T15:36:49.059,28.234,rpm,0.000,0.016141,100.000
2026-06-08T15:36:49.080,28.250,rpm,0.000,0.016141,100.000
2026-06-08T15:36:49.083,28.250,rpm,0.000,0.016141,100.000
2026-06-08T15:36:49.104,28.265,torque,0.000,0.016035,100.000
2026-06-08T15:36:49.112,28.281,rpm,0.000,0.016035,100.000
2026-06-08T15:36:49.142,28.312,rpm,0.000,0.016035,100.000
2026-06-08T15:36:49.163,28.328,rpm,0.000,0.016035,100.000
2026-06-08T15:36:49.180,28.344,rpm,0.000,0.016035,100.000
2026-06-08T15:36:49.194,28.359,torque,0.000,0.016091,100.000
2026-06-08T15:36:49.235,28.406,rpm,0.000,0.016091,100.000
2026-06-08T15:36:49.250,28.422,rpm,0.000,0.016091,100.000
2026-06-08T15:36:49.273,28.437,rpm,0.000,0.016091,100.000
2026-06-08T15:36:49.280,28.453,torque,0.000,0.016239,100.000
2026-06-08T15:36:49.311,28.484,rpm,0.000,0.016239,100.000
2026-06-08T15:36:49.319,28.484,rpm,0.000,0.016239,100.000
2026-06-08T15:36:49.335,28.500,rpm,0.000,0.016239,100.000
2026-06-08T15:36:49.355,28.531,rpm,0.000,0.016239,100.000
2026-06-08T15:36:49.360,28.531,torque,0.000,0.016352,100.000
2026-06-08T15:36:49.375,28.547,rpm,0.000,0.016352,100.000
2026-06-08T15:36:49.406,28.578,rpm,0.000,0.016352,100.000
2026-06-08T15:36:49.423,28.594,rpm,0.000,0.016352,100.000
2026-06-08T15:36:49.439,28.609,rpm,0.000,0.016352,100.000
2026-06-08T15:36:49.456,28.625,torque,0.000,0.016382,100.000
2026-06-08T15:36:49.456,28.625,rpm,0.000,0.016382,100.000
2026-06-08T15:36:49.483,28.656,rpm,0.000,0.016382,100.000
2026-06-08T15:36:49.507,28.672,rpm,0.000,0.016382,100.000
2026-06-08T15:36:49.517,28.687,rpm,0.000,0.016382,100.000
2026-06-08T15:36:49.531,28.703,torque,0.000,0.016344,100.000
2026-06-08T15:36:49.549,28.719,rpm,0.000,0.016344,100.000
2026-06-08T15:36:49.549,28.719,rpm,0.000,0.016344,100.000
2026-06-08T15:36:49.571,28.734,rpm,0.000,0.016344,100.000
2026-06-08T15:36:49.599,28.765,rpm,0.000,0.016344,100.000
2026-06-08T15:36:49.616,28.781,rpm,0.000,0.016344,100.000
2026-06-08T15:36:49.625,28.797,torque,0.000,0.016122,100.000
2026-06-08T15:36:49.649,28.812,rpm,0.000,0.016122,100.000
2026-06-08T15:36:49.697,28.859,rpm,0.000,0.016122,100.000
2026-06-08T15:36:49.704,28.875,torque,0.000,0.016147,100.000
2026-06-08T15:36:49.733,28.906,rpm,0.000,0.016147,100.000
2026-06-08T15:36:49.742,28.906,rpm,0.000,0.016147,100.000
2026-06-08T15:36:49.782,28.953,rpm,0.000,0.016147,100.000
2026-06-08T15:36:49.802,28.969,torque,0.000,0.016092,100.000
2026-06-08T15:36:49.808,28.984,rpm,0.000,0.016092,100.000
2026-06-08T15:36:49.839,29.015,rpm,0.000,0.016092,100.000
2026-06-08T15:36:49.856,29.031,rpm,0.000,0.016092,100.000
2026-06-08T15:36:49.874,29.047,rpm,0.000,0.016092,100.000
2026-06-08T15:36:49.890,29.062,torque,0.000,0.016169,100.000
2026-06-08T15:36:49.891,29.062,rpm,0.000,0.016169,100.000
2026-06-08T15:36:49.914,29.078,rpm,0.000,0.016169,100.000
2026-06-08T15:36:49.915,29.078,rpm,0.000,0.016169,100.000
2026-06-08T15:36:49.943,29.109,rpm,0.000,0.016169,100.000
2026-06-08T15:36:49.967,29.140,torque,0.000,0.016107,100.000
2026-06-08T15:36:50.003,29.172,rpm,0.000,0.016107,100.000
2026-06-08T15:36:50.004,29.172,rpm,0.000,0.016107,100.000
2026-06-08T15:36:50.031,29.203,rpm,0.000,0.016107,100.000
2026-06-08T15:36:50.048,29.219,rpm,0.000,0.016107,100.000
2026-06-08T15:36:50.062,29.234,torque,0.000,0.015923,100.000
2026-06-08T15:36:50.062,29.234,rpm,0.000,0.015923,100.000
2026-06-08T15:36:50.086,29.250,rpm,0.000,0.015923,100.000
2026-06-08T15:36:50.108,29.281,rpm,0.000,0.015923,100.000
2026-06-08T15:36:50.131,29.297,rpm,0.000,0.015923,100.000
2026-06-08T15:36:50.137,29.312,torque,0.000,0.016039,100.000
2026-06-08T15:36:50.162,29.328,rpm,0.000,0.016039,100.000
2026-06-08T15:36:50.177,29.344,rpm,0.000,0.016039,100.000
2026-06-08T15:36:50.193,29.359,rpm,0.000,0.016039,100.000
2026-06-08T15:36:50.209,29.375,rpm,0.000,0.016039,100.000
2026-06-08T15:36:50.223,29.390,torque,0.000,0.015999,100.000
2026-06-08T15:36:50.241,29.406,rpm,0.000,0.015999,100.000
2026-06-08T15:36:50.299,29.469,rpm,0.000,0.015999,100.000
2026-06-08T15:36:50.319,29.484,torque,0.000,0.015958,100.000
2026-06-08T15:36:50.339,29.515,rpm,0.000,0.015958,100.000
2026-06-08T15:36:50.356,29.531,rpm,0.000,0.015958,100.000
2026-06-08T15:36:50.372,29.547,rpm,0.000,0.015958,100.000
2026-06-08T15:36:50.378,29.547,rpm,0.000,0.015958,100.000
2026-06-08T15:36:50.399,29.562,torque,0.000,0.016041,100.000
2026-06-08T15:36:50.406,29.578,rpm,0.000,0.016041,100.000
2026-06-08T15:36:50.435,29.609,rpm,0.000,0.016041,100.000
2026-06-08T15:36:50.458,29.625,rpm,0.000,0.016041,100.000
2026-06-08T15:36:50.464,29.640,rpm,0.000,0.016041,100.000
2026-06-08T15:36:50.485,29.656,torque,0.000,0.015943,100.000
2026-06-08T15:36:50.488,29.656,rpm,0.000,0.015943,100.000
2026-06-08T15:36:50.515,29.687,rpm,0.000,0.015943,100.000
2026-06-08T15:36:50.529,29.703,rpm,0.000,0.015943,100.000
2026-06-08T15:36:50.551,29.719,rpm,0.000,0.015943,100.000
2026-06-08T15:36:50.576,29.750,rpm,0.000,0.015943,100.000
2026-06-08T15:36:50.576,29.750,torque,0.000,0.015883,100.000
2026-06-08T15:36:50.593,29.765,rpm,0.000,0.015883,100.000
2026-06-08T15:36:50.621,29.797,rpm,0.000,0.015883,100.000
2026-06-08T15:36:50.630,29.797,rpm,0.000,0.015883,100.000
2026-06-08T15:36:50.649,29.812,rpm,0.000,0.015883,100.000
2026-06-08T15:36:50.671,29.844,torque,0.000,0.015969,100.000
2026-06-08T15:36:50.671,29.844,rpm,0.000,0.015969,100.000
2026-06-08T15:36:50.702,29.875,rpm,0.000,0.015969,100.000
2026-06-08T15:36:50.711,29.875,rpm,0.000,0.015969,100.000
2026-06-08T15:36:50.735,29.906,rpm,0.000,0.015969,100.000
2026-06-08T15:36:50.752,29.922,torque,0.000,0.015899,100.000
2026-06-08T15:36:50.765,29.937,rpm,0.000,0.015899,100.000
2026-06-08T15:36:50.774,29.937,rpm,0.000,0.015899,100.000
2026-06-08T15:36:50.789,29.953,rpm,0.000,0.015899,100.000
2026-06-08T15:36:50.816,29.984,rpm,0.000,0.015899,100.000
2026-06-08T15:36:50.831,30.000,rpm,0.000,0.015899,100.000
2026-06-08T15:36:50.831,30.000,torque,0.000,0.015748,100.000
2026-06-08T15:36:50.860,30.031,rpm,0.000,0.015748,100.000
2026-06-08T15:36:50.870,30.031,rpm,0.000,0.015748,100.000
2026-06-08T15:36:50.898,30.062,rpm,0.000,0.015748,100.000
2026-06-08T15:36:50.912,30.078,rpm,0.000,0.015748,100.000
2026-06-08T15:36:50.927,30.094,torque,0.000,0.015855,100.000
2026-06-08T15:36:50.929,30.094,rpm,0.000,0.015855,100.000
2026-06-08T15:36:50.956,30.125,rpm,0.000,0.015855,100.000
2026-06-08T15:36:50.977,30.140,rpm,0.000,0.015855,100.000
2026-06-08T15:36:50.993,30.156,rpm,0.000,0.015855,100.000
2026-06-08T15:36:51.007,30.172,torque,0.000,0.015811,100.000
2026-06-08T15:36:51.026,30.187,rpm,0.000,0.015811,100.000
2026-06-08T15:36:51.027,30.203,rpm,0.000,0.015811,100.000
2026-06-08T15:36:51.055,30.219,rpm,0.000,0.015811,100.000
2026-06-08T15:36:51.072,30.234,rpm,0.000,0.015811,100.000
2026-06-08T15:36:51.092,30.265,torque,0.000,0.015773,100.000
2026-06-08T15:36:51.092,30.265,rpm,0.000,0.015773,100.000
2026-06-08T15:36:51.114,30.281,rpm,0.000,0.015773,100.000
2026-06-08T15:36:51.136,30.312,rpm,0.000,0.015773,100.000
2026-06-08T15:36:51.152,30.328,rpm,0.000,0.015773,100.000
2026-06-08T15:36:51.168,30.344,rpm,0.000,0.015773,100.000
2026-06-08T15:36:51.177,30.344,torque,0.000,0.015853,100.000
2026-06-08T15:36:51.201,30.375,rpm,0.000,0.015853,100.000
2026-06-08T15:36:51.210,30.375,rpm,0.000,0.015853,100.000
2026-06-08T15:36:51.224,30.390,rpm,0.000,0.015853,100.000
2026-06-08T15:36:51.250,30.422,rpm,0.000,0.015853,100.000
2026-06-08T15:36:51.265,30.437,rpm,0.000,0.015853,100.000
2026-06-08T15:36:51.266,30.437,torque,0.000,0.015712,100.000
2026-06-08T15:36:51.301,30.469,rpm,0.000,0.015712,100.000
2026-06-08T15:36:51.302,30.469,rpm,0.000,0.015712,100.000
2026-06-08T15:36:51.329,30.500,rpm,0.000,0.015712,100.000
2026-06-08T15:36:51.355,30.531,rpm,0.000,0.015712,100.000
2026-06-08T15:36:51.361,30.531,torque,0.000,0.015704,100.000
2026-06-08T15:36:51.396,30.562,rpm,0.000,0.015704,100.000
2026-06-08T15:36:51.397,30.562,rpm,0.000,0.015704,100.000
2026-06-08T15:36:51.423,30.594,rpm,0.000,0.015704,100.000
2026-06-08T15:36:51.438,30.609,torque,0.000,0.015745,100.000
2026-06-08T15:36:51.448,30.609,rpm,0.000,0.015745,100.000
2026-06-08T15:36:51.485,30.656,rpm,0.000,0.015745,100.000
2026-06-08T15:36:51.486,30.656,rpm,0.000,0.015745,100.000
2026-06-08T15:36:51.508,30.672,rpm,0.000,0.015745,100.000
2026-06-08T15:36:51.536,30.703,torque,0.000,0.015501,100.000
2026-06-08T15:36:51.550,30.719,rpm,0.000,0.015501,100.000
2026-06-08T15:36:51.559,30.734,rpm,0.000,0.015501,100.000
2026-06-08T15:36:51.585,30.750,rpm,0.000,0.015501,100.000
2026-06-08T15:36:51.592,30.765,rpm,0.000,0.015501,100.000
2026-06-08T15:36:51.607,30.781,torque,0.000,0.015579,100.000
2026-06-08T15:36:51.625,30.797,rpm,0.000,0.015579,100.000
2026-06-08T15:36:51.641,30.812,rpm,0.000,0.015579,100.000
2026-06-08T15:36:51.664,30.828,rpm,0.000,0.015579,100.000
2026-06-08T15:36:51.681,30.844,rpm,0.000,0.015579,100.000
2026-06-08T15:36:51.695,30.859,rpm,0.000,0.015579,100.000
2026-06-08T15:36:51.696,30.859,torque,0.000,0.016180,100.000
2026-06-08T15:36:51.714,30.875,rpm,0.000,0.016180,100.000
2026-06-08T15:36:51.747,30.922,rpm,0.000,0.016180,100.000
2026-06-08T15:36:51.763,30.937,rpm,0.000,0.016180,100.000
2026-06-08T15:36:51.778,30.953,rpm,0.000,0.016180,100.000
2026-06-08T15:36:51.782,30.953,rpm,0.000,0.016180,100.000
2026-06-08T15:36:51.784,30.953,torque,0.000,0.016977,100.000
2026-06-08T15:36:51.817,30.984,rpm,0.000,0.016977,100.000
2026-06-08T15:36:51.823,30.984,rpm,0.000,0.016977,100.000
2026-06-08T15:36:51.859,31.031,rpm,0.000,0.016977,100.000
2026-06-08T15:36:51.866,31.031,rpm,0.000,0.016977,100.000
2026-06-08T15:36:51.870,31.031,torque,0.000,0.016872,100.000
2026-06-08T15:36:51.906,31.078,rpm,0.000,0.016872,100.000
2026-06-08T15:36:51.906,31.078,rpm,0.000,0.016872,100.000
2026-06-08T15:36:51.935,31.109,rpm,0.000,0.016872,100.000
2026-06-08T15:36:51.951,31.125,rpm,0.000,0.016872,100.000
2026-06-08T15:36:51.959,31.125,torque,0.000,0.016882,100.000
2026-06-08T15:36:51.996,31.172,rpm,0.000,0.016882,100.000
2026-06-08T15:36:52.016,31.187,rpm,0.000,0.016882,100.000
2026-06-08T15:36:52.033,31.203,rpm,0.000,0.016882,100.000
2026-06-08T15:36:52.042,31.203,torque,0.000,0.016757,100.000
2026-06-08T15:36:52.088,31.250,rpm,0.000,0.016757,100.000
2026-06-08T15:36:52.119,31.281,rpm,0.000,0.016757,100.000
2026-06-08T15:36:52.129,31.297,torque,0.000,0.016779,100.000
2026-06-08T15:36:52.144,31.312,rpm,0.000,0.016779,100.000
2026-06-08T15:36:52.158,31.328,rpm,0.000,0.016779,100.000
2026-06-08T15:36:52.180,31.344,rpm,0.000,0.016779,100.000
2026-06-08T15:36:52.207,31.375,rpm,0.000,0.016779,100.000
2026-06-08T15:36:52.222,31.390,torque,0.000,0.016686,100.000
2026-06-08T15:36:52.222,31.390,rpm,0.000,0.016686,100.000
2026-06-08T15:36:52.251,31.422,rpm,0.000,0.016686,100.000
2026-06-08T15:36:52.262,31.437,rpm,0.000,0.016686,100.000
2026-06-08T15:36:52.262,31.437,throttle,0.000,0.016686,0.000
2026-06-08T15:36:52.285,31.453,rpm,0.000,0.016686,0.000
2026-06-08T15:36:52.285,31.453,rpm,0.000,0.016686,0.000
2026-06-08T15:36:52.302,31.469,torque,0.000,0.016656,0.000
2026-06-08T15:36:52.328,31.500,rpm,0.000,0.016656,0.000
2026-06-08T15:36:52.338,31.500,rpm,0.000,0.016656,0.000
2026-06-08T15:36:52.363,31.531,rpm,0.000,0.016656,0.000
2026-06-08T15:36:52.364,31.531,rpm,0.000,0.016656,0.000
2026-06-08T15:36:52.390,31.562,torque,0.000,0.016105,0.000
2026-06-08T15:36:52.394,31.562,rpm,0.000,0.016105,0.000
2026-06-08T15:36:52.425,31.594,rpm,0.000,0.016105,0.000
2026-06-08T15:36:52.432,31.594,rpm,0.000,0.016105,0.000
2026-06-08T15:36:52.452,31.625,rpm,0.000,0.016105,0.000
2026-06-08T15:36:52.481,31.656,rpm,0.000,0.016105,0.000
2026-06-08T15:36:52.481,31.656,torque,0.000,0.010210,0.000
2026-06-08T15:36:52.516,31.687,rpm,0.000,0.010210,0.000
2026-06-08T15:36:52.532,31.703,rpm,0.000,0.010210,0.000
2026-06-08T15:36:52.560,31.734,rpm,0.000,0.010210,0.000
2026-06-08T15:36:52.576,31.750,torque,0.000,0.002091,0.000
2026-06-08T15:36:52.588,31.750,rpm,0.000,0.002091,0.000
2026-06-08T15:36:52.596,31.765,rpm,0.000,0.002091,0.000
2026-06-08T15:36:52.620,31.781,rpm,0.000,0.002091,0.000
2026-06-08T15:36:52.639,31.812,rpm,0.000,0.002091,0.000
2026-06-08T15:36:52.655,31.828,torque,0.000,0.000690,0.000
2026-06-08T15:36:52.655,31.828,rpm,0.000,0.000690,0.000
2026-06-08T15:36:52.684,31.859,rpm,0.000,0.000690,0.000
2026-06-08T15:36:52.701,31.875,rpm,0.000,0.000690,0.000
2026-06-08T15:36:52.720,31.890,rpm,0.000,0.000690,0.000
2026-06-08T15:36:52.735,31.906,rpm,0.000,0.000690,0.000
2026-06-08T15:36:52.735,31.906,torque,0.000,0.000173,0.000
2026-06-08T15:36:52.753,31.922,rpm,0.000,0.000173,0.000
2026-06-08T15:36:52.786,31.953,rpm,0.000,0.000173,0.000
2026-06-08T15:36:52.815,31.984,rpm,0.000,0.000173,0.000
2026-06-08T15:36:52.830,32.000,torque,0.000,0.000816,0.000
2026-06-08T15:36:52.843,32.015,rpm,0.000,0.000816,0.000
2026-06-08T15:36:52.860,32.031,rpm,0.000,0.000816,0.000
2026-06-08T15:36:52.882,32.047,rpm,0.000,0.000816,0.000
2026-06-08T15:36:52.899,32.062,rpm,0.000,0.000816,0.000
2026-06-08T15:36:52.913,32.078,torque,0.000,0.001633,0.000
2026-06-08T15:36:52.935,32.109,rpm,0.000,0.001633,0.000
2026-06-08T15:36:52.937,32.109,rpm,0.000,0.001633,0.000
2026-06-08T15:36:52.952,32.125,rpm,0.000,0.001633,0.000
2026-06-08T15:36:52.973,32.140,rpm,0.000,0.001633,0.000
2026-06-08T15:36:52.991,32.156,rpm,0.000,0.001633,0.000
2026-06-08T15:36:52.991,32.156,torque,0.000,0.001813,0.000
2026-06-08T15:36:53.026,32.187,rpm,0.000,0.001813,0.000
2026-06-08T15:36:53.039,32.203,rpm,0.000,0.001813,0.000
2026-06-08T15:36:53.056,32.219,rpm,0.000,0.001813,0.000
2026-06-08T15:36:53.077,32.250,rpm,0.000,0.001813,0.000
2026-06-08T15:36:53.082,32.250,torque,0.000,0.001497,0.000
2026-06-08T15:36:53.106,32.281,rpm,0.000,0.001497,0.000
2026-06-08T15:36:53.120,32.281,rpm,0.000,0.001497,0.000
2026-06-08T15:36:53.137,32.312,rpm,0.000,0.001497,0.000
2026-06-08T15:36:53.159,32.328,rpm,0.000,0.001497,0.000
2026-06-08T15:36:53.168,32.344,torque,0.000,0.001372,0.000
2026-06-08T15:36:53.179,32.344,rpm,0.000,0.001372,0.000
2026-06-08T15:36:53.212,32.375,rpm,0.000,0.001372,0.000
2026-06-08T15:36:53.220,32.390,rpm,0.000,0.001372,0.000
2026-06-08T15:36:53.255,32.422,torque,0.000,0.001244,0.000
2026-06-08T15:36:53.258,32.422,rpm,0.000,0.001244,0.000
2026-06-08T15:36:53.288,32.453,rpm,0.000,0.001244,0.000
2026-06-08T15:36:53.295,32.469,rpm,0.000,0.001244,0.000
2026-06-08T15:36:53.309,32.484,rpm,0.000,0.001244,0.000
2026-06-08T15:36:53.341,32.515,torque,0.000,0.001099,0.000
2026-06-08T15:36:53.371,32.547,rpm,0.000,0.001099,0.000
2026-06-08T15:36:53.391,32.562,rpm,0.000,0.001099,0.000
2026-06-08T15:36:53.409,32.578,rpm,0.000,0.001099,0.000
2026-06-08T15:36:53.440,32.609,torque,0.000,0.001198,0.000
2026-06-08T15:36:53.440,32.609,rpm,0.000,0.001198,0.000
2026-06-08T15:36:53.469,32.640,rpm,0.000,0.001198,0.000
2026-06-08T15:36:53.478,32.640,rpm,0.000,0.001198,0.000
2026-06-08T15:36:53.500,32.672,rpm,0.000,0.001198,0.000
2026-06-08T15:36:53.519,32.687,torque,0.000,0.001084,0.000
2026-06-08T15:36:53.530,32.703,rpm,0.000,0.001084,0.000
2026-06-08T15:36:53.548,32.719,rpm,0.000,0.001084,0.000
2026-06-08T15:36:53.568,32.734,rpm,0.000,0.001084,0.000
2026-06-08T15:36:53.596,32.765,rpm,0.000,0.001084,0.000
2026-06-08T15:36:53.599,32.765,torque,0.000,0.001041,0.000
2026-06-08T15:36:53.627,32.797,rpm,0.000,0.001041,0.000
2026-06-08T15:36:53.644,32.812,rpm,0.000,0.001041,0.000
2026-06-08T15:36:53.666,32.828,rpm,0.000,0.001041,0.000
2026-06-08T15:36:53.682,32.844,rpm,0.000,0.001041,0.000
2026-06-08T15:36:53.696,32.859,torque,0.000,0.000977,0.000
2026-06-08T15:36:53.697,32.859,rpm,0.000,0.000977,0.000
2026-06-08T15:36:53.736,32.906,rpm,0.000,0.000977,0.000
2026-06-08T15:36:53.737,32.906,rpm,0.000,0.000977,0.000
2026-06-08T15:36:53.759,32.922,rpm,0.000,0.000977,0.000
2026-06-08T15:36:53.775,32.937,torque,0.000,0.000929,0.000
2026-06-08T15:36:53.776,32.937,rpm,0.000,0.000929,0.000
2026-06-08T15:36:53.815,32.984,rpm,0.000,0.000929,0.000
2026-06-08T15:36:53.840,33.015,rpm,0.000,0.000929,0.000
2026-06-08T15:36:53.856,33.031,rpm,0.000,0.000929,0.000
2026-06-08T15:36:53.871,33.047,torque,0.000,0.000984,0.000
2026-06-08T15:36:53.872,33.047,rpm,0.000,0.000984,0.000
2026-06-08T15:36:53.901,33.062,rpm,0.000,0.000984,0.000
2026-06-08T15:36:53.919,33.094,rpm,0.000,0.000984,0.000
2026-06-08T15:36:53.937,33.109,rpm,0.000,0.000984,0.000
2026-06-08T15:36:53.947,33.109,torque,0.000,0.001024,0.000
2026-06-08T15:36:53.978,33.140,rpm,0.000,0.001024,0.000
2026-06-08T15:36:54.000,33.172,rpm,0.000,0.001024,0.000
2026-06-08T15:36:54.016,33.187,rpm,0.000,0.001024,0.000
2026-06-08T15:36:54.033,33.203,torque,0.000,0.000951,0.000
2026-06-08T15:36:54.038,33.203,rpm,0.000,0.000951,0.000
2026-06-08T15:36:54.067,33.234,rpm,0.000,0.000951,0.000
2026-06-08T15:36:54.076,33.250,rpm,0.000,0.000951,0.000
2026-06-08T15:36:54.097,33.265,rpm,0.000,0.000951,0.000
2026-06-08T15:36:54.118,33.281,torque,0.000,0.000963,0.000
2026-06-08T15:36:54.146,33.312,rpm,0.000,0.000963,0.000
2026-06-08T15:36:54.153,33.328,rpm,0.000,0.000963,0.000
2026-06-08T15:36:54.176,33.344,rpm,0.000,0.000963,0.000
2026-06-08T15:36:54.192,33.359,rpm,0.000,0.000963,0.000
2026-06-08T15:36:54.207,33.375,torque,0.000,0.000974,0.000
2026-06-08T15:36:54.240,33.406,rpm,0.000,0.000974,0.000
2026-06-08T15:36:54.273,33.437,rpm,0.000,0.000974,0.000
2026-06-08T15:36:54.304,33.469,torque,0.000,0.000906,0.000
2026-06-08T15:36:54.332,33.500,rpm,0.000,0.000906,0.000
2026-06-08T15:36:54.351,33.515,rpm,0.000,0.000906,0.000
2026-06-08T15:36:54.377,33.547,rpm,0.000,0.000906,0.000
2026-06-08T15:36:54.380,33.547,torque,0.000,0.000568,0.000
2026-06-08T15:36:54.401,33.562,rpm,0.000,0.000568,0.000
2026-06-08T15:36:54.420,33.594,rpm,0.000,0.000568,0.000
2026-06-08T15:36:54.439,33.609,rpm,0.000,0.000568,0.000
2026-06-08T15:36:54.465,33.640,rpm,0.000,0.000568,0.000
2026-06-08T15:36:54.479,33.640,torque,0.000,0.000197,0.000
2026-06-08T15:36:54.479,33.640,rpm,0.000,0.000197,0.000
2026-06-08T15:36:54.511,33.687,rpm,0.000,0.000197,0.000
2026-06-08T15:36:54.518,33.687,rpm,0.000,0.000197,0.000
2026-06-08T15:36:54.534,33.703,rpm,0.000,0.000197,0.000
2026-06-08T15:36:54.550,33.719,rpm,0.000,0.000197,0.000
2026-06-08T15:36:54.552,33.719,torque,0.000,0.000271,0.000
2026-06-08T15:36:54.578,33.750,rpm,0.000,0.000271,0.000
2026-06-08T15:36:54.592,33.765,rpm,0.000,0.000271,0.000
2026-06-08T15:36:54.609,33.781,rpm,0.000,0.000271,0.000
2026-06-08T15:36:54.629,33.797,rpm,0.000,0.000271,0.000
2026-06-08T15:36:54.638,33.812,torque,0.000,0.000586,0.000
2026-06-08T15:36:54.659,33.828,rpm,0.000,0.000586,0.000
2026-06-08T15:36:54.687,33.859,rpm,0.000,0.000586,0.000
2026-06-08T15:36:54.694,33.859,rpm,0.000,0.000586,0.000
2026-06-08T15:36:54.724,33.890,rpm,0.000,0.000586,0.000
2026-06-08T15:36:54.734,33.906,torque,0.000,0.000768,0.000
2026-06-08T15:36:54.734,33.906,rpm,0.000,0.000768,0.000
2026-06-08T15:36:54.769,33.937,rpm,0.000,0.000768,0.000
2026-06-08T15:36:54.780,33.953,rpm,0.000,0.000768,0.000
2026-06-08T15:36:54.795,33.969,rpm,0.000,0.000768,0.000
2026-06-08T15:36:54.815,33.984,rpm,0.000,0.000768,0.000
2026-06-08T15:36:54.816,33.984,torque,0.000,0.000718,0.000
2026-06-08T15:36:54.834,34.000,rpm,0.000,0.000718,0.000
2026-06-08T15:36:54.864,34.031,rpm,0.000,0.000718,0.000
2026-06-08T15:36:54.887,34.062,rpm,0.000,0.000718,0.000
2026-06-08T15:36:54.907,34.078,torque,0.000,0.000665,0.000
2026-06-08T15:36:54.933,34.094,rpm,0.000,0.000665,0.000
2026-06-08T15:36:54.961,34.125,rpm,0.000,0.000665,0.000
2026-06-08T15:36:54.977,34.140,rpm,0.000,0.000665,0.000
2026-06-08T15:36:54.994,34.156,torque,0.000,0.000611,0.000
2026-06-08T15:36:55.017,34.187,rpm,0.000,0.000611,0.000
2026-06-08T15:36:55.019,34.187,rpm,0.000,0.000611,0.000
2026-06-08T15:36:55.038,34.203,rpm,0.000,0.000611,0.000
2026-06-08T15:36:55.054,34.219,rpm,0.000,0.000611,0.000
2026-06-08T15:36:55.074,34.250,rpm,0.000,0.000611,0.000
2026-06-08T15:36:55.075,34.250,torque,0.000,0.000614,0.000
2026-06-08T15:36:55.121,34.297,rpm,0.000,0.000614,0.000
2026-06-08T15:36:55.128,34.297,rpm,0.000,0.000614,0.000
2026-06-08T15:36:55.138,34.312,rpm,0.000,0.000614,0.000
2026-06-08T15:36:55.159,34.328,rpm,0.000,0.000614,0.000
2026-06-08T15:36:55.160,34.328,torque,0.000,0.000614,0.000
2026-06-08T15:36:55.187,34.359,rpm,0.000,0.000614,0.000
2026-06-08T15:36:55.201,34.375,rpm,0.000,0.000614,0.000
2026-06-08T15:36:55.218,34.390,rpm,0.000,0.000614,0.000
2026-06-08T15:36:55.230,34.406,rpm,0.000,0.000614,0.000
2026-06-08T15:36:55.250,34.422,torque,0.000,0.000698,0.000
2026-06-08T15:36:55.259,34.422,rpm,0.000,0.000698,0.000
2026-06-08T15:36:55.294,34.469,rpm,0.000,0.000698,0.000
2026-06-08T15:36:55.300,34.469,rpm,0.000,0.000698,0.000
2026-06-08T15:36:55.326,34.500,rpm,0.000,0.000698,0.000
2026-06-08T15:36:55.344,34.515,torque,0.000,0.000657,0.000
2026-06-08T15:36:55.367,34.531,rpm,0.000,0.000657,0.000
2026-06-08T15:36:55.376,34.547,rpm,0.000,0.000657,0.000
2026-06-08T15:36:55.398,34.562,rpm,0.000,0.000657,0.000
2026-06-08T15:36:55.423,34.594,torque,0.000,0.000617,0.000
2026-06-08T15:36:55.423,34.594,rpm,0.000,0.000617,0.000
2026-06-08T15:36:55.448,34.609,rpm,0.000,0.000617,0.000
2026-06-08T15:36:55.465,34.640,rpm,0.000,0.000617,0.000
2026-06-08T15:36:55.482,34.656,rpm,0.000,0.000617,0.000
2026-06-08T15:36:55.503,34.672,rpm,0.000,0.000617,0.000
2026-06-08T15:36:55.514,34.687,torque,0.000,0.000553,0.000
2026-06-08T15:36:55.521,34.687,rpm,0.000,0.000553,0.000
2026-06-08T15:36:55.549,34.719,rpm,0.000,0.000553,0.000
2026-06-08T15:36:55.575,34.750,rpm,0.000,0.000553,0.000
2026-06-08T15:36:55.599,34.765,rpm,0.000,0.000553,0.000
2026-06-08T15:36:55.599,34.765,torque,0.000,0.000517,0.000
2026-06-08T15:36:55.626,34.797,rpm,0.000,0.000517,0.000
2026-06-08T15:36:55.641,34.812,rpm,0.000,0.000517,0.000
2026-06-08T15:36:55.665,34.828,rpm,0.000,0.000517,0.000
2026-06-08T15:36:55.681,34.844,rpm,0.000,0.000517,0.000
2026-06-08T15:36:55.681,34.844,torque,0.000,0.000635,0.000
2026-06-08T15:36:55.709,34.875,rpm,0.000,0.000635,0.000
2026-06-08T15:36:55.722,34.890,rpm,0.000,0.000635,0.000
2026-06-08T15:36:55.746,34.922,rpm,0.000,0.000635,0.000
2026-06-08T15:36:55.765,34.937,torque,0.000,0.000622,0.000
2026-06-08T15:36:55.795,34.969,rpm,0.000,0.000622,0.000
2026-06-08T15:36:55.796,34.969,rpm,0.000,0.000622,0.000
2026-06-08T15:36:55.806,34.969,rpm,0.000,0.000622,0.000
2026-06-08T15:36:55.837,35.000,rpm,0.000,0.000622,0.000
2026-06-08T15:36:55.855,35.015,torque,0.000,0.000645,0.000
2026-06-08T15:36:55.858,35.031,rpm,0.000,0.000645,0.000
2026-06-08T15:36:55.868,35.031,rpm,0.000,0.000645,0.000
2026-06-08T15:36:55.900,35.062,rpm,0.000,0.000645,0.000
2026-06-08T15:36:55.919,35.094,rpm,0.000,0.000645,0.000
2026-06-08T15:36:55.935,35.109,rpm,0.000,0.000645,0.000
2026-06-08T15:36:55.937,35.109,torque,0.000,0.000641,0.000
2026-06-08T15:36:55.971,35.140,rpm,0.000,0.000641,0.000
2026-06-08T15:36:55.980,35.156,rpm,0.000,0.000641,0.000
2026-06-08T15:36:56.000,35.172,rpm,0.000,0.000641,0.000
2026-06-08T15:36:56.015,35.187,rpm,0.000,0.000641,0.000
2026-06-08T15:36:56.024,35.187,torque,0.000,0.000646,0.000
2026-06-08T15:36:56.048,35.219,rpm,0.000,0.000646,0.000
2026-06-08T15:36:56.062,35.234,rpm,0.000,0.000646,0.000
2026-06-08T15:36:56.079,35.250,rpm,0.000,0.000646,0.000
2026-06-08T15:36:56.094,35.265,rpm,0.000,0.000646,0.000
2026-06-08T15:36:56.112,35.281,rpm,0.000,0.000646,0.000
2026-06-08T15:36:56.113,35.281,torque,0.000,0.000533,0.000
2026-06-08T15:36:56.141,35.312,rpm,0.000,0.000533,0.000
2026-06-08T15:36:56.164,35.328,rpm,0.000,0.000533,0.000
2026-06-08T15:36:56.180,35.344,rpm,0.000,0.000533,0.000
2026-06-08T15:36:56.196,35.359,rpm,0.000,0.000533,0.000
2026-06-08T15:36:56.208,35.375,torque,0.000,0.000495,0.000
2026-06-08T15:36:56.216,35.390,rpm,0.000,0.000495,0.000
2026-06-08T15:36:56.248,35.422,rpm,0.000,0.000495,0.000
2026-06-08T15:36:56.258,35.422,rpm,0.000,0.000495,0.000
2026-06-08T15:36:56.284,35.453,rpm,0.000,0.000495,0.000
2026-06-08T15:36:56.285,35.453,rpm,0.000,0.000495,0.000
2026-06-08T15:36:56.285,35.453,torque,0.000,0.000398,0.000
2026-06-08T15:36:56.328,35.500,rpm,0.000,0.000398,0.000
2026-06-08T15:36:56.345,35.515,rpm,0.000,0.000398,0.000
2026-06-08T15:36:56.347,35.515,rpm,0.000,0.000398,0.000
2026-06-08T15:36:56.371,35.547,rpm,0.000,0.000398,0.000
2026-06-08T15:36:56.372,35.547,torque,0.000,0.000511,0.000
2026-06-08T15:36:56.402,35.578,rpm,0.000,0.000511,0.000
2026-06-08T15:36:56.416,35.578,rpm,0.000,0.000511,0.000
2026-06-08T15:36:56.439,35.609,rpm,0.000,0.000511,0.000
2026-06-08T15:36:56.460,35.625,rpm,0.000,0.000511,0.000
2026-06-08T15:36:56.466,35.640,torque,0.000,0.000497,0.000
2026-06-08T15:36:56.467,35.640,rpm,0.000,0.000497,0.000
2026-06-08T15:36:56.505,35.672,rpm,0.000,0.000497,0.000
2026-06-08T15:36:56.521,35.687,rpm,0.000,0.000497,0.000
2026-06-08T15:36:56.527,35.703,rpm,0.000,0.000497,0.000
2026-06-08T15:36:56.545,35.719,torque,0.000,0.000648,0.000
2026-06-08T15:36:56.546,35.719,rpm,0.000,0.000648,0.000
2026-06-08T15:36:56.610,35.781,rpm,0.000,0.000648,0.000
2026-06-08T15:36:56.639,35.812,torque,0.000,0.000522,0.000
2026-06-08T15:36:56.674,35.844,rpm,0.000,0.000522,0.000
2026-06-08T15:36:56.700,35.875,rpm,0.000,0.000522,0.000
2026-06-08T15:36:56.719,35.890,rpm,0.000,0.000522,0.000
2026-06-08T15:36:56.720,35.890,torque,0.000,0.000585,0.000
2026-06-08T15:36:56.737,35.906,rpm,0.000,0.000585,0.000
2026-06-08T15:36:56.773,35.937,rpm,0.000,0.000585,0.000
2026-06-08T15:36:56.777,35.953,rpm,0.000,0.000585,0.000
2026-06-08T15:36:56.785,35.953,rpm,0.000,0.000585,0.000
2026-06-08T15:36:56.806,35.969,torque,0.000,0.000546,0.000
2026-06-08T15:36:56.811,35.984,rpm,0.000,0.000546,0.000
2026-06-08T15:36:56.836,36.000,rpm,0.000,0.000546,0.000
2026-06-08T15:36:56.859,36.031,rpm,0.000,0.000546,0.000
2026-06-08T15:36:56.881,36.047,rpm,0.000,0.000546,0.000
2026-06-08T15:36:56.897,36.062,torque,0.000,0.000575,0.000
2026-06-08T15:36:56.898,36.062,rpm,0.000,0.000575,0.000
2026-06-08T15:36:56.933,36.094,rpm,0.000,0.000575,0.000
2026-06-08T15:36:56.961,36.125,rpm,0.000,0.000575,0.000
2026-06-08T15:36:56.977,36.140,rpm,0.000,0.000575,0.000
2026-06-08T15:36:56.986,36.156,torque,0.000,0.000582,0.000
2026-06-08T15:36:57.013,36.187,rpm,0.000,0.000582,0.000
2026-06-08T15:36:57.013,36.187,rpm,0.000,0.000582,0.000
2026-06-08T15:36:57.039,36.203,rpm,0.000,0.000582,0.000
2026-06-08T15:36:57.064,36.234,torque,0.000,0.000526,0.000
2026-06-08T15:36:57.065,36.234,rpm,0.000,0.000526,0.000
2026-06-08T15:36:57.090,36.265,rpm,0.000,0.000526,0.000
2026-06-08T15:36:57.118,36.281,rpm,0.000,0.000526,0.000
2026-06-08T15:36:57.129,36.297,rpm,0.000,0.000526,0.000
2026-06-08T15:36:57.136,36.297,rpm,0.000,0.000526,0.000
2026-06-08T15:36:57.153,36.328,torque,0.000,0.000543,0.000
