timestamp,elapsed_s,source,rpm,torque_nm,throttle_pct
2026-06-08T15:42:52.221,0.000,rpm,0.000,,
2026-06-08T15:42:52.221,0.000,rpm,0.000,,
2026-06-08T15:42:52.221,0.000,torque,0.000,0.062579,
2026-06-08T15:42:52.221,0.000,rpm,0.000,0.062579,
2026-06-08T15:42:52.221,0.000,rpm,0.000,0.062579,
2026-06-08T15:42:52.221,0.000,rpm,0.000,0.062579,
2026-06-08T15:42:52.221,0.000,torque,0.000,0.062583,
2026-06-08T15:42:52.221,0.000,rpm,0.000,0.062583,
2026-06-08T15:42:52.249,0.031,rpm,0.000,0.062583,
2026-06-08T15:42:52.289,0.078,rpm,0.000,0.062583,
2026-06-08T15:42:52.296,0.078,rpm,0.000,0.062583,
2026-06-08T15:42:52.306,0.094,rpm,0.000,0.062583,
2026-06-08T15:42:52.314,0.094,torque,0.000,0.062356,
2026-06-08T15:42:52.340,0.125,rpm,0.000,0.062356,
2026-06-08T15:42:52.351,0.140,rpm,0.000,0.062356,
2026-06-08T15:42:52.368,0.156,rpm,0.000,0.062356,
2026-06-08T15:42:52.385,0.172,torque,0.000,0.062478,
2026-06-08T15:42:52.387,0.172,rpm,0.000,0.062478,
2026-06-08T15:42:52.411,0.203,rpm,0.000,0.062478,
2026-06-08T15:42:52.440,0.219,rpm,0.000,0.062478,
2026-06-08T15:42:52.468,0.250,rpm,0.000,0.062478,
2026-06-08T15:42:52.473,0.265,torque,0.000,0.062571,
2026-06-08T15:42:52.492,0.281,rpm,0.000,0.062571,
2026-06-08T15:42:52.526,0.312,rpm,0.000,0.062571,
2026-06-08T15:42:52.526,0.312,rpm,0.000,0.062571,
2026-06-08T15:42:52.553,0.344,rpm,0.000,0.062571,
2026-06-08T15:42:52.568,0.359,torque,0.000,0.062334,
2026-06-08T15:42:52.570,0.359,rpm,0.000,0.062334,
2026-06-08T15:42:52.598,0.375,rpm,0.000,0.062334,
2026-06-08T15:42:52.608,0.390,rpm,0.000,0.062334,
2026-06-08T15:42:52.646,0.437,torque,0.000,0.062455,
2026-06-08T15:42:52.649,0.437,rpm,0.000,0.062455,
2026-06-08T15:42:52.665,0.453,rpm,0.000,0.062455,
2026-06-08T15:42:52.686,0.469,rpm,0.000,0.062455,
2026-06-08T15:42:52.693,0.484,rpm,0.000,0.062455,
2026-06-08T15:42:52.714,0.500,rpm,0.000,0.062455,
2026-06-08T15:42:52.732,0.515,torque,0.000,0.063099,
2026-06-08T15:42:52.739,0.515,rpm,0.000,0.063099,
2026-06-08T15:42:52.802,0.594,rpm,0.000,0.063099,
2026-06-08T15:42:52.824,0.609,torque,0.000,0.062978,
2026-06-08T15:42:52.847,0.625,rpm,0.000,0.062978,
2026-06-08T15:42:52.863,0.640,rpm,0.000,0.062978,
2026-06-08T15:42:52.902,0.687,rpm,0.000,0.062978,
2026-06-08T15:42:52.905,0.687,torque,0.000,0.062438,
2026-06-08T15:42:52.924,0.703,rpm,0.000,0.062438,
2026-06-08T15:42:52.958,0.750,rpm,0.000,0.062438,
2026-06-08T15:42:52.964,0.750,rpm,0.000,0.062438,
2026-06-08T15:42:52.985,0.765,rpm,0.000,0.062438,
2026-06-08T15:42:53.001,0.781,torque,0.000,0.062353,
2026-06-08T15:42:53.022,0.812,rpm,0.000,0.062353,
2026-06-08T15:42:53.024,0.812,rpm,0.000,0.062353,
2026-06-08T15:42:53.050,0.828,rpm,0.000,0.062353,
2026-06-08T15:42:53.074,0.859,rpm,0.000,0.062353,
2026-06-08T15:42:53.080,0.859,torque,0.000,0.062366,
2026-06-08T15:42:53.098,0.890,rpm,0.000,0.062366,
2026-06-08T15:42:53.132,0.922,rpm,0.000,0.062366,
2026-06-08T15:42:53.155,0.937,rpm,0.000,0.062366,
2026-06-08T15:42:53.177,0.969,torque,0.000,0.062433,
2026-06-08T15:42:53.178,0.969,rpm,0.000,0.062433,
2026-06-08T15:42:53.216,1.000,rpm,0.000,0.062433,
2026-06-08T15:42:53.242,1.031,rpm,0.000,0.062433,
2026-06-08T15:42:53.257,1.047,torque,0.000,0.062426,
2026-06-08T15:42:53.257,1.047,rpm,0.000,0.062426,
2026-06-08T15:42:53.272,1.062,rpm,0.000,0.062426,
2026-06-08T15:42:53.300,1.078,rpm,0.000,0.062426,
2026-06-08T15:42:53.320,1.109,rpm,0.000,0.062426,
2026-06-08T15:42:53.337,1.125,rpm,0.000,0.062426,
2026-06-08T15:42:53.339,1.125,torque,0.000,0.062379,
2026-06-08T15:42:53.354,1.140,rpm,0.000,0.062379,
2026-06-08T15:42:53.385,1.172,rpm,0.000,0.062379,
2026-06-08T15:42:53.385,1.172,rpm,0.000,0.062379,
2026-06-08T15:42:53.407,1.187,rpm,0.000,0.062379,
2026-06-08T15:42:53.434,1.219,torque,0.000,0.062467,
2026-06-08T15:42:53.435,1.219,rpm,0.000,0.062467,
2026-06-08T15:42:53.459,1.250,rpm,0.000,0.062467,
2026-06-08T15:42:53.491,1.281,rpm,0.000,0.062467,
2026-06-08T15:42:53.513,1.297,rpm,0.000,0.062467,
2026-06-08T15:42:53.514,1.297,torque,0.000,0.062466,
2026-06-08T15:42:53.549,1.328,rpm,0.000,0.062466,
2026-06-08T15:42:53.550,1.328,rpm,0.000,0.062466,
2026-06-08T15:42:53.577,1.359,rpm,0.000,0.062466,
2026-06-08T15:42:53.593,1.375,rpm,0.000,0.062466,
2026-06-08T15:42:53.607,1.390,torque,0.000,0.062426,
2026-06-08T15:42:53.629,1.406,rpm,0.000,0.062426,
2026-06-08T15:42:53.657,1.437,rpm,0.000,0.062426,
2026-06-08T15:42:53.674,1.453,rpm,0.000,0.062426,
2026-06-08T15:42:53.683,1.469,torque,0.000,0.062440,
2026-06-08T15:42:53.707,1.484,rpm,0.000,0.062440,
2026-06-08T15:42:53.720,1.500,rpm,0.000,0.062440,
2026-06-08T15:42:53.738,1.515,rpm,0.000,0.062440,
2026-06-08T15:42:53.768,1.547,rpm,0.000,0.062440,
2026-06-08T15:42:53.785,1.562,torque,0.000,0.062437,
2026-06-08T15:42:53.785,1.562,rpm,0.000,0.062437,
2026-06-08T15:42:53.808,1.594,rpm,0.000,0.062437,
2026-06-08T15:42:53.825,1.609,rpm,0.000,0.062437,
2026-06-08T15:42:53.850,1.640,rpm,0.000,0.062437,
2026-06-08T15:42:53.858,1.640,torque,0.000,0.062294,
2026-06-08T15:42:53.882,1.672,rpm,0.000,0.062294,
2026-06-08T15:42:53.898,1.687,rpm,0.000,0.062294,
2026-06-08T15:42:53.913,1.703,rpm,0.000,0.062294,
2026-06-08T15:42:53.928,1.719,rpm,0.000,0.062294,
2026-06-08T15:42:53.944,1.734,torque,0.000,0.062308,
2026-06-08T15:42:53.945,1.734,rpm,0.000,0.062308,
2026-06-08T15:42:53.981,1.765,rpm,0.000,0.062308,
2026-06-08T15:42:53.991,1.781,rpm,0.000,0.062308,
2026-06-08T15:42:54.008,1.797,rpm,0.000,0.062308,
2026-06-08T15:42:54.026,1.812,rpm,0.000,0.062308,
2026-06-08T15:42:54.030,1.812,torque,0.000,0.062440,
2026-06-08T15:42:54.059,1.844,rpm,0.000,0.062440,
2026-06-08T15:42:54.089,1.875,rpm,0.000,0.062440,
2026-06-08T15:42:54.089,1.875,rpm,0.000,0.062440,
2026-06-08T15:42:54.111,1.890,rpm,0.000,0.062440,
2026-06-08T15:42:54.116,1.906,torque,0.000,0.062485,
2026-06-08T15:42:54.149,1.937,rpm,0.000,0.062485,
2026-06-08T15:42:54.164,1.953,rpm,0.000,0.062485,
2026-06-08T15:42:54.186,1.969,rpm,0.000,0.062485,
2026-06-08T15:42:54.196,1.984,rpm,0.000,0.062485,
2026-06-08T15:42:54.203,1.984,torque,0.000,0.062246,
2026-06-08T15:42:54.237,2.015,rpm,0.000,0.062246,
2026-06-08T15:42:54.250,2.031,rpm,0.000,0.062246,
2026-06-08T15:42:54.277,2.062,rpm,0.000,0.062246,
2026-06-08T15:42:54.298,2.078,torque,0.000,0.062193,
2026-06-08T15:42:54.298,2.078,rpm,0.000,0.062193,
2026-06-08T15:42:54.328,2.109,rpm,0.000,0.062193,
2026-06-08T15:42:54.343,2.125,rpm,0.000,0.062193,
2026-06-08T15:42:54.351,2.140,rpm,0.000,0.062193,
2026-06-08T15:42:54.381,2.172,rpm,0.000,0.062193,
2026-06-08T15:42:54.381,2.172,torque,0.000,0.062238,
2026-06-08T15:42:54.408,2.187,rpm,0.000,0.062238,
2026-06-08T15:42:54.417,2.203,rpm,0.000,0.062238,
2026-06-08T15:42:54.439,2.219,rpm,0.000,0.062238,
2026-06-08T15:42:54.457,2.234,rpm,0.000,0.062238,
2026-06-08T15:42:54.473,2.250,torque,0.000,0.062308,
2026-06-08T15:42:54.513,2.297,rpm,0.000,0.062308,
2026-06-08T15:42:54.537,2.328,rpm,0.000,0.062308,
2026-06-08T15:42:54.555,2.344,rpm,0.000,0.062308,
2026-06-08T15:42:54.556,2.344,torque,0.000,0.062322,
2026-06-08T15:42:54.587,2.375,rpm,0.000,0.062322,
2026-06-08T15:42:54.597,2.375,rpm,0.000,0.062322,
2026-06-08T15:42:54.620,2.406,rpm,0.000,0.062322,
2026-06-08T15:42:54.630,2.422,rpm,0.000,0.062322,
2026-06-08T15:42:54.649,2.437,torque,0.000,0.062308,
2026-06-08T15:42:54.651,2.437,rpm,0.000,0.062308,
2026-06-08T15:42:54.680,2.469,rpm,0.000,0.062308,
2026-06-08T15:42:54.700,2.484,rpm,0.000,0.062308,
2026-06-08T15:42:54.718,2.500,rpm,0.000,0.062308,
2026-06-08T15:42:54.736,2.515,torque,0.000,0.062359,
2026-06-08T15:42:54.736,2.515,rpm,0.000,0.062359,
2026-06-08T15:42:54.764,2.547,rpm,0.000,0.062359,
2026-06-08T15:42:54.778,2.562,rpm,0.000,0.062359,
2026-06-08T15:42:54.792,2.578,rpm,0.000,0.062359,
2026-06-08T15:42:54.808,2.594,torque,0.000,0.062445,
2026-06-08T15:42:54.810,2.594,rpm,0.000,0.062445,
2026-06-08T15:42:54.844,2.625,rpm,0.000,0.062445,
2026-06-08T15:42:54.867,2.656,rpm,0.000,0.062445,
2026-06-08T15:42:54.888,2.672,rpm,0.000,0.062445,
2026-06-08T15:42:54.890,2.672,rpm,0.000,0.062445,
2026-06-08T15:42:54.905,2.687,torque,0.000,0.062372,
2026-06-08T15:42:54.929,2.719,rpm,0.000,0.062372,
2026-06-08T15:42:54.945,2.734,rpm,0.000,0.062372,
2026-06-08T15:42:54.973,2.750,rpm,0.000,0.062372,
2026-06-08T15:42:54.980,2.765,torque,0.000,0.062188,
2026-06-08T15:42:55.014,2.797,rpm,0.000,0.062188,
2026-06-08T15:42:55.023,2.812,rpm,0.000,0.062188,
2026-06-08T15:42:55.051,2.828,rpm,0.000,0.062188,
2026-06-08T15:42:55.076,2.859,torque,0.000,0.062266,
2026-06-08T15:42:55.084,2.875,rpm,0.000,0.062266,
2026-06-08T15:42:55.106,2.890,rpm,0.000,0.062266,
2026-06-08T15:42:55.126,2.906,rpm,0.000,0.062266,
2026-06-08T15:42:55.147,2.937,rpm,0.000,0.062266,
2026-06-08T15:42:55.164,2.953,torque,0.000,0.062849,
2026-06-08T15:42:55.164,2.953,rpm,0.000,0.062849,
2026-06-08T15:42:55.201,2.984,rpm,0.000,0.062849,
2026-06-08T15:42:55.204,2.984,rpm,0.000,0.062849,
2026-06-08T15:42:55.226,3.015,rpm,0.000,0.062849,
2026-06-08T15:42:55.243,3.031,torque,0.000,0.062630,
2026-06-08T15:42:55.244,3.031,rpm,0.000,0.062630,
2026-06-08T15:42:55.250,3.031,rpm,0.000,0.062630,
2026-06-08T15:42:55.288,3.078,rpm,0.000,0.062630,
2026-06-08T15:42:55.305,3.094,rpm,0.000,0.062630,
2026-06-08T15:42:55.320,3.109,rpm,0.000,0.062630,
2026-06-08T15:42:55.329,3.109,torque,0.000,0.062378,
2026-06-08T15:42:55.357,3.140,rpm,0.000,0.062378,
2026-06-08T15:42:55.361,3.140,rpm,0.000,0.062378,
2026-06-08T15:42:55.386,3.172,rpm,0.000,0.062378,
2026-06-08T15:42:55.397,3.187,rpm,0.000,0.062378,
2026-06-08T15:42:55.415,3.203,torque,0.000,0.062299,
2026-06-08T15:42:55.427,3.219,rpm,0.000,0.062299,
2026-06-08T15:42:55.439,3.219,rpm,0.000,0.062299,
2026-06-08T15:42:55.470,3.250,rpm,0.000,0.062299,
2026-06-08T15:42:55.482,3.265,rpm,0.000,0.062299,
2026-06-08T15:42:55.501,3.281,torque,0.000,0.062284,
2026-06-08T15:42:55.536,3.312,rpm,0.000,0.062284,
2026-06-08T15:42:55.563,3.344,rpm,0.000,0.062284,
2026-06-08T15:42:55.580,3.359,rpm,0.000,0.062284,
2026-06-08T15:42:55.595,3.375,torque,0.000,0.062190,
2026-06-08T15:42:55.630,3.422,rpm,0.000,0.062190,
2026-06-08T15:42:55.630,3.422,rpm,0.000,0.062190,
2026-06-08T15:42:55.647,3.437,rpm,0.000,0.062190,
2026-06-08T15:42:55.669,3.453,rpm,0.000,0.062190,
2026-06-08T15:42:55.675,3.453,torque,0.000,0.062197,
2026-06-08T15:42:55.677,3.469,rpm,0.000,0.062197,
2026-06-08T15:42:55.719,3.500,rpm,0.000,0.062197,
2026-06-08T15:42:55.737,3.515,rpm,0.000,0.062197,
2026-06-08T15:42:55.752,3.531,rpm,0.000,0.062197,
2026-06-08T15:42:55.768,3.547,torque,0.000,0.062340,
2026-06-08T15:42:55.780,3.562,rpm,0.000,0.062340,
2026-06-08T15:42:55.790,3.578,rpm,0.000,0.062340,
2026-06-08T15:42:55.804,3.594,rpm,0.000,0.062340,
2026-06-08T15:42:55.828,3.609,rpm,0.000,0.062340,
2026-06-08T15:42:55.850,3.640,torque,0.000,0.062386,
2026-06-08T15:42:55.850,3.640,rpm,0.000,0.062386,
2026-06-08T15:42:55.889,3.672,rpm,0.000,0.062386,
2026-06-08T15:42:55.912,3.703,rpm,0.000,0.062386,
2026-06-08T15:42:55.930,3.719,rpm,0.000,0.062386,
2026-06-08T15:42:55.945,3.734,torque,0.000,0.062270,
2026-06-08T15:42:55.946,3.734,rpm,0.000,0.062270,
2026-06-08T15:42:55.972,3.750,rpm,0.000,0.062270,
2026-06-08T15:42:55.989,3.781,rpm,0.000,0.062270,
2026-06-08T15:42:56.009,3.797,rpm,0.000,0.062270,
2026-06-08T15:42:56.024,3.812,torque,0.000,0.062263,
2026-06-08T15:42:56.024,3.812,rpm,0.000,0.062263,
2026-06-08T15:42:56.043,3.828,rpm,0.000,0.062263,
2026-06-08T15:42:56.072,3.859,rpm,0.000,0.062263,
2026-06-08T15:42:56.095,3.875,rpm,0.000,0.062263,
2026-06-08T15:42:56.111,3.890,rpm,0.000,0.062263,
2026-06-08T15:42:56.112,3.890,torque,0.000,0.062245,
2026-06-08T15:42:56.140,3.922,rpm,0.000,0.062245,
2026-06-08T15:42:56.158,3.937,rpm,0.000,0.062245,
2026-06-08T15:42:56.165,3.953,rpm,0.000,0.062245,
2026-06-08T15:42:56.187,3.969,rpm,0.000,0.062245,
2026-06-08T15:42:56.194,3.984,torque,0.000,0.062140,
2026-06-08T15:42:56.209,4.000,rpm,0.000,0.062140,
2026-06-08T15:42:56.231,4.015,rpm,0.000,0.062140,
2026-06-08T15:42:56.246,4.031,rpm,0.000,0.062140,
2026-06-08T15:42:56.274,4.062,rpm,0.000,0.062140,
2026-06-08T15:42:56.278,4.062,torque,0.000,0.062134,
2026-06-08T15:42:56.298,4.078,rpm,0.000,0.062134,
2026-06-08T15:42:56.329,4.109,rpm,0.000,0.062134,
2026-06-08T15:42:56.335,4.125,rpm,0.000,0.062134,
2026-06-08T15:42:56.351,4.140,rpm,0.000,0.062134,
2026-06-08T15:42:56.366,4.156,rpm,0.000,0.062134,
2026-06-08T15:42:56.367,4.156,torque,0.000,0.062229,
2026-06-08T15:42:56.405,4.187,rpm,0.000,0.062229,
2026-06-08T15:42:56.424,4.203,rpm,0.000,0.062229,
2026-06-08T15:42:56.425,4.203,rpm,0.000,0.062229,
2026-06-08T15:42:56.451,4.234,rpm,0.000,0.062229,
2026-06-08T15:42:56.455,4.234,torque,0.000,0.062178,
2026-06-08T15:42:56.473,4.250,rpm,0.000,0.062178,
2026-06-08T15:42:56.496,4.281,rpm,0.000,0.062178,
2026-06-08T15:42:56.519,4.297,rpm,0.000,0.062178,
2026-06-08T15:42:56.536,4.328,rpm,0.000,0.062178,
2026-06-08T15:42:56.552,4.344,torque,0.000,0.062221,
2026-06-08T15:42:56.574,4.359,rpm,0.000,0.062221,
2026-06-08T15:42:56.627,4.406,torque,0.000,0.062170,
2026-06-08T15:42:56.631,4.422,rpm,0.000,0.062170,
2026-06-08T15:42:56.651,4.437,rpm,0.000,0.062170,
2026-06-08T15:42:56.667,4.453,rpm,0.000,0.062170,
2026-06-08T15:42:56.682,4.469,rpm,0.000,0.062170,
2026-06-08T15:42:56.700,4.484,rpm,0.000,0.062170,
2026-06-08T15:42:56.714,4.500,torque,0.000,0.062324,
2026-06-08T15:42:56.742,4.531,rpm,0.000,0.062324,
2026-06-08T15:42:56.752,4.531,rpm,0.000,0.062324,
2026-06-08T15:42:56.775,4.562,rpm,0.000,0.062324,
2026-06-08T15:42:56.797,4.578,rpm,0.000,0.062324,
2026-06-08T15:42:56.807,4.594,torque,0.000,0.062303,
2026-06-08T15:42:56.814,4.594,rpm,0.000,0.062303,
2026-06-08T15:42:56.844,4.625,rpm,0.000,0.062303,
2026-06-08T15:42:56.850,4.640,rpm,0.000,0.062303,
2026-06-08T15:42:56.857,4.640,rpm,0.000,0.062303,
2026-06-08T15:42:56.885,4.672,torque,0.000,0.062252,
2026-06-08T15:42:56.885,4.672,rpm,0.000,0.062252,
2026-06-08T15:42:56.915,4.703,rpm,0.000,0.062252,
2026-06-08T15:42:56.936,4.719,rpm,0.000,0.062252,
2026-06-08T15:42:56.952,4.734,rpm,0.000,0.062252,
2026-06-08T15:42:56.970,4.750,rpm,0.000,0.062252,
2026-06-08T15:42:56.979,4.765,torque,0.000,0.062387,
2026-06-08T15:42:57.007,4.797,rpm,0.000,0.062387,
2026-06-08T15:42:57.008,4.797,rpm,0.000,0.062387,
2026-06-08T15:42:57.024,4.812,rpm,0.000,0.062387,
2026-06-08T15:42:57.050,4.828,rpm,0.000,0.062387,
2026-06-08T15:42:57.066,4.844,torque,0.000,0.062356,
2026-06-08T15:42:57.088,4.875,rpm,0.000,0.062356,
2026-06-08T15:42:57.088,4.875,rpm,0.000,0.062356,
2026-06-08T15:42:57.117,4.906,rpm,0.000,0.062356,
2026-06-08T15:42:57.147,4.937,torque,0.000,0.062064,
2026-06-08T15:42:57.152,4.937,rpm,0.000,0.062064,
2026-06-08T15:42:57.188,4.969,rpm,0.000,0.062064,
2026-06-08T15:42:57.195,4.984,rpm,0.000,0.062064,
2026-06-08T15:42:57.216,5.000,rpm,0.000,0.062064,
2026-06-08T15:42:57.241,5.031,torque,0.000,0.062031,
2026-06-08T15:42:57.241,5.031,rpm,0.000,0.062031,
2026-06-08T15:42:57.274,5.062,rpm,0.000,0.062031,
2026-06-08T15:42:57.280,5.062,rpm,0.000,0.062031,
2026-06-08T15:42:57.295,5.078,rpm,0.000,0.062031,
2026-06-08T15:42:57.321,5.109,rpm,0.000,0.062031,
2026-06-08T15:42:57.321,5.109,torque,0.000,0.062309,
2026-06-08T15:42:57.376,5.156,rpm,0.000,0.062309,
2026-06-08T15:42:57.402,5.187,rpm,0.000,0.062309,
2026-06-08T15:42:57.417,5.203,torque,0.000,0.062442,
2026-06-08T15:42:57.417,5.203,rpm,0.000,0.062442,
2026-06-08T15:42:57.438,5.219,rpm,0.000,0.062442,
2026-06-08T15:42:57.456,5.234,rpm,0.000,0.062442,
2026-06-08T15:42:57.480,5.265,rpm,0.000,0.062442,
2026-06-08T15:42:57.500,5.281,torque,0.000,0.062298,
2026-06-08T15:42:57.513,5.297,rpm,0.000,0.062298,
2026-06-08T15:42:57.524,5.312,rpm,0.000,0.062298,
2026-06-08T15:42:57.542,5.328,rpm,0.000,0.062298,
2026-06-08T15:42:57.567,5.359,rpm,0.000,0.062298,
2026-06-08T15:42:57.583,5.375,torque,0.000,0.062609,
2026-06-08T15:42:57.612,5.390,rpm,0.000,0.062609,
2026-06-08T15:42:57.619,5.406,rpm,0.000,0.062609,
2026-06-08T15:42:57.641,5.422,rpm,0.000,0.062609,
2026-06-08T15:42:57.657,5.437,rpm,0.000,0.062609,
2026-06-08T15:42:57.674,5.453,torque,0.000,0.062681,
2026-06-08T15:42:57.695,5.484,rpm,0.000,0.062681,
2026-06-08T15:42:57.697,5.484,rpm,0.000,0.062681,
2026-06-08T15:42:57.712,5.500,rpm,0.000,0.062681,
2026-06-08T15:42:57.736,5.515,rpm,0.000,0.062681,
2026-06-08T15:42:57.758,5.547,rpm,0.000,0.062681,
2026-06-08T15:42:57.759,5.547,torque,0.000,0.062205,
2026-06-08T15:42:57.800,5.578,rpm,0.000,0.062205,
2026-06-08T15:42:57.820,5.609,rpm,0.000,0.062205,
2026-06-08T15:42:57.850,5.640,torque,0.000,0.062209,
2026-06-08T15:42:57.879,5.656,rpm,0.000,0.062209,
2026-06-08T15:42:57.901,5.687,rpm,0.000,0.062209,
2026-06-08T15:42:57.911,5.687,rpm,0.000,0.062209,
2026-06-08T15:42:57.930,5.719,torque,0.000,0.062342,
2026-06-08T15:42:57.941,5.719,rpm,0.000,0.062342,
2026-06-08T15:42:57.972,5.750,rpm,0.000,0.062342,
2026-06-08T15:42:57.978,5.765,rpm,0.000,0.062342,
2026-06-08T15:42:57.993,5.781,rpm,0.000,0.062342,
2026-06-08T15:42:58.012,5.797,rpm,0.000,0.062342,
2026-06-08T15:42:58.012,5.797,torque,0.000,2.353802,
2026-06-08T15:42:58.043,5.828,rpm,0.000,2.353802,
2026-06-08T15:42:58.057,5.844,rpm,0.000,2.353802,
2026-06-08T15:42:58.075,5.859,rpm,0.000,2.353802,
2026-06-08T15:42:58.097,5.875,torque,0.000,15.882092,
2026-06-08T15:42:58.122,5.906,rpm,0.000,15.882092,
2026-06-08T15:42:58.136,5.922,rpm,0.000,15.882092,
2026-06-08T15:42:58.153,5.937,rpm,0.000,15.882092,
2026-06-08T15:42:58.172,5.953,rpm,0.000,15.882092,
2026-06-08T15:42:58.183,5.969,torque,0.000,0.062171,
2026-06-08T15:42:58.203,5.984,rpm,0.000,0.062171,
2026-06-08T15:42:58.229,6.015,rpm,0.000,0.062171,
2026-06-08T15:42:58.235,6.015,rpm,0.000,0.062171,
2026-06-08T15:42:58.265,6.047,rpm,0.000,0.062171,
2026-06-08T15:42:58.281,6.062,torque,0.000,0.062278,
2026-06-08T15:42:58.281,6.062,rpm,0.000,0.062278,
2026-06-08T15:42:58.300,6.078,rpm,0.000,0.062278,
2026-06-08T15:42:58.324,6.109,rpm,0.000,0.062278,
2026-06-08T15:42:58.346,6.125,rpm,0.000,0.062278,
2026-06-08T15:42:58.361,6.140,torque,0.000,0.062270,
2026-06-08T15:42:58.361,6.140,rpm,0.000,0.062270,
2026-06-08T15:42:58.388,6.172,rpm,0.000,0.062270,
2026-06-08T15:42:58.407,6.187,rpm,0.000,0.062270,
2026-06-08T15:42:58.438,6.219,rpm,0.000,0.062270,
2026-06-08T15:42:58.457,6.234,torque,0.000,0.062144,
2026-06-08T15:42:58.479,6.265,rpm,0.000,0.062144,
2026-06-08T15:42:58.507,6.297,rpm,0.000,0.062144,
2026-06-08T15:42:58.523,6.312,rpm,0.000,0.062144,
2026-06-08T15:42:58.538,6.328,torque,0.000,0.062047,
2026-06-08T15:42:58.555,6.344,rpm,0.000,0.062047,
2026-06-08T15:42:58.578,6.359,rpm,0.000,0.062047,
2026-06-08T15:42:58.601,6.390,rpm,0.000,0.062047,
2026-06-08T15:42:58.617,6.406,rpm,0.000,0.062047,
2026-06-08T15:42:58.617,6.406,torque,0.000,0.061975,
2026-06-08T15:42:58.652,6.437,rpm,0.000,0.061975,
2026-06-08T15:42:58.653,6.437,rpm,0.000,0.061975,
2026-06-08T15:42:58.683,6.469,rpm,0.000,0.061975,
2026-06-08T15:42:58.693,6.484,rpm,0.000,0.061975,
2026-06-08T15:42:58.713,6.500,torque,0.000,0.062121,
2026-06-08T15:42:58.730,6.515,rpm,0.000,0.062121,
2026-06-08T15:42:58.742,6.531,rpm,0.000,0.062121,
2026-06-08T15:42:58.756,6.547,rpm,0.000,0.062121,
2026-06-08T15:42:58.777,6.562,rpm,0.000,0.062121,
2026-06-08T15:42:58.793,6.578,torque,0.000,0.062268,
2026-06-08T15:42:58.794,6.578,rpm,0.000,0.062268,
2026-06-08T15:42:58.829,6.609,rpm,0.000,0.062268,
2026-06-08T15:42:58.840,6.625,rpm,0.000,0.062268,
2026-06-08T15:42:58.859,6.640,rpm,0.000,0.062268,
2026-06-08T15:42:58.889,6.672,torque,0.000,0.062257,
2026-06-08T15:42:58.890,6.672,rpm,0.000,0.062257,
2026-06-08T15:42:58.911,6.703,rpm,0.000,0.062257,
2026-06-08T15:42:58.930,6.719,rpm,0.000,0.062257,
2026-06-08T15:42:58.939,6.719,rpm,0.000,0.062257,
2026-06-08T15:42:58.959,6.750,rpm,0.000,0.062257,
2026-06-08T15:42:58.961,6.750,torque,0.000,0.062245,
2026-06-08T15:42:58.995,6.781,rpm,0.000,0.062245,
2026-06-08T15:42:59.002,6.781,rpm,0.000,0.062245,
2026-06-08T15:42:59.020,6.812,rpm,0.000,0.062245,
2026-06-08T15:42:59.050,6.828,rpm,0.000,0.062245,
2026-06-08T15:42:59.051,6.828,torque,0.000,0.062241,
2026-06-08T15:42:59.075,6.859,rpm,0.000,0.062241,
2026-06-08T15:42:59.093,6.875,rpm,0.000,0.062241,
2026-06-08T15:42:59.099,6.890,rpm,0.000,0.062241,
2026-06-08T15:42:59.129,6.906,rpm,0.000,0.062241,
2026-06-08T15:42:59.145,6.922,torque,0.000,0.062011,
2026-06-08T15:42:59.170,6.953,rpm,0.000,0.062011,
2026-06-08T15:42:59.195,6.984,rpm,0.000,0.062011,
2026-06-08T15:42:59.211,7.000,rpm,0.000,0.062011,
2026-06-08T15:42:59.225,7.015,torque,0.000,0.062070,
2026-06-08T15:42:59.229,7.015,rpm,0.000,0.062070,
2026-06-08T15:42:59.266,7.047,rpm,0.000,0.062070,
2026-06-08T15:42:59.282,7.062,rpm,0.000,0.062070,
2026-06-08T15:42:59.305,7.094,rpm,0.000,0.062070,
2026-06-08T15:42:59.322,7.109,rpm,0.000,0.062070,
2026-06-08T15:42:59.322,7.109,torque,0.000,0.062214,
2026-06-08T15:42:59.355,7.140,rpm,0.000,0.062214,
2026-06-08T15:42:59.356,7.140,rpm,0.000,0.062214,
2026-06-08T15:42:59.385,7.172,rpm,0.000,0.062214,
2026-06-08T15:42:59.401,7.187,torque,0.000,0.062351,
2026-06-08T15:42:59.402,7.187,rpm,0.000,0.062351,
2026-06-08T15:42:59.435,7.219,rpm,0.000,0.062351,
2026-06-08T15:42:59.453,7.234,rpm,0.000,0.062351,
2026-06-08T15:42:59.461,7.250,rpm,0.000,0.062351,
2026-06-08T15:42:59.482,7.265,rpm,0.000,0.062351,
2026-06-08T15:42:59.483,7.265,torque,0.000,0.062185,
2026-06-08T15:42:59.518,7.297,rpm,0.000,0.062185,
2026-06-08T15:42:59.543,7.328,rpm,0.000,0.062185,
2026-06-08T15:42:59.560,7.344,rpm,0.000,0.062185,
2026-06-08T15:42:59.576,7.359,torque,0.000,0.062059,
2026-06-08T15:42:59.594,7.375,rpm,0.000,0.062059,
2026-06-08T15:42:59.595,7.375,rpm,0.000,0.062059,
2026-06-08T15:42:59.622,7.406,rpm,0.000,0.062059,
2026-06-08T15:42:59.641,7.422,rpm,0.000,0.062059,
2026-06-08T15:42:59.657,7.437,torque,0.000,0.062097,
2026-06-08T15:42:59.661,7.453,rpm,0.000,0.062097,
2026-06-08T15:42:59.671,7.453,rpm,0.000,0.062097,
2026-06-08T15:42:59.705,7.484,rpm,0.000,0.062097,
2026-06-08T15:42:59.739,7.531,torque,0.000,0.062145,
2026-06-08T15:42:59.769,7.547,rpm,0.000,0.062145,
2026-06-08T15:42:59.784,7.562,rpm,0.000,0.062145,
2026-06-08T15:42:59.805,7.594,rpm,0.000,0.062145,
2026-06-08T15:42:59.813,7.594,rpm,0.000,0.062145,
2026-06-08T15:42:59.833,7.625,torque,0.000,0.062272,
2026-06-08T15:42:59.842,7.625,rpm,0.000,0.062272,
2026-06-08T15:42:59.866,7.656,rpm,0.000,0.062272,
2026-06-08T15:42:59.892,7.672,rpm,0.000,0.062272,
2026-06-08T15:42:59.913,7.703,rpm,0.000,0.062272,
2026-06-08T15:42:59.913,7.703,rpm,0.000,0.062272,
2026-06-08T15:42:59.923,7.703,torque,0.000,0.062431,
2026-06-08T15:42:59.947,7.734,rpm,0.000,0.062431,
2026-06-08T15:42:59.966,7.750,rpm,0.000,0.062431,
2026-06-08T15:42:59.993,7.781,rpm,0.000,0.062431,
2026-06-08T15:43:00.009,7.797,rpm,0.000,0.062431,
2026-06-08T15:43:00.009,7.797,torque,0.000,0.062828,
2026-06-08T15:43:00.045,7.828,rpm,0.000,0.062828,
2026-06-08T15:43:00.045,7.828,rpm,0.000,0.062828,
2026-06-08T15:43:00.063,7.844,rpm,0.000,0.062828,
2026-06-08T15:43:00.089,7.875,torque,0.000,0.062818,
2026-06-08T15:43:00.089,7.875,rpm,0.000,0.062818,
2026-06-08T15:43:00.107,7.890,rpm,0.000,0.062818,
2026-06-08T15:43:00.133,7.922,rpm,0.000,0.062818,
2026-06-08T15:43:00.152,7.937,rpm,0.000,0.062818,
2026-06-08T15:43:00.168,7.953,rpm,0.000,0.062818,
2026-06-08T15:43:00.184,7.969,torque,0.000,0.062463,
2026-06-08T15:43:00.197,7.984,rpm,0.000,0.062463,
2026-06-08T15:43:00.221,8.000,rpm,0.000,0.062463,
2026-06-08T15:43:00.237,8.015,rpm,0.000,0.062463,
2026-06-08T15:43:00.252,8.031,rpm,0.000,0.062463,
2026-06-08T15:43:00.267,8.047,torque,0.000,0.062052,
2026-06-08T15:43:00.268,8.047,rpm,0.000,0.062052,
2026-06-08T15:43:00.305,8.094,rpm,0.000,0.062052,
2026-06-08T15:43:00.312,8.094,rpm,0.000,0.062052,
2026-06-08T15:43:00.336,8.125,rpm,0.000,0.062052,
2026-06-08T15:43:00.356,8.140,torque,0.000,0.061780,
2026-06-08T15:43:00.384,8.172,rpm,0.000,0.061780,
2026-06-08T15:43:00.411,8.203,rpm,0.000,0.061780,
2026-06-08T15:43:00.430,8.219,rpm,0.000,0.061780,
2026-06-08T15:43:00.436,8.219,torque,0.000,0.061751,
2026-06-08T15:43:00.460,8.250,rpm,0.000,0.061751,
2026-06-08T15:43:00.475,8.265,rpm,0.000,0.061751,
2026-06-08T15:43:00.479,8.265,rpm,0.000,0.061751,
2026-06-08T15:43:00.507,8.297,rpm,0.000,0.061751,
2026-06-08T15:43:00.522,8.312,rpm,0.000,0.061751,
2026-06-08T15:43:00.523,8.312,torque,0.000,0.061809,
2026-06-08T15:43:00.556,8.344,rpm,0.000,0.061809,
2026-06-08T15:43:00.569,8.359,rpm,0.000,0.061809,
2026-06-08T15:43:00.585,8.375,rpm,0.000,0.061809,
2026-06-08T15:43:00.601,8.390,rpm,0.000,0.061809,
2026-06-08T15:43:00.616,8.406,torque,0.000,0.061889,
2026-06-08T15:43:00.633,8.422,rpm,0.000,0.061889,
2026-06-08T15:43:00.650,8.437,rpm,0.000,0.061889,
2026-06-08T15:43:00.673,8.453,rpm,0.000,0.061889,
2026-06-08T15:43:00.699,8.484,rpm,0.000,0.061889,
2026-06-08T15:43:00.699,8.484,torque,0.000,0.061878,
2026-06-08T15:43:00.714,8.500,rpm,0.000,0.061878,
2026-06-08T15:43:00.744,8.531,rpm,0.000,0.061878,
2026-06-08T15:43:00.753,8.531,rpm,0.000,0.061878,
2026-06-08T15:43:00.775,8.562,rpm,0.000,0.061878,
2026-06-08T15:43:00.793,8.578,torque,0.000,0.061858,
2026-06-08T15:43:00.794,8.578,rpm,0.000,0.061858,
2026-06-08T15:43:00.812,8.594,rpm,0.000,0.061858,
2026-06-08T15:43:00.826,8.609,rpm,0.000,0.061858,
2026-06-08T15:43:00.866,8.656,torque,0.000,0.061849,
2026-06-08T15:43:00.870,8.656,rpm,0.000,0.061849,
2026-06-08T15:43:00.890,8.672,rpm,0.000,0.061849,
2026-06-08T15:43:00.913,8.703,rpm,0.000,0.061849,
2026-06-08T15:43:00.937,8.719,rpm,0.000,0.061849,
2026-06-08T15:43:00.952,8.734,rpm,0.000,0.061849,
2026-06-08T15:43:00.953,8.734,torque,0.000,0.061786,
2026-06-08T15:43:01.027,8.812,rpm,0.000,0.061786,
2026-06-08T15:43:01.049,8.828,torque,0.000,0.061849,
2026-06-08T15:43:01.051,8.828,rpm,0.000,0.061849,
2026-06-08T15:43:01.083,8.875,rpm,0.000,0.061849,
2026-06-08T15:43:01.100,8.890,rpm,0.000,0.061849,
2026-06-08T15:43:01.100,8.890,rpm,0.000,0.061849,
2026-06-08T15:43:01.132,8.922,rpm,0.000,0.061849,
2026-06-08T15:43:01.132,8.922,torque,0.000,0.061812,
2026-06-08T15:43:01.147,8.937,rpm,0.000,0.061812,
2026-06-08T15:43:01.181,8.969,rpm,0.000,0.061812,
2026-06-08T15:43:01.194,8.984,rpm,0.000,0.061812,
2026-06-08T15:43:01.210,9.000,rpm,0.000,0.061812,
2026-06-08T15:43:01.218,9.000,torque,0.000,0.061949,
2026-06-08T15:43:01.240,9.031,rpm,0.000,0.061949,
2026-06-08T15:43:01.300,9.078,torque,0.000,0.062110,
2026-06-08T15:43:01.335,9.125,rpm,0.000,0.062110,
2026-06-08T15:43:01.355,9.140,rpm,0.000,0.062110,
2026-06-08T15:43:01.369,9.156,rpm,0.000,0.062110,
2026-06-08T15:43:01.386,9.172,torque,0.000,0.062065,
2026-06-08T15:43:01.397,9.187,rpm,0.000,0.062065,
2026-06-08T15:43:01.411,9.203,rpm,0.000,0.062065,
2026-06-08T15:43:01.433,9.219,rpm,0.000,0.062065,
2026-06-08T15:43:01.451,9.234,rpm,0.000,0.062065,
2026-06-08T15:43:01.468,9.250,rpm,0.000,0.062065,
2026-06-08T15:43:01.472,9.250,torque,0.000,0.062009,
2026-06-08T15:43:01.497,9.281,rpm,0.000,0.062009,
2026-06-08T15:43:01.520,9.297,rpm,0.000,0.062009,
2026-06-08T15:43:01.535,9.312,rpm,0.000,0.062009,
2026-06-08T15:43:01.556,9.344,rpm,0.000,0.062009,
2026-06-08T15:43:01.559,9.344,torque,0.000,0.061988,
2026-06-08T15:43:01.587,9.375,rpm,0.000,0.061988,
2026-06-08T15:43:01.593,9.375,rpm,0.000,0.061988,
2026-06-08T15:43:01.612,9.390,rpm,0.000,0.061988,
2026-06-08T15:43:01.642,9.422,rpm,0.000,0.061988,
2026-06-08T15:43:01.653,9.437,torque,0.000,0.061995,
2026-06-08T15:43:01.660,9.437,rpm,0.000,0.061995,
2026-06-08T15:43:01.692,9.469,rpm,0.000,0.061995,
2026-06-08T15:43:01.692,9.469,rpm,0.000,0.061995,
2026-06-08T15:43:01.722,9.500,rpm,0.000,0.061995,
2026-06-08T15:43:01.739,9.515,torque,0.000,0.061827,
2026-06-08T15:43:01.740,9.531,rpm,0.000,0.061827,
2026-06-08T15:43:01.770,9.562,rpm,0.000,0.061827,
2026-06-08T15:43:01.771,9.562,rpm,0.000,0.061827,
2026-06-08T15:43:01.781,9.562,rpm,0.000,0.061827,
2026-06-08T15:43:01.811,9.594,rpm,0.000,0.061827,
2026-06-08T15:43:01.833,9.625,torque,0.000,0.061808,
2026-06-08T15:43:01.834,9.625,rpm,0.000,0.061808,
2026-06-08T15:43:01.851,9.640,rpm,0.000,0.061808,
2026-06-08T15:43:01.872,9.656,rpm,0.000,0.061808,
2026-06-08T15:43:01.898,9.687,rpm,0.000,0.061808,
2026-06-08T15:43:01.914,9.703,torque,0.000,0.061849,
2026-06-08T15:43:01.914,9.703,rpm,0.000,0.061849,
2026-06-08T15:43:01.948,9.734,rpm,0.000,0.061849,
2026-06-08T15:43:01.965,9.750,rpm,0.000,0.061849,
2026-06-08T15:43:01.966,9.750,rpm,0.000,0.061849,
2026-06-08T15:43:01.989,9.765,rpm,0.000,0.061849,
2026-06-08T15:43:01.992,9.781,torque,0.000,0.061806,
2026-06-08T15:43:02.025,9.812,rpm,0.000,0.061806,
2026-06-08T15:43:02.026,9.812,rpm,0.000,0.061806,
2026-06-08T15:43:02.049,9.828,rpm,0.000,0.061806,
2026-06-08T15:43:02.074,9.859,rpm,0.000,0.061806,
2026-06-08T15:43:02.088,9.875,torque,0.000,0.061829,
2026-06-08T15:43:02.091,9.875,rpm,0.000,0.061829,
2026-06-08T15:43:02.116,9.906,rpm,0.000,0.061829,
2026-06-08T15:43:02.138,9.922,rpm,0.000,0.061829,
2026-06-08T15:43:02.153,9.937,rpm,0.000,0.061829,
2026-06-08T15:43:02.171,9.953,torque,0.000,0.061799,
2026-06-08T15:43:02.171,9.953,rpm,0.000,0.061799,
2026-06-08T15:43:02.205,9.984,rpm,0.000,0.061799,
2026-06-08T15:43:02.222,10.000,rpm,0.000,0.061799,
2026-06-08T15:43:02.239,10.031,rpm,0.000,0.061799,
2026-06-08T15:43:02.251,10.031,torque,0.000,0.061960,
2026-06-08T15:43:02.267,10.047,rpm,0.000,0.061960,
2026-06-08T15:43:02.299,10.078,rpm,0.000,0.061960,
2026-06-08T15:43:02.314,10.094,rpm,0.000,0.061960,
2026-06-08T15:43:02.335,10.125,rpm,0.000,0.061960,
2026-06-08T15:43:02.337,10.125,torque,0.000,0.062163,
2026-06-08T15:43:02.354,10.140,rpm,0.000,0.062163,
2026-06-08T15:43:02.376,10.156,rpm,0.000,0.062163,
2026-06-08T15:43:02.393,10.172,rpm,0.000,0.062163,
2026-06-08T15:43:02.416,10.203,rpm,0.000,0.062163,
2026-06-08T15:43:02.426,10.203,torque,0.000,0.062482,
2026-06-08T15:43:02.427,10.219,rpm,0.000,0.062482,
2026-06-08T15:43:02.462,10.250,rpm,0.000,0.062482,
2026-06-08T15:43:02.475,10.265,rpm,0.000,0.062482,
2026-06-08T15:43:02.493,10.281,rpm,0.000,0.062482,
2026-06-08T15:43:02.507,10.297,rpm,0.000,0.062482,
2026-06-08T15:43:02.522,10.312,torque,0.000,0.062425,
2026-06-08T15:43:02.540,10.328,rpm,0.000,0.062425,
2026-06-08T15:43:02.557,10.344,rpm,0.000,0.062425,
2026-06-08T15:43:02.571,10.359,rpm,0.000,0.062425,
2026-06-08T15:43:02.597,10.375,rpm,0.000,0.062425,
2026-06-08T15:43:02.598,10.375,torque,0.000,0.062060,
2026-06-08T15:43:02.627,10.406,rpm,0.000,0.062060,
2026-06-08T15:43:02.633,10.422,rpm,0.000,0.062060,
2026-06-08T15:43:02.655,10.437,rpm,0.000,0.062060,
2026-06-08T15:43:02.682,10.469,rpm,0.000,0.062060,
2026-06-08T15:43:02.698,10.484,torque,0.000,0.062104,
2026-06-08T15:43:02.699,10.484,rpm,0.000,0.062104,
2026-06-08T15:43:02.725,10.515,rpm,0.000,0.062104,
2026-06-08T15:43:02.736,10.515,rpm,0.000,0.062104,
2026-06-08T15:43:02.758,10.547,rpm,0.000,0.062104,
2026-06-08T15:43:02.776,10.562,torque,0.000,0.062109,
2026-06-08T15:43:02.778,10.562,rpm,0.000,0.062109,
2026-06-08T15:43:02.809,10.594,rpm,0.000,0.062109,
2026-06-08T15:43:02.809,10.594,rpm,0.000,0.062109,
2026-06-08T15:43:02.851,10.640,rpm,0.000,0.062109,
2026-06-08T15:43:02.857,10.640,torque,0.000,0.062052,
2026-06-08T15:43:02.874,10.656,rpm,0.000,0.062052,
2026-06-08T15:43:02.905,10.687,rpm,0.000,0.062052,
2026-06-08T15:43:02.916,10.703,rpm,0.000,0.062052,
2026-06-08T15:43:02.938,10.719,rpm,0.000,0.062052,
2026-06-08T15:43:02.952,10.734,torque,0.000,0.062141,
2026-06-08T15:43:02.971,10.750,rpm,0.000,0.062141,
2026-06-08T15:43:02.971,10.750,rpm,0.000,0.062141,
2026-06-08T15:43:03.002,10.781,rpm,0.000,0.062141,
2026-06-08T15:43:03.019,10.797,rpm,0.000,0.062141,
2026-06-08T15:43:03.033,10.812,torque,0.000,0.062246,
2026-06-08T15:43:03.034,10.812,rpm,0.000,0.062246,
2026-06-08T15:43:03.069,10.859,rpm,0.000,0.062246,
2026-06-08T15:43:03.079,10.859,rpm,0.000,0.062246,
2026-06-08T15:43:03.098,10.875,rpm,0.000,0.062246,
2026-06-08T15:43:03.119,10.906,torque,0.000,0.062173,
2026-06-08T15:43:03.119,10.906,rpm,0.000,0.062173,
2026-06-08T15:43:03.145,10.937,rpm,0.000,0.062173,
2026-06-08T15:43:03.169,10.953,rpm,0.000,0.062173,
2026-06-08T15:43:03.190,10.969,rpm,0.000,0.062173,
2026-06-08T15:43:03.192,10.984,rpm,0.000,0.062173,
2026-06-08T15:43:03.208,11.000,torque,0.000,0.062167,
2026-06-08T15:43:03.219,11.000,rpm,0.000,0.062167,
2026-06-08T15:43:03.242,11.031,rpm,0.000,0.062167,
2026-06-08T15:43:03.263,11.047,rpm,0.000,0.062167,
2026-06-08T15:43:03.273,11.062,rpm,0.000,0.062167,
2026-06-08T15:43:03.290,11.078,torque,0.000,0.062171,
2026-06-08T15:43:03.321,11.109,rpm,0.000,0.062171,
2026-06-08T15:43:03.337,11.125,rpm,0.000,0.062171,
2026-06-08T15:43:03.359,11.140,rpm,0.000,0.062171,
2026-06-08T15:43:03.385,11.172,torque,0.000,0.062092,
2026-06-08T15:43:03.385,11.172,rpm,0.000,0.062092,
2026-06-08T15:43:03.396,11.187,rpm,0.000,0.062092,
2026-06-08T15:43:03.417,11.203,rpm,0.000,0.062092,
2026-06-08T15:43:03.435,11.219,rpm,0.000,0.062092,
2026-06-08T15:43:03.451,11.234,rpm,0.000,0.062092,
2026-06-08T15:43:03.466,11.250,torque,0.000,0.062023,
2026-06-08T15:43:03.472,11.250,rpm,0.000,0.062023,
2026-06-08T15:43:03.510,11.297,rpm,0.000,0.062023,
2026-06-08T15:43:03.529,11.312,rpm,0.000,0.062023,
2026-06-08T15:43:03.545,11.328,rpm,0.000,0.062023,
2026-06-08T15:43:03.561,11.344,torque,0.000,0.062108,
2026-06-08T15:43:03.616,11.406,rpm,0.000,0.062108,
2026-06-08T15:43:03.627,11.406,rpm,0.000,0.062108,
2026-06-08T15:43:03.641,11.422,torque,0.000,0.062266,
2026-06-08T15:43:03.678,11.469,rpm,0.000,0.062266,
2026-06-08T15:43:03.685,11.469,rpm,0.000,0.062266,
2026-06-08T15:43:03.712,11.500,rpm,0.000,0.062266,
2026-06-08T15:43:03.721,11.500,torque,0.000,0.062312,
2026-06-08T15:43:03.739,11.531,rpm,0.000,0.062312,
2026-06-08T15:43:03.768,11.547,rpm,0.000,0.062312,
2026-06-08T15:43:03.784,11.562,rpm,0.000,0.062312,
2026-06-08T15:43:03.801,11.578,rpm,0.000,0.062312,
2026-06-08T15:43:03.816,11.594,torque,0.000,0.062233,
2026-06-08T15:43:03.835,11.625,rpm,0.000,0.062233,
2026-06-08T15:43:03.836,11.625,rpm,0.000,0.062233,
2026-06-08T15:43:03.851,11.640,rpm,0.000,0.062233,
2026-06-08T15:43:03.876,11.656,rpm,0.000,0.062233,
2026-06-08T15:43:03.897,11.687,torque,0.000,0.062184,
2026-06-08T15:43:03.898,11.687,rpm,0.000,0.062184,
2026-06-08T15:43:03.913,11.703,rpm,0.000,0.062184,
2026-06-08T15:43:03.946,11.734,rpm,0.000,0.062184,
2026-06-08T15:43:03.962,11.750,rpm,0.000,0.062184,
2026-06-08T15:43:03.978,11.765,rpm,0.000,0.062184,
2026-06-08T15:43:03.993,11.781,torque,0.000,0.062120,
2026-06-08T15:43:03.995,11.781,rpm,0.000,0.062120,
2026-06-08T15:43:04.026,11.812,rpm,0.000,0.062120,
2026-06-08T15:43:04.042,11.828,rpm,0.000,0.062120,
2026-06-08T15:43:04.057,11.844,rpm,0.000,0.062120,
2026-06-08T15:43:04.069,11.859,torque,0.000,0.062077,
2026-06-08T15:43:04.089,11.875,rpm,0.000,0.062077,
2026-06-08T15:43:04.090,11.875,rpm,0.000,0.062077,
2026-06-08T15:43:04.112,11.890,rpm,0.000,0.062077,
2026-06-08T15:43:04.138,11.922,rpm,0.000,0.062077,
2026-06-08T15:43:04.153,11.937,rpm,0.000,0.062077,
2026-06-08T15:43:04.156,11.937,torque,0.000,0.062141,
2026-06-08T15:43:04.188,11.969,rpm,0.000,0.062141,
2026-06-08T15:43:04.198,11.984,rpm,0.000,0.062141,
2026-06-08T15:43:04.219,12.000,rpm,0.000,0.062141,
2026-06-08T15:43:04.235,12.015,rpm,0.000,0.062141,
2026-06-08T15:43:04.241,12.031,torque,0.000,0.062068,
2026-06-08T15:43:04.278,12.062,rpm,0.000,0.062068,
2026-06-08T15:43:04.298,12.078,rpm,0.000,0.062068,
2026-06-08T15:43:04.316,12.094,rpm,0.000,0.062068,
2026-06-08T15:43:04.327,12.109,torque,0.000,0.061977,
2026-06-08T15:43:04.345,12.125,rpm,0.000,0.061977,
2026-06-08T15:43:04.372,12.156,rpm,0.000,0.061977,
2026-06-08T15:43:04.387,12.172,rpm,0.000,0.061977,
2026-06-08T15:43:04.388,12.172,rpm,0.000,0.061977,
2026-06-08T15:43:04.413,12.203,torque,0.000,0.062020,
2026-06-08T15:43:04.440,12.219,rpm,0.000,0.062020,
2026-06-08T15:43:04.459,12.250,rpm,0.000,0.062020,
2026-06-08T15:43:04.481,12.265,rpm,0.000,0.062020,
2026-06-08T15:43:04.505,12.297,rpm,0.000,0.062020,
2026-06-08T15:43:04.505,12.297,torque,0.000,0.062007,
2026-06-08T15:43:04.539,12.328,rpm,0.000,0.062007,
2026-06-08T15:43:04.549,12.328,rpm,0.000,0.062007,
2026-06-08T15:43:04.577,12.359,rpm,0.000,0.062007,
2026-06-08T15:43:04.601,12.390,torque,0.000,0.062158,
2026-06-08T15:43:04.601,12.390,rpm,0.000,0.062158,
2026-06-08T15:43:04.633,12.422,rpm,0.000,0.062158,
2026-06-08T15:43:04.650,12.437,rpm,0.000,0.062158,
2026-06-08T15:43:04.665,12.453,rpm,0.000,0.062158,
2026-06-08T15:43:04.682,12.469,torque,0.000,0.062242,
2026-06-08T15:43:04.701,12.484,rpm,0.000,0.062242,
2026-06-08T15:43:04.716,12.500,rpm,0.000,0.062242,
2026-06-08T15:43:04.746,12.531,rpm,0.000,0.062242,
2026-06-08T15:43:04.756,12.547,rpm,0.000,0.062242,
2026-06-08T15:43:04.761,12.547,torque,0.000,0.062145,
2026-06-08T15:43:04.776,12.562,rpm,0.000,0.062145,
2026-06-08T15:43:04.802,12.594,rpm,0.000,0.062145,
2026-06-08T15:43:04.825,12.609,rpm,0.000,0.062145,
2026-06-08T15:43:04.842,12.625,rpm,0.000,0.062145,
2026-06-08T15:43:04.857,12.640,torque,0.000,0.062624,
2026-06-08T15:43:04.859,12.640,rpm,0.000,0.062624,
2026-06-08T15:43:04.891,12.672,rpm,0.000,0.062624,
2026-06-08T15:43:04.892,12.672,rpm,0.000,0.062624,
2026-06-08T15:43:04.922,12.703,rpm,0.000,0.062624,
2026-06-08T15:43:04.938,12.719,torque,0.000,0.062670,
2026-06-08T15:43:04.940,12.719,rpm,0.000,0.062670,
2026-06-08T15:43:04.969,12.750,rpm,0.000,0.062670,
2026-06-08T15:43:04.984,12.765,rpm,0.000,0.062670,
2026-06-08T15:43:04.999,12.781,rpm,0.000,0.062670,
2026-06-08T15:43:05.014,12.797,rpm,0.000,0.062670,
2026-06-08T15:43:05.030,12.812,torque,0.000,0.062208,
2026-06-08T15:43:05.046,12.828,rpm,0.000,0.062208,
2026-06-08T15:43:05.066,12.844,rpm,0.000,0.062208,
2026-06-08T15:43:05.083,12.875,rpm,0.000,0.062208,
2026-06-08T15:43:05.100,12.890,rpm,0.000,0.062208,
2026-06-08T15:43:05.116,12.906,torque,0.000,0.061875,
2026-06-08T15:43:05.123,12.906,rpm,0.000,0.061875,
2026-06-08T15:43:05.142,12.922,rpm,0.000,0.061875,
2026-06-08T15:43:05.159,12.937,rpm,0.000,0.061875,
2026-06-08T15:43:05.184,12.969,rpm,0.000,0.061875,
2026-06-08T15:43:05.205,12.984,torque,0.000,0.061888,
2026-06-08T15:43:05.205,12.984,rpm,0.000,0.061888,
2026-06-08T15:43:05.226,13.015,rpm,0.000,0.061888,
2026-06-08T15:43:05.247,13.031,rpm,0.000,0.061888,
2026-06-08T15:43:05.267,13.047,rpm,0.000,0.061888,
2026-06-08T15:43:05.272,13.062,rpm,0.000,0.061888,
2026-06-08T15:43:05.288,13.078,torque,0.000,0.061879,
2026-06-08T15:43:05.289,13.078,rpm,0.000,0.061879,
2026-06-08T15:43:05.320,13.109,rpm,0.000,0.061879,
2026-06-08T15:43:05.339,13.125,rpm,0.000,0.061879,
2026-06-08T15:43:05.353,13.140,rpm,0.000,0.061879,
2026-06-08T15:43:05.368,13.156,torque,0.000,0.061682,
2026-06-08T15:43:05.370,13.156,rpm,0.000,0.061682,
2026-06-08T15:43:05.405,13.187,rpm,0.000,0.061682,
2026-06-08T15:43:05.408,13.187,rpm,0.000,0.061682,
2026-06-08T15:43:05.439,13.219,rpm,0.000,0.061682,
2026-06-08T15:43:05.466,13.250,torque,0.000,0.061677,
2026-06-08T15:43:05.486,13.265,rpm,0.000,0.061677,
2026-06-08T15:43:05.501,13.281,rpm,0.000,0.061677,
2026-06-08T15:43:05.517,13.297,rpm,0.000,0.061677,
2026-06-08T15:43:05.545,13.328,torque,0.000,0.061749,
2026-06-08T15:43:05.546,13.328,rpm,0.000,0.061749,
2026-06-08T15:43:05.572,13.359,rpm,0.000,0.061749,
2026-06-08T15:43:05.582,13.359,rpm,0.000,0.061749,
2026-06-08T15:43:05.603,13.390,rpm,0.000,0.061749,
2026-06-08T15:43:05.628,13.406,rpm,0.000,0.061749,
2026-06-08T15:43:05.628,13.406,torque,0.000,0.061802,
2026-06-08T15:43:05.651,13.437,rpm,0.000,0.061802,
2026-06-08T15:43:05.670,13.453,rpm,0.000,0.061802,
2026-06-08T15:43:05.695,13.484,rpm,0.000,0.061802,
2026-06-08T15:43:05.722,13.500,rpm,0.000,0.061802,
2026-06-08T15:43:05.722,13.500,torque,0.000,0.061745,
2026-06-08T15:43:05.749,13.531,rpm,0.000,0.061745,
2026-06-08T15:43:05.765,13.547,rpm,0.000,0.061745,
2026-06-08T15:43:05.769,13.547,rpm,0.000,0.061745,
2026-06-08T15:43:05.799,13.578,rpm,0.000,0.061745,
2026-06-08T15:43:05.801,13.578,torque,0.000,0.061718,
2026-06-08T15:43:05.828,13.609,rpm,0.000,0.061718,
2026-06-08T15:43:05.836,13.625,rpm,0.000,0.061718,
2026-06-08T15:43:05.857,13.640,rpm,0.000,0.061718,
2026-06-08T15:43:05.882,13.672,rpm,0.000,0.061718,
2026-06-08T15:43:05.898,13.687,torque,0.000,0.061802,
2026-06-08T15:43:05.898,13.687,rpm,0.000,0.061802,
2026-06-08T15:43:05.924,13.703,rpm,0.000,0.061802,
2026-06-08T15:43:05.945,13.734,rpm,0.000,0.061802,
2026-06-08T15:43:05.963,13.750,rpm,0.000,0.061802,
2026-06-08T15:43:05.970,13.750,rpm,0.000,0.061802,
2026-06-08T15:43:05.973,13.750,torque,0.000,0.061855,
2026-06-08T15:43:06.006,13.797,rpm,0.000,0.061855,
2026-06-08T15:43:06.006,13.797,rpm,0.000,0.061855,
2026-06-08T15:43:06.030,13.812,rpm,0.000,0.061855,
2026-06-08T15:43:06.059,13.844,torque,0.000,0.061710,
2026-06-08T15:43:06.090,13.875,rpm,0.000,0.061710,
2026-06-08T15:43:06.114,13.906,rpm,0.000,0.061710,
2026-06-08T15:43:06.145,13.922,torque,0.000,0.061767,
2026-06-08T15:43:06.170,13.953,rpm,0.000,0.061767,
2026-06-08T15:43:06.196,13.984,rpm,0.000,0.061767,
2026-06-08T15:43:06.217,14.000,rpm,0.000,0.061767,
2026-06-08T15:43:06.233,14.015,torque,0.000,0.061800,
2026-06-08T15:43:06.236,14.015,rpm,0.000,0.061800,
2026-06-08T15:43:06.272,14.062,rpm,0.000,0.061800,
2026-06-08T15:43:06.279,14.062,rpm,0.000,0.061800,
2026-06-08T15:43:06.306,14.094,rpm,0.000,0.061800,
2026-06-08T15:43:06.311,14.094,rpm,0.000,0.061800,
2026-06-08T15:43:06.328,14.109,torque,0.000,0.061901,
2026-06-08T15:43:06.346,14.125,rpm,0.000,0.061901,
2026-06-08T15:43:06.362,14.140,rpm,0.000,0.061901,
2026-06-08T15:43:06.381,14.172,rpm,0.000,0.061901,
2026-06-08T15:43:06.390,14.172,rpm,0.000,0.061901,
2026-06-08T15:43:06.410,14.187,torque,0.000,0.061860,
2026-06-08T15:43:06.427,14.219,rpm,0.000,0.061860,
2026-06-08T15:43:06.443,14.234,rpm,0.000,0.061860,
2026-06-08T15:43:06.459,14.250,rpm,0.000,0.061860,
2026-06-08T15:43:06.469,14.250,rpm,0.000,0.061860,
2026-06-08T15:43:06.493,14.281,torque,0.000,0.061680,
2026-06-08T15:43:06.497,14.281,rpm,0.000,0.061680,
2026-06-08T15:43:06.529,14.312,rpm,0.000,0.061680,
2026-06-08T15:43:06.536,14.312,rpm,0.000,0.061680,
2026-06-08T15:43:06.576,14.359,rpm,0.000,0.061680,
2026-06-08T15:43:06.579,14.359,torque,0.000,0.061628,
2026-06-08T15:43:06.602,14.390,rpm,0.000,0.061628,
2026-06-08T15:43:06.617,14.406,rpm,0.000,0.061628,
2026-06-08T15:43:06.641,14.422,rpm,0.000,0.061628,
2026-06-08T15:43:06.665,14.453,rpm,0.000,0.061628,
2026-06-08T15:43:06.666,14.453,torque,0.000,0.061805,
2026-06-08T15:43:06.682,14.469,rpm,0.000,0.061805,
2026-06-08T15:43:06.722,14.500,rpm,0.000,0.061805,
2026-06-08T15:43:06.745,14.531,rpm,0.000,0.061805,
2026-06-08T15:43:06.760,14.547,torque,0.000,0.062039,
2026-06-08T15:43:06.761,14.547,rpm,0.000,0.062039,
2026-06-08T15:43:06.784,14.562,rpm,0.000,0.062039,
2026-06-08T15:43:06.800,14.578,rpm,0.000,0.062039,
2026-06-08T15:43:06.826,14.609,rpm,0.000,0.062039,
2026-06-08T15:43:06.841,14.625,rpm,0.000,0.062039,
2026-06-08T15:43:06.841,14.625,torque,0.000,0.062000,
2026-06-08T15:43:06.900,14.687,rpm,0.000,0.062000,
2026-06-08T15:43:06.921,14.703,rpm,0.000,0.062000,
2026-06-08T15:43:06.936,14.719,torque,0.000,0.061948,
2026-06-08T15:43:06.947,14.734,rpm,0.000,0.061948,
2026-06-08T15:43:06.969,14.750,rpm,0.000,0.061948,
2026-06-08T15:43:06.984,14.765,rpm,0.000,0.061948,
2026-06-08T15:43:07.000,14.781,rpm,0.000,0.061948,
2026-06-08T15:43:07.015,14.797,torque,0.000,0.061959,
2026-06-08T15:43:07.034,14.812,rpm,0.000,0.061959,
2026-06-08T15:43:07.035,14.812,rpm,0.000,0.061959,
2026-06-08T15:43:07.076,14.859,rpm,0.000,0.061959,
2026-06-08T15:43:07.098,14.875,torque,0.000,0.061836,
2026-06-08T15:43:07.098,14.875,rpm,0.000,0.061836,
2026-06-08T15:43:07.130,14.922,rpm,0.000,0.061836,
2026-06-08T15:43:07.140,14.922,rpm,0.000,0.061836,
2026-06-08T15:43:07.154,14.937,rpm,0.000,0.061836,
2026-06-08T15:43:07.181,14.969,rpm,0.000,0.061836,
2026-06-08T15:43:07.185,14.969,torque,0.000,0.061760,
2026-06-08T15:43:07.209,15.000,rpm,0.000,0.061760,
2026-06-08T15:43:07.225,15.015,rpm,0.000,0.061760,
2026-06-08T15:43:07.253,15.031,rpm,0.000,0.061760,
2026-06-08T15:43:07.273,15.062,rpm,0.000,0.061760,
2026-06-08T15:43:07.273,15.062,torque,0.000,0.061841,
2026-06-08T15:43:07.290,15.078,rpm,0.000,0.061841,
2026-06-08T15:43:07.307,15.094,rpm,0.000,0.061841,
2026-06-08T15:43:07.330,15.109,rpm,0.000,0.061841,
2026-06-08T15:43:07.354,15.140,rpm,0.000,0.061841,
2026-06-08T15:43:07.355,15.140,rpm,0.000,0.061841,
2026-06-08T15:43:07.371,15.156,torque,0.000,0.061929,
2026-06-08T15:43:07.395,15.172,rpm,0.000,0.061929,
2026-06-08T15:43:07.399,15.187,rpm,0.000,0.061929,
2026-06-08T15:43:07.417,15.203,rpm,0.000,0.061929,
2026-06-08T15:43:07.438,15.219,rpm,0.000,0.061929,
2026-06-08T15:43:07.444,15.234,torque,0.000,0.061848,
2026-06-08T15:43:07.473,15.250,rpm,0.000,0.061848,
2026-06-08T15:43:07.480,15.265,rpm,0.000,0.061848,
2026-06-08T15:43:07.508,15.297,rpm,0.000,0.061848,
2026-06-08T15:43:07.530,15.312,rpm,0.000,0.061848,
2026-06-08T15:43:07.530,15.312,torque,0.000,0.061732,
2026-06-08T15:43:07.545,15.328,rpm,0.000,0.061732,
2026-06-08T15:43:07.566,15.344,rpm,0.000,0.061732,
2026-06-08T15:43:07.593,15.375,rpm,0.000,0.061732,
2026-06-08T15:43:07.608,15.390,rpm,0.000,0.061732,
2026-06-08T15:43:07.626,15.406,rpm,0.000,0.061732,
2026-06-08T15:43:07.626,15.406,torque,0.000,0.061824,
2026-06-08T15:43:07.655,15.437,rpm,0.000,0.061824,
2026-06-08T15:43:07.679,15.469,rpm,0.000,0.061824,
2026-06-08T15:43:07.694,15.484,rpm,0.000,0.061824,
2026-06-08T15:43:07.711,15.500,torque,0.000,0.061877,
2026-06-08T15:43:07.712,15.500,rpm,0.000,0.061877,
2026-06-08T15:43:07.714,15.500,rpm,0.000,0.061877,
2026-06-08T15:43:07.750,15.531,rpm,0.000,0.061877,
2026-06-08T15:43:07.769,15.547,rpm,0.000,0.061877,
2026-06-08T15:43:07.785,15.562,rpm,0.000,0.061877,
2026-06-08T15:43:07.802,15.594,torque,0.000,0.061863,
2026-06-08T15:43:07.821,15.609,rpm,0.000,0.061863,
2026-06-08T15:43:07.821,15.609,rpm,0.000,0.061863,
2026-06-08T15:43:07.878,15.656,torque,0.000,0.061818,
2026-06-08T15:43:07.896,15.687,rpm,0.000,0.061818,
2026-06-08T15:43:07.920,15.703,rpm,0.000,0.061818,
2026-06-08T15:43:07.949,15.734,rpm,0.000,0.061818,
2026-06-08T15:43:07.972,15.750,torque,0.000,0.061744,
2026-06-08T15:43:07.979,15.765,rpm,0.000,0.061744,
2026-06-08T15:43:08.010,15.797,rpm,0.000,0.061744,
2026-06-08T15:43:08.025,15.812,rpm,0.000,0.061744,
2026-06-08T15:43:08.047,15.828,rpm,0.000,0.061744,
2026-06-08T15:43:08.050,15.828,torque,0.000,0.061724,
2026-06-08T15:43:08.086,15.875,rpm,0.000,0.061724,
2026-06-08T15:43:08.105,15.890,rpm,0.000,0.061724,
2026-06-08T15:43:08.106,15.890,rpm,0.000,0.061724,
2026-06-08T15:43:08.129,15.906,rpm,0.000,0.061724,
2026-06-08T15:43:08.136,15.922,torque,0.000,0.061852,
2026-06-08T15:43:08.175,15.953,rpm,0.000,0.061852,
2026-06-08T15:43:08.176,15.953,rpm,0.000,0.061852,
2026-06-08T15:43:08.212,16.000,rpm,0.000,0.061852,
2026-06-08T15:43:08.233,16.015,torque,0.000,0.061813,
2026-06-08T15:43:08.234,16.015,rpm,0.000,0.061813,
2026-06-08T15:43:08.268,16.047,rpm,0.000,0.061813,
2026-06-08T15:43:08.282,16.062,rpm,0.000,0.061813,
2026-06-08T15:43:08.297,16.078,rpm,0.000,0.061813,
2026-06-08T15:43:08.312,16.094,torque,0.000,0.061816,
2026-06-08T15:43:08.313,16.094,rpm,0.000,0.061816,
2026-06-08T15:43:08.349,16.140,rpm,0.000,0.061816,
2026-06-08T15:43:08.351,16.140,rpm,0.000,0.061816,
2026-06-08T15:43:08.378,16.156,rpm,0.000,0.061816,
2026-06-08T15:43:08.394,16.172,torque,0.000,0.061826,
2026-06-08T15:43:08.396,16.187,rpm,0.000,0.061826,
2026-06-08T15:43:08.404,16.187,rpm,0.000,0.061826,
2026-06-08T15:43:08.475,16.265,rpm,0.000,0.061826,
2026-06-08T15:43:08.484,16.265,torque,0.000,0.061887,
2026-06-08T15:43:08.486,16.265,rpm,0.000,0.061887,
2026-06-08T15:43:08.524,16.312,rpm,0.000,0.061887,
2026-06-08T15:43:08.538,16.328,rpm,0.000,0.061887,
2026-06-08T15:43:08.556,16.344,rpm,0.000,0.061887,
2026-06-08T15:43:08.567,16.344,rpm,0.000,0.061887,
2026-06-08T15:43:08.570,16.359,torque,0.000,0.061842,
2026-06-08T15:43:08.607,16.390,rpm,0.000,0.061842,
2026-06-08T15:43:08.622,16.406,rpm,0.000,0.061842,
2026-06-08T15:43:08.631,16.422,rpm,0.000,0.061842,
2026-06-08T15:43:08.649,16.437,rpm,0.000,0.061842,
2026-06-08T15:43:08.658,16.437,torque,0.000,0.061759,
2026-06-08T15:43:08.685,16.469,rpm,0.000,0.061759,
2026-06-08T15:43:08.690,16.469,rpm,0.000,0.061759,
2026-06-08T15:43:08.717,16.500,rpm,0.000,0.061759,
2026-06-08T15:43:08.745,16.531,rpm,0.000,0.061759,
2026-06-08T15:43:08.746,16.531,torque,0.000,0.061717,
2026-06-08T15:43:08.746,16.531,rpm,0.000,0.061717,
2026-06-08T15:43:08.783,16.562,rpm,0.000,0.061717,
2026-06-08T15:43:08.804,16.594,rpm,0.000,0.061717,
2026-06-08T15:43:08.824,16.609,rpm,0.000,0.061717,
2026-06-08T15:43:08.826,16.609,rpm,0.000,0.061717,
2026-06-08T15:43:08.841,16.625,torque,0.000,0.061896,
2026-06-08T15:43:08.865,16.656,rpm,0.000,0.061896,
2026-06-08T15:43:08.880,16.672,rpm,0.000,0.061896,
2026-06-08T15:43:08.905,16.687,rpm,0.000,0.061896,
2026-06-08T15:43:08.922,16.703,torque,0.000,0.061913,
2026-06-08T15:43:08.922,16.703,rpm,0.000,0.061913,
2026-06-08T15:43:08.952,16.734,rpm,0.000,0.061913,
2026-06-08T15:43:08.962,16.750,rpm,0.000,0.061913,
2026-06-08T15:43:08.987,16.765,rpm,0.000,0.061913,
2026-06-08T15:43:09.001,16.781,torque,0.000,0.061897,
2026-06-08T15:43:09.029,16.812,rpm,0.000,0.061897,
2026-06-08T15:43:09.049,16.828,rpm,0.000,0.061897,
2026-06-08T15:43:09.056,16.844,rpm,0.000,0.061897,
2026-06-08T15:43:09.077,16.859,rpm,0.000,0.061897,
2026-06-08T15:43:09.097,16.875,torque,0.000,0.061995,
2026-06-08T15:43:09.099,16.890,rpm,0.000,0.061995,
2026-06-08T15:43:09.134,16.922,rpm,0.000,0.061995,
2026-06-08T15:43:09.139,16.922,rpm,0.000,0.061995,
2026-06-08T15:43:09.163,16.953,rpm,0.000,0.061995,
2026-06-08T15:43:09.179,16.969,torque,0.000,0.061791,
2026-06-08T15:43:09.179,16.969,rpm,0.000,0.061791,
2026-06-08T15:43:09.186,16.969,rpm,0.000,0.061791,
2026-06-08T15:43:09.220,17.000,rpm,0.000,0.061791,
2026-06-08T15:43:09.228,17.015,rpm,0.000,0.061791,
2026-06-08T15:43:09.261,17.047,rpm,0.000,0.061791,
2026-06-08T15:43:09.274,17.062,torque,0.000,0.061802,
2026-06-08T15:43:09.274,17.062,rpm,0.000,0.061802,
2026-06-08T15:43:09.311,17.094,rpm,0.000,0.061802,
2026-06-08T15:43:09.311,17.094,rpm,0.000,0.061802,
2026-06-08T15:43:09.349,17.140,rpm,0.000,0.061802,
2026-06-08T15:43:09.350,17.140,torque,0.000,0.061913,
2026-06-08T15:43:09.387,17.172,rpm,0.000,0.061913,
2026-06-08T15:43:09.419,17.203,rpm,0.000,0.061913,
2026-06-08T15:43:09.431,17.219,rpm,0.000,0.061913,
2026-06-08T15:43:09.445,17.234,torque,0.000,0.062410,
2026-06-08T15:43:09.453,17.234,rpm,0.000,0.062410,
2026-06-08T15:43:09.476,17.265,rpm,0.000,0.062410,
2026-06-08T15:43:09.493,17.281,rpm,0.000,0.062410,
2026-06-08T15:43:09.518,17.297,rpm,0.000,0.062410,
2026-06-08T15:43:09.520,17.297,torque,0.000,0.062559,
2026-06-08T15:43:09.550,17.328,rpm,0.000,0.062559,
2026-06-08T15:43:09.560,17.344,rpm,0.000,0.062559,
2026-06-08T15:43:09.581,17.359,rpm,0.000,0.062559,
2026-06-08T15:43:09.610,17.390,rpm,0.000,0.062559,
2026-06-08T15:43:09.611,17.390,torque,0.000,0.062130,
2026-06-08T15:43:09.612,17.390,rpm,0.000,0.062130,
2026-06-08T15:43:09.659,17.437,rpm,0.000,0.062130,
2026-06-08T15:43:09.660,17.437,rpm,0.000,0.062130,
2026-06-08T15:43:09.690,17.469,rpm,0.000,0.062130,
2026-06-08T15:43:09.700,17.484,rpm,0.000,0.062130,
2026-06-08T15:43:09.701,17.484,torque,0.000,0.062042,
2026-06-08T15:43:09.739,17.531,rpm,0.000,0.062042,
2026-06-08T15:43:09.740,17.531,rpm,0.000,0.062042,
2026-06-08T15:43:09.761,17.547,rpm,0.000,0.062042,
2026-06-08T15:43:09.769,17.547,rpm,0.000,0.062042,
2026-06-08T15:43:09.784,17.562,torque,0.000,0.061807,
2026-06-08T15:43:09.809,17.594,rpm,0.000,0.061807,
2026-06-08T15:43:09.825,17.609,rpm,0.000,0.061807,
2026-06-08T15:43:09.827,17.609,rpm,0.000,0.061807,
2026-06-08T15:43:09.855,17.640,rpm,0.000,0.061807,
2026-06-08T15:43:09.882,17.672,torque,0.000,0.061964,
2026-06-08T15:43:09.882,17.672,rpm,0.000,0.061964,
2026-06-08T15:43:09.913,17.703,rpm,0.000,0.061964,
2026-06-08T15:43:09.927,17.719,rpm,0.000,0.061964,
2026-06-08T15:43:09.944,17.734,rpm,0.000,0.061964,
2026-06-08T15:43:09.955,17.734,rpm,0.000,0.061964,
2026-06-08T15:43:09.961,17.750,torque,0.000,0.062106,
2026-06-08T15:43:09.989,17.765,rpm,0.000,0.062106,
2026-06-08T15:43:09.998,17.781,rpm,0.000,0.062106,
2026-06-08T15:43:10.014,17.797,rpm,0.000,0.062106,
2026-06-08T15:43:10.035,17.812,rpm,0.000,0.062106,
2026-06-08T15:43:10.040,17.828,torque,0.000,0.062099,
2026-06-08T15:43:10.071,17.859,rpm,0.000,0.062099,
2026-06-08T15:43:10.082,17.859,rpm,0.000,0.062099,
2026-06-08T15:43:10.099,17.890,rpm,0.000,0.062099,
2026-06-08T15:43:10.116,17.906,rpm,0.000,0.062099,
2026-06-08T15:43:10.137,17.922,torque,0.000,0.061953,
2026-06-08T15:43:10.137,17.922,rpm,0.000,0.061953,
2026-06-08T15:43:10.161,17.953,rpm,0.000,0.061953,
2026-06-08T15:43:10.177,17.969,rpm,0.000,0.061953,
2026-06-08T15:43:10.206,17.984,rpm,0.000,0.061953,
2026-06-08T15:43:10.221,18.000,torque,0.000,0.062004,
2026-06-08T15:43:10.223,18.000,rpm,0.000,0.062004,
2026-06-08T15:43:10.244,18.031,rpm,0.000,0.062004,
2026-06-08T15:43:10.261,18.047,rpm,0.000,0.062004,
2026-06-08T15:43:10.281,18.062,rpm,0.000,0.062004,
2026-06-08T15:43:10.309,18.094,torque,0.000,0.061950,
2026-06-08T15:43:10.309,18.094,rpm,0.000,0.061950,
2026-06-08T15:43:10.336,18.125,rpm,0.000,0.061950,
2026-06-08T15:43:10.349,18.140,rpm,0.000,0.061950,
2026-06-08T15:43:10.381,18.172,rpm,0.000,0.061950,
2026-06-08T15:43:10.384,18.172,torque,0.000,0.061929,
2026-06-08T15:43:10.388,18.172,rpm,0.000,0.061929,
2026-06-08T15:43:10.426,18.203,rpm,0.000,0.061929,
2026-06-08T15:43:10.432,18.219,rpm,0.000,0.061929,
2026-06-08T15:43:10.463,18.250,rpm,0.000,0.061929,
2026-06-08T15:43:10.478,18.265,torque,0.000,0.061901,
2026-06-08T15:43:10.479,18.265,rpm,0.000,0.061901,
2026-06-08T15:43:10.509,18.297,rpm,0.000,0.061901,
2026-06-08T15:43:10.524,18.312,rpm,0.000,0.061901,
2026-06-08T15:43:10.540,18.328,rpm,0.000,0.061901,
2026-06-08T15:43:10.548,18.328,rpm,0.000,0.061901,
2026-06-08T15:43:10.569,18.359,torque,0.000,0.062014,
2026-06-08T15:43:10.590,18.375,rpm,0.000,0.062014,
2026-06-08T15:43:10.601,18.390,rpm,0.000,0.062014,
2026-06-08T15:43:10.617,18.406,rpm,0.000,0.062014,
2026-06-08T15:43:10.639,18.422,rpm,0.000,0.062014,
2026-06-08T15:43:10.647,18.437,torque,0.000,0.062003,
2026-06-08T15:43:10.667,18.453,rpm,0.000,0.062003,
2026-06-08T15:43:10.668,18.453,rpm,0.000,0.062003,
2026-06-08T15:43:10.702,18.484,rpm,0.000,0.062003,
2026-06-08T15:43:10.715,18.500,rpm,0.000,0.062003,
2026-06-08T15:43:10.740,18.531,rpm,0.000,0.062003,
2026-06-08T15:43:10.749,18.531,torque,0.000,0.061995,
2026-06-08T15:43:10.786,18.562,rpm,0.000,0.061995,
2026-06-08T15:43:10.818,18.609,rpm,0.000,0.061995,
2026-06-08T15:43:10.819,18.609,torque,0.000,0.062011,
2026-06-08T15:43:10.845,18.625,rpm,0.000,0.062011,
2026-06-08T15:43:10.863,18.640,rpm,0.000,0.062011,
2026-06-08T15:43:10.880,18.672,rpm,0.000,0.062011,
2026-06-08T15:43:10.891,18.672,rpm,0.000,0.062011,
2026-06-08T15:43:10.910,18.687,torque,0.000,0.061994,
2026-06-08T15:43:10.941,18.719,rpm,0.000,0.061994,
2026-06-08T15:43:10.943,18.734,rpm,0.000,0.061994,
2026-06-08T15:43:10.971,18.750,rpm,0.000,0.061994,
2026-06-08T15:43:10.986,18.765,rpm,0.000,0.061994,
2026-06-08T15:43:11.002,18.781,torque,0.000,0.062028,
2026-06-08T15:43:11.016,18.797,rpm,0.000,0.062028,
2026-06-08T15:43:11.028,18.812,rpm,0.000,0.062028,
2026-06-08T15:43:11.045,18.828,rpm,0.000,0.062028,
2026-06-08T15:43:11.070,18.859,rpm,0.000,0.062028,
2026-06-08T15:43:11.086,18.875,torque,0.000,0.062055,
2026-06-08T15:43:11.092,18.875,rpm,0.000,0.062055,
2026-06-08T15:43:11.115,18.906,rpm,0.000,0.062055,
2026-06-08T15:43:11.132,18.922,rpm,0.000,0.062055,
2026-06-08T15:43:11.149,18.937,rpm,0.000,0.062055,
2026-06-08T15:43:11.165,18.953,rpm,0.000,0.062055,
2026-06-08T15:43:11.167,18.953,torque,0.000,0.062109,
2026-06-08T15:43:11.224,19.015,rpm,0.000,0.062109,
2026-06-08T15:43:11.242,19.031,rpm,0.000,0.062109,
2026-06-08T15:43:11.253,19.031,torque,0.000,0.062108,
2026-06-08T15:43:11.255,19.047,rpm,0.000,0.062108,
2026-06-08T15:43:11.291,19.078,rpm,0.000,0.062108,
2026-06-08T15:43:11.339,19.125,rpm,0.000,0.062108,
2026-06-08T15:43:11.340,19.125,torque,0.000,0.062007,
2026-06-08T15:43:11.376,19.156,rpm,0.000,0.062007,
2026-06-08T15:43:11.378,19.156,rpm,0.000,0.062007,
2026-06-08T15:43:11.404,19.187,rpm,0.000,0.062007,
2026-06-08T15:43:11.434,19.219,torque,0.000,0.062061,
2026-06-08T15:43:11.435,19.219,rpm,0.000,0.062061,
2026-06-08T15:43:11.464,19.250,rpm,0.000,0.062061,
2026-06-08T15:43:11.473,19.250,rpm,0.000,0.062061,
2026-06-08T15:43:11.480,19.265,rpm,0.000,0.062061,
2026-06-08T15:43:11.509,19.297,rpm,0.000,0.062061,
2026-06-08T15:43:11.511,19.297,torque,0.000,0.062083,
2026-06-08T15:43:11.540,19.328,rpm,0.000,0.062083,
2026-06-08T15:43:11.549,19.328,rpm,0.000,0.062083,
2026-06-08T15:43:11.578,19.359,rpm,0.000,0.062083,
2026-06-08T15:43:11.597,19.375,torque,0.000,0.062441,
2026-06-08T15:43:11.603,19.390,rpm,0.000,0.062441,
2026-06-08T15:43:11.628,19.406,rpm,0.000,0.062441,
2026-06-08T15:43:11.658,19.437,rpm,0.000,0.062441,
2026-06-08T15:43:11.660,19.437,rpm,0.000,0.062441,
2026-06-08T15:43:11.683,19.469,torque,0.000,0.062143,
2026-06-08T15:43:11.688,19.469,rpm,0.000,0.062143,
2026-06-08T15:43:11.718,19.500,rpm,0.000,0.062143,
2026-06-08T15:43:11.724,19.515,rpm,0.000,0.062143,
2026-06-08T15:43:11.742,19.531,rpm,0.000,0.062143,
2026-06-08T15:43:11.769,19.547,rpm,0.000,0.062143,
2026-06-08T15:43:11.769,19.547,torque,0.000,0.061715,
2026-06-08T15:43:11.787,19.578,rpm,0.000,0.061715,
2026-06-08T15:43:11.816,19.594,rpm,0.000,0.061715,
2026-06-08T15:43:11.830,19.609,rpm,0.000,0.061715,
2026-06-08T15:43:11.849,19.625,rpm,0.000,0.061715,
2026-06-08T15:43:11.864,19.656,torque,0.000,0.061714,
2026-06-08T15:43:11.885,19.672,rpm,0.000,0.061714,
2026-06-08T15:43:11.886,19.672,rpm,0.000,0.061714,
2026-06-08T15:43:11.899,19.687,rpm,0.000,0.061714,
2026-06-08T15:43:11.915,19.703,rpm,0.000,0.061714,
2026-06-08T15:43:11.945,19.734,rpm,0.000,0.061714,
2026-06-08T15:43:11.945,19.734,torque,0.000,0.061821,
2026-06-08T15:43:11.961,19.750,rpm,0.000,0.061821,
2026-06-08T15:43:11.990,19.781,rpm,0.000,0.061821,
2026-06-08T15:43:12.011,19.797,rpm,0.000,0.061821,
2026-06-08T15:43:12.028,19.812,rpm,0.000,0.061821,
2026-06-08T15:43:12.035,19.812,torque,0.000,0.061717,
2026-06-08T15:43:12.059,19.844,rpm,0.000,0.061717,
2026-06-08T15:43:12.060,19.844,rpm,0.000,0.061717,
2026-06-08T15:43:12.089,19.875,rpm,0.000,0.061717,
2026-06-08T15:43:12.115,19.906,rpm,0.000,0.061717,
2026-06-08T15:43:12.117,19.906,torque,0.000,0.061743,
2026-06-08T15:43:12.149,19.937,rpm,0.000,0.061743,
2026-06-08T15:43:12.168,19.953,rpm,0.000,0.061743,
2026-06-08T15:43:12.186,19.969,rpm,0.000,0.061743,
2026-06-08T15:43:12.202,19.984,rpm,0.000,0.061743,
2026-06-08T15:43:12.203,19.984,torque,0.000,0.061845,
2026-06-08T15:43:12.239,20.031,rpm,0.000,0.061845,
2026-06-08T15:43:12.254,20.031,rpm,0.000,0.061845,
2026-06-08T15:43:12.268,20.047,rpm,0.000,0.061845,
2026-06-08T15:43:12.286,20.062,rpm,0.000,0.061845,
2026-06-08T15:43:12.289,20.078,torque,0.000,0.061806,
2026-06-08T15:43:12.316,20.094,rpm,0.000,0.061806,
2026-06-08T15:43:12.347,20.125,rpm,0.000,0.061806,
2026-06-08T15:43:12.378,20.156,rpm,0.000,0.061806,
2026-06-08T15:43:12.379,20.156,torque,0.000,0.061808,
2026-06-08T15:43:12.394,20.172,rpm,0.000,0.061808,
2026-06-08T15:43:12.417,20.203,rpm,0.000,0.061808,
2026-06-08T15:43:12.434,20.219,rpm,0.000,0.061808,
2026-06-08T15:43:12.449,20.234,rpm,0.000,0.061808,
2026-06-08T15:43:12.474,20.265,torque,0.000,0.061859,
2026-06-08T15:43:12.474,20.265,rpm,0.000,0.061859,
2026-06-08T15:43:12.504,20.281,rpm,0.000,0.061859,
2026-06-08T15:43:12.518,20.297,rpm,0.000,0.061859,
2026-06-08T15:43:12.536,20.312,rpm,0.000,0.061859,
2026-06-08T15:43:12.552,20.344,torque,0.000,0.061855,
2026-06-08T15:43:12.588,20.375,rpm,0.000,0.061855,
2026-06-08T15:43:12.589,20.375,rpm,0.000,0.061855,
2026-06-08T15:43:12.637,20.422,torque,0.000,0.061870,
2026-06-08T15:43:12.680,20.469,rpm,0.000,0.061870,
2026-06-08T15:43:12.698,20.484,rpm,0.000,0.061870,
2026-06-08T15:43:12.712,20.500,rpm,0.000,0.061870,
2026-06-08T15:43:12.731,20.515,torque,0.000,0.061853,
2026-06-08T15:43:12.755,20.547,rpm,0.000,0.061853,
2026-06-08T15:43:12.781,20.562,rpm,0.000,0.061853,
2026-06-08T15:43:12.811,20.594,rpm,0.000,0.061853,
2026-06-08T15:43:12.811,20.594,torque,0.000,0.061803,
2026-06-08T15:43:12.812,20.594,rpm,0.000,0.061803,
2026-06-08T15:43:12.862,20.640,rpm,0.000,0.061803,
2026-06-08T15:43:12.863,20.640,rpm,0.000,0.061803,
2026-06-08T15:43:12.886,20.672,rpm,0.000,0.061803,
2026-06-08T15:43:12.908,20.687,torque,0.000,0.061780,
2026-06-08T15:43:12.908,20.687,rpm,0.000,0.061780,
2026-06-08T15:43:12.945,20.734,rpm,0.000,0.061780,
2026-06-08T15:43:12.946,20.734,rpm,0.000,0.061780,
2026-06-08T15:43:12.964,20.750,rpm,0.000,0.061780,
2026-06-08T15:43:12.981,20.765,rpm,0.000,0.061780,
2026-06-08T15:43:12.990,20.781,torque,0.000,0.061850,
2026-06-08T15:43:12.997,20.781,rpm,0.000,0.061850,
2026-06-08T15:43:13.034,20.812,rpm,0.000,0.061850,
2026-06-08T15:43:13.041,20.828,rpm,0.000,0.061850,
2026-06-08T15:43:13.056,20.844,rpm,0.000,0.061850,
2026-06-08T15:43:13.071,20.859,torque,0.000,0.061839,
2026-06-08T15:43:13.080,20.859,rpm,0.000,0.061839,
2026-06-08T15:43:13.111,20.890,rpm,0.000,0.061839,
2026-06-08T15:43:13.116,20.906,rpm,0.000,0.061839,
2026-06-08T15:43:13.139,20.922,rpm,0.000,0.061839,
2026-06-08T15:43:13.168,20.953,rpm,0.000,0.061839,
2026-06-08T15:43:13.169,20.953,torque,0.000,0.061732,
2026-06-08T15:43:13.187,20.969,rpm,0.000,0.061732,
2026-06-08T15:43:13.211,21.000,rpm,0.000,0.061732,
2026-06-08T15:43:13.233,21.015,rpm,0.000,0.061732,
2026-06-08T15:43:13.248,21.031,rpm,0.000,0.061732,
2026-06-08T15:43:13.258,21.047,torque,0.000,0.061859,
2026-06-08T15:43:13.258,21.047,rpm,0.000,0.061859,
2026-06-08T15:43:13.298,21.078,rpm,0.000,0.061859,
2026-06-08T15:43:13.300,21.078,rpm,0.000,0.061859,
2026-06-08T15:43:13.321,21.109,rpm,0.000,0.061859,
2026-06-08T15:43:13.337,21.125,torque,0.000,0.061874,
2026-06-08T15:43:13.337,21.125,rpm,0.000,0.061874,
2026-06-08T15:43:13.365,21.156,rpm,0.000,0.061874,
2026-06-08T15:43:13.386,21.172,rpm,0.000,0.061874,
2026-06-08T15:43:13.387,21.172,rpm,0.000,0.061874,
2026-06-08T15:43:13.411,21.187,rpm,0.000,0.061874,
2026-06-08T15:43:13.415,21.203,torque,0.000,0.061836,
2026-06-08T15:43:13.460,21.250,rpm,0.000,0.061836,
2026-06-08T15:43:13.471,21.250,rpm,0.000,0.061836,
2026-06-08T15:43:13.479,21.265,rpm,0.000,0.061836,
2026-06-08T15:43:13.502,21.281,torque,0.000,0.061913,
2026-06-08T15:43:13.504,21.281,rpm,0.000,0.061913,
2026-06-08T15:43:13.536,21.312,rpm,0.000,0.061913,
2026-06-08T15:43:13.547,21.328,rpm,0.000,0.061913,
2026-06-08T15:43:13.552,21.344,rpm,0.000,0.061913,
2026-06-08T15:43:13.575,21.359,rpm,0.000,0.061913,
2026-06-08T15:43:13.596,21.375,torque,0.000,0.061838,
2026-06-08T15:43:13.597,21.375,rpm,0.000,0.061838,
2026-06-08T15:43:13.634,21.422,rpm,0.000,0.061838,
2026-06-08T15:43:13.641,21.422,rpm,0.000,0.061838,
2026-06-08T15:43:13.671,21.453,rpm,0.000,0.061838,
2026-06-08T15:43:13.674,21.453,torque,0.000,0.061850,
2026-06-08T15:43:13.707,21.484,rpm,0.000,0.061850,
2026-06-08T15:43:13.719,21.500,rpm,0.000,0.061850,
2026-06-08T15:43:13.743,21.531,rpm,0.000,0.061850,
2026-06-08T15:43:13.771,21.562,torque,0.000,0.061964,
2026-06-08T15:43:13.795,21.578,rpm,0.000,0.061964,
2026-06-08T15:43:13.817,21.594,rpm,0.000,0.061964,
2026-06-08T15:43:13.817,21.594,rpm,0.000,0.061964,
2026-06-08T15:43:13.839,21.625,rpm,0.000,0.061964,
2026-06-08T15:43:13.849,21.640,torque,0.000,0.062038,
2026-06-08T15:43:13.853,21.640,rpm,0.000,0.062038,
2026-06-08T15:43:13.871,21.656,rpm,0.000,0.062038,
2026-06-08T15:43:13.918,21.703,rpm,0.000,0.062038,
2026-06-08T15:43:13.918,21.703,rpm,0.000,0.062038,
2026-06-08T15:43:13.945,21.734,torque,0.000,0.062069,
2026-06-08T15:43:13.945,21.734,rpm,0.000,0.062069,
2026-06-08T15:43:13.966,21.750,rpm,0.000,0.062069,
2026-06-08T15:43:14.005,21.797,rpm,0.000,0.062069,
2026-06-08T15:43:14.012,21.797,rpm,0.000,0.062069,
2026-06-08T15:43:14.031,21.812,torque,0.000,0.062534,
2026-06-08T15:43:14.032,21.812,rpm,0.000,0.062534,
2026-06-08T15:43:14.033,21.812,rpm,0.000,0.062534,
2026-06-08T15:43:14.084,21.875,rpm,0.000,0.062534,
2026-06-08T15:43:14.084,21.875,rpm,0.000,0.062534,
2026-06-08T15:43:14.106,21.890,rpm,0.000,0.062534,
2026-06-08T15:43:14.117,21.906,torque,0.000,0.062688,
2026-06-08T15:43:14.124,21.906,rpm,0.000,0.062688,
2026-06-08T15:43:14.162,21.953,rpm,0.000,0.062688,
2026-06-08T15:43:14.169,21.953,rpm,0.000,0.062688,
2026-06-08T15:43:14.171,21.953,rpm,0.000,0.062688,
2026-06-08T15:43:14.194,21.984,torque,0.000,0.062174,
2026-06-08T15:43:14.199,21.984,rpm,0.000,0.062174,
2026-06-08T15:43:14.231,22.015,rpm,0.000,0.062174,
2026-06-08T15:43:14.258,22.047,rpm,0.000,0.062174,
2026-06-08T15:43:14.261,22.047,rpm,0.000,0.062174,
2026-06-08T15:43:14.283,22.062,torque,0.000,0.061967,
2026-06-08T15:43:14.318,22.109,rpm,0.000,0.061967,
2026-06-08T15:43:14.331,22.109,rpm,0.000,0.061967,
2026-06-08T15:43:14.363,22.140,rpm,0.000,0.061967,
2026-06-08T15:43:14.365,22.156,torque,0.000,0.061908,
2026-06-08T15:43:14.397,22.187,rpm,0.000,0.061908,
2026-06-08T15:43:14.410,22.187,rpm,0.000,0.061908,
2026-06-08T15:43:14.427,22.219,rpm,0.000,0.061908,
2026-06-08T15:43:14.437,22.219,rpm,0.000,0.061908,
2026-06-08T15:43:14.457,22.234,torque,0.000,0.061913,
2026-06-08T15:43:14.478,22.265,rpm,0.000,0.061913,
2026-06-08T15:43:14.481,22.265,rpm,0.000,0.061913,
2026-06-08T15:43:14.507,22.297,rpm,0.000,0.061913,
2026-06-08T15:43:14.518,22.297,rpm,0.000,0.061913,
2026-06-08T15:43:14.541,22.328,torque,0.000,0.061894,
2026-06-08T15:43:14.550,22.328,rpm,0.000,0.061894,
2026-06-08T15:43:14.582,22.359,rpm,0.000,0.061894,
2026-06-08T15:43:14.589,22.375,rpm,0.000,0.061894,
2026-06-08T15:43:14.605,22.390,rpm,0.000,0.061894,
2026-06-08T15:43:14.637,22.422,torque,0.000,0.061823,
2026-06-08T15:43:14.637,22.422,rpm,0.000,0.061823,
2026-06-08T15:43:14.672,22.453,rpm,0.000,0.061823,
2026-06-08T15:43:14.673,22.453,rpm,0.000,0.061823,
2026-06-08T15:43:14.697,22.484,rpm,0.000,0.061823,
2026-06-08T15:43:14.713,22.500,rpm,0.000,0.061823,
2026-06-08T15:43:14.714,22.500,torque,0.000,0.061858,
2026-06-08T15:43:14.750,22.531,rpm,0.000,0.061858,
2026-06-08T15:43:14.754,22.531,rpm,0.000,0.061858,
2026-06-08T15:43:14.778,22.562,rpm,0.000,0.061858,
2026-06-08T15:43:14.793,22.578,rpm,0.000,0.061858,
2026-06-08T15:43:14.808,22.594,torque,0.000,0.061829,
2026-06-08T15:43:14.833,22.625,rpm,0.000,0.061829,
2026-06-08T15:43:14.858,22.640,rpm,0.000,0.061829,
2026-06-08T15:43:14.874,22.656,rpm,0.000,0.061829,
2026-06-08T15:43:14.888,22.672,torque,0.000,0.061823,
2026-06-08T15:43:14.893,22.672,rpm,0.000,0.061823,
2026-06-08T15:43:14.928,22.719,rpm,0.000,0.061823,
2026-06-08T15:43:14.948,22.734,rpm,0.000,0.061823,
2026-06-08T15:43:14.978,22.765,torque,0.000,0.061970,
2026-06-08T15:43:14.978,22.765,rpm,0.000,0.061970,
2026-06-08T15:43:15.010,22.797,rpm,0.000,0.061970,
2026-06-08T15:43:15.010,22.797,rpm,0.000,0.061970,
2026-06-08T15:43:15.041,22.828,rpm,0.000,0.061970,
2026-06-08T15:43:15.066,22.844,rpm,0.000,0.061970,
2026-06-08T15:43:15.066,22.844,torque,0.000,0.061870,
2026-06-08T15:43:15.095,22.875,rpm,0.000,0.061870,
2026-06-08T15:43:15.102,22.890,rpm,0.000,0.061870,
2026-06-08T15:43:15.116,22.906,rpm,0.000,0.061870,
2026-06-08T15:43:15.139,22.922,rpm,0.000,0.061870,
2026-06-08T15:43:15.145,22.922,torque,0.000,0.061842,
2026-06-08T15:43:15.162,22.953,rpm,0.000,0.061842,
2026-06-08T15:43:15.184,22.969,rpm,0.000,0.061842,
2026-06-08T15:43:15.234,23.015,torque,0.000,0.061827,
2026-06-08T15:43:15.236,23.015,rpm,0.000,0.061827,
2026-06-08T15:43:15.268,23.047,rpm,0.000,0.061827,
2026-06-08T15:43:15.320,23.109,torque,0.000,0.061803,
2026-06-08T15:43:15.357,23.140,rpm,0.000,0.061803,
2026-06-08T15:43:15.361,23.140,rpm,0.000,0.061803,
2026-06-08T15:43:15.384,23.172,rpm,0.000,0.061803,
2026-06-08T15:43:15.401,23.187,rpm,0.000,0.061803,
2026-06-08T15:43:15.409,23.187,torque,0.000,0.061773,
2026-06-08T15:43:15.412,23.203,rpm,0.000,0.061773,
2026-06-08T15:43:15.438,23.219,rpm,0.000,0.061773,
2026-06-08T15:43:15.469,23.250,rpm,0.000,0.061773,
2026-06-08T15:43:15.485,23.265,rpm,0.000,0.061773,
2026-06-08T15:43:15.502,23.281,torque,0.000,0.061872,
2026-06-08T15:43:15.502,23.281,rpm,0.000,0.061872,
2026-06-08T15:43:15.521,23.312,rpm,0.000,0.061872,
2026-06-08T15:43:15.558,23.344,rpm,0.000,0.061872,
2026-06-08T15:43:15.565,23.344,rpm,0.000,0.061872,
2026-06-08T15:43:15.586,23.375,torque,0.000,0.061921,
2026-06-08T15:43:15.586,23.375,rpm,0.000,0.061921,
2026-06-08T15:43:15.616,23.406,rpm,0.000,0.061921,
2026-06-08T15:43:15.628,23.406,rpm,0.000,0.061921,
2026-06-08T15:43:15.643,23.422,rpm,0.000,0.061921,
2026-06-08T15:43:15.661,23.437,rpm,0.000,0.061921,
2026-06-08T15:43:15.669,23.453,torque,0.000,0.061998,
2026-06-08T15:43:15.687,23.469,rpm,0.000,0.061998,
2026-06-08T15:43:15.702,23.484,rpm,0.000,0.061998,
2026-06-08T15:43:15.732,23.515,rpm,0.000,0.061998,
2026-06-08T15:43:15.733,23.515,rpm,0.000,0.061998,
2026-06-08T15:43:15.755,23.547,torque,0.000,0.061898,
2026-06-08T15:43:15.756,23.547,rpm,0.000,0.061898,
2026-06-08T15:43:15.782,23.562,rpm,0.000,0.061898,
2026-06-08T15:43:15.808,23.594,rpm,0.000,0.061898,
2026-06-08T15:43:15.809,23.594,rpm,0.000,0.061898,
2026-06-08T15:43:15.836,23.625,torque,0.000,0.061900,
2026-06-08T15:43:15.836,23.625,rpm,0.000,0.061900,
2026-06-08T15:43:15.870,23.656,rpm,0.000,0.061900,
2026-06-08T15:43:15.878,23.656,rpm,0.000,0.061900,
2026-06-08T15:43:15.920,23.703,rpm,0.000,0.061900,
2026-06-08T15:43:15.926,23.703,torque,0.000,0.061916,
2026-06-08T15:43:15.953,23.734,rpm,0.000,0.061916,
2026-06-08T15:43:15.969,23.750,rpm,0.000,0.061916,
2026-06-08T15:43:15.981,23.765,rpm,0.000,0.061916,
2026-06-08T15:43:16.001,23.781,rpm,0.000,0.061916,
2026-06-08T15:43:16.025,23.812,torque,0.000,0.061782,
2026-06-08T15:43:16.025,23.812,rpm,0.000,0.061782,
2026-06-08T15:43:16.058,23.844,rpm,0.000,0.061782,
2026-06-08T15:43:16.074,23.859,rpm,0.000,0.061782,
2026-06-08T15:43:16.098,23.875,torque,0.000,0.061843,
2026-06-08T15:43:16.101,23.890,rpm,0.000,0.061843,
2026-06-08T15:43:16.126,23.906,rpm,0.000,0.061843,
2026-06-08T15:43:16.140,23.922,rpm,0.000,0.061843,
2026-06-08T15:43:16.155,23.937,rpm,0.000,0.061843,
2026-06-08T15:43:16.177,23.953,rpm,0.000,0.061843,
2026-06-08T15:43:16.185,23.969,torque,0.000,0.062253,
2026-06-08T15:43:16.222,24.000,rpm,0.000,0.062253,
2026-06-08T15:43:16.222,24.000,rpm,0.000,0.062253,
2026-06-08T15:43:16.270,24.047,rpm,0.000,0.062253,
2026-06-08T15:43:16.271,24.062,torque,0.000,0.062019,
2026-06-08T15:43:16.314,24.094,rpm,0.000,0.062019,
2026-06-08T15:43:16.329,24.109,rpm,0.000,0.062019,
2026-06-08T15:43:16.357,24.140,torque,0.000,0.061792,
2026-06-08T15:43:16.358,24.140,rpm,0.000,0.061792,
2026-06-08T15:43:16.390,24.172,rpm,0.000,0.061792,
2026-06-08T15:43:16.397,24.187,rpm,0.000,0.061792,
2026-06-08T15:43:16.424,24.203,rpm,0.000,0.061792,
2026-06-08T15:43:16.442,24.219,torque,0.000,0.061805,
2026-06-08T15:43:16.443,24.234,rpm,0.000,0.061805,
2026-06-08T15:43:16.458,24.234,rpm,0.000,0.061805,
2026-06-08T15:43:16.495,24.281,rpm,0.000,0.061805,
2026-06-08T15:43:16.513,24.297,rpm,0.000,0.061805,
2026-06-08T15:43:16.517,24.297,rpm,0.000,0.061805,
2026-06-08T15:43:16.538,24.328,torque,0.000,0.061748,
2026-06-08T15:43:16.560,24.344,rpm,0.000,0.061748,
2026-06-08T15:43:16.579,24.359,rpm,0.000,0.061748,
2026-06-08T15:43:16.601,24.390,rpm,5074.000,0.061748,
2026-06-08T15:43:16.623,24.406,rpm,6283.000,0.061748,
2026-06-08T15:43:16.623,24.406,torque,6283.000,0.066910,
2026-06-08T15:43:16.645,24.422,rpm,8299.000,0.066910,
2026-06-08T15:43:16.695,24.484,rpm,9699.000,0.066910,
2026-06-08T15:43:16.701,24.484,rpm,9645.000,0.066910,
2026-06-08T15:43:16.726,24.515,torque,9645.000,1.228990,
2026-06-08T15:43:16.728,24.515,rpm,9963.000,1.228990,
2026-06-08T15:43:16.755,24.547,rpm,9910.000,1.228990,
2026-06-08T15:43:16.768,24.547,rpm,9996.000,1.228990,
2026-06-08T15:43:16.799,24.578,rpm,10133.000,1.228990,
2026-06-08T15:43:16.810,24.594,torque,10133.000,6.707595,
2026-06-08T15:43:16.810,24.594,rpm,10037.000,6.707595,
2026-06-08T15:43:16.834,24.625,rpm,10070.000,6.707595,
2026-06-08T15:43:16.863,24.640,rpm,10052.000,6.707595,
2026-06-08T15:43:16.874,24.656,rpm,9878.000,6.707595,
2026-06-08T15:43:16.903,24.687,rpm,10043.000,6.707595,
2026-06-08T15:43:16.903,24.687,torque,10043.000,10.084749,
2026-06-08T15:43:16.915,24.703,rpm,9776.000,10.084749,
2026-06-08T15:43:16.925,24.703,rpm,10096.000,10.084749,
2026-06-08T15:43:16.954,24.734,rpm,9800.000,10.084749,
2026-06-08T15:43:16.972,24.750,rpm,9995.000,10.084749,
2026-06-08T15:43:16.983,24.765,torque,9995.000,10.509251,
2026-06-08T15:43:17.026,24.812,rpm,10029.000,10.509251,
2026-06-08T15:43:17.026,24.812,rpm,9783.000,10.509251,
2026-06-08T15:43:17.051,24.828,rpm,10143.000,10.509251,
2026-06-08T15:43:17.052,24.844,torque,10143.000,10.565844,
2026-06-08T15:43:17.091,24.875,rpm,10119.000,10.565844,
2026-06-08T15:43:17.094,24.875,rpm,9944.000,10.565844,
2026-06-08T15:43:17.119,24.906,rpm,10016.000,10.565844,
2026-06-08T15:43:17.147,24.937,torque,10016.000,10.563873,
2026-06-08T15:43:17.147,24.937,rpm,10028.000,10.563873,
2026-06-08T15:43:17.176,24.953,rpm,10044.000,10.563873,
2026-06-08T15:43:17.183,24.969,rpm,9961.000,10.563873,
2026-06-08T15:43:17.213,25.000,rpm,10118.000,10.563873,
2026-06-08T15:43:17.233,25.015,torque,10118.000,10.559714,
2026-06-08T15:43:17.233,25.015,rpm,10174.000,10.559714,
2026-06-08T15:43:17.236,25.015,rpm,10053.000,10.559714,
2026-06-08T15:43:17.272,25.062,rpm,9984.000,10.559714,
2026-06-08T15:43:17.281,25.062,rpm,10040.000,10.559714,
2026-06-08T15:43:17.315,25.094,rpm,9882.000,10.559714,
2026-06-08T15:43:17.315,25.094,torque,9882.000,10.562266,
2026-06-08T15:43:17.315,25.094,rpm,10087.000,10.562266,
2026-06-08T15:43:17.353,25.140,rpm,10085.000,10.562266,
2026-06-08T15:43:17.370,25.156,rpm,10017.000,10.562266,
2026-06-08T15:43:17.387,25.172,rpm,10079.000,10.562266,
2026-06-08T15:43:17.396,25.187,torque,10079.000,10.555952,
2026-06-08T15:43:17.399,25.187,rpm,10017.000,10.555952,
2026-06-08T15:43:17.419,25.203,rpm,9798.000,10.555952,
2026-06-08T15:43:17.445,25.234,rpm,10018.000,10.555952,
2026-06-08T15:43:17.465,25.250,rpm,10093.000,10.555952,
2026-06-08T15:43:17.482,25.265,rpm,10136.000,10.555952,
2026-06-08T15:43:17.485,25.265,torque,10136.000,10.549467,
2026-06-08T15:43:17.500,25.281,rpm,9893.000,10.549467,
2026-06-08T15:43:17.534,25.312,rpm,10030.000,10.549467,
2026-06-08T15:43:17.535,25.312,rpm,9824.000,10.549467,
2026-06-08T15:43:17.564,25.344,rpm,10107.000,10.549467,
2026-06-08T15:43:17.569,25.359,torque,10107.000,10.524595,
2026-06-08T15:43:17.590,25.375,rpm,10042.000,10.524595,
2026-06-08T15:43:17.605,25.390,rpm,10039.000,10.524595,
2026-06-08T15:43:17.630,25.422,rpm,10125.000,10.524595,
2026-06-08T15:43:17.660,25.437,rpm,9821.000,10.524595,
2026-06-08T15:43:17.663,25.453,torque,9821.000,10.534876,
2026-06-08T15:43:17.663,25.453,rpm,9985.000,10.534876,
2026-06-08T15:43:17.704,25.484,rpm,9973.000,10.534876,
2026-06-08T15:43:17.705,25.484,rpm,10100.000,10.534876,
2026-06-08T15:43:17.728,25.515,rpm,10055.000,10.534876,
2026-06-08T15:43:17.734,25.515,rpm,9873.000,10.534876,
2026-06-08T15:43:17.753,25.531,torque,9873.000,10.557157,
2026-06-08T15:43:17.769,25.547,rpm,10069.000,10.557157,
2026-06-08T15:43:17.810,25.594,rpm,10046.000,10.557157,
2026-06-08T15:43:17.835,25.625,torque,10046.000,10.547552,
2026-06-08T15:43:17.853,25.640,rpm,10032.000,10.547552,
2026-06-08T15:43:17.872,25.656,rpm,10170.000,10.547552,
2026-06-08T15:43:17.873,25.656,rpm,10077.000,10.547552,
2026-06-08T15:43:17.900,25.687,rpm,9929.000,10.547552,
2026-06-08T15:43:17.916,25.703,rpm,10083.000,10.547552,
2026-06-08T15:43:17.916,25.703,torque,10083.000,10.544161,
2026-06-08T15:43:17.944,25.734,rpm,9769.000,10.544161,
2026-06-08T15:43:17.958,25.734,rpm,10093.000,10.544161,
2026-06-08T15:43:17.990,25.781,rpm,10095.000,10.544161,
2026-06-08T15:43:18.011,25.797,torque,10095.000,10.554102,
2026-06-08T15:43:18.012,25.797,rpm,10072.000,10.554102,
2026-06-08T15:43:18.015,25.797,rpm,9992.000,10.554102,
2026-06-08T15:43:18.044,25.828,rpm,9996.000,10.554102,
2026-06-08T15:43:18.053,25.844,rpm,9948.000,10.554102,
2026-06-08T15:43:18.075,25.859,rpm,10084.000,10.554102,
2026-06-08T15:43:18.089,25.875,torque,10084.000,10.556300,
2026-06-08T15:43:18.107,25.890,rpm,9902.000,10.556300,
2026-06-08T15:43:18.140,25.922,rpm,10007.000,10.556300,
2026-06-08T15:43:18.154,25.937,rpm,10150.000,10.556300,
2026-06-08T15:43:18.156,25.937,rpm,10071.000,10.556300,
2026-06-08T15:43:18.182,25.969,torque,10071.000,10.526601,
2026-06-08T15:43:18.183,25.969,rpm,10009.000,10.526601,
2026-06-08T15:43:18.204,25.984,rpm,10045.000,10.526601,
2026-06-08T15:43:18.230,26.015,rpm,9828.000,10.526601,
2026-06-08T15:43:18.251,26.031,rpm,10084.000,10.526601,
2026-06-08T15:43:18.270,26.047,torque,10084.000,10.494247,
2026-06-08T15:43:18.270,26.047,rpm,10082.000,10.494247,
2026-06-08T15:43:18.290,26.078,rpm,10003.000,10.494247,
2026-06-08T15:43:18.323,26.109,rpm,10116.000,10.494247,
2026-06-08T15:43:18.323,26.109,rpm,10056.000,10.494247,
2026-06-08T15:43:18.345,26.125,rpm,9921.000,10.494247,
2026-06-08T15:43:18.347,26.125,torque,9921.000,10.489095,
2026-06-08T15:43:18.363,26.140,rpm,10025.000,10.489095,
2026-06-08T15:43:18.398,26.187,rpm,10080.000,10.489095,
2026-06-08T15:43:18.401,26.187,rpm,10028.000,10.489095,
2026-06-08T15:43:18.426,26.203,rpm,9935.000,10.489095,
2026-06-08T15:43:18.444,26.234,torque,9935.000,10.522214,
2026-06-08T15:43:18.445,26.234,rpm,10040.000,10.522214,
2026-06-08T15:43:18.461,26.250,rpm,9844.000,10.522214,
2026-06-08T15:43:18.484,26.265,rpm,10038.000,10.522214,
2026-06-08T15:43:18.507,26.297,rpm,10047.000,10.522214,
2026-06-08T15:43:18.524,26.312,torque,10047.000,10.601422,
2026-06-08T15:43:18.553,26.344,rpm,10138.000,10.601422,
2026-06-08T15:43:18.555,26.344,rpm,10051.000,10.601422,
2026-06-08T15:43:18.576,26.359,rpm,9879.000,10.601422,
2026-06-08T15:43:18.603,26.390,rpm,9946.000,10.601422,
2026-06-08T15:43:18.620,26.406,torque,9946.000,10.854224,
2026-06-08T15:43:18.622,26.406,rpm,9930.000,10.854224,
2026-06-08T15:43:18.643,26.422,rpm,9980.000,10.854224,
2026-06-08T15:43:18.678,26.469,rpm,10095.000,10.854224,
2026-06-08T15:43:18.683,26.469,rpm,9986.000,10.854224,
2026-06-08T15:43:18.701,26.484,torque,9986.000,10.814143,
2026-06-08T15:43:18.712,26.500,rpm,9979.000,10.814143,
2026-06-08T15:43:18.739,26.515,rpm,9949.000,10.814143,
2026-06-08T15:43:18.745,26.531,rpm,10035.000,10.814143,
2026-06-08T15:43:18.763,26.547,rpm,10005.000,10.814143,
2026-06-08T15:43:18.781,26.562,rpm,9965.000,10.814143,
2026-06-08T15:43:18.783,26.562,torque,9965.000,10.667841,
2026-06-08T15:43:18.817,26.594,rpm,10036.000,10.667841,
2026-06-08T15:43:18.824,26.609,rpm,10047.000,10.667841,
2026-06-08T15:43:18.856,26.640,rpm,10042.000,10.667841,
2026-06-08T15:43:18.874,26.656,torque,10042.000,10.597422,
2026-06-08T15:43:18.875,26.656,rpm,10039.000,10.597422,
2026-06-08T15:43:18.905,26.687,rpm,10036.000,10.597422,
2026-06-08T15:43:18.915,26.703,rpm,10081.000,10.597422,
2026-06-08T15:43:18.946,26.734,rpm,10104.000,10.597422,
2026-06-08T15:43:18.953,26.734,torque,10104.000,10.602615,
2026-06-08T15:43:18.972,26.750,rpm,10052.000,10.602615,
2026-06-08T15:43:18.999,26.781,rpm,10088.000,10.602615,
2026-06-08T15:43:19.007,26.797,rpm,10069.000,10.602615,
2026-06-08T15:43:19.023,26.812,rpm,9854.000,10.602615,
2026-06-08T15:43:19.045,26.828,torque,9854.000,10.584799,
2026-06-08T15:43:19.048,26.828,rpm,10055.000,10.584799,
2026-06-08T15:43:19.076,26.859,rpm,10045.000,10.584799,
2026-06-08T15:43:19.101,26.890,rpm,9876.000,10.584799,
2026-06-08T15:43:19.119,26.906,rpm,10100.000,10.584799,
2026-06-08T15:43:19.139,26.922,torque,10100.000,10.598227,
2026-06-08T15:43:19.139,26.922,rpm,9878.000,10.598227,
2026-06-08T15:43:19.172,26.953,rpm,9996.000,10.598227,
2026-06-08T15:43:19.180,26.969,rpm,9902.000,10.598227,
2026-06-08T15:43:19.198,26.984,rpm,10069.000,10.598227,
2026-06-08T15:43:19.227,27.015,torque,10069.000,10.600889,
2026-06-08T15:43:19.227,27.015,rpm,9941.000,10.600889,
2026-06-08T15:43:19.260,27.047,rpm,9998.000,10.600889,
2026-06-08T15:43:19.269,27.047,rpm,10137.000,10.600889,
2026-06-08T15:43:19.290,27.078,rpm,10018.000,10.600889,
2026-06-08T15:43:19.309,27.094,rpm,9968.000,10.600889,
2026-06-08T15:43:19.309,27.094,torque,9968.000,10.623704,
2026-06-08T15:43:19.334,27.125,rpm,9906.000,10.623704,
2026-06-08T15:43:19.355,27.140,throttle,9906.000,10.623704,100.000
2026-06-08T15:43:19.356,27.140,rpm,10005.000,10.623704,100.000
2026-06-08T15:43:19.361,27.140,rpm,9970.000,10.623704,100.000
2026-06-08T15:43:19.387,27.172,torque,9970.000,10.615518,100.000
2026-06-08T15:43:19.389,27.172,rpm,10092.000,10.615518,100.000
2026-06-08T15:43:19.415,27.203,rpm,10095.000,10.615518,100.000
2026-06-08T15:43:19.431,27.219,rpm,10061.000,10.615518,100.000
2026-06-08T15:43:19.457,27.234,rpm,10058.000,10.615518,100.000
2026-06-08T15:43:19.466,27.250,rpm,10093.000,10.615518,100.000
2026-06-08T15:43:19.484,27.265,torque,10093.000,10.706659,100.000
2026-06-08T15:43:19.485,27.265,rpm,9975.000,10.706659,100.000
2026-06-08T15:43:19.520,27.297,rpm,10116.000,10.706659,100.000
2026-06-08T15:43:19.520,27.297,rpm,9988.000,10.706659,100.000
2026-06-08T15:43:19.555,27.344,rpm,10120.000,10.706659,100.000
2026-06-08T15:43:19.561,27.344,torque,10120.000,11.339368,100.000
2026-06-08T15:43:19.582,27.359,rpm,9913.000,11.339368,100.000
2026-06-08T15:43:19.592,27.375,rpm,9961.000,11.339368,100.000
2026-06-08T15:43:19.612,27.390,rpm,9982.000,11.339368,100.000
2026-06-08T15:43:19.628,27.406,rpm,10183.000,11.339368,100.000
2026-06-08T15:43:19.656,27.437,torque,10183.000,11.518017,100.000
2026-06-08T15:43:19.664,27.453,rpm,9889.000,11.518017,100.000
2026-06-08T15:43:19.676,27.453,rpm,10036.000,11.518017,100.000
2026-06-08T15:43:19.695,27.484,rpm,10042.000,11.518017,100.000
2026-06-08T15:43:19.705,27.484,rpm,9905.000,11.518017,100.000
2026-06-08T15:43:19.733,27.515,rpm,9967.000,11.518017,100.000
2026-06-08T15:43:19.734,27.515,torque,9967.000,11.414144,100.000
2026-06-08T15:43:19.738,27.515,rpm,9889.000,11.414144,100.000
2026-06-08T15:43:19.774,27.562,rpm,10086.000,11.414144,100.000
2026-06-08T15:43:19.795,27.578,rpm,10082.000,11.414144,100.000
2026-06-08T15:43:19.797,27.578,rpm,10058.000,11.414144,100.000
2026-06-08T15:43:19.821,27.609,torque,10058.000,11.399330,100.000
2026-06-08T15:43:19.823,27.609,rpm,10040.000,11.399330,100.000
2026-06-08T15:43:19.847,27.625,rpm,9982.000,11.399330,100.000
2026-06-08T15:43:19.879,27.656,rpm,10064.000,11.399330,100.000
2026-06-08T15:43:19.903,27.687,torque,10064.000,11.421790,100.000
2026-06-08T15:43:19.927,27.719,rpm,9984.000,11.421790,100.000
2026-06-08T15:43:19.946,27.734,rpm,10096.000,11.421790,100.000
2026-06-08T15:43:19.964,27.750,rpm,10050.000,11.421790,100.000
2026-06-08T15:43:19.991,27.781,rpm,10117.000,11.421790,100.000
2026-06-08T15:43:19.994,27.781,torque,10117.000,11.098935,100.000
2026-06-08T15:43:20.030,27.812,rpm,10059.000,11.098935,100.000
2026-06-08T15:43:20.048,27.828,rpm,9975.000,11.098935,100.000
2026-06-08T15:43:20.066,27.844,rpm,9858.000,11.098935,100.000
2026-06-08T15:43:20.091,27.875,torque,9858.000,10.378128,100.000
2026-06-08T15:43:20.091,27.875,rpm,10025.000,10.378128,100.000
2026-06-08T15:43:20.125,27.906,rpm,10117.000,10.378128,100.000
2026-06-08T15:43:20.143,27.922,rpm,9872.000,10.378128,100.000
2026-06-08T15:43:20.144,27.922,rpm,9987.000,10.378128,100.000
2026-06-08T15:43:20.172,27.953,torque,9987.000,10.203431,100.000
2026-06-08T15:43:20.172,27.953,rpm,10045.000,10.203431,100.000
2026-06-08T15:43:20.199,27.984,rpm,10074.000,10.203431,100.000
2026-06-08T15:43:20.210,28.000,rpm,9961.000,10.203431,100.000
2026-06-08T15:43:20.233,28.015,rpm,10135.000,10.203431,100.000
2026-06-08T15:43:20.256,28.047,rpm,10050.000,10.203431,100.000
2026-06-08T15:43:20.257,28.047,torque,10050.000,10.195616,100.000
2026-06-08T15:43:20.267,28.047,rpm,10093.000,10.195616,100.000
2026-06-08T15:43:20.295,28.078,rpm,10121.000,10.195616,100.000
2026-06-08T15:43:20.304,28.094,throttle,10121.000,10.195616,0.000
2026-06-08T15:43:20.324,28.109,rpm,10048.000,10.195616,0.000
2026-06-08T15:43:20.329,28.109,rpm,10054.000,10.195616,0.000
2026-06-08T15:43:20.348,28.125,torque,10054.000,10.195415,0.000
2026-06-08T15:43:20.350,28.140,rpm,10094.000,10.195415,0.000
2026-06-08T15:43:20.366,28.156,rpm,9986.000,10.195415,0.000
2026-06-08T15:43:20.387,28.172,rpm,10134.000,10.195415,0.000
2026-06-08T15:43:20.411,28.187,rpm,10034.000,10.195415,0.000
2026-06-08T15:43:20.429,28.219,torque,10034.000,10.424648,0.000
2026-06-08T15:43:20.436,28.219,rpm,9990.000,10.424648,0.000
2026-06-08T15:43:20.471,28.250,rpm,10050.000,10.424648,0.000
2026-06-08T15:43:20.490,28.281,rpm,10021.000,10.424648,0.000
2026-06-08T15:43:20.509,28.297,torque,10021.000,11.383164,0.000
2026-06-08T15:43:20.511,28.297,rpm,10067.000,11.383164,0.000
2026-06-08T15:43:20.520,28.297,rpm,10008.000,11.383164,0.000
2026-06-08T15:43:20.554,28.344,rpm,10093.000,11.383164,0.000
2026-06-08T15:43:20.558,28.344,rpm,10078.000,11.383164,0.000
2026-06-08T15:43:20.584,28.375,rpm,9806.000,11.383164,0.000
2026-06-08T15:43:20.605,28.390,torque,9806.000,11.536448,0.000
2026-06-08T15:43:20.627,28.406,rpm,9873.000,11.536448,0.000
2026-06-08T15:43:20.627,28.406,rpm,10028.000,11.536448,0.000
2026-06-08T15:43:20.652,28.437,rpm,9981.000,11.536448,0.000
2026-06-08T15:43:20.664,28.453,rpm,10030.000,11.536448,0.000
2026-06-08T15:43:20.685,28.469,rpm,10008.000,11.536448,0.000
2026-06-08T15:43:20.686,28.469,torque,10008.000,11.408511,0.000
2026-06-08T15:43:20.713,28.500,rpm,10020.000,11.408511,0.000
2026-06-08T15:43:20.739,28.515,rpm,10016.000,11.408511,0.000
2026-06-08T15:43:20.744,28.531,rpm,10005.000,11.408511,0.000
2026-06-08T15:43:20.764,28.547,rpm,10007.000,11.408511,0.000
2026-06-08T15:43:20.771,28.562,torque,10007.000,11.423879,0.000
2026-06-08T15:43:20.793,28.578,rpm,10121.000,11.423879,0.000
2026-06-08T15:43:20.810,28.594,rpm,10014.000,11.423879,0.000
2026-06-08T15:43:20.837,28.625,rpm,10114.000,11.423879,0.000
2026-06-08T15:43:20.841,28.625,rpm,10009.000,11.423879,0.000
2026-06-08T15:43:20.862,28.640,torque,10009.000,11.476720,0.000
2026-06-08T15:43:20.865,28.656,rpm,9963.000,11.476720,0.000
2026-06-08T15:43:20.904,28.687,rpm,9783.000,11.476720,0.000
2026-06-08T15:43:20.904,28.687,rpm,9847.000,11.476720,0.000
2026-06-08T15:43:20.945,28.734,torque,9847.000,11.125415,0.000
2026-06-08T15:43:20.961,28.750,rpm,10119.000,11.125415,0.000
2026-06-08T15:43:20.971,28.750,rpm,10015.000,11.125415,0.000
2026-06-08T15:43:20.997,28.781,rpm,10130.000,11.125415,0.000
2026-06-08T15:43:21.024,28.812,rpm,9832.000,11.125415,0.000
2026-06-08T15:43:21.039,28.828,rpm,10038.000,11.125415,0.000
2026-06-08T15:43:21.047,28.828,torque,10038.000,10.449234,0.000
2026-06-08T15:43:21.080,28.859,rpm,10071.000,10.449234,0.000
2026-06-08T15:43:21.084,28.875,rpm,10045.000,10.449234,0.000
2026-06-08T15:43:21.112,28.890,rpm,10065.000,10.449234,0.000
2026-06-08T15:43:21.126,28.906,torque,10065.000,10.221216,0.000
2026-06-08T15:43:21.135,28.922,rpm,9920.000,10.221216,0.000
2026-06-08T15:43:21.151,28.937,rpm,10012.000,10.221216,0.000
2026-06-08T15:43:21.173,28.953,rpm,9998.000,10.221216,0.000
2026-06-08T15:43:21.196,28.984,rpm,10165.000,10.221216,0.000
2026-06-08T15:43:21.212,29.000,torque,10165.000,10.242109,0.000
2026-06-08T15:43:21.215,29.000,rpm,9950.000,10.242109,0.000
2026-06-08T15:43:21.233,29.015,rpm,9992.000,10.242109,0.000
2026-06-08T15:43:21.237,29.015,throttle,9992.000,10.242109,100.000
2026-06-08T15:43:21.255,29.047,rpm,10033.000,10.242109,100.000
2026-06-08T15:43:21.278,29.062,rpm,10111.000,10.242109,100.000
2026-06-08T15:43:21.280,29.062,rpm,9959.000,10.242109,100.000
2026-06-08T15:43:21.296,29.078,torque,9959.000,10.304597,100.000
2026-06-08T15:43:21.307,29.094,rpm,10120.000,10.304597,100.000
2026-06-08T15:43:21.336,29.125,rpm,10055.000,10.304597,100.000
2026-06-08T15:43:21.364,29.140,rpm,10108.000,10.304597,100.000
2026-06-08T15:43:21.365,29.156,rpm,10011.000,10.304597,100.000
2026-06-08T15:43:21.385,29.172,torque,10011.000,10.593309,100.000
2026-06-08T15:43:21.404,29.187,rpm,10053.000,10.593309,100.000
2026-06-08T15:43:21.425,29.203,rpm,9831.000,10.593309,100.000
2026-06-08T15:43:21.426,29.203,rpm,9968.000,10.593309,100.000
2026-06-08T15:43:21.456,29.234,rpm,9960.000,10.593309,100.000
2026-06-08T15:43:21.463,29.250,torque,9960.000,11.425381,100.000
2026-06-08T15:43:21.479,29.265,rpm,10116.000,11.425381,100.000
2026-06-08T15:43:21.488,29.265,rpm,10061.000,11.425381,100.000
2026-06-08T15:43:21.520,29.297,rpm,10061.000,11.425381,100.000
2026-06-08T15:43:21.538,29.328,rpm,9995.000,11.425381,100.000
2026-06-08T15:43:21.561,29.344,torque,9995.000,11.469180,100.000
2026-06-08T15:43:21.561,29.344,rpm,10129.000,11.469180,100.000
2026-06-08T15:43:21.585,29.375,rpm,9851.000,11.469180,100.000
2026-06-08T15:43:21.607,29.390,rpm,10116.000,11.469180,100.000
2026-06-08T15:43:21.623,29.406,rpm,9967.000,11.469180,100.000
2026-06-08T15:43:21.632,29.422,rpm,10030.000,11.469180,100.000
2026-06-08T15:43:21.651,29.437,torque,10030.000,11.427819,100.000
2026-06-08T15:43:21.651,29.437,rpm,10038.000,11.427819,100.000
2026-06-08T15:43:21.674,29.453,rpm,10125.000,11.427819,100.000
2026-06-08T15:43:21.694,29.484,rpm,10036.000,11.427819,100.000
2026-06-08T15:43:21.715,29.500,rpm,10112.000,11.427819,100.000
2026-06-08T15:43:21.738,29.515,torque,10112.000,11.438174,100.000
2026-06-08T15:43:21.738,29.515,rpm,9979.000,11.438174,100.000
2026-06-08T15:43:21.762,29.547,rpm,10095.000,11.438174,100.000
2026-06-08T15:43:21.780,29.562,rpm,10080.000,11.438174,100.000
2026-06-08T15:43:21.806,29.594,rpm,10076.000,11.438174,100.000
2026-06-08T15:43:21.827,29.609,torque,10076.000,11.429543,100.000
2026-06-08T15:43:21.827,29.609,rpm,9856.000,11.429543,100.000
2026-06-08T15:43:21.842,29.625,rpm,10195.000,11.429543,100.000
2026-06-08T15:43:21.874,29.656,rpm,10032.000,11.429543,100.000
2026-06-08T15:43:21.881,29.672,rpm,9846.000,11.429543,100.000
2026-06-08T15:43:21.903,29.687,rpm,10029.000,11.429543,100.000
2026-06-08T15:43:21.913,29.703,torque,10029.000,10.983755,100.000
2026-06-08T15:43:21.914,29.703,rpm,10157.000,10.983755,100.000
2026-06-08T15:43:21.947,29.734,rpm,9819.000,10.983755,100.000
2026-06-08T15:43:21.959,29.750,rpm,10006.000,10.983755,100.000
2026-06-08T15:43:21.970,29.750,rpm,10034.000,10.983755,100.000
2026-06-08T15:43:21.995,29.781,torque,10034.000,10.312026,100.000
2026-06-08T15:43:21.996,29.781,rpm,10143.000,10.312026,100.000
2026-06-08T15:43:22.021,29.812,rpm,10052.000,10.312026,100.000
2026-06-08T15:43:22.034,29.812,rpm,9924.000,10.312026,100.000
2026-06-08T15:43:22.073,29.859,rpm,9887.000,10.312026,100.000
2026-06-08T15:43:22.073,29.859,rpm,9951.000,10.312026,100.000
2026-06-08T15:43:22.073,29.859,torque,9951.000,10.205066,100.000
2026-06-08T15:43:22.101,29.890,rpm,10079.000,10.205066,100.000
2026-06-08T15:43:22.132,29.922,rpm,10104.000,10.205066,100.000
2026-06-08T15:43:22.141,29.922,rpm,9992.000,10.205066,100.000
2026-06-08T15:43:22.142,29.922,rpm,9931.000,10.205066,100.000
2026-06-08T15:43:22.165,29.953,torque,9931.000,10.238004,100.000
2026-06-08T15:43:22.178,29.969,rpm,9975.000,10.238004,100.000
2026-06-08T15:43:22.198,29.984,rpm,10094.000,10.238004,100.000
2026-06-08T15:43:22.221,30.000,rpm,9871.000,10.238004,100.000
2026-06-08T15:43:22.244,30.031,torque,9871.000,10.239575,100.000
2026-06-08T15:43:22.246,30.031,throttle,9871.000,10.239575,0.000
2026-06-08T15:43:22.269,30.047,rpm,9809.000,10.239575,0.000
2026-06-08T15:43:22.269,30.047,rpm,9809.000,10.239575,0.000
2026-06-08T15:43:22.289,30.078,rpm,10066.000,10.239575,0.000
2026-06-08T15:43:22.312,30.094,rpm,9949.000,10.239575,0.000
2026-06-08T15:43:22.336,30.125,rpm,10013.000,10.239575,0.000
2026-06-08T15:43:22.336,30.125,torque,10013.000,10.285368,0.000
2026-06-08T15:43:22.359,30.140,rpm,10104.000,10.285368,0.000
2026-06-08T15:43:22.400,30.187,rpm,9866.000,10.285368,0.000
2026-06-08T15:43:22.400,30.187,rpm,9866.000,10.285368,0.000
2026-06-08T15:43:22.412,30.203,rpm,10002.000,10.285368,0.000
2026-06-08T15:43:22.436,30.219,torque,10002.000,10.932125,0.000
2026-06-08T15:43:22.462,30.250,rpm,10072.000,10.932125,0.000
2026-06-08T15:43:22.482,30.265,rpm,9905.000,10.932125,0.000
2026-06-08T15:43:22.482,30.265,rpm,10054.000,10.932125,0.000
2026-06-08T15:43:22.494,30.281,rpm,10003.000,10.932125,0.000
2026-06-08T15:43:22.517,30.297,torque,10003.000,11.621496,0.000
2026-06-08T15:43:22.517,30.297,rpm,10117.000,11.621496,0.000
2026-06-08T15:43:22.541,30.328,rpm,10137.000,11.621496,0.000
2026-06-08T15:43:22.578,30.359,rpm,10105.000,11.621496,0.000
2026-06-08T15:43:22.589,30.375,rpm,9996.000,11.621496,0.000
2026-06-08T15:43:22.600,30.390,torque,9996.000,11.524020,0.000
2026-06-08T15:43:22.602,30.390,rpm,10019.000,11.524020,0.000
2026-06-08T15:43:22.643,30.422,rpm,9958.000,11.524020,0.000
2026-06-08T15:43:22.643,30.422,rpm,10083.000,11.524020,0.000
2026-06-08T15:43:22.666,30.453,rpm,9860.000,11.524020,0.000
2026-06-08T15:43:22.692,30.469,torque,9860.000,11.507643,0.000
2026-06-08T15:43:22.692,30.469,rpm,9974.000,11.507643,0.000
2026-06-08T15:43:22.693,30.469,rpm,10053.000,11.507643,0.000
2026-06-08T15:43:22.729,30.515,rpm,10045.000,11.507643,0.000
2026-06-08T15:43:22.747,30.531,rpm,9896.000,11.507643,0.000
2026-06-08T15:43:22.773,30.562,torque,9896.000,11.513123,0.000
2026-06-08T15:43:22.773,30.562,rpm,10046.000,11.513123,0.000
2026-06-08T15:43:22.785,30.562,rpm,10103.000,11.513123,0.000
2026-06-08T15:43:22.796,30.578,rpm,9940.000,11.513123,0.000
2026-06-08T15:43:22.837,30.625,rpm,9910.000,11.513123,0.000
2026-06-08T15:43:22.839,30.625,rpm,10081.000,11.513123,0.000
2026-06-08T15:43:22.862,30.640,torque,10081.000,11.410361,0.000
2026-06-08T15:43:22.862,30.640,rpm,10032.000,11.410361,0.000
2026-06-08T15:43:22.895,30.672,rpm,10026.000,11.410361,0.000
2026-06-08T15:43:22.906,30.687,rpm,9851.000,11.410361,0.000
2026-06-08T15:43:22.919,30.703,rpm,10043.000,11.410361,0.000
2026-06-08T15:43:22.951,30.734,rpm,9981.000,11.410361,0.000
2026-06-08T15:43:22.951,30.734,torque,9981.000,10.870618,0.000
2026-06-08T15:43:22.957,30.734,rpm,10063.000,10.870618,0.000
2026-06-08T15:43:22.982,30.765,rpm,9863.000,10.870618,0.000
2026-06-08T15:43:23.014,30.797,rpm,10053.000,10.870618,0.000
2026-06-08T15:43:23.025,30.812,rpm,9995.000,10.870618,0.000
2026-06-08T15:43:23.036,30.812,torque,9995.000,10.540045,0.000
2026-06-08T15:43:23.036,30.812,rpm,9997.000,10.540045,0.000
2026-06-08T15:43:23.060,30.844,rpm,10016.000,10.540045,0.000
2026-06-08T15:43:23.102,30.890,rpm,10057.000,10.540045,0.000
2026-06-08T15:43:23.102,30.890,rpm,10053.000,10.540045,0.000
2026-06-08T15:43:23.107,30.890,throttle,10053.000,10.540045,100.000
2026-06-08T15:43:23.120,30.906,torque,10053.000,10.497627,100.000
2026-06-08T15:43:23.120,30.906,rpm,10083.000,10.497627,100.000
2026-06-08T15:43:23.161,30.937,rpm,9899.000,10.497627,100.000
2026-06-08T15:43:23.171,30.953,rpm,10099.000,10.497627,100.000
2026-06-08T15:43:23.194,30.984,rpm,9937.000,10.497627,100.000
2026-06-08T15:43:23.208,30.984,rpm,10116.000,10.497627,100.000
2026-06-08T15:43:23.209,31.000,torque,10116.000,10.349465,100.000
2026-06-08T15:43:23.223,31.000,rpm,10102.000,10.349465,100.000
2026-06-08T15:43:23.266,31.047,rpm,10044.000,10.349465,100.000
2026-06-08T15:43:23.275,31.062,rpm,9897.000,10.349465,100.000
2026-06-08T15:43:23.276,31.062,rpm,10051.000,10.349465,100.000
2026-06-08T15:43:23.291,31.078,torque,10051.000,10.833339,100.000
2026-06-08T15:43:23.303,31.094,rpm,10042.000,10.833339,100.000
2026-06-08T15:43:23.323,31.109,rpm,10036.000,10.833339,100.000
2026-06-08T15:43:23.351,31.140,rpm,9884.000,10.833339,100.000
2026-06-08T15:43:23.366,31.156,rpm,10089.000,10.833339,100.000
2026-06-08T15:43:23.376,31.156,torque,10089.000,11.326575,100.000
2026-06-08T15:43:23.379,31.156,rpm,10104.000,11.326575,100.000
2026-06-08T15:43:23.411,31.187,rpm,10123.000,11.326575,100.000
2026-06-08T15:43:23.432,31.219,rpm,9816.000,11.326575,100.000
2026-06-08T15:43:23.456,31.234,rpm,9975.000,11.326575,100.000
2026-06-08T15:43:23.457,31.234,torque,9975.000,11.183226,100.000
2026-06-08T15:43:23.457,31.234,rpm,9999.000,11.183226,100.000
2026-06-08T15:43:23.483,31.265,rpm,10032.000,11.183226,100.000
2026-06-08T15:43:23.514,31.297,rpm,10034.000,11.183226,100.000
2026-06-08T15:43:23.528,31.312,rpm,10065.000,11.183226,100.000
2026-06-08T15:43:23.552,31.344,torque,10065.000,11.165478,100.000
2026-06-08T15:43:23.552,31.344,rpm,9817.000,11.165478,100.000
2026-06-08T15:43:23.554,31.344,rpm,10081.000,11.165478,100.000
2026-06-08T15:43:23.576,31.359,rpm,9987.000,11.165478,100.000
2026-06-08T15:43:23.600,31.390,rpm,10075.000,11.165478,100.000
2026-06-08T15:43:23.646,31.437,torque,10075.000,11.186953,100.000
2026-06-08T15:43:23.670,31.453,rpm,9908.000,11.186953,100.000
2026-06-08T15:43:23.670,31.453,rpm,10027.000,11.186953,100.000
2026-06-08T15:43:23.698,31.484,rpm,9845.000,11.186953,100.000
2026-06-08T15:43:23.729,31.515,torque,9845.000,11.061027,100.000
2026-06-08T15:43:23.730,31.515,rpm,10011.000,11.061027,100.000
2026-06-08T15:43:23.755,31.531,rpm,9954.000,11.061027,100.000
2026-06-08T15:43:23.766,31.547,rpm,10016.000,11.061027,100.000
2026-06-08T15:43:23.798,31.578,rpm,10058.000,11.061027,100.000
2026-06-08T15:43:23.798,31.578,rpm,10122.000,11.061027,100.000
2026-06-08T15:43:23.798,31.578,torque,10122.000,10.297368,100.000
2026-06-08T15:43:23.822,31.609,rpm,10067.000,10.297368,100.000
2026-06-08T15:43:23.858,31.640,rpm,10030.000,10.297368,100.000
2026-06-08T15:43:23.859,31.640,rpm,10109.000,10.297368,100.000
2026-06-08T15:43:23.884,31.672,rpm,10136.000,10.297368,100.000
2026-06-08T15:43:23.885,31.672,torque,10136.000,9.879094,100.000
2026-06-08T15:43:23.914,31.703,rpm,10028.000,9.879094,100.000
2026-06-08T15:43:23.936,31.719,rpm,10003.000,9.879094,100.000
2026-06-08T15:43:23.960,31.750,rpm,10055.000,9.879094,100.000
2026-06-08T15:43:23.974,31.750,rpm,10015.000,9.879094,100.000
2026-06-08T15:43:23.985,31.765,torque,10015.000,9.846017,100.000
2026-06-08T15:43:23.986,31.765,rpm,10074.000,9.846017,100.000
2026-06-08T15:43:24.030,31.812,rpm,9998.000,9.846017,100.000
2026-06-08T15:43:24.040,31.828,rpm,9889.000,9.846017,100.000
2026-06-08T15:43:24.042,31.828,rpm,10047.000,9.846017,100.000
2026-06-08T15:43:24.070,31.859,rpm,9969.000,9.846017,100.000
2026-06-08T15:43:24.070,31.859,torque,9969.000,9.855398,100.000
2026-06-08T15:43:24.084,31.875,throttle,9969.000,9.855398,0.000
2026-06-08T15:43:24.126,31.906,rpm,9985.000,9.855398,0.000
2026-06-08T15:43:24.163,31.953,rpm,10122.000,9.855398,0.000
2026-06-08T15:43:24.163,31.953,torque,10122.000,9.885018,0.000
2026-06-08T15:43:24.166,31.953,rpm,9970.000,9.885018,0.000
2026-06-08T15:43:24.189,31.969,rpm,9837.000,9.885018,0.000
2026-06-08T15:43:24.220,32.000,rpm,10049.000,9.885018,0.000
2026-06-08T15:43:24.232,32.015,rpm,9859.000,9.885018,0.000
2026-06-08T15:43:24.247,32.031,torque,9859.000,10.277841,0.000
2026-06-08T15:43:24.258,32.047,rpm,10046.000,10.277841,0.000
2026-06-08T15:43:24.260,32.047,rpm,9928.000,10.277841,0.000
2026-06-08T15:43:24.295,32.078,rpm,10062.000,10.277841,0.000
2026-06-08T15:43:24.315,32.094,rpm,9978.000,10.277841,0.000
2026-06-08T15:43:24.339,32.125,torque,9978.000,11.235776,0.000
2026-06-08T15:43:24.339,32.125,rpm,10055.000,11.235776,0.000
2026-06-08T15:43:24.356,32.140,rpm,9908.000,11.235776,0.000
2026-06-08T15:43:24.380,32.156,rpm,10066.000,11.235776,0.000
2026-06-08T15:43:24.402,32.187,rpm,9855.000,11.235776,0.000
2026-06-08T15:43:24.427,32.203,torque,9855.000,11.232555,0.000
2026-06-08T15:43:24.427,32.203,rpm,9954.000,11.232555,0.000
2026-06-08T15:43:24.484,32.265,rpm,10076.000,11.232555,0.000
2026-06-08T15:43:24.501,32.281,rpm,9994.000,11.232555,0.000
2026-06-08T15:43:24.512,32.297,torque,9994.000,11.173248,0.000
2026-06-08T15:43:24.513,32.297,rpm,10135.000,11.173248,0.000
2026-06-08T15:43:24.546,32.328,rpm,10016.000,11.173248,0.000
2026-06-08T15:43:24.568,32.359,rpm,9936.000,11.173248,0.000
2026-06-08T15:43:24.584,32.375,rpm,10000.000,11.173248,0.000
2026-06-08T15:43:24.596,32.375,torque,10000.000,11.187859,0.000
2026-06-08T15:43:24.597,32.375,rpm,10085.000,11.187859,0.000
2026-06-08T15:43:24.635,32.422,rpm,10082.000,11.187859,0.000
2026-06-08T15:43:24.644,32.422,rpm,10085.000,11.187859,0.000
2026-06-08T15:43:24.658,32.437,rpm,10077.000,11.187859,0.000
2026-06-08T15:43:24.686,32.469,torque,10077.000,11.132218,0.000
2026-06-08T15:43:24.686,32.469,rpm,10056.000,11.132218,0.000
2026-06-08T15:43:24.687,32.469,rpm,10043.000,11.132218,0.000
2026-06-08T15:43:24.721,32.500,rpm,10068.000,11.132218,0.000
2026-06-08T15:43:24.735,32.515,rpm,10028.000,11.132218,0.000
2026-06-08T15:43:24.762,32.547,torque,10028.000,10.735689,0.000
2026-06-08T15:43:24.762,32.547,rpm,10005.000,10.735689,0.000
2026-06-08T15:43:24.776,32.562,rpm,10076.000,10.735689,0.000
2026-06-08T15:43:24.808,32.594,rpm,10019.000,10.735689,0.000
2026-06-08T15:43:24.822,32.609,rpm,9997.000,10.735689,0.000
2026-06-08T15:43:24.836,32.625,rpm,10062.000,10.735689,0.000
2026-06-08T15:43:24.863,32.640,torque,10062.000,10.719439,0.000
2026-06-08T15:43:24.863,32.640,rpm,10033.000,10.719439,0.000
2026-06-08T15:43:24.890,32.672,rpm,10042.000,10.719439,0.000
2026-06-08T15:43:24.891,32.672,rpm,10067.000,10.719439,0.000
2026-06-08T15:43:24.926,32.703,rpm,9849.000,10.719439,0.000
2026-06-08T15:43:24.940,32.719,torque,9849.000,10.528121,0.000
2026-06-08T15:43:24.940,32.719,rpm,9971.000,10.528121,0.000
2026-06-08T15:43:24.941,32.719,throttle,9971.000,10.528121,100.000
2026-06-08T15:43:24.971,32.750,rpm,10072.000,10.528121,100.000
2026-06-08T15:43:24.981,32.765,rpm,10013.000,10.528121,100.000
2026-06-08T15:43:25.018,32.797,rpm,10127.000,10.528121,100.000
2026-06-08T15:43:25.019,32.797,rpm,10009.000,10.528121,100.000
2026-06-08T15:43:25.033,32.812,torque,10009.000,10.360220,100.000
2026-06-08T15:43:25.046,32.828,rpm,10078.000,10.360220,100.000
2026-06-08T15:43:25.047,32.828,rpm,9996.000,10.360220,100.000
2026-06-08T15:43:25.077,32.859,rpm,10035.000,10.360220,100.000
2026-06-08T15:43:25.092,32.875,rpm,10061.000,10.360220,100.000
2026-06-08T15:43:25.105,32.890,torque,10061.000,10.712420,100.000
2026-06-08T15:43:25.131,32.922,rpm,10051.000,10.712420,100.000
2026-06-08T15:43:25.151,32.937,rpm,9838.000,10.712420,100.000
2026-06-08T15:43:25.179,32.969,rpm,10057.000,10.712420,100.000
2026-06-08T15:43:25.183,32.969,rpm,9803.000,10.712420,100.000
2026-06-08T15:43:25.183,32.969,torque,9803.000,11.396730,100.000
2026-06-08T15:43:25.209,33.000,rpm,9979.000,11.396730,100.000
2026-06-08T15:43:25.234,33.015,rpm,9850.000,11.396730,100.000
2026-06-08T15:43:25.258,33.047,rpm,10022.000,11.396730,100.000
2026-06-08T15:43:25.286,33.062,rpm,10170.000,11.396730,100.000
2026-06-08T15:43:25.286,33.062,torque,10170.000,11.301049,100.000
2026-06-08T15:43:25.302,33.078,rpm,10033.000,11.301049,100.000
2026-06-08T15:43:25.339,33.125,rpm,10068.000,11.301049,100.000
2026-06-08T15:43:25.348,33.125,rpm,9988.000,11.301049,100.000
2026-06-08T15:43:25.348,33.125,rpm,9925.000,11.301049,100.000
2026-06-08T15:43:25.361,33.140,torque,9925.000,11.263910,100.000
2026-06-08T15:43:25.362,33.140,rpm,10081.000,11.263910,100.000
2026-06-08T15:43:25.391,33.172,rpm,10001.000,11.263910,100.000
2026-06-08T15:43:25.421,33.203,rpm,10031.000,11.263910,100.000
2026-06-08T15:43:25.434,33.219,rpm,9804.000,11.263910,100.000
2026-06-08T15:43:25.464,33.250,torque,9804.000,11.232480,100.000
2026-06-08T15:43:25.464,33.250,rpm,10026.000,11.232480,100.000
2026-06-08T15:43:25.479,33.265,rpm,9909.000,11.232480,100.000
2026-06-08T15:43:25.507,33.297,rpm,10059.000,11.232480,100.000
2026-06-08T15:43:25.519,33.297,rpm,9944.000,11.232480,100.000
2026-06-08T15:43:25.540,33.328,rpm,10079.000,11.232480,100.000
2026-06-08T15:43:25.554,33.344,torque,10079.000,11.210674,100.000
2026-06-08T15:43:25.567,33.344,rpm,10106.000,11.210674,100.000
2026-06-08T15:43:25.569,33.359,rpm,10026.000,11.210674,100.000
2026-06-08T15:43:25.613,33.390,rpm,10016.000,11.210674,100.000
2026-06-08T15:43:25.629,33.406,rpm,10058.000,11.210674,100.000
2026-06-08T15:43:25.641,33.422,torque,10058.000,10.647000,100.000
2026-06-08T15:43:25.642,33.422,rpm,10050.000,10.647000,100.000
2026-06-08T15:43:25.683,33.469,rpm,10041.000,10.647000,100.000
2026-06-08T15:43:25.692,33.469,rpm,9989.000,10.647000,100.000
2026-06-08T15:43:25.705,33.484,rpm,9998.000,10.647000,100.000
2026-06-08T15:43:25.706,33.484,torque,9998.000,10.087096,100.000
2026-06-08T15:43:25.706,33.484,rpm,9868.000,10.087096,100.000
2026-06-08T15:43:25.735,33.515,rpm,10088.000,10.087096,100.000
2026-06-08T15:43:25.771,33.562,rpm,9961.000,10.087096,100.000
2026-06-08T15:43:25.779,33.562,rpm,10002.000,10.087096,100.000
2026-06-08T15:43:25.809,33.594,torque,10002.000,10.024477,100.000
2026-06-08T15:43:25.809,33.594,rpm,10088.000,10.024477,100.000
2026-06-08T15:43:25.824,33.609,rpm,10009.000,10.024477,100.000
2026-06-08T15:43:25.825,33.609,rpm,9846.000,10.024477,100.000
2026-06-08T15:43:25.862,33.640,rpm,10076.000,10.024477,100.000
2026-06-08T15:43:25.884,33.672,rpm,9844.000,10.024477,100.000
2026-06-08T15:43:25.901,33.687,torque,9844.000,10.011989,100.000
2026-06-08T15:43:25.914,33.703,rpm,9933.000,10.011989,100.000
2026-06-08T15:43:25.914,33.703,rpm,9851.000,10.011989,100.000
2026-06-08T15:43:25.938,33.719,rpm,10075.000,10.011989,100.000
2026-06-08T15:43:25.968,33.750,rpm,10063.000,10.011989,100.000
2026-06-08T15:43:25.969,33.750,throttle,10063.000,10.011989,0.000
2026-06-08T15:43:25.983,33.765,torque,10063.000,9.995572,0.000
2026-06-08T15:43:25.983,33.765,rpm,9986.000,9.995572,0.000
2026-06-08T15:43:26.021,33.812,rpm,10100.000,9.995572,0.000
2026-06-08T15:43:26.031,33.812,rpm,9979.000,9.995572,0.000
2026-06-08T15:43:26.045,33.828,rpm,9823.000,9.995572,0.000
2026-06-08T15:43:26.072,33.859,torque,9823.000,9.996409,0.000
2026-06-08T15:43:26.072,33.859,rpm,10059.000,9.996409,0.000
2026-06-08T15:43:26.105,33.890,rpm,10010.000,9.996409,0.000
2026-06-08T15:43:26.117,33.906,rpm,9944.000,9.996409,0.000
2026-06-08T15:43:26.126,33.906,rpm,10030.000,9.996409,0.000
2026-06-08T15:43:26.153,33.937,torque,10030.000,10.644696,0.000
2026-06-08T15:43:26.169,33.953,rpm,10116.000,10.644696,0.000
2026-06-08T15:43:26.182,33.969,rpm,10038.000,10.644696,0.000
2026-06-08T15:43:26.208,33.984,rpm,9874.000,10.644696,0.000
2026-06-08T15:43:26.230,34.015,rpm,10031.000,10.644696,0.000
2026-06-08T15:43:26.230,34.015,torque,10031.000,11.408762,0.000
2026-06-08T15:43:26.258,34.047,rpm,9961.000,11.408762,0.000
2026-06-08T15:43:26.258,34.047,rpm,10050.000,11.408762,0.000
2026-06-08T15:43:26.293,34.078,rpm,10033.000,11.408762,0.000
2026-06-08T15:43:26.321,34.109,rpm,10026.000,11.408762,0.000
2026-06-08T15:43:26.321,34.109,rpm,10019.000,11.408762,0.000
2026-06-08T15:43:26.322,34.109,torque,10019.000,11.273472,0.000
2026-06-08T15:43:26.374,34.156,rpm,10019.000,11.273472,0.000
2026-06-08T15:43:26.396,34.187,rpm,10046.000,11.273472,0.000
2026-06-08T15:43:26.412,34.203,rpm,10135.000,11.273472,0.000
2026-06-08T15:43:26.412,34.203,torque,10135.000,11.246599,0.000
2026-06-08T15:43:26.426,34.203,rpm,10003.000,11.246599,0.000
2026-06-08T15:43:26.470,34.250,rpm,10051.000,11.246599,0.000
2026-06-08T15:43:26.470,34.250,rpm,10039.000,11.246599,0.000
2026-06-08T15:43:26.476,34.265,rpm,10148.000,11.246599,0.000
2026-06-08T15:43:26.504,34.281,torque,10148.000,11.285496,0.000
2026-06-08T15:43:26.504,34.281,rpm,10123.000,11.285496,0.000
2026-06-08T15:43:26.508,34.297,rpm,9872.000,11.285496,0.000
2026-06-08T15:43:26.536,34.312,rpm,10021.000,11.285496,0.000
2026-06-08T15:43:26.556,34.344,rpm,10009.000,11.285496,0.000
2026-06-08T15:43:26.584,34.375,torque,10009.000,11.192224,0.000
2026-06-08T15:43:26.585,34.375,rpm,9778.000,11.192224,0.000
2026-06-08T15:43:26.614,34.390,rpm,10025.000,11.192224,0.000
2026-06-08T15:43:26.615,34.406,rpm,9995.000,11.192224,0.000
2026-06-08T15:43:26.661,34.437,torque,9995.000,10.584823,0.000
2026-06-08T15:43:26.677,34.453,rpm,10035.000,10.584823,0.000
2026-06-08T15:43:26.691,34.469,rpm,9955.000,10.584823,0.000
2026-06-08T15:43:26.725,34.515,rpm,9822.000,10.584823,0.000
2026-06-08T15:43:26.738,34.515,rpm,10110.000,10.584823,0.000
2026-06-08T15:43:26.752,34.531,rpm,10001.000,10.584823,0.000
2026-06-08T15:43:26.752,34.531,torque,10001.000,10.196271,0.000
2026-06-08T15:43:26.781,34.562,rpm,9991.000,10.196271,0.000
2026-06-08T15:43:26.794,34.578,rpm,9962.000,10.196271,0.000
2026-06-08T15:43:26.817,34.594,rpm,10076.000,10.196271,0.000
2026-06-08T15:43:26.831,34.609,rpm,10039.000,10.196271,0.000
2026-06-08T15:43:26.831,34.609,throttle,10039.000,10.196271,100.000
2026-06-08T15:43:26.831,34.609,torque,10039.000,10.243011,100.000
2026-06-08T15:43:26.859,34.640,rpm,9946.000,10.243011,100.000
2026-06-08T15:43:26.860,34.640,rpm,9992.000,10.243011,100.000
2026-06-08T15:43:26.907,34.687,rpm,10014.000,10.243011,100.000
2026-06-08T15:43:26.909,34.687,rpm,10007.000,10.243011,100.000
2026-06-08T15:43:26.934,34.719,torque,10007.000,10.268349,100.000
2026-06-08T15:43:26.935,34.719,rpm,10078.000,10.268349,100.000
2026-06-08T15:43:26.937,34.719,rpm,10075.000,10.268349,100.000
2026-06-08T15:43:26.973,34.750,rpm,10014.000,10.268349,100.000
2026-06-08T15:43:26.994,34.781,rpm,9994.000,10.268349,100.000
2026-06-08T15:43:27.009,34.797,rpm,9967.000,10.268349,100.000
2026-06-08T15:43:27.009,34.797,torque,9967.000,10.745546,100.000
2026-06-08T15:43:27.009,34.797,rpm,10018.000,10.745546,100.000
2026-06-08T15:43:27.037,34.828,rpm,10060.000,10.745546,100.000
2026-06-08T15:43:27.082,34.859,rpm,9876.000,10.745546,100.000
2026-06-08T15:43:27.097,34.875,rpm,10057.000,10.745546,100.000
2026-06-08T15:43:27.114,34.890,torque,10057.000,11.325639,100.000
2026-06-08T15:43:27.125,34.906,rpm,10095.000,11.325639,100.000
2026-06-08T15:43:27.127,34.906,rpm,10000.000,11.325639,100.000
2026-06-08T15:43:27.165,34.953,rpm,9831.000,11.325639,100.000
2026-06-08T15:43:27.186,34.969,rpm,9970.000,11.325639,100.000
2026-06-08T15:43:27.200,34.984,torque,9970.000,11.221684,100.000
2026-06-08T15:43:27.200,34.984,rpm,10059.000,11.221684,100.000
2026-06-08T15:43:27.214,35.000,rpm,10058.000,11.221684,100.000
2026-06-08T15:43:27.214,35.000,rpm,10044.000,11.221684,100.000
2026-06-08T15:43:27.256,35.047,rpm,10049.000,11.221684,100.000
2026-06-08T15:43:27.284,35.062,torque,10049.000,11.197057,100.000
2026-06-08T15:43:27.284,35.062,rpm,10001.000,11.197057,100.000
2026-06-08T15:43:27.301,35.078,rpm,9962.000,11.197057,100.000
2026-06-08T15:43:27.331,35.109,rpm,10130.000,11.197057,100.000
2026-06-08T15:43:27.347,35.125,rpm,9989.000,11.197057,100.000
2026-06-08T15:43:27.359,35.140,torque,9989.000,11.232262,100.000
2026-06-08T15:43:27.359,35.140,rpm,9857.000,11.232262,100.000
2026-06-08T15:43:27.388,35.172,rpm,10080.000,11.232262,100.000
2026-06-08T15:43:27.389,35.172,rpm,9899.000,11.232262,100.000
2026-06-08T15:43:27.422,35.203,rpm,10055.000,11.232262,100.000
2026-06-08T15:43:27.435,35.219,rpm,10036.000,11.232262,100.000
2026-06-08T15:43:27.435,35.219,torque,10036.000,11.091196,100.000
2026-06-08T15:43:27.435,35.219,rpm,10079.000,11.091196,100.000
2026-06-08T15:43:27.479,35.265,rpm,9805.000,11.091196,100.000
2026-06-08T15:43:27.491,35.281,rpm,10153.000,11.091196,100.000
2026-06-08T15:43:27.514,35.297,rpm,9965.000,11.091196,100.000
2026-06-08T15:43:27.542,35.328,torque,9965.000,10.305663,100.000
2026-06-08T15:43:27.542,35.328,rpm,10015.000,10.305663,100.000
2026-06-08T15:43:27.544,35.328,rpm,9863.000,10.305663,100.000
2026-06-08T15:43:27.588,35.375,rpm,10053.000,10.305663,100.000
2026-06-08T15:43:27.624,35.406,torque,10053.000,9.839113,100.000
2026-06-08T15:43:27.624,35.406,rpm,9833.000,9.839113,100.000
2026-06-08T15:43:27.655,35.437,rpm,10045.000,9.839113,100.000
2026-06-08T15:43:27.686,35.469,rpm,9888.000,9.839113,100.000
2026-06-08T15:43:27.702,35.484,rpm,10088.000,9.839113,100.000
2026-06-08T15:43:27.703,35.484,torque,10088.000,9.804523,100.000
2026-06-08T15:43:27.743,35.531,rpm,10070.000,9.804523,100.000
2026-06-08T15:43:27.754,35.531,rpm,9859.000,9.804523,100.000
2026-06-08T15:43:27.798,35.578,torque,9859.000,9.805450,100.000
2026-06-08T15:43:27.798,35.578,rpm,9854.000,9.805450,100.000
2026-06-08T15:43:27.799,35.578,throttle,9854.000,9.805450,0.000
2026-06-08T15:43:27.839,35.625,rpm,9951.000,9.805450,0.000
2026-06-08T15:43:27.848,35.625,rpm,10113.000,9.805450,0.000
2026-06-08T15:43:27.875,35.656,rpm,9877.000,9.805450,0.000
2026-06-08T15:43:27.875,35.656,torque,9877.000,9.826656,0.000
2026-06-08T15:43:27.903,35.687,rpm,10046.000,9.826656,0.000
2026-06-08T15:43:27.929,35.719,rpm,9874.000,9.826656,0.000
2026-06-08T15:43:27.951,35.734,rpm,9966.000,9.826656,0.000
2026-06-08T15:43:27.952,35.734,rpm,9991.000,9.826656,0.000
2026-06-08T15:43:27.965,35.750,torque,9991.000,10.423338,0.000
2026-06-08T15:43:27.966,35.750,rpm,10005.000,10.423338,0.000
2026-06-08T15:43:27.993,35.781,rpm,10043.000,10.423338,0.000
2026-06-08T15:43:28.026,35.812,rpm,9999.000,10.423338,0.000
2026-06-08T15:43:28.038,35.828,rpm,9800.000,10.423338,0.000
2026-06-08T15:43:28.039,35.828,rpm,10086.000,10.423338,0.000
2026-06-08T15:43:28.039,35.828,torque,10086.000,11.299133,0.000
2026-06-08T15:43:28.078,35.859,rpm,10094.000,11.299133,0.000
2026-06-08T15:43:28.088,35.875,rpm,10037.000,11.299133,0.000
2026-06-08T15:43:28.115,35.906,rpm,9844.000,11.299133,0.000
2026-06-08T15:43:28.116,35.906,rpm,10111.000,11.299133,0.000
2026-06-08T15:43:28.143,35.922,torque,10111.000,11.215795,0.000
2026-06-08T15:43:28.171,35.953,rpm,10136.000,11.215795,0.000
2026-06-08T15:43:28.172,35.953,rpm,9986.000,11.215795,0.000
2026-06-08T15:43:28.191,35.969,rpm,9901.000,11.215795,0.000
2026-06-08T15:43:28.210,36.000,rpm,10135.000,11.215795,0.000
2026-06-08T15:43:28.221,36.000,torque,10135.000,11.206927,0.000
2026-06-08T15:43:28.222,36.000,rpm,9966.000,11.206927,0.000
2026-06-08T15:43:28.251,36.031,rpm,9952.000,11.206927,0.000
2026-06-08T15:43:28.284,36.062,rpm,10012.000,11.206927,0.000
2026-06-08T15:43:28.298,36.078,rpm,10140.000,11.206927,0.000
2026-06-08T15:43:28.315,36.094,torque,10140.000,11.287797,0.000
2026-06-08T15:43:28.328,36.109,rpm,9912.000,11.287797,0.000
2026-06-08T15:43:28.329,36.109,rpm,10054.000,11.287797,0.000
2026-06-08T15:43:28.349,36.140,rpm,9943.000,11.287797,0.000
2026-06-08T15:43:28.376,36.156,rpm,10061.000,11.287797,0.000
2026-06-08T15:43:28.403,36.187,torque,10061.000,11.426256,0.000
2026-06-08T15:43:28.403,36.187,rpm,9972.000,11.426256,0.000
2026-06-08T15:43:28.405,36.187,rpm,10032.000,11.426256,0.000
2026-06-08T15:43:28.426,36.203,rpm,9876.000,11.426256,0.000
2026-06-08T15:43:28.468,36.250,rpm,9917.000,11.426256,0.000
2026-06-08T15:43:28.472,36.250,torque,9917.000,10.905623,0.000
2026-06-08T15:43:28.502,36.281,rpm,9933.000,10.905623,0.000
2026-06-08T15:43:28.502,36.281,rpm,9933.000,10.905623,0.000
2026-06-08T15:43:28.533,36.312,rpm,10064.000,10.905623,0.000
2026-06-08T15:43:28.546,36.328,rpm,9844.000,10.905623,0.000
2026-06-08T15:43:28.572,36.359,torque,9844.000,10.433099,0.000
2026-06-08T15:43:28.572,36.359,rpm,10057.000,10.433099,0.000
2026-06-08T15:43:28.603,36.390,rpm,9843.000,10.433099,0.000
2026-06-08T15:43:28.616,36.406,rpm,10082.000,10.433099,0.000
2026-06-08T15:43:28.628,36.406,rpm,9992.000,10.433099,0.000
2026-06-08T15:43:28.664,36.453,torque,9992.000,10.401326,0.000
2026-06-08T15:43:28.664,36.453,rpm,9966.000,10.401326,0.000
2026-06-08T15:43:28.665,36.453,throttle,9966.000,10.401326,100.000
2026-06-08T15:43:28.666,36.453,rpm,9863.000,10.401326,100.000
2026-06-08T15:43:28.704,36.484,rpm,10064.000,10.401326,100.000
2026-06-08T15:43:28.718,36.500,rpm,9900.000,10.401326,100.000
2026-06-08T15:43:28.733,36.515,torque,9900.000,10.400213,100.000
2026-06-08T15:43:28.734,36.515,rpm,10037.000,10.400213,100.000
2026-06-08T15:43:28.761,36.547,rpm,9863.000,10.400213,100.000
2026-06-08T15:43:28.762,36.547,rpm,10113.000,10.400213,100.000
2026-06-08T15:43:28.809,36.594,rpm,10067.000,10.400213,100.000
2026-06-08T15:43:28.824,36.609,rpm,9979.000,10.400213,100.000
2026-06-08T15:43:28.838,36.625,torque,9979.000,10.680292,100.000
2026-06-08T15:43:28.838,36.625,rpm,9878.000,10.680292,100.000
2026-06-08T15:43:28.839,36.625,rpm,10103.000,10.680292,100.000
2026-06-08T15:43:28.878,36.656,rpm,9996.000,10.680292,100.000
2026-06-08T15:43:28.899,36.687,rpm,10140.000,10.680292,100.000
2026-06-08T15:43:28.914,36.703,rpm,9978.000,10.680292,100.000
2026-06-08T15:43:28.914,36.703,torque,9978.000,11.403487,100.000
2026-06-08T15:43:28.941,36.719,rpm,10018.000,11.403487,100.000
2026-06-08T15:43:28.973,36.750,rpm,9979.000,11.403487,100.000
2026-06-08T15:43:28.985,36.765,rpm,9959.000,11.403487,100.000
2026-06-08T15:43:28.986,36.765,rpm,9855.000,11.403487,100.000
2026-06-08T15:43:29.018,36.797,torque,9855.000,11.366431,100.000
2026-06-08T15:43:29.018,36.797,rpm,10074.000,11.366431,100.000
2026-06-08T15:43:29.048,36.828,rpm,9982.000,11.366431,100.000
2026-06-08T15:43:29.049,36.828,rpm,9971.000,11.366431,100.000
2026-06-08T15:43:29.070,36.859,rpm,9902.000,11.366431,100.000
2026-06-08T15:43:29.097,36.875,torque,9902.000,11.311332,100.000
2026-06-08T15:43:29.126,36.906,rpm,10037.000,11.311332,100.000
2026-06-08T15:43:29.145,36.922,rpm,9845.000,11.311332,100.000
2026-06-08T15:43:29.172,36.953,torque,9845.000,11.292036,100.000
2026-06-08T15:43:29.197,36.984,rpm,9857.000,11.292036,100.000
2026-06-08T15:43:29.210,37.000,rpm,10119.000,11.292036,100.000
2026-06-08T15:43:29.220,37.000,rpm,10011.000,11.292036,100.000
2026-06-08T15:43:29.248,37.031,rpm,10026.000,11.292036,100.000
2026-06-08T15:43:29.276,37.062,torque,10026.000,11.268515,100.000
2026-06-08T15:43:29.276,37.062,rpm,9893.000,11.268515,100.000
2026-06-08T15:43:29.304,37.094,rpm,10056.000,11.268515,100.000
2026-06-08T15:43:29.306,37.094,rpm,9822.000,11.268515,100.000
2026-06-08T15:43:29.337,37.125,rpm,10121.000,11.268515,100.000
2026-06-08T15:43:29.352,37.140,torque,10121.000,10.769055,100.000
2026-06-08T15:43:29.364,37.140,rpm,9934.000,10.769055,100.000
2026-06-08T15:43:29.366,37.156,rpm,10001.000,10.769055,100.000
2026-06-08T15:43:29.421,37.203,rpm,9979.000,10.769055,100.000
2026-06-08T15:43:29.421,37.203,rpm,10034.000,10.769055,100.000
2026-06-08T15:43:29.423,37.203,torque,10034.000,10.174410,100.000
2026-06-08T15:43:29.439,37.219,rpm,9845.000,10.174410,100.000
2026-06-08T15:43:29.452,37.234,rpm,10047.000,10.174410,100.000
2026-06-08T15:43:29.484,37.265,rpm,9925.000,10.174410,100.000
2026-06-08T15:43:29.495,37.281,rpm,10157.000,10.174410,100.000
2026-06-08T15:43:29.496,37.281,rpm,10008.000,10.174410,100.000
2026-06-08T15:43:29.524,37.312,torque,10008.000,10.072135,100.000
2026-06-08T15:43:29.525,37.312,rpm,10027.000,10.072135,100.000
2026-06-08T15:43:29.563,37.344,rpm,10051.000,10.072135,100.000
2026-06-08T15:43:29.573,37.359,rpm,10077.000,10.072135,100.000
2026-06-08T15:43:29.603,37.390,rpm,9825.000,10.072135,100.000
2026-06-08T15:43:29.617,37.406,torque,9825.000,10.032083,100.000
2026-06-08T15:43:29.617,37.406,rpm,10077.000,10.032083,100.000
2026-06-08T15:43:29.617,37.406,throttle,10077.000,10.032083,0.000
2026-06-08T15:43:29.618,37.406,rpm,10100.000,10.032083,0.000
2026-06-08T15:43:29.656,37.437,rpm,9993.000,10.032083,0.000
2026-06-08T15:43:29.678,37.469,rpm,10069.000,10.032083,0.000
2026-06-08T15:43:29.706,37.484,torque,10069.000,10.046697,0.000
2026-06-08T15:43:29.706,37.484,rpm,10043.000,10.046697,0.000
2026-06-08T15:43:29.708,37.484,rpm,9828.000,10.046697,0.000
2026-06-08T15:43:29.744,37.531,rpm,10025.000,10.046697,0.000
2026-06-08T15:43:29.783,37.562,torque,10025.000,10.563937,0.000
2026-06-08T15:43:29.798,37.578,rpm,9838.000,10.563937,0.000
2026-06-08T15:43:29.806,37.594,rpm,10078.000,10.563937,0.000
2026-06-08T15:43:29.835,37.625,rpm,9889.000,10.563937,0.000
2026-06-08T15:43:29.860,37.640,rpm,10059.000,10.563937,0.000
2026-06-08T15:43:29.862,37.640,torque,10059.000,11.438349,0.000
2026-06-08T15:43:29.917,37.703,rpm,10097.000,11.438349,0.000
2026-06-08T15:43:29.955,37.734,rpm,9866.000,11.438349,0.000
2026-06-08T15:43:29.955,37.734,torque,9866.000,11.387565,0.000
2026-06-08T15:43:29.959,37.750,rpm,10115.000,11.387565,0.000
2026-06-08T15:43:30.004,37.781,rpm,9923.000,11.387565,0.000
2026-06-08T15:43:30.013,37.797,rpm,10039.000,11.387565,0.000
2026-06-08T15:43:30.039,37.828,rpm,9846.000,11.387565,0.000
2026-06-08T15:43:30.039,37.828,torque,9846.000,11.398894,0.000
2026-06-08T15:43:30.039,37.828,rpm,10075.000,11.398894,0.000
2026-06-08T15:43:30.068,37.859,rpm,9997.000,11.398894,0.000
2026-06-08T15:43:30.099,37.875,rpm,10023.000,11.398894,0.000
2026-06-08T15:43:30.127,37.906,rpm,9976.000,11.398894,0.000
2026-06-08T15:43:30.127,37.906,torque,9976.000,11.473082,0.000
2026-06-08T15:43:30.142,37.922,rpm,10061.000,11.473082,0.000
2026-06-08T15:43:30.167,37.953,rpm,9875.000,11.473082,0.000
2026-06-08T15:43:30.175,37.953,rpm,10036.000,11.473082,0.000
2026-06-08T15:43:30.205,37.984,rpm,10094.000,11.473082,0.000
2026-06-08T15:43:30.217,38.000,torque,10094.000,11.447382,0.000
2026-06-08T15:43:30.232,38.015,rpm,9885.000,11.447382,0.000
2026-06-08T15:43:30.258,38.047,rpm,10085.000,11.447382,0.000
2026-06-08T15:43:30.273,38.062,rpm,10055.000,11.447382,0.000
2026-06-08T15:43:30.287,38.078,rpm,10047.000,11.447382,0.000
2026-06-08T15:43:30.287,38.078,torque,10047.000,10.934251,0.000
2026-06-08T15:43:30.318,38.109,rpm,10028.000,10.934251,0.000
2026-06-08T15:43:30.351,38.140,rpm,10032.000,10.934251,0.000
2026-06-08T15:43:30.364,38.140,rpm,9945.000,10.934251,0.000
2026-06-08T15:43:30.364,38.140,rpm,10135.000,10.934251,0.000
2026-06-08T15:43:30.393,38.172,torque,10135.000,10.456574,0.000
2026-06-08T15:43:30.405,38.187,rpm,9961.000,10.456574,0.000
2026-06-08T15:43:30.407,38.187,rpm,10096.000,10.456574,0.000
2026-06-08T15:43:30.412,38.203,throttle,10096.000,10.456574,100.000
2026-06-08T15:43:30.442,38.219,rpm,9810.000,10.456574,100.000
2026-06-08T15:43:30.470,38.250,rpm,9966.000,10.456574,100.000
2026-06-08T15:43:30.470,38.250,rpm,9940.000,10.456574,100.000
2026-06-08T15:43:30.470,38.250,torque,9940.000,10.402031,100.000
2026-06-08T15:43:30.499,38.281,rpm,10084.000,10.402031,100.000
2026-06-08T15:43:30.534,38.312,rpm,9907.000,10.402031,100.000
2026-06-08T15:43:30.550,38.328,rpm,10041.000,10.402031,100.000
2026-06-08T15:43:30.563,38.344,rpm,9793.000,10.402031,100.000
2026-06-08T15:43:30.563,38.344,torque,9793.000,10.659829,100.000
2026-06-08T15:43:30.581,38.359,rpm,10030.000,10.659829,100.000
2026-06-08T15:43:30.610,38.390,rpm,9876.000,10.659829,100.000
2026-06-08T15:43:30.626,38.406,rpm,10072.000,10.659829,100.000
2026-06-08T15:43:30.642,38.422,rpm,9891.000,10.659829,100.000
2026-06-08T15:43:30.656,38.437,torque,9891.000,11.439019,100.000
2026-06-08T15:43:30.656,38.437,rpm,10144.000,11.439019,100.000
2026-06-08T15:43:30.703,38.484,rpm,10098.000,11.439019,100.000
2026-06-08T15:43:30.719,38.500,rpm,9990.000,11.439019,100.000
2026-06-08T15:43:30.748,38.531,torque,9990.000,11.499364,100.000
2026-06-08T15:43:30.748,38.531,rpm,10126.000,11.499364,100.000
2026-06-08T15:43:30.748,38.531,rpm,9841.000,11.499364,100.000
2026-06-08T15:43:30.776,38.562,rpm,10031.000,11.499364,100.000
2026-06-08T15:43:30.809,38.594,rpm,9888.000,11.499364,100.000
2026-06-08T15:43:30.820,38.609,torque,9888.000,11.460606,100.000
2026-06-08T15:43:30.820,38.609,rpm,10015.000,11.460606,100.000
2026-06-08T15:43:30.821,38.609,rpm,10001.000,11.460606,100.000
2026-06-08T15:43:30.852,38.640,rpm,10063.000,11.460606,100.000
2026-06-08T15:43:30.886,38.672,rpm,9969.000,11.460606,100.000
2026-06-08T15:43:30.902,38.687,rpm,9996.000,11.460606,100.000
2026-06-08T15:43:30.915,38.703,torque,9996.000,11.459874,100.000
2026-06-08T15:43:30.915,38.703,rpm,10078.000,11.459874,100.000
2026-06-08T15:43:30.932,38.719,rpm,10026.000,11.459874,100.000
2026-06-08T15:43:30.947,38.734,rpm,9941.000,11.459874,100.000
2026-06-08T15:43:30.979,38.765,rpm,10126.000,11.459874,100.000
2026-06-08T15:43:30.995,38.781,torque,10126.000,11.448400,100.000
2026-06-08T15:43:31.007,38.797,rpm,10060.000,11.448400,100.000
2026-06-08T15:43:31.008,38.797,rpm,10043.000,11.448400,100.000
2026-06-08T15:43:31.040,38.828,rpm,10039.000,11.448400,100.000
2026-06-08T15:43:31.071,38.859,rpm,10034.000,11.448400,100.000
2026-06-08T15:43:31.071,38.859,rpm,9998.000,11.448400,100.000
2026-06-08T15:43:31.072,38.859,torque,9998.000,10.965819,100.000
2026-06-08T15:43:31.100,38.890,rpm,10087.000,10.965819,100.000
2026-06-08T15:43:31.101,38.890,rpm,10076.000,10.965819,100.000
2026-06-08T15:43:31.145,38.922,rpm,10017.000,10.965819,100.000
2026-06-08T15:43:31.145,38.922,rpm,9947.000,10.965819,100.000
2026-06-08T15:43:31.172,38.953,torque,9947.000,10.200993,100.000
2026-06-08T15:43:31.173,38.953,rpm,10014.000,10.200993,100.000
2026-06-08T15:43:31.211,39.000,rpm,9817.000,10.200993,100.000
2026-06-08T15:43:31.220,39.000,rpm,9967.000,10.200993,100.000
2026-06-08T15:43:31.237,39.015,rpm,10072.000,10.200993,100.000
2026-06-08T15:43:31.251,39.031,torque,10072.000,10.258651,100.000
2026-06-08T15:43:31.251,39.031,rpm,9998.000,10.258651,100.000
2026-06-08T15:43:31.267,39.047,rpm,9952.000,10.258651,100.000
2026-06-08T15:43:31.315,39.094,rpm,10056.000,10.258651,100.000
2026-06-08T15:43:31.316,39.094,rpm,10014.000,10.258651,100.000
2026-06-08T15:43:31.330,39.109,throttle,10014.000,10.258651,0.000
2026-06-08T15:43:31.331,39.109,torque,10014.000,10.068875,0.000
2026-06-08T15:43:31.347,39.125,rpm,10028.000,10.068875,0.000
2026-06-08T15:43:31.362,39.140,rpm,9793.000,10.068875,0.000
2026-06-08T15:43:31.396,39.187,rpm,9966.000,10.068875,0.000
2026-06-08T15:43:31.409,39.187,rpm,9855.000,10.068875,0.000
2026-06-08T15:43:31.422,39.203,rpm,9992.000,10.068875,0.000
2026-06-08T15:43:31.423,39.203,torque,9992.000,9.878318,0.000
2026-06-08T15:43:31.450,39.234,rpm,10131.000,9.878318,0.000
2026-06-08T15:43:31.462,39.250,rpm,9940.000,9.878318,0.000
2026-06-08T15:43:31.485,39.265,rpm,9963.000,9.878318,0.000
2026-06-08T15:43:31.500,39.281,rpm,10060.000,9.878318,0.000
2026-06-08T15:43:31.516,39.297,torque,10060.000,10.420683,0.000
2026-06-08T15:43:31.529,39.312,rpm,9988.000,10.420683,0.000
2026-06-08T15:43:31.531,39.312,rpm,10023.000,10.420683,0.000
2026-06-08T15:43:31.590,39.375,torque,10023.000,11.190184,0.000
2026-06-08T15:43:31.591,39.375,rpm,9777.000,11.190184,0.000
2026-06-08T15:43:31.612,39.390,rpm,10038.000,11.190184,0.000
2026-06-08T15:43:31.638,39.422,rpm,9936.000,11.190184,0.000
2026-06-08T15:43:31.665,39.453,rpm,9995.000,11.190184,0.000
2026-06-08T15:43:31.669,39.453,rpm,9895.000,11.190184,0.000
2026-06-08T15:43:31.672,39.453,torque,9895.000,11.264480,0.000
2026-06-08T15:43:31.694,39.484,rpm,10121.000,11.264480,0.000
2026-06-08T15:43:31.722,39.500,rpm,9857.000,11.264480,0.000
2026-06-08T15:43:31.751,39.531,rpm,10027.000,11.264480,0.000
2026-06-08T15:43:31.764,39.547,rpm,9853.000,11.264480,0.000
2026-06-08T15:43:31.764,39.547,torque,9853.000,11.575358,0.000
2026-06-08T15:43:31.794,39.578,rpm,10011.000,11.575358,0.000
2026-06-08T15:43:31.794,39.578,rpm,9936.000,11.575358,0.000
2026-06-08T15:43:31.828,39.609,rpm,10055.000,11.575358,0.000
2026-06-08T15:43:31.843,39.625,rpm,10097.000,11.575358,0.000
2026-06-08T15:43:31.856,39.640,rpm,10106.000,11.575358,0.000
2026-06-08T15:43:31.856,39.640,torque,10106.000,11.744067,0.000
2026-06-08T15:43:31.885,39.672,rpm,9862.000,11.744067,0.000
2026-06-08T15:43:31.886,39.672,rpm,10068.000,11.744067,0.000
2026-06-08T15:43:31.925,39.703,rpm,10067.000,11.744067,0.000
2026-06-08T15:43:31.938,39.719,rpm,10102.000,11.744067,0.000
2026-06-08T15:43:31.951,39.734,torque,10102.000,11.721704,0.000
2026-06-08T15:43:31.951,39.734,rpm,9804.000,11.721704,0.000
2026-06-08T15:43:31.980,39.765,rpm,10066.000,11.721704,0.000
2026-06-08T15:43:32.004,39.781,rpm,10034.000,11.721704,0.000
2026-06-08T15:43:32.026,39.812,rpm,10040.000,11.721704,0.000
2026-06-08T15:43:32.041,39.828,torque,10040.000,11.121350,0.000
2026-06-08T15:43:32.053,39.844,rpm,9986.000,11.121350,0.000
2026-06-08T15:43:32.083,39.859,rpm,9857.000,11.121350,0.000
2026-06-08T15:43:32.094,39.875,rpm,10101.000,11.121350,0.000
2026-06-08T15:43:32.118,39.906,torque,10101.000,10.635613,0.000
2026-06-08T15:43:32.130,39.906,rpm,10083.000,10.635613,0.000
2026-06-08T15:43:32.132,39.922,rpm,10001.000,10.635613,0.000
2026-06-08T15:43:32.167,39.953,rpm,9909.000,10.635613,0.000
2026-06-08T15:43:32.179,39.969,rpm,10062.000,10.635613,0.000
2026-06-08T15:43:32.203,39.984,torque,10062.000,10.610496,0.000
2026-06-08T15:43:32.204,39.984,rpm,9916.000,10.610496,0.000
2026-06-08T15:43:32.230,40.015,rpm,10015.000,10.610496,0.000
2026-06-08T15:43:32.242,40.031,rpm,9865.000,10.610496,0.000
2026-06-08T15:43:32.276,40.062,rpm,10002.000,10.610496,0.000
2026-06-08T15:43:32.288,40.078,rpm,10053.000,10.610496,0.000
2026-06-08T15:43:32.288,40.078,torque,10053.000,10.613136,0.000
2026-06-08T15:43:32.290,40.078,throttle,10053.000,10.613136,100.000
2026-06-08T15:43:32.290,40.078,rpm,10001.000,10.613136,100.000
2026-06-08T15:43:32.360,40.140,rpm,9850.000,10.613136,100.000
2026-06-08T15:43:32.364,40.140,torque,9850.000,10.396202,100.000
2026-06-08T15:43:32.392,40.172,rpm,9984.000,10.396202,100.000
2026-06-08T15:43:32.417,40.203,rpm,9911.000,10.396202,100.000
2026-06-08T15:43:32.439,40.219,rpm,10045.000,10.396202,100.000
2026-06-08T15:43:32.439,40.219,rpm,10000.000,10.396202,100.000
2026-06-08T15:43:32.453,40.234,torque,10000.000,10.708355,100.000
2026-06-08T15:43:32.466,40.250,rpm,9955.000,10.708355,100.000
2026-06-08T15:43:32.480,40.265,rpm,9875.000,10.708355,100.000
2026-06-08T15:43:32.512,40.297,rpm,10102.000,10.708355,100.000
2026-06-08T15:43:32.526,40.312,rpm,10000.000,10.708355,100.000
2026-06-08T15:43:32.538,40.328,rpm,10042.000,10.708355,100.000
2026-06-08T15:43:32.538,40.328,torque,10042.000,11.443540,100.000
2026-06-08T15:43:32.580,40.359,rpm,9991.000,11.443540,100.000
2026-06-08T15:43:32.595,40.375,rpm,10078.000,11.443540,100.000
2026-06-08T15:43:32.603,40.390,rpm,10012.000,11.443540,100.000
2026-06-08T15:43:32.617,40.406,rpm,10029.000,11.443540,100.000
2026-06-08T15:43:32.643,40.422,torque,10029.000,11.438483,100.000
2026-06-08T15:43:32.644,40.422,rpm,10073.000,11.438483,100.000
2026-06-08T15:43:32.680,40.469,rpm,10042.000,11.438483,100.000
2026-06-08T15:43:32.688,40.469,rpm,10029.000,11.438483,100.000
2026-06-08T15:43:32.688,40.469,rpm,10125.000,11.438483,100.000
2026-06-08T15:43:32.717,40.500,rpm,10019.000,11.438483,100.000
2026-06-08T15:43:32.732,40.515,torque,10019.000,11.455852,100.000
2026-06-08T15:43:32.732,40.515,rpm,10044.000,11.455852,100.000
2026-06-08T15:43:32.762,40.547,rpm,10014.000,11.455852,100.000
2026-06-08T15:43:32.798,40.578,rpm,10020.000,11.455852,100.000
2026-06-08T15:43:32.809,40.594,torque,10020.000,11.448651,100.000
2026-06-08T15:43:32.809,40.594,rpm,10088.000,11.448651,100.000
2026-06-08T15:43:32.854,40.640,rpm,9998.000,11.448651,100.000
2026-06-08T15:43:32.868,40.656,rpm,10118.000,11.448651,100.000
2026-06-08T15:43:32.881,40.672,rpm,10114.000,11.448651,100.000
2026-06-08T15:43:32.908,40.687,torque,10114.000,11.398467,100.000
2026-06-08T15:43:32.908,40.687,rpm,10015.000,11.398467,100.000
2026-06-08T15:43:32.935,40.719,rpm,10063.000,11.398467,100.000
2026-06-08T15:43:32.936,40.719,rpm,10016.000,11.398467,100.000
2026-06-08T15:43:32.969,40.750,rpm,9915.000,11.398467,100.000
2026-06-08T15:43:32.985,40.765,rpm,10043.000,11.398467,100.000
2026-06-08T15:43:32.985,40.765,torque,10043.000,10.750337,100.000
2026-06-08T15:43:33.014,40.797,rpm,9997.000,10.750337,100.000
2026-06-08T15:43:33.035,40.812,rpm,9972.000,10.750337,100.000
2026-06-08T15:43:33.065,40.844,rpm,10037.000,10.750337,100.000
2026-06-08T15:43:33.078,40.859,torque,10037.000,10.085563,100.000
2026-06-08T15:43:33.078,40.859,rpm,10031.000,10.085563,100.000
2026-06-08T15:43:33.106,40.890,rpm,10062.000,10.085563,100.000
2026-06-08T15:43:33.138,40.922,rpm,10024.000,10.085563,100.000
2026-06-08T15:43:33.152,40.937,rpm,10067.000,10.085563,100.000
2026-06-08T15:43:33.166,40.953,torque,10067.000,10.224375,100.000
2026-06-08T15:43:33.167,40.953,rpm,10120.000,10.224375,100.000
2026-06-08T15:43:33.167,40.953,rpm,10055.000,10.224375,100.000
2026-06-08T15:43:33.212,41.000,rpm,9886.000,10.224375,100.000
2026-06-08T15:43:33.241,41.031,rpm,9936.000,10.224375,100.000
2026-06-08T15:43:33.242,41.031,rpm,9912.000,10.224375,100.000
2026-06-08T15:43:33.257,41.047,torque,9912.000,10.699031,100.000
2026-06-08T15:43:33.269,41.047,rpm,10050.000,10.699031,100.000
2026-06-08T15:43:33.271,41.062,rpm,9849.000,10.699031,100.000
2026-06-08T15:43:33.309,41.094,rpm,10047.000,10.699031,100.000
2026-06-08T15:43:33.330,41.109,torque,10047.000,10.484627,100.000
2026-06-08T15:43:33.330,41.109,rpm,10123.000,10.484627,100.000
2026-06-08T15:43:33.345,41.125,rpm,10072.000,10.484627,100.000
2026-06-08T15:43:33.399,41.187,rpm,10085.000,10.484627,100.000
2026-06-08T15:43:33.401,41.187,rpm,9849.000,10.484627,100.000
2026-06-08T15:43:33.403,41.187,torque,9849.000,10.182791,100.000
2026-06-08T15:43:33.430,41.219,rpm,10102.000,10.182791,100.000
2026-06-08T15:43:33.456,41.234,rpm,9885.000,10.182791,100.000
2026-06-08T15:43:33.478,41.265,rpm,9997.000,10.182791,100.000
2026-06-08T15:43:33.478,41.265,throttle,9997.000,10.182791,0.000
2026-06-08T15:43:33.493,41.281,rpm,10078.000,10.182791,0.000
2026-06-08T15:43:33.493,41.281,torque,10078.000,10.157225,0.000
2026-06-08T15:43:33.493,41.281,rpm,9970.000,10.157225,0.000
2026-06-08T15:43:33.519,41.297,rpm,9932.000,10.157225,0.000
2026-06-08T15:43:33.553,41.344,rpm,9981.000,10.157225,0.000
2026-06-08T15:43:33.579,41.359,rpm,9990.000,10.157225,0.000
2026-06-08T15:43:33.580,41.359,torque,9990.000,10.282400,0.000
2026-06-08T15:43:33.580,41.359,rpm,9981.000,10.282400,0.000
2026-06-08T15:43:33.608,41.390,rpm,10060.000,10.282400,0.000
2026-06-08T15:43:33.633,41.422,rpm,10094.000,10.282400,0.000
2026-06-08T15:43:33.646,41.437,rpm,9847.000,10.282400,0.000
2026-06-08T15:43:33.659,41.437,rpm,9949.000,10.282400,0.000
2026-06-08T15:43:33.686,41.469,torque,9949.000,11.053348,0.000
2026-06-08T15:43:33.699,41.484,rpm,10049.000,11.053348,0.000
2026-06-08T15:43:33.712,41.500,rpm,10025.000,11.053348,0.000
2026-06-08T15:43:33.720,41.500,rpm,9789.000,11.053348,0.000
2026-06-08T15:43:33.749,41.531,rpm,10047.000,11.053348,0.000
2026-06-08T15:43:33.750,41.531,torque,10047.000,11.625856,0.000
2026-06-08T15:43:33.777,41.562,rpm,10150.000,11.625856,0.000
2026-06-08T15:43:33.801,41.578,rpm,9960.000,11.625856,0.000
2026-06-08T15:43:33.823,41.609,rpm,10102.000,11.625856,0.000
2026-06-08T15:43:33.836,41.625,rpm,9987.000,11.625856,0.000
2026-06-08T15:43:33.836,41.625,torque,9987.000,11.605276,0.000
2026-06-08T15:43:33.836,41.625,rpm,9899.000,11.605276,0.000
2026-06-08T15:43:33.865,41.656,rpm,10071.000,11.605276,0.000
2026-06-08T15:43:33.911,41.687,rpm,10076.000,11.605276,0.000
2026-06-08T15:43:33.912,41.703,rpm,10013.000,11.605276,0.000
2026-06-08T15:43:33.925,41.703,rpm,9825.000,11.605276,0.000
2026-06-08T15:43:33.926,41.703,torque,9825.000,11.435948,0.000
2026-06-08T15:43:33.982,41.765,rpm,9986.000,11.435948,0.000
2026-06-08T15:43:34.019,41.797,torque,9986.000,11.413117,0.000
2026-06-08T15:43:34.019,41.797,rpm,10041.000,11.413117,0.000
2026-06-08T15:43:34.022,41.812,rpm,10005.000,11.413117,0.000
2026-06-08T15:43:34.057,41.844,rpm,10073.000,11.413117,0.000
2026-06-08T15:43:34.069,41.859,rpm,9968.000,11.413117,0.000
2026-06-08T15:43:34.093,41.875,rpm,9907.000,11.413117,0.000
2026-06-08T15:43:34.096,41.875,torque,9907.000,11.273550,0.000
2026-06-08T15:43:34.114,41.890,rpm,10017.000,11.273550,0.000
2026-06-08T15:43:34.122,41.906,rpm,9834.000,11.273550,0.000
2026-06-08T15:43:34.157,41.937,rpm,9963.000,11.273550,0.000
2026-06-08T15:43:34.158,41.937,rpm,9992.000,11.273550,0.000
2026-06-08T15:43:34.185,41.969,torque,9992.000,10.535622,0.000
2026-06-08T15:43:34.185,41.969,rpm,10025.000,10.535622,0.000
2026-06-08T15:43:34.199,41.984,rpm,9896.000,10.535622,0.000
2026-06-08T15:43:34.236,42.015,rpm,9964.000,10.535622,0.000
2026-06-08T15:43:34.258,42.047,rpm,9994.000,10.535622,0.000
2026-06-08T15:43:34.272,42.062,rpm,9844.000,10.535622,0.000
2026-06-08T15:43:34.272,42.062,torque,9844.000,10.279793,0.000
2026-06-08T15:43:34.299,42.078,rpm,10090.000,10.279793,0.000
2026-06-08T15:43:34.332,42.109,rpm,9854.000,10.279793,0.000
2026-06-08T15:43:34.345,42.125,rpm,10118.000,10.279793,0.000
2026-06-08T15:43:34.361,42.140,rpm,10002.000,10.279793,0.000
2026-06-08T15:43:34.377,42.156,torque,10002.000,10.306666,0.000
2026-06-08T15:43:34.377,42.156,rpm,10094.000,10.306666,0.000
2026-06-08T15:43:34.395,42.172,rpm,9994.000,10.306666,0.000
2026-06-08T15:43:34.417,42.203,rpm,10053.000,10.306666,0.000
2026-06-08T15:43:34.428,42.219,rpm,9974.000,10.306666,0.000
2026-06-08T15:43:34.454,42.234,torque,9974.000,10.262659,0.000
2026-06-08T15:43:34.455,42.234,rpm,10132.000,10.262659,0.000
2026-06-08T15:43:34.481,42.265,rpm,9974.000,10.262659,0.000
2026-06-08T15:43:34.501,42.281,rpm,10065.000,10.262659,0.000
2026-06-08T15:43:34.516,42.297,rpm,10018.000,10.262659,0.000
2026-06-08T15:43:34.531,42.312,rpm,9897.000,10.262659,0.000
2026-06-08T15:43:34.532,42.312,torque,9897.000,10.142342,0.000
2026-06-08T15:43:34.559,42.344,rpm,10012.000,10.142342,0.000
2026-06-08T15:43:34.559,42.344,rpm,9972.000,10.142342,0.000
2026-06-08T15:43:34.605,42.390,rpm,9968.000,10.142342,0.000
2026-06-08T15:43:34.618,42.406,torque,9968.000,10.113408,0.000
2026-06-08T15:43:34.618,42.406,rpm,9971.000,10.113408,0.000
2026-06-08T15:43:34.649,42.437,rpm,9849.000,10.113408,0.000
2026-06-08T15:43:34.674,42.453,rpm,10075.000,10.113408,0.000
2026-06-08T15:43:34.694,42.484,rpm,9917.000,10.113408,0.000
2026-06-08T15:43:34.720,42.500,torque,9917.000,10.127178,0.000
2026-06-08T15:43:34.720,42.500,rpm,9962.000,10.127178,0.000
2026-06-08T15:43:34.747,42.531,rpm,9953.000,10.127178,0.000
2026-06-08T15:43:34.748,42.531,rpm,9988.000,10.127178,0.000
2026-06-08T15:43:34.782,42.562,rpm,10072.000,10.127178,0.000
2026-06-08T15:43:34.794,42.578,rpm,9992.000,10.127178,0.000
2026-06-08T15:43:34.794,42.578,torque,9992.000,10.152987,0.000
2026-06-08T15:43:34.794,42.578,rpm,9873.000,10.152987,0.000
2026-06-08T15:43:34.821,42.609,rpm,10047.000,10.152987,0.000
2026-06-08T15:43:34.890,42.672,rpm,10042.000,10.152987,0.000
2026-06-08T15:43:34.890,42.672,torque,10042.000,10.224416,0.000
2026-06-08T15:43:34.922,42.703,rpm,9868.000,10.224416,0.000
2026-06-08T15:43:34.923,42.703,rpm,10031.000,10.224416,0.000
2026-06-08T15:43:34.943,42.719,rpm,10079.000,10.224416,0.000
2026-06-08T15:43:34.981,42.765,rpm,10065.000,10.224416,0.000
2026-06-08T15:43:34.981,42.765,torque,10065.000,10.199526,0.000
2026-06-08T15:43:34.993,42.781,rpm,10051.000,10.199526,0.000
2026-06-08T15:43:35.021,42.812,rpm,9945.000,10.199526,0.000
2026-06-08T15:43:35.041,42.828,rpm,10048.000,10.199526,0.000
2026-06-08T15:43:35.069,42.859,torque,10048.000,10.052536,0.000
2026-06-08T15:43:35.069,42.859,rpm,9988.000,10.052536,0.000
2026-06-08T15:43:35.069,42.859,rpm,9967.000,10.052536,0.000
2026-06-08T15:43:35.083,42.859,rpm,10084.000,10.052536,0.000
2026-06-08T15:43:35.140,42.922,rpm,10015.000,10.052536,0.000
2026-06-08T15:43:35.141,42.922,torque,10015.000,10.002661,0.000
2026-06-08T15:43:35.170,42.953,rpm,10067.000,10.002661,0.000
2026-06-08T15:43:35.182,42.969,rpm,9966.000,10.002661,0.000
2026-06-08T15:43:35.191,42.969,rpm,10098.000,10.002661,0.000
2026-06-08T15:43:35.218,43.000,rpm,10141.000,10.002661,0.000
2026-06-08T15:43:35.219,43.000,torque,10141.000,10.008931,0.000
2026-06-08T15:43:35.246,43.031,rpm,9807.000,10.008931,0.000
2026-06-08T15:43:35.247,43.031,rpm,10117.000,10.008931,0.000
2026-06-08T15:43:35.288,43.078,rpm,9844.000,10.008931,0.000
2026-06-08T15:43:35.303,43.094,rpm,10111.000,10.008931,0.000
2026-06-08T15:43:35.316,43.094,rpm,10030.000,10.008931,0.000
2026-06-08T15:43:35.317,43.094,torque,10030.000,10.102769,0.000
2026-06-08T15:43:35.346,43.125,rpm,10051.000,10.102769,0.000
2026-06-08T15:43:35.376,43.156,rpm,9936.000,10.102769,0.000
2026-06-08T15:43:35.377,43.156,rpm,10044.000,10.102769,0.000
2026-06-08T15:43:35.403,43.187,rpm,10003.000,10.102769,0.000
2026-06-08T15:43:35.404,43.187,torque,10003.000,10.175399,0.000
2026-06-08T15:43:35.419,43.203,rpm,10096.000,10.175399,0.000
2026-06-08T15:43:35.447,43.234,rpm,9833.000,10.175399,0.000
2026-06-08T15:43:35.460,43.250,rpm,10089.000,10.175399,0.000
2026-06-08T15:43:35.469,43.250,rpm,10007.000,10.175399,0.000
2026-06-08T15:43:35.499,43.281,torque,10007.000,10.083493,0.000
2026-06-08T15:43:35.513,43.297,rpm,9969.000,10.083493,0.000
2026-06-08T15:43:35.515,43.297,rpm,9954.000,10.083493,0.000
2026-06-08T15:43:35.547,43.328,rpm,10077.000,10.083493,0.000
2026-06-08T15:43:35.560,43.344,rpm,10041.000,10.083493,0.000
2026-06-08T15:43:35.577,43.359,rpm,10040.000,10.083493,0.000
2026-06-08T15:43:35.589,43.375,torque,10040.000,9.993167,0.000
2026-06-08T15:43:35.590,43.375,rpm,9984.000,9.993167,0.000
2026-06-08T15:43:35.628,43.406,rpm,10112.000,9.993167,0.000
2026-06-08T15:43:35.636,43.422,rpm,10040.000,9.993167,0.000
2026-06-08T15:43:35.665,43.453,rpm,10081.000,9.993167,0.000
2026-06-08T15:43:35.665,43.453,torque,10081.000,10.192806,0.000
2026-06-08T15:43:35.679,43.469,rpm,10004.000,10.192806,0.000
2026-06-08T15:43:35.681,43.469,rpm,9891.000,10.192806,0.000
2026-06-08T15:43:35.739,43.515,rpm,9938.000,10.192806,0.000
2026-06-08T15:43:35.739,43.515,rpm,10083.000,10.192806,0.000
2026-06-08T15:43:35.753,43.531,torque,10083.000,10.235670,0.000
2026-06-08T15:43:35.755,43.531,rpm,10007.000,10.235670,0.000
2026-06-08T15:43:35.802,43.578,rpm,10007.000,10.235670,0.000
2026-06-08T15:43:35.814,43.594,rpm,10035.000,10.235670,0.000
2026-06-08T15:43:35.814,43.594,rpm,10145.000,10.235670,0.000
2026-06-08T15:43:35.841,43.625,torque,10145.000,10.198677,0.000
2026-06-08T15:43:35.842,43.625,rpm,9820.000,10.198677,0.000
2026-06-08T15:43:35.864,43.640,rpm,10022.000,10.198677,0.000
2026-06-08T15:43:35.903,43.687,rpm,10054.000,10.198677,0.000
2026-06-08T15:43:35.916,43.703,rpm,9963.000,10.198677,0.000
2026-06-08T15:43:35.916,43.703,torque,9963.000,10.139449,0.000
2026-06-08T15:43:35.932,43.719,rpm,9883.000,10.139449,0.000
2026-06-08T15:43:35.958,43.734,rpm,10045.000,10.139449,0.000
2026-06-08T15:43:36.002,43.781,torque,10045.000,10.065257,0.000
2026-06-08T15:43:36.026,43.812,rpm,10026.000,10.065257,0.000
2026-06-08T15:43:36.027,43.812,rpm,10021.000,10.065257,0.000
2026-06-08T15:43:36.054,43.844,rpm,10022.000,10.065257,0.000
2026-06-08T15:43:36.085,43.875,rpm,9979.000,10.065257,0.000
2026-06-08T15:43:36.087,43.875,rpm,10088.000,10.065257,0.000
2026-06-08T15:43:36.101,43.890,torque,10088.000,10.066295,0.000
2026-06-08T15:43:36.152,43.937,rpm,10051.000,10.066295,0.000
2026-06-08T15:43:36.153,43.937,rpm,9857.000,10.066295,0.000
2026-06-08T15:43:36.182,43.969,rpm,10102.000,10.066295,0.000
2026-06-08T15:43:36.183,43.969,torque,10102.000,10.092996,0.000
2026-06-08T15:43:36.199,43.984,rpm,10010.000,10.092996,0.000
2026-06-08T15:43:36.222,44.000,rpm,10101.000,10.092996,0.000
2026-06-08T15:43:36.243,44.031,rpm,10011.000,10.092996,0.000
2026-06-08T15:43:36.269,44.047,rpm,9973.000,10.092996,0.000
2026-06-08T15:43:36.269,44.047,torque,9973.000,10.147087,0.000
2026-06-08T15:43:36.285,44.062,rpm,10042.000,10.147087,0.000
2026-06-08T15:43:36.329,44.109,rpm,9946.000,10.147087,0.000
2026-06-08T15:43:36.330,44.109,rpm,10034.000,10.147087,0.000
2026-06-08T15:43:36.358,44.140,torque,10034.000,10.199120,0.000
2026-06-08T15:43:36.359,44.140,rpm,9966.000,10.199120,0.000
2026-06-08T15:43:36.385,44.172,rpm,10040.000,10.199120,0.000
2026-06-08T15:43:36.414,44.203,rpm,9950.000,10.199120,0.000
2026-06-08T15:43:36.414,44.203,rpm,9996.000,10.199120,0.000
2026-06-08T15:43:36.452,44.234,torque,9996.000,10.232402,0.000
2026-06-08T15:43:36.452,44.234,rpm,9997.000,10.232402,0.000
2026-06-08T15:43:36.477,44.265,rpm,10012.000,10.232402,0.000
2026-06-08T15:43:36.501,44.281,rpm,10092.000,10.232402,0.000
2026-06-08T15:43:36.528,44.312,torque,10092.000,10.261447,0.000
2026-06-08T15:43:36.529,44.312,rpm,9857.000,10.261447,0.000
2026-06-08T15:43:36.533,44.312,rpm,10125.000,10.261447,0.000
2026-06-08T15:43:36.556,44.344,rpm,10033.000,10.261447,0.000
2026-06-08T15:43:36.583,44.359,rpm,10028.000,10.261447,0.000
2026-06-08T15:43:36.608,44.390,torque,10028.000,10.316688,0.000
2026-06-08T15:43:36.636,44.422,rpm,9820.000,10.316688,0.000
2026-06-08T15:43:36.655,44.437,rpm,10072.000,10.316688,0.000
2026-06-08T15:43:36.683,44.469,rpm,9866.000,10.316688,0.000
2026-06-08T15:43:36.686,44.469,rpm,10029.000,10.316688,0.000
2026-06-08T15:43:36.712,44.500,torque,10029.000,10.303358,0.000
2026-06-08T15:43:36.713,44.500,rpm,9951.000,10.303358,0.000
2026-06-08T15:43:36.727,44.515,rpm,10030.000,10.303358,0.000
2026-06-08T15:43:36.766,44.547,rpm,9867.000,10.303358,0.000
2026-06-08T15:43:36.785,44.562,rpm,9961.000,10.303358,0.000
2026-06-08T15:43:36.785,44.562,torque,9961.000,10.187202,0.000
2026-06-08T15:43:36.801,44.578,rpm,9999.000,10.187202,0.000
2026-06-08T15:43:36.839,44.625,rpm,10018.000,10.187202,0.000
2026-06-08T15:43:36.858,44.640,rpm,9880.000,10.187202,0.000
2026-06-08T15:43:36.859,44.640,rpm,10114.000,10.187202,0.000
2026-06-08T15:43:36.885,44.672,torque,10114.000,10.104734,0.000
2026-06-08T15:43:36.885,44.672,rpm,9866.000,10.104734,0.000
2026-06-08T15:43:36.915,44.703,rpm,10024.000,10.104734,0.000
2026-06-08T15:43:36.916,44.703,rpm,9887.000,10.104734,0.000
2026-06-08T15:43:36.948,44.734,rpm,10054.000,10.104734,0.000
2026-06-08T15:43:36.975,44.765,rpm,10004.000,10.104734,0.000
2026-06-08T15:43:36.975,44.765,torque,10004.000,10.051483,0.000
2026-06-08T15:43:36.975,44.765,rpm,10004.000,10.051483,0.000
2026-06-08T15:43:36.988,44.765,rpm,10090.000,10.051483,0.000
2026-06-08T15:43:37.034,44.812,rpm,10014.000,10.051483,0.000
2026-06-08T15:43:37.034,44.812,rpm,9881.000,10.051483,0.000
2026-06-08T15:43:37.037,44.828,torque,9881.000,10.008588,0.000
2026-06-08T15:43:37.064,44.844,rpm,9993.000,10.008588,0.000
2026-06-08T15:43:37.076,44.859,rpm,10044.000,10.008588,0.000
2026-06-08T15:43:37.108,44.890,rpm,10020.000,10.008588,0.000
2026-06-08T15:43:37.136,44.922,torque,10020.000,9.976852,0.000
2026-06-08T15:43:37.137,44.922,rpm,10066.000,9.976852,0.000
2026-06-08T15:43:37.137,44.922,rpm,10088.000,9.976852,0.000
2026-06-08T15:43:37.158,44.937,rpm,9985.000,9.976852,0.000
2026-06-08T15:43:37.186,44.969,rpm,10136.000,9.976852,0.000
2026-06-08T15:43:37.212,45.000,rpm,9933.000,9.976852,0.000
2026-06-08T15:43:37.213,45.000,rpm,10064.000,9.976852,0.000
2026-06-08T15:43:37.213,45.000,torque,10064.000,10.048465,0.000
2026-06-08T15:43:37.240,45.031,rpm,9997.000,10.048465,0.000
2026-06-08T15:43:37.273,45.062,rpm,10056.000,10.048465,0.000
2026-06-08T15:43:37.285,45.062,rpm,9851.000,10.048465,0.000
2026-06-08T15:43:37.286,45.062,rpm,10082.000,10.048465,0.000
2026-06-08T15:43:37.314,45.094,torque,10082.000,10.091618,0.000
2026-06-08T15:43:37.328,45.109,rpm,9899.000,10.091618,0.000
2026-06-08T15:43:37.348,45.125,rpm,10014.000,10.091618,0.000
2026-06-08T15:43:37.362,45.140,rpm,10050.000,10.091618,0.000
2026-06-08T15:43:37.388,45.172,rpm,9944.000,10.091618,0.000
2026-06-08T15:43:37.389,45.172,torque,9944.000,10.046079,0.000
2026-06-08T15:43:37.404,45.187,rpm,10036.000,10.046079,0.000
2026-06-08T15:43:37.418,45.203,rpm,10040.000,10.046079,0.000
2026-06-08T15:43:37.451,45.234,rpm,9954.000,10.046079,0.000
2026-06-08T15:43:37.451,45.234,rpm,10058.000,10.046079,0.000
2026-06-08T15:43:37.493,45.281,rpm,10024.000,10.046079,0.000
2026-06-08T15:43:37.493,45.281,torque,10024.000,10.108254,0.000
2026-06-08T15:43:37.494,45.281,rpm,10063.000,10.108254,0.000
2026-06-08T15:43:37.536,45.312,rpm,9932.000,10.108254,0.000
2026-06-08T15:43:37.557,45.344,rpm,10072.000,10.108254,0.000
2026-06-08T15:43:37.571,45.359,torque,10072.000,10.140051,0.000
2026-06-08T15:43:37.571,45.359,rpm,9809.000,10.140051,0.000
2026-06-08T15:43:37.584,45.375,rpm,10120.000,10.140051,0.000
2026-06-08T15:43:37.585,45.375,rpm,10025.000,10.140051,0.000
2026-06-08T15:43:37.632,45.422,rpm,9957.000,10.140051,0.000
2026-06-08T15:43:37.646,45.422,rpm,9885.000,10.140051,0.000
2026-06-08T15:43:37.647,45.437,torque,9885.000,10.160196,0.000
2026-06-08T15:43:37.647,45.437,rpm,10008.000,10.160196,0.000
2026-06-08T15:43:37.676,45.453,rpm,9873.000,10.160196,0.000
2026-06-08T15:43:37.722,45.500,rpm,9975.000,10.160196,0.000
2026-06-08T15:43:37.723,45.500,throttle,9975.000,10.160196,100.000
2026-06-08T15:43:37.750,45.531,torque,9975.000,10.161060,100.000
2026-06-08T15:43:37.750,45.531,rpm,10029.000,10.161060,100.000
2026-06-08T15:43:37.768,45.547,rpm,9895.000,10.161060,100.000
2026-06-08T15:43:37.792,45.578,rpm,9968.000,10.161060,100.000
2026-06-08T15:43:37.816,45.594,rpm,9938.000,10.161060,100.000
2026-06-08T15:43:37.831,45.609,rpm,10139.000,10.161060,100.000
2026-06-08T15:43:37.831,45.609,torque,10139.000,10.220864,100.000
2026-06-08T15:43:37.846,45.625,rpm,9986.000,10.220864,100.000
2026-06-08T15:43:37.881,45.672,rpm,9989.000,10.220864,100.000
2026-06-08T15:43:37.897,45.687,rpm,9859.000,10.220864,100.000
2026-06-08T15:43:37.911,45.687,rpm,10032.000,10.220864,100.000
2026-06-08T15:43:37.912,45.703,torque,10032.000,11.074725,100.000
2026-06-08T15:43:37.941,45.719,rpm,10047.000,11.074725,100.000
2026-06-08T15:43:37.942,45.719,rpm,10018.000,11.074725,100.000
2026-06-08T15:43:37.978,45.765,rpm,9840.000,11.074725,100.000
2026-06-08T15:43:37.986,45.765,rpm,9989.000,11.074725,100.000
2026-06-08T15:43:38.002,45.781,rpm,10013.000,11.074725,100.000
2026-06-08T15:43:38.017,45.797,torque,10013.000,11.766356,100.000
2026-06-08T15:43:38.029,45.812,rpm,10055.000,11.766356,100.000
2026-06-08T15:43:38.058,45.844,rpm,9989.000,11.766356,100.000
2026-06-08T15:43:38.068,45.859,rpm,10068.000,11.766356,100.000
2026-06-08T15:43:38.084,45.859,rpm,10031.000,11.766356,100.000
2026-06-08T15:43:38.099,45.875,torque,10031.000,11.620811,100.000
2026-06-08T15:43:38.112,45.890,rpm,10051.000,11.620811,100.000
2026-06-08T15:43:38.136,45.922,rpm,10040.000,11.620811,100.000
2026-06-08T15:43:38.147,45.937,rpm,9989.000,11.620811,100.000
2026-06-08T15:43:38.160,45.937,rpm,10096.000,11.620811,100.000
2026-06-08T15:43:38.187,45.969,torque,10096.000,11.576856,100.000
2026-06-08T15:43:38.187,45.969,rpm,10024.000,11.576856,100.000
2026-06-08T15:43:38.214,46.000,rpm,9951.000,11.576856,100.000
2026-06-08T15:43:38.236,46.015,rpm,10058.000,11.576856,100.000
2026-06-08T15:43:38.251,46.031,rpm,10088.000,11.576856,100.000
2026-06-08T15:43:38.263,46.047,torque,10088.000,11.565718,100.000
2026-06-08T15:43:38.263,46.047,rpm,10073.000,11.565718,100.000
2026-06-08T15:43:38.302,46.078,rpm,9849.000,11.565718,100.000
2026-06-08T15:43:38.311,46.094,rpm,10040.000,11.565718,100.000
2026-06-08T15:43:38.315,46.094,rpm,9850.000,11.565718,100.000
2026-06-08T15:43:38.342,46.125,torque,9850.000,11.481288,100.000
2026-06-08T15:43:38.378,46.156,rpm,10129.000,11.481288,100.000
2026-06-08T15:43:38.387,46.172,rpm,9994.000,11.481288,100.000
2026-06-08T15:43:38.414,46.203,rpm,10093.000,11.481288,100.000
2026-06-08T15:43:38.440,46.219,torque,10093.000,10.718416,100.000
2026-06-08T15:43:38.440,46.219,rpm,10012.000,10.718416,100.000
2026-06-08T15:43:38.458,46.234,rpm,9967.000,10.718416,100.000
2026-06-08T15:43:38.501,46.281,rpm,9909.000,10.718416,100.000
2026-06-08T15:43:38.502,46.281,rpm,10119.000,10.718416,100.000
2026-06-08T15:43:38.515,46.297,torque,10119.000,10.022563,100.000
2026-06-08T15:43:38.543,46.328,rpm,9886.000,10.022563,100.000
2026-06-08T15:43:38.543,46.328,rpm,10034.000,10.022563,100.000
2026-06-08T15:43:38.565,46.344,rpm,9856.000,10.022563,100.000
2026-06-08T15:43:38.566,46.344,rpm,10043.000,10.022563,100.000
2026-06-08T15:43:38.603,46.390,rpm,9872.000,10.022563,100.000
2026-06-08T15:43:38.604,46.390,torque,9872.000,9.971983,100.000
2026-06-08T15:43:38.633,46.422,rpm,10000.000,9.971983,100.000
2026-06-08T15:43:38.646,46.422,rpm,9968.000,9.971983,100.000
2026-06-08T15:43:38.655,46.437,rpm,10069.000,9.971983,100.000
2026-06-08T15:43:38.692,46.469,rpm,9886.000,9.971983,100.000
2026-06-08T15:43:38.693,46.484,torque,9886.000,9.896880,100.000
2026-06-08T15:43:38.694,46.484,rpm,10086.000,9.896880,100.000
2026-06-08T15:43:38.698,46.484,throttle,10086.000,9.896880,0.000
2026-06-08T15:43:38.734,46.515,rpm,10039.000,9.896880,0.000
2026-06-08T15:43:38.754,46.531,rpm,10044.000,9.896880,0.000
2026-06-08T15:43:38.768,46.547,rpm,9953.000,9.896880,0.000
2026-06-08T15:43:38.781,46.562,torque,9953.000,9.876278,0.000
2026-06-08T15:43:38.781,46.562,rpm,9967.000,9.876278,0.000
2026-06-08T15:43:38.808,46.594,rpm,9908.000,9.876278,0.000
2026-06-08T15:43:38.834,46.625,rpm,10096.000,9.876278,0.000
2026-06-08T15:43:38.857,46.640,rpm,9954.000,9.876278,0.000
2026-06-08T15:43:38.858,46.640,rpm,10001.000,9.876278,0.000
2026-06-08T15:43:38.871,46.656,torque,10001.000,10.341536,0.000
2026-06-08T15:43:38.886,46.672,rpm,9950.000,10.341536,0.000
2026-06-08T15:43:38.922,46.703,rpm,10019.000,10.341536,0.000
2026-06-08T15:43:38.932,46.719,rpm,10090.000,10.341536,0.000
2026-06-08T15:43:38.962,46.750,torque,10090.000,11.350718,0.000
2026-06-08T15:43:38.962,46.750,rpm,9988.000,11.350718,0.000
2026-06-08T15:43:38.962,46.750,rpm,9975.000,11.350718,0.000
2026-06-08T15:43:38.976,46.765,rpm,10081.000,11.350718,0.000
2026-06-08T15:43:39.021,46.812,rpm,9935.000,11.350718,0.000
2026-06-08T15:43:39.049,46.828,torque,9935.000,11.295785,0.000
2026-06-08T15:43:39.083,46.859,rpm,9956.000,11.295785,0.000
2026-06-08T15:43:39.091,46.875,rpm,10054.000,11.295785,0.000
2026-06-08T15:43:39.123,46.906,torque,10054.000,11.221533,0.000
2026-06-08T15:43:39.123,46.906,rpm,9940.000,11.221533,0.000
2026-06-08T15:43:39.148,46.937,rpm,10056.000,11.221533,0.000
2026-06-08T15:43:39.174,46.953,rpm,9927.000,11.221533,0.000
2026-06-08T15:43:39.186,46.969,rpm,10055.000,11.221533,0.000
2026-06-08T15:43:39.212,47.000,torque,10055.000,11.269798,0.000
2026-06-08T15:43:39.212,47.000,rpm,9933.000,11.269798,0.000
2026-06-08T15:43:39.229,47.015,rpm,9995.000,11.269798,0.000
2026-06-08T15:43:39.245,47.031,rpm,10026.000,11.269798,0.000
2026-06-08T15:43:39.281,47.062,rpm,10015.000,11.269798,0.000
2026-06-08T15:43:39.290,47.078,rpm,9997.000,11.269798,0.000
2026-06-08T15:43:39.306,47.094,torque,9997.000,11.304612,0.000
2026-06-08T15:43:39.318,47.094,rpm,9951.000,11.304612,0.000
2026-06-08T15:43:39.319,47.109,rpm,10026.000,11.304612,0.000
2026-06-08T15:43:39.358,47.140,rpm,9996.000,11.304612,0.000
2026-06-08T15:43:39.390,47.172,rpm,9995.000,11.304612,0.000
2026-06-08T15:43:39.391,47.172,torque,9995.000,10.848177,0.000
2026-06-08T15:43:39.414,47.203,rpm,9979.000,10.848177,0.000
2026-06-08T15:43:39.429,47.219,rpm,10034.000,10.848177,0.000
2026-06-08T15:43:39.468,47.250,rpm,9969.000,10.848177,0.000
2026-06-08T15:43:39.468,47.250,torque,9969.000,10.140208,0.000
2026-06-08T15:43:39.497,47.281,rpm,10046.000,10.140208,0.000
2026-06-08T15:43:39.520,47.297,rpm,10013.000,10.140208,0.000
2026-06-08T15:43:39.550,47.328,rpm,10003.000,10.140208,0.000
2026-06-08T15:43:39.551,47.328,torque,10003.000,9.917021,0.000
2026-06-08T15:43:39.579,47.359,rpm,10003.000,9.917021,0.000
2026-06-08T15:43:39.580,47.359,rpm,9997.000,9.917021,0.000
2026-06-08T15:43:39.627,47.406,rpm,10080.000,9.917021,0.000
2026-06-08T15:43:39.629,47.406,rpm,10071.000,9.917021,0.000
2026-06-08T15:43:39.656,47.437,torque,10071.000,9.901704,0.000
2026-06-08T15:43:39.656,47.437,rpm,9943.000,9.901704,0.000
2026-06-08T15:43:39.660,47.437,rpm,10041.000,9.901704,0.000
2026-06-08T15:43:39.701,47.484,rpm,9938.000,9.901704,0.000
2026-06-08T15:43:39.720,47.500,rpm,9993.000,9.901704,0.000
2026-06-08T15:43:39.737,47.515,rpm,9893.000,9.901704,0.000
2026-06-08T15:43:39.738,47.515,torque,9893.000,9.902589,0.000
2026-06-08T15:43:39.754,47.531,rpm,10048.000,9.902589,0.000
2026-06-08T15:43:39.792,47.578,rpm,9860.000,9.902589,0.000
2026-06-08T15:43:39.802,47.578,rpm,10025.000,9.902589,0.000
2026-06-08T15:43:39.817,47.594,rpm,9887.000,9.902589,0.000
2026-06-08T15:43:39.832,47.609,torque,9887.000,9.941449,0.000
2026-06-08T15:43:39.870,47.656,rpm,10101.000,9.941449,0.000
2026-06-08T15:43:39.881,47.672,rpm,9800.000,9.941449,0.000
2026-06-08T15:43:39.912,47.703,torque,9800.000,9.991021,0.000
2026-06-08T15:43:39.913,47.703,rpm,9985.000,9.991021,0.000
2026-06-08T15:43:39.914,47.703,rpm,10072.000,9.991021,0.000
2026-06-08T15:43:39.947,47.734,rpm,10052.000,9.991021,0.000
2026-06-08T15:43:39.967,47.750,rpm,9865.000,9.991021,0.000
2026-06-08T15:43:39.996,47.781,torque,9865.000,9.987782,0.000
2026-06-08T15:43:39.996,47.781,rpm,10056.000,9.987782,0.000
2026-06-08T15:43:39.998,47.781,rpm,9918.000,9.987782,0.000
2026-06-08T15:43:40.027,47.812,rpm,10063.000,9.987782,0.000
2026-06-08T15:43:40.059,47.844,rpm,9851.000,9.987782,0.000
2026-06-08T15:43:40.072,47.859,rpm,10082.000,9.987782,0.000
2026-06-08T15:43:40.072,47.859,torque,10082.000,9.951136,0.000
2026-06-08T15:43:40.101,47.890,rpm,9917.000,9.951136,0.000
2026-06-08T15:43:40.157,47.937,rpm,9966.000,9.951136,0.000
2026-06-08T15:43:40.159,47.937,torque,9966.000,9.954228,0.000
2026-06-08T15:43:40.159,47.937,rpm,9899.000,9.954228,0.000
2026-06-08T15:43:40.187,47.969,rpm,10046.000,9.954228,0.000
2026-06-08T15:43:40.202,47.984,rpm,10009.000,9.954228,0.000
2026-06-08T15:43:40.226,48.015,rpm,10033.000,9.954228,0.000
2026-06-08T15:43:40.242,48.031,rpm,9929.000,9.954228,0.000
2026-06-08T15:43:40.242,48.031,torque,9929.000,9.970688,0.000
2026-06-08T15:43:40.272,48.062,rpm,10067.000,9.970688,0.000
2026-06-08T15:43:40.307,48.094,rpm,9899.000,9.970688,0.000
2026-06-08T15:43:40.321,48.109,rpm,10043.000,9.970688,0.000
2026-06-08T15:43:40.334,48.125,rpm,9901.000,9.970688,0.000
2026-06-08T15:43:40.334,48.125,torque,9901.000,9.993742,0.000
2026-06-08T15:43:40.334,48.125,rpm,10075.000,9.993742,0.000
2026-06-08T15:43:40.366,48.156,rpm,9888.000,9.993742,0.000
2026-06-08T15:43:40.410,48.187,rpm,10077.000,9.993742,0.000
2026-06-08T15:43:40.410,48.187,rpm,9864.000,9.993742,0.000
2026-06-08T15:43:40.427,48.203,rpm,10016.000,9.993742,0.000
2026-06-08T15:43:40.427,48.203,torque,10016.000,10.013886,0.000
2026-06-08T15:43:40.456,48.234,rpm,9912.000,10.013886,0.000
2026-06-08T15:43:40.489,48.265,rpm,10027.000,10.013886,0.000
2026-06-08T15:43:40.504,48.281,rpm,9983.000,10.013886,0.000
2026-06-08T15:43:40.504,48.281,torque,9983.000,10.030854,0.000
2026-06-08T15:43:40.547,48.328,rpm,9904.000,10.030854,0.000
2026-06-08T15:43:40.556,48.344,rpm,10042.000,10.030854,0.000
2026-06-08T15:43:40.583,48.359,rpm,10131.000,10.030854,0.000
2026-06-08T15:43:40.583,48.359,rpm,10109.000,10.030854,0.000
2026-06-08T15:43:40.603,48.390,torque,10109.000,10.090454,0.000
2026-06-08T15:43:40.616,48.406,rpm,9902.000,10.090454,0.000
2026-06-08T15:43:40.618,48.406,rpm,10035.000,10.090454,0.000
2026-06-08T15:43:40.668,48.453,rpm,10003.000,10.090454,0.000
2026-06-08T15:43:40.697,48.484,torque,10003.000,10.274444,0.000
2026-06-08T15:43:40.697,48.484,rpm,10025.000,10.274444,0.000
2026-06-08T15:43:40.700,48.484,rpm,10060.000,10.274444,0.000
2026-06-08T15:43:40.727,48.515,rpm,10023.000,10.274444,0.000
2026-06-08T15:43:40.761,48.547,rpm,9963.000,10.274444,0.000
2026-06-08T15:43:40.772,48.562,torque,9963.000,11.022991,0.000
2026-06-08T15:43:40.773,48.562,rpm,10079.000,11.022991,0.000
2026-06-08T15:43:40.802,48.578,rpm,10056.000,11.022991,0.000
2026-06-08T15:43:40.813,48.594,rpm,9859.000,11.022991,0.000
2026-06-08T15:43:40.848,48.625,rpm,9996.000,11.022991,0.000
2026-06-08T15:43:40.861,48.640,rpm,10056.000,11.022991,0.000
2026-06-08T15:43:40.861,48.640,torque,10056.000,10.633644,0.000
2026-06-08T15:43:40.900,48.687,rpm,9966.000,10.633644,0.000
2026-06-08T15:43:40.908,48.687,rpm,10080.000,10.633644,0.000
2026-06-08T15:43:40.923,48.703,rpm,10090.000,10.633644,0.000
2026-06-08T15:43:40.937,48.719,rpm,9839.000,10.633644,0.000
2026-06-08T15:43:40.953,48.734,torque,9839.000,10.083955,0.000
2026-06-08T15:43:40.966,48.750,rpm,10011.000,10.083955,0.000
2026-06-08T15:43:40.978,48.765,rpm,9918.000,10.083955,0.000
2026-06-08T15:43:40.987,48.765,rpm,10088.000,10.083955,0.000
2026-06-08T15:43:41.019,48.797,rpm,9803.000,10.083955,0.000
2026-06-08T15:43:41.038,48.828,torque,9803.000,9.942759,0.000
2026-06-08T15:43:41.038,48.828,rpm,9948.000,9.942759,0.000
2026-06-08T15:43:41.052,48.828,rpm,9844.000,9.942759,0.000
2026-06-08T15:43:41.078,48.859,rpm,10087.000,9.942759,0.000
2026-06-08T15:43:41.110,48.890,rpm,10023.000,9.942759,0.000
2026-06-08T15:43:41.112,48.890,torque,10023.000,9.926013,0.000
2026-06-08T15:43:41.142,48.922,rpm,10030.000,9.926013,0.000
2026-06-08T15:43:41.161,48.937,rpm,10003.000,9.926013,0.000
2026-06-08T15:43:41.176,48.953,rpm,9877.000,9.926013,0.000
2026-06-08T15:43:41.189,48.969,rpm,10010.000,9.926013,0.000
2026-06-08T15:43:41.214,49.000,torque,10010.000,9.930375,0.000
2026-06-08T15:43:41.215,49.000,rpm,9850.000,9.930375,0.000
2026-06-08T15:43:41.244,49.031,rpm,9996.000,9.930375,0.000
2026-06-08T15:43:41.248,49.031,rpm,9858.000,9.930375,0.000
2026-06-08T15:43:41.280,49.062,rpm,10068.000,9.930375,0.000
2026-06-08T15:43:41.293,49.078,rpm,8157.000,9.930375,0.000
2026-06-08T15:43:41.294,49.078,torque,8157.000,9.962048,0.000
2026-06-08T15:43:41.311,49.094,rpm,3120.000,9.962048,0.000
2026-06-08T15:43:41.335,49.125,rpm,407.000,9.962048,0.000
2026-06-08T15:43:41.357,49.140,rpm,-253.000,9.962048,0.000
2026-06-08T15:43:41.371,49.156,rpm,-189.000,9.962048,0.000
2026-06-08T15:43:41.371,49.156,torque,-189.000,9.591066,0.000
2026-06-08T15:43:41.405,49.187,rpm,-189.000,9.591066,0.000
2026-06-08T15:43:41.417,49.203,rpm,-185.000,9.591066,0.000
2026-06-08T15:43:41.430,49.219,rpm,-157.000,9.591066,0.000
2026-06-08T15:43:41.467,49.250,rpm,-113.000,9.591066,0.000
2026-06-08T15:43:41.468,49.250,torque,-113.000,5.775488,0.000
2026-06-08T15:43:41.483,49.265,rpm,-88.000,5.775488,0.000
2026-06-08T15:43:41.501,49.281,rpm,-76.000,5.775488,0.000
2026-06-08T15:43:41.513,49.297,rpm,-67.000,5.775488,0.000
2026-06-08T15:43:41.548,49.328,rpm,-57.000,5.775488,0.000
2026-06-08T15:43:41.560,49.344,torque,-57.000,1.141100,0.000
2026-06-08T15:43:41.561,49.344,rpm,-52.000,1.141100,0.000
2026-06-08T15:43:41.590,49.375,rpm,-43.000,1.141100,0.000
2026-06-08T15:43:41.611,49.390,rpm,-39.000,1.141100,0.000
2026-06-08T15:43:41.628,49.406,rpm,-37.000,1.141100,0.000
2026-06-08T15:43:41.643,49.422,torque,-37.000,0.165475,0.000
2026-06-08T15:43:41.657,49.437,rpm,-33.000,0.165475,0.000
2026-06-08T15:43:41.682,49.469,rpm,-30.000,0.165475,0.000
2026-06-08T15:43:41.691,49.469,rpm,-29.000,0.165475,0.000
2026-06-08T15:43:41.721,49.500,rpm,-27.000,0.165475,0.000
2026-06-08T15:43:41.738,49.515,torque,-27.000,0.171875,0.000
2026-06-08T15:43:41.738,49.515,rpm,-26.000,0.171875,0.000
2026-06-08T15:43:41.754,49.531,rpm,-24.000,0.171875,0.000
2026-06-08T15:43:41.790,49.578,rpm,-23.000,0.171875,0.000
2026-06-08T15:43:41.801,49.578,rpm,-22.000,0.171875,0.000
2026-06-08T15:43:41.816,49.594,torque,-22.000,0.128497,0.000
2026-06-08T15:43:41.816,49.594,rpm,-21.000,0.128497,0.000
2026-06-08T15:43:41.842,49.625,rpm,-20.000,0.128497,0.000
2026-06-08T15:43:41.881,49.672,rpm,-19.000,0.128497,0.000
2026-06-08T15:43:41.894,49.672,rpm,-18.000,0.128497,0.000
2026-06-08T15:43:41.897,49.687,torque,-18.000,0.103348,0.000
2026-06-08T15:43:41.928,49.719,rpm,-17.000,0.103348,0.000
2026-06-08T15:43:41.939,49.719,rpm,-16.000,0.103348,0.000
2026-06-08T15:43:41.977,49.765,rpm,-16.000,0.103348,0.000
2026-06-08T15:43:41.977,49.765,rpm,-15.000,0.103348,0.000
2026-06-08T15:43:41.997,49.781,torque,-15.000,0.090469,0.000
2026-06-08T15:43:41.997,49.781,rpm,-15.000,0.090469,0.000
2026-06-08T15:43:42.012,49.797,rpm,-14.000,0.090469,0.000
2026-06-08T15:43:42.040,49.828,rpm,-14.000,0.090469,0.000
2026-06-08T15:43:42.060,49.844,rpm,-13.000,0.090469,0.000
2026-06-08T15:43:42.061,49.844,torque,-13.000,0.085293,0.000
2026-06-08T15:43:42.077,49.859,rpm,-13.000,0.085293,0.000
2026-06-08T15:43:42.094,49.875,rpm,-13.000,0.085293,0.000
2026-06-08T15:43:42.117,49.906,rpm,-12.000,0.085293,0.000
2026-06-08T15:43:42.138,49.922,rpm,-12.000,0.085293,0.000
2026-06-08T15:43:42.155,49.937,rpm,-12.000,0.085293,0.000
2026-06-08T15:43:42.168,49.953,torque,-12.000,0.083491,0.000
2026-06-08T15:43:42.181,49.969,rpm,-11.000,0.083491,0.000
2026-06-08T15:43:42.183,49.969,rpm,-11.000,0.083491,0.000
2026-06-08T15:43:42.216,50.000,rpm,-11.000,0.083491,0.000
2026-06-08T15:43:42.242,50.031,torque,-11.000,0.083065,0.000
2026-06-08T15:43:42.242,50.031,rpm,-10.000,0.083065,0.000
2026-06-08T15:43:42.266,50.047,rpm,-10.000,0.083065,0.000
2026-06-08T15:43:42.304,50.094,rpm,-10.000,0.083065,0.000
2026-06-08T15:43:42.318,50.094,rpm,-10.000,0.083065,0.000
2026-06-08T15:43:42.319,50.109,torque,-10.000,0.082782,0.000
2026-06-08T15:43:42.319,50.109,rpm,-9.000,0.082782,0.000
2026-06-08T15:43:42.350,50.140,rpm,-9.000,0.082782,0.000
2026-06-08T15:43:42.392,50.172,rpm,-9.000,0.082782,0.000
2026-06-08T15:43:42.393,50.172,rpm,-9.000,0.082782,0.000
2026-06-08T15:43:42.407,50.187,rpm,-9.000,0.082782,0.000
2026-06-08T15:43:42.421,50.203,torque,-9.000,0.082384,0.000
2026-06-08T15:43:42.438,50.219,rpm,-8.000,0.082384,0.000
2026-06-08T15:43:42.469,50.250,rpm,-8.000,0.082384,0.000
2026-06-08T15:43:42.483,50.265,rpm,-8.000,0.082384,0.000
2026-06-08T15:43:42.497,50.281,rpm,-8.000,0.082384,0.000
2026-06-08T15:43:42.511,50.297,torque,-8.000,0.082318,0.000
2026-06-08T15:43:42.512,50.297,rpm,-8.000,0.082318,0.000
2026-06-08T15:43:42.551,50.328,rpm,-8.000,0.082318,0.000
2026-06-08T15:43:42.560,50.344,rpm,-8.000,0.082318,0.000
2026-06-08T15:43:42.589,50.375,rpm,-7.000,0.082318,0.000
2026-06-08T15:43:42.603,50.390,torque,-7.000,0.082204,0.000
2026-06-08T15:43:42.604,50.390,rpm,-7.000,0.082204,0.000
2026-06-08T15:43:42.633,50.422,rpm,-7.000,0.082204,0.000
2026-06-08T15:43:42.659,50.437,rpm,-7.000,0.082204,0.000
2026-06-08T15:43:42.680,50.469,rpm,-7.000,0.082204,0.000
2026-06-08T15:43:42.692,50.469,torque,-7.000,0.082313,0.000
2026-06-08T15:43:42.694,50.484,rpm,-7.000,0.082313,0.000
2026-06-08T15:43:42.731,50.515,rpm,-7.000,0.082313,0.000
2026-06-08T15:43:42.740,50.531,rpm,-6.000,0.082313,0.000
2026-06-08T15:43:42.755,50.531,rpm,-6.000,0.082313,0.000
2026-06-08T15:43:42.770,50.547,torque,-6.000,0.082301,0.000
2026-06-08T15:43:42.770,50.547,rpm,-6.000,0.082301,0.000
2026-06-08T15:43:42.797,50.578,rpm,-6.000,0.082301,0.000
2026-06-08T15:43:42.831,50.609,rpm,-6.000,0.082301,0.000
2026-06-08T15:43:42.842,50.625,rpm,-6.000,0.082301,0.000
2026-06-08T15:43:42.844,50.625,torque,-6.000,0.082286,0.000
2026-06-08T15:43:42.844,50.625,rpm,-6.000,0.082286,0.000
2026-06-08T15:43:42.876,50.656,rpm,-6.000,0.082286,0.000
2026-06-08T15:43:42.901,50.687,rpm,-6.000,0.082286,0.000
2026-06-08T15:43:42.920,50.703,rpm,-6.000,0.082286,0.000
2026-06-08T15:43:42.934,50.719,rpm,-6.000,0.082286,0.000
2026-06-08T15:43:42.937,50.719,torque,-6.000,0.082322,0.000
2026-06-08T15:43:42.952,50.734,rpm,-5.000,0.082322,0.000
2026-06-08T15:43:42.989,50.765,rpm,-5.000,0.082322,0.000
2026-06-08T15:43:43.012,50.797,rpm,-5.000,0.082322,0.000
2026-06-08T15:43:43.025,50.812,torque,-5.000,0.082159,0.000
2026-06-08T15:43:43.025,50.812,rpm,-5.000,0.082159,0.000
2026-06-08T15:43:43.028,50.812,rpm,-5.000,0.082159,0.000
2026-06-08T15:43:43.064,50.844,rpm,-5.000,0.082159,0.000
2026-06-08T15:43:43.084,50.875,rpm,-5.000,0.082159,0.000
2026-06-08T15:43:43.100,50.890,rpm,-5.000,0.082159,0.000
2026-06-08T15:43:43.112,50.890,torque,-5.000,0.081954,0.000
2026-06-08T15:43:43.112,50.890,rpm,-5.000,0.081954,0.000
2026-06-08T15:43:43.141,50.922,rpm,-5.000,0.081954,0.000
2026-06-08T15:43:43.160,50.937,rpm,-5.000,0.081954,0.000
2026-06-08T15:43:43.163,50.953,rpm,-5.000,0.081954,0.000
2026-06-08T15:43:43.206,50.984,torque,-5.000,0.081680,0.000
2026-06-08T15:43:43.206,50.984,rpm,-5.000,0.081680,0.000
2026-06-08T15:43:43.253,51.031,rpm,-5.000,0.081680,0.000
2026-06-08T15:43:43.260,51.047,rpm,-5.000,0.081680,0.000
2026-06-08T15:43:43.288,51.078,torque,-5.000,0.081539,0.000
2026-06-08T15:43:43.288,51.078,rpm,-4.000,0.081539,0.000
2026-06-08T15:43:43.319,51.109,rpm,-4.000,0.081539,0.000
2026-06-08T15:43:43.319,51.109,rpm,-4.000,0.081539,0.000
2026-06-08T15:43:43.359,51.140,rpm,-4.000,0.081539,0.000
2026-06-08T15:43:43.359,51.140,torque,-4.000,0.081440,0.000
2026-06-08T15:43:43.384,51.172,rpm,-4.000,0.081440,0.000
2026-06-08T15:43:43.399,51.187,rpm,-4.000,0.081440,0.000
2026-06-08T15:43:43.410,51.187,rpm,-4.000,0.081440,0.000
2026-06-08T15:43:43.455,51.234,torque,-4.000,0.080875,0.000
2026-06-08T15:43:43.479,51.265,rpm,-4.000,0.080875,0.000
2026-06-08T15:43:43.508,51.297,rpm,-4.000,0.080875,0.000
2026-06-08T15:43:43.533,51.312,torque,-4.000,0.081051,0.000
2026-06-08T15:43:43.534,51.312,rpm,-4.000,0.081051,0.000
2026-06-08T15:43:43.576,51.359,rpm,-4.000,0.081051,0.000
2026-06-08T15:43:43.616,51.406,rpm,-4.000,0.081051,0.000
2026-06-08T15:43:43.618,51.406,torque,-4.000,0.081048,0.000
2026-06-08T15:43:43.618,51.406,rpm,-4.000,0.081048,0.000
2026-06-08T15:43:43.646,51.422,rpm,-4.000,0.081048,0.000
2026-06-08T15:43:43.670,51.453,rpm,-4.000,0.081048,0.000
2026-06-08T15:43:43.695,51.484,rpm,-4.000,0.081048,0.000
2026-06-08T15:43:43.697,51.484,rpm,-4.000,0.081048,0.000
2026-06-08T15:43:43.704,51.484,torque,-4.000,0.080854,0.000
2026-06-08T15:43:43.726,51.515,rpm,-4.000,0.080854,0.000
2026-06-08T15:43:43.752,51.531,rpm,-3.000,0.080854,0.000
2026-06-08T15:43:43.777,51.562,rpm,-3.000,0.080854,0.000
2026-06-08T15:43:43.791,51.578,rpm,-3.000,0.080854,0.000
2026-06-08T15:43:43.802,51.578,torque,-3.000,0.080666,0.000
2026-06-08T15:43:43.803,51.594,rpm,-3.000,0.080666,0.000
2026-06-08T15:43:43.833,51.609,rpm,-3.000,0.080666,0.000
2026-06-08T15:43:43.870,51.656,rpm,-3.000,0.080666,0.000
2026-06-08T15:43:43.878,51.656,rpm,-3.000,0.080666,0.000
2026-06-08T15:43:43.880,51.656,torque,-3.000,0.080550,0.000
2026-06-08T15:43:43.880,51.656,rpm,-3.000,0.080550,0.000
2026-06-08T15:43:43.916,51.703,rpm,-3.000,0.080550,0.000
2026-06-08T15:43:43.933,51.719,rpm,-3.000,0.080550,0.000
2026-06-08T15:43:43.944,51.734,rpm,-3.000,0.080550,0.000
2026-06-08T15:43:43.969,51.750,rpm,-3.000,0.080550,0.000
2026-06-08T15:43:43.970,51.750,torque,-3.000,0.080360,0.000
2026-06-08T15:43:43.997,51.781,rpm,-3.000,0.080360,0.000
2026-06-08T15:43:44.020,51.797,rpm,-3.000,0.080360,0.000
2026-06-08T15:43:44.020,51.797,rpm,-3.000,0.080360,0.000
2026-06-08T15:43:44.044,51.828,rpm,-3.000,0.080360,0.000
2026-06-08T15:43:44.047,51.828,torque,-3.000,0.080153,0.000
2026-06-08T15:43:44.098,51.875,rpm,-3.000,0.080153,0.000
2026-06-08T15:43:44.107,51.890,rpm,-3.000,0.080153,0.000
2026-06-08T15:43:44.136,51.922,rpm,-3.000,0.080153,0.000
2026-06-08T15:43:44.137,51.922,torque,-3.000,0.079924,0.000
2026-06-08T15:43:44.166,51.953,rpm,-3.000,0.079924,0.000
2026-06-08T15:43:44.199,51.984,rpm,-3.000,0.079924,0.000
2026-06-08T15:43:44.210,52.000,rpm,-3.000,0.079924,0.000
2026-06-08T15:43:44.236,52.015,torque,-3.000,0.079892,0.000
2026-06-08T15:43:44.236,52.015,rpm,-3.000,0.079892,0.000
2026-06-08T15:43:44.237,52.015,rpm,-3.000,0.079892,0.000
2026-06-08T15:43:44.269,52.047,rpm,-3.000,0.079892,0.000
2026-06-08T15:43:44.292,52.078,rpm,-3.000,0.079892,0.000
2026-06-08T15:43:44.315,52.094,rpm,-3.000,0.079892,0.000
2026-06-08T15:43:44.316,52.094,torque,-3.000,0.079535,0.000
2026-06-08T15:43:44.317,52.094,rpm,-3.000,0.079535,0.000
2026-06-08T15:43:44.356,52.140,rpm,-3.000,0.079535,0.000
2026-06-08T15:43:44.367,52.156,rpm,-3.000,0.079535,0.000
2026-06-08T15:43:44.393,52.172,rpm,-3.000,0.079535,0.000
2026-06-08T15:43:44.416,52.203,torque,-3.000,0.079317,0.000
2026-06-08T15:43:44.416,52.203,rpm,-3.000,0.079317,0.000
2026-06-08T15:43:44.431,52.219,rpm,-3.000,0.079317,0.000
2026-06-08T15:43:44.463,52.250,rpm,-3.000,0.079317,0.000
2026-06-08T15:43:44.477,52.265,rpm,-3.000,0.079317,0.000
2026-06-08T15:43:44.490,52.281,rpm,-3.000,0.079317,0.000
2026-06-08T15:43:44.503,52.281,torque,-3.000,0.079046,0.000
2026-06-08T15:43:44.503,52.281,rpm,-3.000,0.079046,0.000
2026-06-08T15:43:44.542,52.328,rpm,-3.000,0.079046,0.000
2026-06-08T15:43:44.555,52.344,rpm,-2.000,0.079046,0.000
2026-06-08T15:43:44.582,52.359,torque,-2.000,0.078782,0.000
2026-06-08T15:43:44.621,52.406,rpm,-2.000,0.078782,0.000
2026-06-08T15:43:44.646,52.437,rpm,-2.000,0.078782,0.000
2026-06-08T15:43:44.675,52.453,torque,-2.000,0.078398,0.000
2026-06-08T15:43:44.675,52.453,rpm,-2.000,0.078398,0.000
2026-06-08T15:43:44.677,52.453,rpm,-2.000,0.078398,0.000
2026-06-08T15:43:44.723,52.500,rpm,-2.000,0.078398,0.000
2026-06-08T15:43:44.732,52.515,rpm,-2.000,0.078398,0.000
2026-06-08T15:43:44.760,52.547,torque,-2.000,0.078206,0.000
2026-06-08T15:43:44.761,52.547,rpm,-2.000,0.078206,0.000
2026-06-08T15:43:44.762,52.547,rpm,-2.000,0.078206,0.000
2026-06-08T15:43:44.787,52.562,rpm,-2.000,0.078206,0.000
2026-06-08T15:43:44.845,52.625,torque,-2.000,0.077964,0.000
2026-06-08T15:43:44.855,52.640,rpm,-2.000,0.077964,0.000
2026-06-08T15:43:44.871,52.656,rpm,-2.000,0.077964,0.000
2026-06-08T15:43:44.882,52.672,rpm,-2.000,0.077964,0.000
2026-06-08T15:43:44.924,52.703,rpm,-2.000,0.077964,0.000
2026-06-08T15:43:44.935,52.719,torque,-2.000,0.077553,0.000
2026-06-08T15:43:44.935,52.719,rpm,-2.000,0.077553,0.000
2026-06-08T15:43:44.953,52.734,rpm,-2.000,0.077553,0.000
2026-06-08T15:43:44.986,52.765,rpm,-2.000,0.077553,0.000
2026-06-08T15:43:44.997,52.781,rpm,-2.000,0.077553,0.000
2026-06-08T15:43:44.998,52.781,rpm,-2.000,0.077553,0.000
2026-06-08T15:43:45.024,52.812,torque,-2.000,0.077273,0.000
2026-06-08T15:43:45.026,52.812,rpm,-2.000,0.077273,0.000
2026-06-08T15:43:45.051,52.828,rpm,-2.000,0.077273,0.000
2026-06-08T15:43:45.053,52.844,rpm,-2.000,0.077273,0.000
2026-06-08T15:43:45.099,52.875,rpm,-2.000,0.077273,0.000
2026-06-08T15:43:45.109,52.890,torque,-2.000,0.077002,0.000
2026-06-08T15:43:45.109,52.890,rpm,-2.000,0.077002,0.000
2026-06-08T15:43:45.138,52.922,rpm,-2.000,0.077002,0.000
2026-06-08T15:43:45.160,52.937,rpm,-2.000,0.077002,0.000
2026-06-08T15:43:45.160,52.937,rpm,-2.000,0.077002,0.000
2026-06-08T15:43:45.184,52.969,torque,-2.000,0.076805,0.000
2026-06-08T15:43:45.197,52.984,rpm,-2.000,0.076805,0.000
2026-06-08T15:43:45.219,53.000,rpm,-2.000,0.076805,0.000
2026-06-08T15:43:45.239,53.015,rpm,-2.000,0.076805,0.000
2026-06-08T15:43:45.253,53.031,rpm,-2.000,0.076805,0.000
2026-06-08T15:43:45.267,53.047,torque,-2.000,0.076422,0.000
2026-06-08T15:43:45.267,53.047,rpm,-2.000,0.076422,0.000
2026-06-08T15:43:45.292,53.078,rpm,-2.000,0.076422,0.000
2026-06-08T15:43:45.324,53.109,rpm,-2.000,0.076422,0.000
2026-06-08T15:43:45.334,53.125,rpm,-2.000,0.076422,0.000
2026-06-08T15:43:45.359,53.140,torque,-2.000,0.075975,0.000
2026-06-08T15:43:45.359,53.140,rpm,-2.000,0.075975,0.000
2026-06-08T15:43:45.372,53.156,rpm,-2.000,0.075975,0.000
2026-06-08T15:43:45.397,53.187,rpm,-2.000,0.075975,0.000
2026-06-08T15:43:45.414,53.203,rpm,-2.000,0.075975,0.000
2026-06-08T15:43:45.426,53.203,rpm,-2.000,0.075975,0.000
