timestamp,elapsed_s,source,rpm,torque_nm
2026-06-04T13:56:38.248,0.000,rpm,0.000,
2026-06-04T13:56:38.250,0.016,torque,0.000,0.065137
2026-06-04T13:56:38.250,0.016,rpm,0.000,0.065137
2026-06-04T13:56:38.250,0.016,rpm,0.000,0.065137
2026-06-04T13:56:38.250,0.016,rpm,0.000,0.065137
2026-06-04T13:56:38.250,0.016,rpm,0.000,0.065137
2026-06-04T13:56:38.250,0.016,torque,0.000,0.065088
2026-06-04T13:56:38.251,0.016,rpm,0.000,0.065088
2026-06-04T13:56:38.279,0.031,rpm,0.000,0.065088
2026-06-04T13:56:38.311,0.078,rpm,0.000,0.065088
2026-06-04T13:56:38.329,0.094,rpm,0.000,0.065088
2026-06-04T13:56:38.330,0.094,torque,0.000,0.065177
2026-06-04T13:56:38.330,0.094,rpm,0.000,0.065177
2026-06-04T13:56:38.369,0.125,rpm,0.000,0.065177
2026-06-04T13:56:38.381,0.141,rpm,0.000,0.065177
2026-06-04T13:56:38.409,0.172,rpm,0.000,0.065177
2026-06-04T13:56:38.416,0.172,torque,0.000,0.065374
2026-06-04T13:56:38.445,0.203,rpm,0.000,0.065374
2026-06-04T13:56:38.457,0.219,rpm,0.000,0.065374
2026-06-04T13:56:38.476,0.234,rpm,0.000,0.065374
2026-06-04T13:56:38.503,0.266,rpm,0.000,0.065374
2026-06-04T13:56:38.503,0.266,torque,0.000,0.065346
2026-06-04T13:56:38.510,0.266,rpm,0.000,0.065346
2026-06-04T13:56:38.543,0.297,rpm,0.000,0.065346
2026-06-04T13:56:38.553,0.312,rpm,0.000,0.065346
2026-06-04T13:56:38.580,0.344,torque,0.000,0.065227
2026-06-04T13:56:38.582,0.344,rpm,0.000,0.065227
2026-06-04T13:56:38.612,0.375,rpm,0.000,0.065227
2026-06-04T13:56:38.660,0.422,rpm,0.000,0.065227
2026-06-04T13:56:38.665,0.422,torque,0.000,0.065200
2026-06-04T13:56:38.694,0.453,rpm,0.000,0.065200
2026-06-04T13:56:38.707,0.469,rpm,0.000,0.065200
2026-06-04T13:56:38.725,0.484,rpm,0.000,0.065200
2026-06-04T13:56:38.742,0.500,rpm,0.000,0.065200
2026-06-04T13:56:38.760,0.516,torque,0.000,0.065244
2026-06-04T13:56:38.761,0.516,rpm,0.000,0.065244
2026-06-04T13:56:38.804,0.562,rpm,0.000,0.065244
2026-06-04T13:56:38.814,0.578,rpm,0.000,0.065244
2026-06-04T13:56:38.816,0.578,rpm,0.000,0.065244
2026-06-04T13:56:38.837,0.594,rpm,0.000,0.065244
2026-06-04T13:56:38.838,0.594,torque,0.000,0.065199
2026-06-04T13:56:38.876,0.641,rpm,0.000,0.065199
2026-06-04T13:56:38.891,0.656,rpm,0.000,0.065199
2026-06-04T13:56:38.915,0.672,rpm,0.000,0.065199
2026-06-04T13:56:38.923,0.687,torque,0.000,0.065213
2026-06-04T13:56:38.967,0.719,rpm,0.000,0.065213
2026-06-04T13:56:38.991,0.750,rpm,0.000,0.065213
2026-06-04T13:56:39.008,0.766,rpm,0.000,0.065213
2026-06-04T13:56:39.025,0.781,torque,0.000,0.065255
2026-06-04T13:56:39.026,0.781,rpm,0.000,0.065255
2026-06-04T13:56:39.065,0.828,rpm,0.000,0.065255
2026-06-04T13:56:39.072,0.828,rpm,0.000,0.065255
2026-06-04T13:56:39.095,0.859,rpm,0.000,0.065255
2026-06-04T13:56:39.105,0.859,torque,0.000,0.065202
2026-06-04T13:56:39.105,0.859,rpm,0.000,0.065202
2026-06-04T13:56:39.135,0.891,rpm,0.000,0.065202
2026-06-04T13:56:39.161,0.922,rpm,0.000,0.065202
2026-06-04T13:56:39.172,0.937,rpm,0.000,0.065202
2026-06-04T13:56:39.181,0.937,rpm,0.000,0.065202
2026-06-04T13:56:39.186,0.937,torque,0.000,0.065202
2026-06-04T13:56:39.218,0.984,rpm,0.000,0.065202
2026-06-04T13:56:39.227,0.984,rpm,0.000,0.065202
2026-06-04T13:56:39.248,1.000,rpm,0.000,0.065202
2026-06-04T13:56:39.271,1.031,torque,0.000,0.065258
2026-06-04T13:56:39.291,1.047,rpm,0.000,0.065258
2026-06-04T13:56:39.317,1.078,rpm,0.000,0.065258
2026-06-04T13:56:39.335,1.094,rpm,0.000,0.065258
2026-06-04T13:56:39.340,1.094,rpm,0.000,0.065258
2026-06-04T13:56:39.361,1.125,torque,0.000,0.065260
2026-06-04T13:56:39.366,1.125,rpm,0.000,0.065260
2026-06-04T13:56:39.397,1.156,rpm,0.000,0.065260
2026-06-04T13:56:39.413,1.172,rpm,0.000,0.065260
2026-06-04T13:56:39.424,1.187,rpm,0.000,0.065260
2026-06-04T13:56:39.444,1.203,torque,0.000,0.065160
2026-06-04T13:56:39.444,1.203,rpm,0.000,0.065160
2026-06-04T13:56:39.492,1.250,rpm,0.000,0.065160
2026-06-04T13:56:39.502,1.266,rpm,0.000,0.065160
2026-06-04T13:56:39.521,1.281,rpm,0.000,0.065160
2026-06-04T13:56:39.529,1.281,torque,0.000,0.065185
2026-06-04T13:56:39.557,1.312,rpm,0.000,0.065185
2026-06-04T13:56:39.572,1.328,rpm,0.000,0.065185
2026-06-04T13:56:39.590,1.344,rpm,0.000,0.065185
2026-06-04T13:56:39.610,1.375,rpm,0.000,0.065185
2026-06-04T13:56:39.616,1.375,torque,0.000,0.065299
2026-06-04T13:56:39.617,1.375,rpm,0.000,0.065299
2026-06-04T13:56:39.657,1.422,rpm,0.000,0.065299
2026-06-04T13:56:39.675,1.437,rpm,0.000,0.065299
2026-06-04T13:56:39.697,1.453,rpm,0.000,0.065299
2026-06-04T13:56:39.713,1.469,torque,0.000,0.065252
2026-06-04T13:56:39.735,1.500,rpm,0.000,0.065252
2026-06-04T13:56:39.754,1.516,rpm,0.000,0.065252
2026-06-04T13:56:39.775,1.531,rpm,0.000,0.065252
2026-06-04T13:56:39.793,1.547,rpm,0.000,0.065252
2026-06-04T13:56:39.793,1.547,torque,0.000,0.065184
2026-06-04T13:56:39.811,1.578,rpm,0.000,0.065184
2026-06-04T13:56:39.839,1.594,rpm,0.000,0.065184
2026-06-04T13:56:39.851,1.609,rpm,0.000,0.065184
2026-06-04T13:56:39.881,1.641,torque,0.000,0.065228
2026-06-04T13:56:39.882,1.641,rpm,0.000,0.065228
2026-06-04T13:56:39.911,1.672,rpm,0.000,0.065228
2026-06-04T13:56:39.941,1.703,rpm,0.000,0.065228
2026-06-04T13:56:39.950,1.703,rpm,0.000,0.065228
2026-06-04T13:56:39.971,1.734,torque,0.000,0.065297
2026-06-04T13:56:39.971,1.734,rpm,0.000,0.065297
2026-06-04T13:56:39.994,1.750,rpm,0.000,0.065297
2026-06-04T13:56:40.018,1.781,rpm,0.000,0.065297
2026-06-04T13:56:40.047,1.812,rpm,0.000,0.065297
2026-06-04T13:56:40.051,1.812,torque,0.000,0.065259
2026-06-04T13:56:40.066,1.828,rpm,0.000,0.065259
2026-06-04T13:56:40.096,1.859,rpm,0.000,0.065259
2026-06-04T13:56:40.113,1.875,rpm,0.000,0.065259
2026-06-04T13:56:40.133,1.891,rpm,0.000,0.065259
2026-06-04T13:56:40.136,1.891,torque,0.000,0.065198
2026-06-04T13:56:40.164,1.922,rpm,0.000,0.065198
2026-06-04T13:56:40.178,1.937,rpm,0.000,0.065198
2026-06-04T13:56:40.193,1.953,rpm,0.000,0.065198
2026-06-04T13:56:40.200,1.953,rpm,0.000,0.065198
2026-06-04T13:56:40.225,1.984,torque,0.000,0.065119
2026-06-04T13:56:40.232,1.984,rpm,0.000,0.065119
2026-06-04T13:56:40.269,2.031,rpm,0.000,0.065119
2026-06-04T13:56:40.276,2.031,rpm,0.000,0.065119
2026-06-04T13:56:40.292,2.047,rpm,0.000,0.065119
2026-06-04T13:56:40.318,2.078,torque,0.000,0.065147
2026-06-04T13:56:40.324,2.078,rpm,0.000,0.065147
2026-06-04T13:56:40.326,2.078,rpm,0.000,0.065147
2026-06-04T13:56:40.368,2.125,rpm,0.000,0.065147
2026-06-04T13:56:40.369,2.125,rpm,0.000,0.065147
2026-06-04T13:56:40.397,2.156,torque,0.000,0.065165
2026-06-04T13:56:40.434,2.187,rpm,0.000,0.065165
2026-06-04T13:56:40.463,2.219,rpm,0.000,0.065165
2026-06-04T13:56:40.478,2.234,rpm,0.000,0.065165
2026-06-04T13:56:40.496,2.250,torque,0.000,0.065270
2026-06-04T13:56:40.497,2.250,rpm,0.000,0.065270
2026-06-04T13:56:40.534,2.297,rpm,0.000,0.065270
2026-06-04T13:56:40.549,2.312,rpm,0.000,0.065270
2026-06-04T13:56:40.570,2.328,torque,0.000,0.065242
2026-06-04T13:56:40.575,2.328,rpm,0.000,0.065242
2026-06-04T13:56:40.604,2.359,rpm,0.000,0.065242
2026-06-04T13:56:40.609,2.375,rpm,0.000,0.065242
2026-06-04T13:56:40.632,2.391,rpm,0.000,0.065242
2026-06-04T13:56:40.656,2.422,rpm,0.000,0.065242
2026-06-04T13:56:40.656,2.422,torque,0.000,0.065117
2026-06-04T13:56:40.672,2.437,rpm,0.000,0.065117
2026-06-04T13:56:40.694,2.453,rpm,0.000,0.065117
2026-06-04T13:56:40.716,2.469,rpm,0.000,0.065117
2026-06-04T13:56:40.737,2.500,rpm,0.000,0.065117
2026-06-04T13:56:40.751,2.516,torque,0.000,0.065075
2026-06-04T13:56:40.752,2.516,rpm,0.000,0.065075
2026-06-04T13:56:40.777,2.531,rpm,0.000,0.065075
2026-06-04T13:56:40.784,2.547,rpm,0.000,0.065075
2026-06-04T13:56:40.810,2.562,rpm,0.000,0.065075
2026-06-04T13:56:40.833,2.594,torque,0.000,0.065152
2026-06-04T13:56:40.835,2.594,rpm,0.000,0.065152
2026-06-04T13:56:40.858,2.609,rpm,0.000,0.065152
2026-06-04T13:56:40.893,2.656,rpm,0.000,0.065152
2026-06-04T13:56:40.910,2.672,rpm,0.000,0.065152
2026-06-04T13:56:40.928,2.687,torque,0.000,0.065305
2026-06-04T13:56:40.941,2.703,rpm,0.000,0.065305
2026-06-04T13:56:40.951,2.703,rpm,0.000,0.065305
2026-06-04T13:56:40.980,2.734,rpm,0.000,0.065305
2026-06-04T13:56:40.996,2.750,rpm,0.000,0.065305
2026-06-04T13:56:41.011,2.766,torque,0.000,0.065210
2026-06-04T13:56:41.013,2.766,rpm,0.000,0.065210
2026-06-04T13:56:41.044,2.797,rpm,0.000,0.065210
2026-06-04T13:56:41.066,2.828,rpm,0.000,0.065210
2026-06-04T13:56:41.082,2.844,rpm,0.000,0.065210
2026-06-04T13:56:41.098,2.859,torque,0.000,0.065213
2026-06-04T13:56:41.105,2.859,rpm,0.000,0.065213
2026-06-04T13:56:41.127,2.891,rpm,0.000,0.065213
2026-06-04T13:56:41.142,2.906,rpm,0.000,0.065213
2026-06-04T13:56:41.152,2.906,rpm,0.000,0.065213
2026-06-04T13:56:41.173,2.937,rpm,0.000,0.065213
2026-06-04T13:56:41.176,2.937,torque,0.000,0.065209
2026-06-04T13:56:41.205,2.969,rpm,0.000,0.065209
2026-06-04T13:56:41.218,2.984,rpm,0.000,0.065209
2026-06-04T13:56:41.256,3.016,rpm,0.000,0.065209
2026-06-04T13:56:41.262,3.016,torque,0.000,0.065160
2026-06-04T13:56:41.291,3.047,rpm,0.000,0.065160
2026-06-04T13:56:41.316,3.078,rpm,0.000,0.065160
2026-06-04T13:56:41.317,3.078,rpm,0.000,0.065160
2026-06-04T13:56:41.331,3.094,rpm,0.000,0.065160
2026-06-04T13:56:41.347,3.109,torque,0.000,0.065201
2026-06-04T13:56:41.355,3.109,rpm,0.000,0.065201
2026-06-04T13:56:41.388,3.141,rpm,0.000,0.065201
2026-06-04T13:56:41.394,3.156,rpm,0.000,0.065201
2026-06-04T13:56:41.414,3.172,rpm,0.000,0.065201
2026-06-04T13:56:41.440,3.203,torque,0.000,0.065221
2026-06-04T13:56:41.441,3.203,rpm,0.000,0.065221
2026-06-04T13:56:41.492,3.250,rpm,0.000,0.065221
2026-06-04T13:56:41.520,3.281,rpm,0.000,0.065221
2026-06-04T13:56:41.520,3.281,torque,0.000,0.065170
2026-06-04T13:56:41.560,3.312,rpm,0.000,0.065170
2026-06-04T13:56:41.584,3.344,rpm,0.000,0.065170
2026-06-04T13:56:41.599,3.359,rpm,0.000,0.065170
2026-06-04T13:56:41.612,3.375,rpm,0.000,0.065170
2026-06-04T13:56:41.617,3.375,torque,0.000,0.065201
2026-06-04T13:56:41.646,3.406,rpm,0.000,0.065201
2026-06-04T13:56:41.664,3.422,rpm,0.000,0.065201
2026-06-04T13:56:41.680,3.437,rpm,0.000,0.065201
2026-06-04T13:56:41.696,3.453,rpm,0.000,0.065201
2026-06-04T13:56:41.696,3.453,torque,0.000,0.065184
2026-06-04T13:56:41.724,3.484,rpm,0.000,0.065184
2026-06-04T13:56:41.748,3.500,rpm,0.000,0.065184
2026-06-04T13:56:41.782,3.547,torque,0.000,0.065155
2026-06-04T13:56:41.811,3.562,rpm,0.000,0.065155
2026-06-04T13:56:41.816,3.578,rpm,0.000,0.065155
2026-06-04T13:56:41.827,3.578,rpm,0.000,0.065155
2026-06-04T13:56:41.855,3.609,rpm,0.000,0.065155
2026-06-04T13:56:41.871,3.625,torque,0.000,0.065217
2026-06-04T13:56:41.873,3.625,rpm,0.000,0.065217
2026-06-04T13:56:41.910,3.672,rpm,0.000,0.065217
2026-06-04T13:56:41.910,3.672,rpm,0.000,0.065217
2026-06-04T13:56:41.954,3.719,torque,0.000,0.065317
2026-06-04T13:56:41.987,3.750,rpm,0.000,0.065317
2026-06-04T13:56:41.999,3.766,rpm,0.000,0.065317
2026-06-04T13:56:42.016,3.781,rpm,0.000,0.065317
2026-06-04T13:56:42.028,3.781,rpm,0.000,0.065317
2026-06-04T13:56:42.047,3.812,torque,0.000,0.065291
2026-06-04T13:56:42.070,3.828,rpm,0.000,0.065291
2026-06-04T13:56:42.075,3.828,rpm,0.000,0.065291
2026-06-04T13:56:42.101,3.859,rpm,0.000,0.065291
2026-06-04T13:56:42.128,3.891,rpm,0.000,0.065291
2026-06-04T13:56:42.128,3.891,torque,0.000,0.065264
2026-06-04T13:56:42.138,3.891,rpm,0.000,0.065264
2026-06-04T13:56:42.174,3.937,rpm,0.000,0.065264
2026-06-04T13:56:42.185,3.937,rpm,0.000,0.065264
2026-06-04T13:56:42.200,3.953,rpm,0.000,0.065264
2026-06-04T13:56:42.215,3.969,torque,0.000,0.065226
2026-06-04T13:56:42.215,3.969,rpm,0.000,0.065226
2026-06-04T13:56:42.252,4.016,rpm,0.000,0.065226
2026-06-04T13:56:42.259,4.016,rpm,0.000,0.065226
2026-06-04T13:56:42.288,4.047,rpm,0.000,0.065226
2026-06-04T13:56:42.302,4.062,torque,0.000,0.065192
2026-06-04T13:56:42.310,4.062,rpm,0.000,0.065192
2026-06-04T13:56:42.353,4.109,rpm,0.000,0.065192
2026-06-04T13:56:42.359,4.125,rpm,0.000,0.065192
2026-06-04T13:56:42.368,4.125,rpm,0.000,0.065192
2026-06-04T13:56:42.383,4.141,torque,0.000,0.065155
2026-06-04T13:56:42.397,4.156,rpm,0.000,0.065155
2026-06-04T13:56:42.428,4.187,rpm,0.000,0.065155
2026-06-04T13:56:42.436,4.187,rpm,0.000,0.065155
2026-06-04T13:56:42.471,4.234,rpm,0.000,0.065155
2026-06-04T13:56:42.474,4.234,torque,0.000,0.065186
2026-06-04T13:56:42.500,4.266,rpm,0.000,0.065186
2026-06-04T13:56:42.514,4.266,rpm,0.000,0.065186
2026-06-04T13:56:42.538,4.297,rpm,0.000,0.065186
2026-06-04T13:56:42.560,4.312,rpm,0.000,0.065186
2026-06-04T13:56:42.562,4.328,torque,0.000,0.065186
2026-06-04T13:56:42.589,4.344,rpm,0.000,0.065186
2026-06-04T13:56:42.599,4.359,rpm,0.000,0.065186
2026-06-04T13:56:42.620,4.375,rpm,0.000,0.065186
2026-06-04T13:56:42.646,4.406,torque,0.000,0.065131
2026-06-04T13:56:42.678,4.437,rpm,0.000,0.065131
2026-06-04T13:56:42.704,4.469,rpm,0.000,0.065131
2026-06-04T13:56:42.720,4.484,rpm,0.000,0.065131
2026-06-04T13:56:42.732,4.484,torque,0.000,0.065143
2026-06-04T13:56:42.755,4.516,rpm,0.000,0.065143
2026-06-04T13:56:42.785,4.547,rpm,0.000,0.065143
2026-06-04T13:56:42.805,4.562,rpm,0.000,0.065143
2026-06-04T13:56:42.832,4.594,torque,0.000,0.065189
2026-06-04T13:56:42.832,4.594,rpm,375.000,0.065189
2026-06-04T13:56:42.868,4.625,rpm,655.000,0.065189
2026-06-04T13:56:42.882,4.641,rpm,732.000,0.065189
2026-06-04T13:56:42.890,4.656,rpm,1144.000,0.065189
2026-06-04T13:56:42.913,4.672,torque,1144.000,0.065730
2026-06-04T13:56:42.925,4.687,rpm,5564.000,0.065730
2026-06-04T13:56:42.940,4.703,rpm,6408.000,0.065730
2026-06-04T13:56:42.954,4.719,rpm,8824.000,0.065730
2026-06-04T13:56:42.984,4.750,rpm,9197.000,0.065730
2026-06-04T13:56:43.010,4.766,rpm,9844.000,0.065730
2026-06-04T13:56:43.010,4.766,torque,9844.000,0.088021
2026-06-04T13:56:43.025,4.781,rpm,10373.000,0.088021
2026-06-04T13:56:43.026,4.781,rpm,10607.000,0.088021
2026-06-04T13:56:43.082,4.844,rpm,10442.000,0.088021
2026-06-04T13:56:43.089,4.844,rpm,10611.000,0.088021
2026-06-04T13:56:43.089,4.844,rpm,10466.000,0.088021
2026-06-04T13:56:43.089,4.844,torque,10466.000,0.116828
2026-06-04T13:56:43.113,4.875,rpm,10672.000,0.116828
2026-06-04T13:56:43.143,4.906,rpm,10708.000,0.116828
2026-06-04T13:56:43.144,4.906,rpm,10630.000,0.116828
2026-06-04T13:56:43.177,4.937,torque,10630.000,0.165152
2026-06-04T13:56:43.206,4.969,rpm,10640.000,0.165152
2026-06-04T13:56:43.221,4.984,rpm,10587.000,0.165152
2026-06-04T13:56:43.222,4.984,rpm,10580.000,0.165152
2026-06-04T13:56:43.238,5.000,rpm,10411.000,0.165152
2026-06-04T13:56:43.260,5.016,torque,10411.000,0.198019
2026-06-04T13:56:43.287,5.047,rpm,10600.000,0.198019
2026-06-04T13:56:43.289,5.047,rpm,10587.000,0.198019
2026-06-04T13:56:43.306,5.062,rpm,10564.000,0.198019
2026-06-04T13:56:43.323,5.078,rpm,10590.000,0.198019
2026-06-04T13:56:43.342,5.094,torque,10590.000,0.192739
2026-06-04T13:56:43.342,5.094,rpm,10467.000,0.192739
2026-06-04T13:56:43.390,5.156,rpm,10493.000,0.192739
2026-06-04T13:56:43.401,5.156,rpm,10503.000,0.192739
2026-06-04T13:56:43.401,5.156,rpm,10532.000,0.192739
2026-06-04T13:56:43.434,5.187,rpm,10387.000,0.192739
2026-06-04T13:56:43.435,5.187,torque,10387.000,0.196144
2026-06-04T13:56:43.457,5.219,rpm,10413.000,0.196144
2026-06-04T13:56:43.482,5.234,rpm,10596.000,0.196144
2026-06-04T13:56:43.493,5.250,rpm,10634.000,0.196144
2026-06-04T13:56:43.515,5.281,torque,10634.000,0.191995
2026-06-04T13:56:43.524,5.281,rpm,10454.000,0.191995
2026-06-04T13:56:43.551,5.312,rpm,10304.000,0.191995
2026-06-04T13:56:43.572,5.328,rpm,10394.000,0.191995
2026-06-04T13:56:43.583,5.344,rpm,10350.000,0.191995
2026-06-04T13:56:43.610,5.375,torque,10350.000,0.190690
2026-06-04T13:56:43.610,5.375,rpm,10463.000,0.190690
2026-06-04T13:56:43.641,5.406,rpm,10481.000,0.190690
2026-06-04T13:56:43.651,5.406,rpm,10388.000,0.190690
2026-06-04T13:56:43.677,5.437,rpm,10407.000,0.190690
2026-06-04T13:56:43.684,5.437,torque,10407.000,0.190823
2026-06-04T13:56:43.712,5.469,rpm,10367.000,0.190823
2026-06-04T13:56:43.736,5.500,rpm,10276.000,0.190823
2026-06-04T13:56:43.745,5.500,rpm,10432.000,0.190823
2026-06-04T13:56:43.773,5.531,rpm,10187.000,0.190823
2026-06-04T13:56:43.774,5.531,torque,10187.000,0.197920
2026-06-04T13:56:43.779,5.531,rpm,10247.000,0.197920
2026-06-04T13:56:43.818,5.578,rpm,10254.000,0.197920
2026-06-04T13:56:43.824,5.578,rpm,10421.000,0.197920
2026-06-04T13:56:43.844,5.609,rpm,10162.000,0.197920
2026-06-04T13:56:43.853,5.609,rpm,10328.000,0.197920
2026-06-04T13:56:43.867,5.625,torque,10328.000,0.198526
2026-06-04T13:56:43.900,5.656,rpm,10223.000,0.198526
2026-06-04T13:56:43.900,5.656,rpm,10403.000,0.198526
2026-06-04T13:56:43.922,5.687,rpm,10194.000,0.198526
2026-06-04T13:56:43.933,5.687,rpm,10343.000,0.198526
2026-06-04T13:56:43.952,5.719,torque,10343.000,0.189146
2026-06-04T13:56:43.977,5.734,rpm,10242.000,0.189146
2026-06-04T13:56:43.980,5.734,rpm,10322.000,0.189146
2026-06-04T13:56:44.005,5.766,rpm,10117.000,0.189146
2026-06-04T13:56:44.017,5.781,rpm,10294.000,0.189146
2026-06-04T13:56:44.036,5.797,torque,10294.000,0.189136
2026-06-04T13:56:44.036,5.797,rpm,10303.000,0.189136
2026-06-04T13:56:44.068,5.828,rpm,10327.000,0.189136
2026-06-04T13:56:44.083,5.844,rpm,10182.000,0.189136
2026-06-04T13:56:44.107,5.859,rpm,10234.000,0.189136
2026-06-04T13:56:44.128,5.891,torque,10234.000,0.189605
2026-06-04T13:56:44.144,5.906,rpm,10249.000,0.189605
2026-06-04T13:56:44.154,5.906,rpm,10315.000,0.189605
2026-06-04T13:56:44.167,5.922,rpm,10080.000,0.189605
2026-06-04T13:56:44.187,5.953,rpm,10218.000,0.189605
2026-06-04T13:56:44.193,5.953,rpm,10175.000,0.189605
2026-06-04T13:56:44.210,5.969,torque,10175.000,0.181306
2026-06-04T13:56:44.236,6.000,rpm,10180.000,0.181306
2026-06-04T13:56:44.241,6.000,rpm,10097.000,0.181306
2026-06-04T13:56:44.259,6.016,rpm,10166.000,0.181306
2026-06-04T13:56:44.288,6.047,rpm,10264.000,0.181306
2026-06-04T13:56:44.290,6.047,torque,10264.000,0.173425
2026-06-04T13:56:44.309,6.062,rpm,10205.000,0.173425
2026-06-04T13:56:44.349,6.109,rpm,10174.000,0.173425
2026-06-04T13:56:44.370,6.125,rpm,10233.000,0.173425
2026-06-04T13:56:44.387,6.141,rpm,10217.000,0.173425
2026-06-04T13:56:44.388,6.141,torque,10217.000,0.184002
2026-06-04T13:56:44.407,6.172,rpm,10075.000,0.184002
2026-06-04T13:56:44.439,6.203,rpm,10138.000,0.184002
2026-06-04T13:56:44.449,6.203,rpm,10233.000,0.184002
2026-06-04T13:56:44.469,6.234,torque,10233.000,0.182128
2026-06-04T13:56:44.469,6.234,rpm,10243.000,0.182128
2026-06-04T13:56:44.504,6.266,rpm,10329.000,0.182128
2026-06-04T13:56:44.511,6.266,rpm,10160.000,0.182128
2026-06-04T13:56:44.543,6.297,rpm,10258.000,0.182128
2026-06-04T13:56:44.563,6.328,torque,10258.000,0.183097
2026-06-04T13:56:44.566,6.328,rpm,10252.000,0.183097
2026-06-04T13:56:44.596,6.359,rpm,10124.000,0.183097
2026-06-04T13:56:44.633,6.391,rpm,10037.000,0.183097
2026-06-04T13:56:44.637,6.391,torque,10037.000,0.186191
2026-06-04T13:56:44.672,6.437,rpm,10108.000,0.186191
2026-06-04T13:56:44.680,6.437,rpm,10222.000,0.186191
2026-06-04T13:56:44.712,6.469,rpm,10166.000,0.186191
2026-06-04T13:56:44.717,6.469,rpm,10093.000,0.186191
2026-06-04T13:56:44.722,6.484,torque,10093.000,0.187668
2026-06-04T13:56:44.763,6.516,rpm,10097.000,0.187668
2026-06-04T13:56:44.786,6.547,rpm,10125.000,0.187668
2026-06-04T13:56:44.797,6.562,rpm,10216.000,0.187668
2026-06-04T13:56:44.818,6.578,torque,10216.000,0.178903
2026-06-04T13:56:44.819,6.578,rpm,10136.000,0.178903
2026-06-04T13:56:44.853,6.609,rpm,10183.000,0.178903
2026-06-04T13:56:44.860,6.625,rpm,10130.000,0.178903
2026-06-04T13:56:44.886,6.641,rpm,10117.000,0.178903
2026-06-04T13:56:44.894,6.656,torque,10117.000,0.177018
2026-06-04T13:56:44.914,6.672,rpm,9919.000,0.177018
2026-06-04T13:56:44.929,6.687,rpm,10100.000,0.177018
2026-06-04T13:56:44.955,6.719,rpm,10032.000,0.177018
2026-06-04T13:56:44.977,6.734,rpm,10167.000,0.177018
2026-06-04T13:56:44.980,6.734,rpm,10165.000,0.177018
2026-06-04T13:56:44.996,6.750,torque,10165.000,0.182154
2026-06-04T13:56:45.025,6.781,rpm,10067.000,0.182154
2026-06-04T13:56:45.037,6.797,rpm,9967.000,0.182154
2026-06-04T13:56:45.047,6.812,rpm,10152.000,0.182154
2026-06-04T13:56:45.075,6.828,torque,10152.000,0.182392
2026-06-04T13:56:45.077,6.828,rpm,9896.000,0.182392
2026-06-04T13:56:45.086,6.844,rpm,10193.000,0.182392
2026-06-04T13:56:45.125,6.891,rpm,10082.000,0.182392
2026-06-04T13:56:45.125,6.891,rpm,10143.000,0.182392
2026-06-04T13:56:45.145,6.906,rpm,9967.000,0.182392
2026-06-04T13:56:45.152,6.906,torque,9967.000,0.178073
2026-06-04T13:56:45.157,6.922,rpm,10199.000,0.178073
2026-06-04T13:56:45.188,6.953,rpm,10145.000,0.178073
2026-06-04T13:56:45.223,6.984,rpm,9922.000,0.178073
2026-06-04T13:56:45.249,7.000,rpm,10173.000,0.178073
2026-06-04T13:56:45.249,7.000,torque,10173.000,0.182094
2026-06-04T13:56:45.284,7.047,rpm,10155.000,0.182094
2026-06-04T13:56:45.294,7.047,rpm,10088.000,0.182094
2026-06-04T13:56:45.318,7.078,rpm,10118.000,0.182094
2026-06-04T13:56:45.337,7.094,torque,10118.000,0.182970
2026-06-04T13:56:45.337,7.094,rpm,10197.000,0.182970
2026-06-04T13:56:45.358,7.109,rpm,10004.000,0.182970
2026-06-04T13:56:45.381,7.141,rpm,10093.000,0.182970
2026-06-04T13:56:45.400,7.156,rpm,10156.000,0.182970
2026-06-04T13:56:45.419,7.172,rpm,10124.000,0.182970
2026-06-04T13:56:45.420,7.172,torque,10124.000,0.185503
2026-06-04T13:56:45.441,7.203,rpm,10004.000,0.185503
2026-06-04T13:56:45.474,7.234,rpm,10104.000,0.185503
2026-06-04T13:56:45.486,7.250,rpm,9926.000,0.185503
2026-06-04T13:56:45.505,7.266,rpm,10093.000,0.185503
2026-06-04T13:56:45.506,7.266,torque,10093.000,0.186759
2026-06-04T13:56:45.514,7.266,rpm,10174.000,0.186759
2026-06-04T13:56:45.553,7.312,rpm,9938.000,0.186759
2026-06-04T13:56:45.561,7.312,rpm,10070.000,0.186759
2026-06-04T13:56:45.589,7.344,rpm,9996.000,0.186759
2026-06-04T13:56:45.598,7.359,torque,9996.000,0.181576
2026-06-04T13:56:45.598,7.359,rpm,10095.000,0.181576
2026-06-04T13:56:45.640,7.406,rpm,10155.000,0.181576
2026-06-04T13:56:45.650,7.406,rpm,10111.000,0.181576
2026-06-04T13:56:45.650,7.406,rpm,10038.000,0.181576
2026-06-04T13:56:45.681,7.437,rpm,10122.000,0.181576
2026-06-04T13:56:45.688,7.453,torque,10122.000,0.179356
2026-06-04T13:56:45.689,7.453,rpm,10120.000,0.179356
2026-06-04T13:56:45.712,7.469,rpm,9883.000,0.179356
2026-06-04T13:56:45.745,7.500,rpm,10110.000,0.179356
2026-06-04T13:56:45.765,7.531,rpm,10162.000,0.179356
2026-06-04T13:56:45.775,7.531,torque,10162.000,0.181320
2026-06-04T13:56:45.775,7.531,rpm,10031.000,0.181320
2026-06-04T13:56:45.800,7.562,rpm,9952.000,0.181320
2026-06-04T13:56:45.821,7.578,rpm,10061.000,0.181320
2026-06-04T13:56:45.849,7.609,rpm,10117.000,0.181320
2026-06-04T13:56:45.860,7.625,torque,10117.000,0.180133
2026-06-04T13:56:45.870,7.625,rpm,9963.000,0.180133
2026-06-04T13:56:45.912,7.672,rpm,10115.000,0.180133
2026-06-04T13:56:45.920,7.672,rpm,10119.000,0.180133
2026-06-04T13:56:45.943,7.703,rpm,10047.000,0.180133
2026-06-04T13:56:45.953,7.719,torque,10047.000,0.178748
2026-06-04T13:56:45.965,7.719,rpm,10194.000,0.178748
2026-06-04T13:56:45.984,7.750,rpm,10046.000,0.178748
2026-06-04T13:56:45.995,7.750,rpm,10160.000,0.178748
2026-06-04T13:56:46.014,7.766,rpm,10127.000,0.178748
2026-06-04T13:56:46.033,7.797,torque,10127.000,0.173917
2026-06-04T13:56:46.063,7.828,rpm,10013.000,0.173917
2026-06-04T13:56:46.075,7.828,rpm,9969.000,0.173917
2026-06-04T13:56:46.075,7.828,rpm,10083.000,0.173917
2026-06-04T13:56:46.105,7.859,rpm,10052.000,0.173917
2026-06-04T13:56:46.115,7.875,rpm,9942.000,0.173917
2026-06-04T13:56:46.115,7.875,torque,9942.000,0.171258
2026-06-04T13:56:46.162,7.922,rpm,10020.000,0.171258
2026-06-04T13:56:46.163,7.922,rpm,10125.000,0.171258
2026-06-04T13:56:46.177,7.937,rpm,10007.000,0.171258
2026-06-04T13:56:46.199,7.953,rpm,10137.000,0.171258
2026-06-04T13:56:46.199,7.953,torque,10137.000,0.170051
2026-06-04T13:56:46.230,7.984,rpm,9955.000,0.170051
2026-06-04T13:56:46.273,8.031,rpm,10185.000,0.170051
2026-06-04T13:56:46.280,8.031,torque,10185.000,0.163834
2026-06-04T13:56:46.307,8.062,rpm,9891.000,0.163834
2026-06-04T13:56:46.326,8.078,rpm,10121.000,0.163834
2026-06-04T13:56:46.339,8.094,rpm,10035.000,0.163834
2026-06-04T13:56:46.349,8.109,rpm,9993.000,0.163834
2026-06-04T13:56:46.381,8.141,rpm,10045.000,0.163834
2026-06-04T13:56:46.381,8.141,torque,10045.000,0.154891
2026-06-04T13:56:46.415,8.172,rpm,10081.000,0.154891
2026-06-04T13:56:46.434,8.187,rpm,10051.000,0.154891
2026-06-04T13:56:46.444,8.203,rpm,10078.000,0.154891
2026-06-04T13:56:46.463,8.219,torque,10078.000,0.152066
2026-06-04T13:56:46.464,8.219,rpm,9899.000,0.152066
2026-06-04T13:56:46.498,8.250,rpm,10115.000,0.152066
2026-06-04T13:56:46.515,8.281,rpm,9996.000,0.152066
2026-06-04T13:56:46.537,8.297,rpm,9937.000,0.152066
2026-06-04T13:56:46.556,8.312,torque,9937.000,0.159426
2026-06-04T13:56:46.556,8.312,rpm,10045.000,0.159426
2026-06-04T13:56:46.577,8.344,rpm,10007.000,0.159426
2026-06-04T13:56:46.606,8.359,rpm,10000.000,0.159426
2026-06-04T13:56:46.625,8.391,rpm,9995.000,0.159426
2026-06-04T13:56:46.647,8.406,torque,9995.000,0.166987
2026-06-04T13:56:46.648,8.406,rpm,10067.000,0.166987
2026-06-04T13:56:46.669,8.422,rpm,9918.000,0.166987
2026-06-04T13:56:46.694,8.453,rpm,10037.000,0.166987
2026-06-04T13:56:46.707,8.469,rpm,10062.000,0.166987
2026-06-04T13:56:46.718,8.469,torque,10062.000,0.173759
2026-06-04T13:56:46.718,8.469,rpm,10083.000,0.173759
2026-06-04T13:56:46.750,8.516,rpm,9829.000,0.173759
2026-06-04T13:56:46.768,8.531,rpm,10140.000,0.173759
2026-06-04T13:56:46.777,8.531,rpm,10018.000,0.173759
2026-06-04T13:56:46.809,8.562,torque,10018.000,0.179054
2026-06-04T13:56:46.818,8.578,rpm,10073.000,0.179054
2026-06-04T13:56:46.839,8.594,rpm,10094.000,0.179054
2026-06-04T13:56:46.859,8.625,rpm,10086.000,0.179054
2026-06-04T13:56:46.882,8.641,rpm,10159.000,0.179054
2026-06-04T13:56:46.895,8.656,rpm,10043.000,0.179054
2026-06-04T13:56:46.895,8.656,torque,10043.000,0.177696
2026-06-04T13:56:46.928,8.687,rpm,10034.000,0.177696
2026-06-04T13:56:46.943,8.703,rpm,10046.000,0.177696
2026-06-04T13:56:46.968,8.734,rpm,10003.000,0.177696
2026-06-04T13:56:46.973,8.734,torque,10003.000,0.176805
2026-06-04T13:56:46.973,8.734,rpm,10046.000,0.176805
2026-06-04T13:56:47.005,8.766,rpm,10052.000,0.176805
2026-06-04T13:56:47.025,8.781,rpm,9933.000,0.176805
2026-06-04T13:56:47.026,8.781,rpm,9936.000,0.176805
2026-06-04T13:56:47.058,8.812,rpm,10020.000,0.176805
2026-06-04T13:56:47.060,8.812,torque,10020.000,0.183102
2026-06-04T13:56:47.088,8.844,rpm,10034.000,0.183102
2026-06-04T13:56:47.106,8.859,rpm,9941.000,0.183102
2026-06-04T13:56:47.126,8.891,rpm,10037.000,0.183102
2026-06-04T13:56:47.135,8.891,rpm,10036.000,0.183102
2026-06-04T13:56:47.155,8.906,torque,10036.000,0.189314
2026-06-04T13:56:47.169,8.922,rpm,10104.000,0.189314
2026-06-04T13:56:47.187,8.953,rpm,10045.000,0.189314
2026-06-04T13:56:47.232,8.984,torque,10045.000,0.184432
2026-06-04T13:56:47.236,9.000,rpm,10117.000,0.184432
2026-06-04T13:56:47.244,9.000,rpm,9981.000,0.184432
2026-06-04T13:56:47.282,9.047,rpm,10067.000,0.184432
2026-06-04T13:56:47.303,9.062,rpm,9975.000,0.184432
2026-06-04T13:56:47.305,9.062,rpm,9899.000,0.184432
2026-06-04T13:56:47.330,9.094,torque,9899.000,0.175087
2026-06-04T13:56:47.343,9.094,rpm,10008.000,0.175087
2026-06-04T13:56:47.371,9.125,rpm,10092.000,0.175087
2026-06-04T13:56:47.394,9.156,rpm,10133.000,0.175087
2026-06-04T13:56:47.406,9.172,torque,10133.000,0.172572
2026-06-04T13:56:47.408,9.172,rpm,10016.000,0.172572
2026-06-04T13:56:47.431,9.187,rpm,10065.000,0.172572
2026-06-04T13:56:47.467,9.219,rpm,10088.000,0.172572
2026-06-04T13:56:47.470,9.234,rpm,10039.000,0.172572
2026-06-04T13:56:47.491,9.250,rpm,10013.000,0.172572
2026-06-04T13:56:47.493,9.250,torque,10013.000,0.168494
2026-06-04T13:56:47.515,9.281,rpm,10094.000,0.168494
2026-06-04T13:56:47.547,9.312,rpm,9951.000,0.168494
2026-06-04T13:56:47.560,9.312,rpm,10080.000,0.168494
2026-06-04T13:56:47.570,9.328,rpm,10006.000,0.168494
2026-06-04T13:56:47.592,9.344,torque,10006.000,0.172947
2026-06-04T13:56:47.612,9.375,rpm,10098.000,0.172947
2026-06-04T13:56:47.621,9.375,rpm,10083.000,0.172947
2026-06-04T13:56:47.636,9.391,rpm,9930.000,0.172947
2026-06-04T13:56:47.646,9.406,rpm,10027.000,0.172947
2026-06-04T13:56:47.665,9.422,torque,10027.000,0.175678
2026-06-04T13:56:47.685,9.437,rpm,10092.000,0.175678
2026-06-04T13:56:47.718,9.484,rpm,9998.000,0.175678
2026-06-04T13:56:47.729,9.484,rpm,10052.000,0.175678
2026-06-04T13:56:47.739,9.500,rpm,10001.000,0.175678
2026-06-04T13:56:47.758,9.516,torque,10001.000,0.176140
2026-06-04T13:56:47.758,9.516,rpm,10083.000,0.176140
2026-06-04T13:56:47.779,9.531,rpm,9997.000,0.176140
2026-06-04T13:56:47.808,9.562,rpm,10151.000,0.176140
2026-06-04T13:56:47.820,9.578,rpm,9992.000,0.176140
2026-06-04T13:56:47.839,9.594,rpm,10092.000,0.176140
2026-06-04T13:56:47.841,9.594,torque,10092.000,0.171962
2026-06-04T13:56:47.863,9.625,rpm,10088.000,0.171962
2026-06-04T13:56:47.885,9.641,rpm,10169.000,0.171962
2026-06-04T13:56:47.912,9.672,rpm,9980.000,0.171962
2026-06-04T13:56:47.924,9.687,rpm,10086.000,0.171962
2026-06-04T13:56:47.935,9.687,torque,10086.000,0.166102
2026-06-04T13:56:47.935,9.687,rpm,10117.000,0.166102
2026-06-04T13:56:47.973,9.734,rpm,10045.000,0.166102
2026-06-04T13:56:47.997,9.750,rpm,10023.000,0.166102
2026-06-04T13:56:48.008,9.766,rpm,10082.000,0.166102
2026-06-04T13:56:48.020,9.781,torque,10082.000,0.159473
2026-06-04T13:56:48.020,9.781,rpm,9956.000,0.159473
2026-06-04T13:56:48.041,9.797,rpm,9993.000,0.159473
2026-06-04T13:56:48.064,9.828,rpm,10008.000,0.159473
2026-06-04T13:56:48.082,9.844,rpm,10037.000,0.159473
2026-06-04T13:56:48.088,9.844,rpm,10024.000,0.159473
2026-06-04T13:56:48.113,9.875,torque,10024.000,0.156798
2026-06-04T13:56:48.134,9.891,rpm,10084.000,0.156798
2026-06-04T13:56:48.164,9.922,rpm,9969.000,0.156798
2026-06-04T13:56:48.194,9.953,torque,9969.000,0.159320
2026-06-04T13:56:48.195,9.953,rpm,10124.000,0.159320
2026-06-04T13:56:48.216,9.969,rpm,9985.000,0.159320
2026-06-04T13:56:48.253,10.016,rpm,10008.000,0.159320
2026-06-04T13:56:48.276,10.031,torque,10008.000,0.167813
2026-06-04T13:56:48.276,10.031,rpm,10130.000,0.167813
2026-06-04T13:56:48.304,10.062,rpm,9921.000,0.167813
2026-06-04T13:56:48.322,10.078,rpm,10078.000,0.167813
2026-06-04T13:56:48.340,10.094,rpm,10052.000,0.167813
2026-06-04T13:56:48.360,10.125,rpm,10087.000,0.167813
2026-06-04T13:56:48.361,10.125,torque,10087.000,0.167722
2026-06-04T13:56:48.384,10.141,rpm,9947.000,0.167722
2026-06-04T13:56:48.399,10.156,rpm,9916.000,0.167722
2026-06-04T13:56:48.419,10.172,rpm,9906.000,0.167722
2026-06-04T13:56:48.450,10.203,rpm,9971.000,0.167722
2026-06-04T13:56:48.451,10.203,torque,9971.000,0.171744
2026-06-04T13:56:48.457,10.219,rpm,9965.000,0.171744
2026-06-04T13:56:48.480,10.234,rpm,10129.000,0.171744
2026-06-04T13:56:48.503,10.266,rpm,10054.000,0.171744
2026-06-04T13:56:48.530,10.297,torque,10054.000,0.172124
2026-06-04T13:56:48.534,10.297,rpm,10030.000,0.172124
2026-06-04T13:56:48.558,10.312,rpm,10152.000,0.172124
2026-06-04T13:56:48.587,10.344,rpm,10014.000,0.172124
2026-06-04T13:56:48.596,10.359,rpm,9998.000,0.172124
2026-06-04T13:56:48.617,10.375,rpm,9970.000,0.172124
2026-06-04T13:56:48.617,10.375,torque,9970.000,0.170879
2026-06-04T13:56:48.642,10.406,rpm,10084.000,0.170879
2026-06-04T13:56:48.662,10.422,rpm,10121.000,0.170879
2026-06-04T13:56:48.683,10.437,rpm,10026.000,0.170879
2026-06-04T13:56:48.706,10.469,rpm,9858.000,0.170879
2026-06-04T13:56:48.706,10.469,torque,9858.000,0.171833
2026-06-04T13:56:48.708,10.469,rpm,9947.000,0.171833
2026-06-04T13:56:48.754,10.516,rpm,10047.000,0.171833
2026-06-04T13:56:48.763,10.516,rpm,10088.000,0.171833
2026-06-04T13:56:48.770,10.531,rpm,10119.000,0.171833
2026-06-04T13:56:48.792,10.547,torque,10119.000,0.173813
2026-06-04T13:56:48.792,10.547,rpm,10145.000,0.173813
2026-06-04T13:56:48.827,10.578,rpm,9936.000,0.173813
2026-06-04T13:56:48.837,10.594,rpm,10151.000,0.173813
2026-06-04T13:56:48.866,10.625,rpm,9979.000,0.173813
2026-06-04T13:56:48.877,10.641,torque,9979.000,0.173015
2026-06-04T13:56:48.898,10.656,rpm,10001.000,0.173015
2026-06-04T13:56:48.919,10.672,rpm,10109.000,0.173015
2026-06-04T13:56:48.949,10.703,rpm,9914.000,0.173015
2026-06-04T13:56:48.958,10.719,rpm,10066.000,0.173015
2026-06-04T13:56:48.978,10.734,torque,10066.000,0.170832
2026-06-04T13:56:48.979,10.734,rpm,9985.000,0.170832
2026-06-04T13:56:49.006,10.766,rpm,10056.000,0.170832
2026-06-04T13:56:49.026,10.781,rpm,9831.000,0.170832
2026-06-04T13:56:49.045,10.797,rpm,10063.000,0.170832
2026-06-04T13:56:49.059,10.812,torque,10063.000,0.172984
2026-06-04T13:56:49.069,10.828,rpm,9834.000,0.172984
2026-06-04T13:56:49.088,10.844,rpm,10038.000,0.172984
2026-06-04T13:56:49.103,10.859,rpm,10010.000,0.172984
2026-06-04T13:56:49.123,10.875,rpm,10051.000,0.172984
2026-06-04T13:56:49.135,10.891,torque,10051.000,0.178882
2026-06-04T13:56:49.139,10.891,rpm,9903.000,0.178882
2026-06-04T13:56:49.188,10.953,rpm,10067.000,0.178882
2026-06-04T13:56:49.198,10.953,rpm,10103.000,0.178882
2026-06-04T13:56:49.222,10.984,rpm,10043.000,0.178882
2026-06-04T13:56:49.223,10.984,torque,10043.000,0.179580
2026-06-04T13:56:49.247,11.000,rpm,10064.000,0.179580
2026-06-04T13:56:49.268,11.031,rpm,9956.000,0.179580
2026-06-04T13:56:49.288,11.047,rpm,9993.000,0.179580
2026-06-04T13:56:49.312,11.078,rpm,9806.000,0.179580
2026-06-04T13:56:49.313,11.078,torque,9806.000,0.176113
2026-06-04T13:56:49.313,11.078,rpm,10073.000,0.176113
2026-06-04T13:56:49.355,11.109,rpm,10046.000,0.176113
2026-06-04T13:56:49.356,11.109,rpm,10110.000,0.176113
2026-06-04T13:56:49.381,11.141,rpm,9801.000,0.176113
2026-06-04T13:56:49.390,11.156,rpm,10127.000,0.176113
2026-06-04T13:56:49.411,11.172,torque,10127.000,0.175878
2026-06-04T13:56:49.425,11.187,rpm,9984.000,0.175878
2026-06-04T13:56:49.469,11.234,rpm,9960.000,0.175878
2026-06-04T13:56:49.492,11.250,torque,9960.000,0.176578
2026-06-04T13:56:49.492,11.250,rpm,10019.000,0.176578
2026-06-04T13:56:49.533,11.297,rpm,9915.000,0.176578
2026-06-04T13:56:49.533,11.297,rpm,9995.000,0.176578
2026-06-04T13:56:49.561,11.312,rpm,10095.000,0.176578
2026-06-04T13:56:49.585,11.344,torque,10095.000,0.168274
2026-06-04T13:56:49.585,11.344,rpm,9968.000,0.168274
2026-06-04T13:56:49.631,11.391,rpm,9855.000,0.168274
2026-06-04T13:56:49.649,11.406,rpm,10109.000,0.168274
2026-06-04T13:56:49.659,11.422,torque,10109.000,0.159493
2026-06-04T13:56:49.659,11.422,rpm,9968.000,0.159493
2026-06-04T13:56:49.685,11.437,rpm,10037.000,0.159493
2026-06-04T13:56:49.710,11.469,rpm,10001.000,0.159493
2026-06-04T13:56:49.740,11.500,rpm,10007.000,0.159493
2026-06-04T13:56:49.741,11.500,torque,10007.000,0.166622
2026-06-04T13:56:49.741,11.500,rpm,9824.000,0.166622
2026-06-04T13:56:49.768,11.531,rpm,10095.000,0.166622
2026-06-04T13:56:49.797,11.562,rpm,9843.000,0.166622
2026-06-04T13:56:49.812,11.578,rpm,10085.000,0.166622
2026-06-04T13:56:49.836,11.594,torque,10085.000,0.167072
2026-06-04T13:56:49.859,11.625,rpm,2303.000,0.167072
2026-06-04T13:56:49.859,11.625,rpm,1973.000,0.167072
2026-06-04T13:56:49.881,11.641,rpm,578.000,0.167072
2026-06-04T13:56:49.906,11.672,rpm,581.000,0.167072
2026-06-04T13:56:49.907,11.672,rpm,518.000,0.167072
2026-06-04T13:56:49.916,11.672,torque,518.000,0.162898
2026-06-04T13:56:49.937,11.703,rpm,-270.000,0.162898
2026-06-04T13:56:49.963,11.719,rpm,-184.000,0.162898
2026-06-04T13:56:49.990,11.750,rpm,-184.000,0.162898
2026-06-04T13:56:50.012,11.766,torque,-184.000,0.067166
2026-06-04T13:56:50.014,11.766,rpm,-183.000,0.067166
2026-06-04T13:56:50.018,11.781,rpm,-167.000,0.067166
2026-06-04T13:56:50.058,11.812,rpm,-106.000,0.067166
2026-06-04T13:56:50.059,11.812,rpm,-106.000,0.067166
2026-06-04T13:56:50.086,11.844,rpm,-75.000,0.067166
2026-06-04T13:56:50.088,11.844,torque,-75.000,0.031897
2026-06-04T13:56:50.111,11.875,rpm,-70.000,0.031897
2026-06-04T13:56:50.133,11.891,rpm,-58.000,0.031897
2026-06-04T13:56:50.155,11.922,rpm,-51.000,0.031897
2026-06-04T13:56:50.168,11.922,rpm,-48.000,0.031897
2026-06-04T13:56:50.179,11.937,rpm,-45.000,0.031897
2026-06-04T13:56:50.180,11.937,torque,-45.000,0.006550
2026-06-04T13:56:50.206,11.969,rpm,-38.000,0.006550
2026-06-04T13:56:50.234,12.000,rpm,-37.000,0.006550
2026-06-04T13:56:50.258,12.016,rpm,-33.000,0.006550
2026-06-04T13:56:50.270,12.031,torque,-33.000,0.025012
2026-06-04T13:56:50.270,12.031,rpm,-30.000,0.025012
2026-06-04T13:56:50.286,12.047,rpm,-30.000,0.025012
2026-06-04T13:56:50.308,12.062,rpm,-28.000,0.025012
2026-06-04T13:56:50.324,12.078,rpm,-26.000,0.025012
2026-06-04T13:56:50.359,12.125,rpm,-24.000,0.025012
2026-06-04T13:56:50.359,12.125,torque,-24.000,0.034143
2026-06-04T13:56:50.372,12.125,rpm,-23.000,0.034143
2026-06-04T13:56:50.404,12.156,rpm,-22.000,0.034143
2026-06-04T13:56:50.417,12.172,rpm,-21.000,0.034143
2026-06-04T13:56:50.429,12.187,rpm,-20.000,0.034143
2026-06-04T13:56:50.453,12.219,torque,-20.000,0.042034
2026-06-04T13:56:50.453,12.219,rpm,-19.000,0.042034
2026-06-04T13:56:50.454,12.219,rpm,-19.000,0.042034
2026-06-04T13:56:50.508,12.266,rpm,-17.000,0.042034
2026-06-04T13:56:50.521,12.281,rpm,-17.000,0.042034
2026-06-04T13:56:50.531,12.297,torque,-17.000,0.047355
2026-06-04T13:56:50.532,12.297,rpm,-16.000,0.047355
2026-06-04T13:56:50.586,12.344,rpm,-15.000,0.047355
2026-06-04T13:56:50.588,12.344,rpm,-15.000,0.047355
2026-06-04T13:56:50.620,12.375,rpm,-14.000,0.047355
2026-06-04T13:56:50.620,12.375,torque,-14.000,0.050044
2026-06-04T13:56:50.620,12.375,rpm,-14.000,0.050044
2026-06-04T13:56:50.655,12.406,rpm,-13.000,0.050044
2026-06-04T13:56:50.665,12.422,rpm,-13.000,0.050044
2026-06-04T13:56:50.689,12.453,rpm,-13.000,0.050044
2026-06-04T13:56:50.712,12.469,rpm,-12.000,0.050044
2026-06-04T13:56:50.712,12.469,torque,-12.000,0.051503
2026-06-04T13:56:50.717,12.469,rpm,-12.000,0.051503
2026-06-04T13:56:50.765,12.531,rpm,-12.000,0.051503
2026-06-04T13:56:50.789,12.547,torque,-12.000,0.052508
2026-06-04T13:56:50.813,12.578,rpm,-11.000,0.052508
2026-06-04T13:56:50.815,12.578,rpm,-11.000,0.052508
2026-06-04T13:56:50.840,12.594,rpm,-10.000,0.052508
2026-06-04T13:56:50.869,12.625,torque,-10.000,0.053261
2026-06-04T13:56:50.871,12.625,rpm,-10.000,0.053261
2026-06-04T13:56:50.896,12.656,rpm,-10.000,0.053261
2026-06-04T13:56:50.917,12.672,rpm,-10.000,0.053261
2026-06-04T13:56:50.929,12.687,rpm,-9.000,0.053261
2026-06-04T13:56:50.962,12.719,torque,-9.000,0.053726
2026-06-04T13:56:50.962,12.719,rpm,-9.000,0.053726
2026-06-04T13:56:50.985,12.750,rpm,-9.000,0.053726
2026-06-04T13:56:51.020,12.781,rpm,-9.000,0.053726
2026-06-04T13:56:51.031,12.797,rpm,-8.000,0.053726
2026-06-04T13:56:51.052,12.812,torque,-8.000,0.054474
2026-06-04T13:56:51.064,12.828,rpm,-8.000,0.054474
2026-06-04T13:56:51.076,12.828,rpm,-8.000,0.054474
2026-06-04T13:56:51.097,12.859,rpm,-8.000,0.054474
2026-06-04T13:56:51.113,12.875,rpm,-8.000,0.054474
2026-06-04T13:56:51.134,12.891,torque,-8.000,0.054739
2026-06-04T13:56:51.134,12.891,rpm,-8.000,0.054739
2026-06-04T13:56:51.160,12.922,rpm,-7.000,0.054739
2026-06-04T13:56:51.179,12.937,rpm,-7.000,0.054739
2026-06-04T13:56:51.201,12.953,rpm,-7.000,0.054739
2026-06-04T13:56:51.211,12.969,rpm,-7.000,0.054739
2026-06-04T13:56:51.212,12.969,torque,-7.000,0.054936
2026-06-04T13:56:51.246,13.000,rpm,-7.000,0.054936
2026-06-04T13:56:51.255,13.016,rpm,-7.000,0.054936
2026-06-04T13:56:51.263,13.016,rpm,-7.000,0.054936
2026-06-04T13:56:51.306,13.062,rpm,-7.000,0.054936
2026-06-04T13:56:51.308,13.062,torque,-7.000,0.055118
2026-06-04T13:56:51.308,13.062,rpm,-7.000,0.055118
2026-06-04T13:56:51.348,13.109,rpm,-6.000,0.055118
2026-06-04T13:56:51.357,13.109,rpm,-6.000,0.055118
2026-06-04T13:56:51.378,13.141,rpm,-6.000,0.055118
2026-06-04T13:56:51.386,13.141,torque,-6.000,0.055304
2026-06-04T13:56:51.387,13.141,rpm,-6.000,0.055304
2026-06-04T13:56:51.430,13.187,rpm,-6.000,0.055304
2026-06-04T13:56:51.463,13.219,rpm,-6.000,0.055304
2026-06-04T13:56:51.474,13.234,torque,-6.000,0.055640
2026-06-04T13:56:51.497,13.250,rpm,-6.000,0.055640
2026-06-04T13:56:51.523,13.281,rpm,-6.000,0.055640
2026-06-04T13:56:51.534,13.297,rpm,-6.000,0.055640
2026-06-04T13:56:51.560,13.312,torque,-6.000,0.055856
2026-06-04T13:56:51.560,13.312,rpm,-5.000,0.055856
2026-06-04T13:56:51.584,13.344,rpm,-5.000,0.055856
2026-06-04T13:56:51.610,13.375,rpm,-5.000,0.055856
2026-06-04T13:56:51.619,13.375,rpm,-5.000,0.055856
2026-06-04T13:56:51.620,13.375,rpm,-5.000,0.055856
2026-06-04T13:56:51.663,13.422,torque,-5.000,0.056049
2026-06-04T13:56:51.663,13.422,rpm,-5.000,0.056049
2026-06-04T13:56:51.689,13.453,rpm,-5.000,0.056049
2026-06-04T13:56:51.690,13.453,rpm,-5.000,0.056049
2026-06-04T13:56:51.718,13.484,rpm,-5.000,0.056049
2026-06-04T13:56:51.740,13.500,torque,-5.000,0.056173
2026-06-04T13:56:51.760,13.516,rpm,-5.000,0.056173
2026-06-04T13:56:51.790,13.547,rpm,-5.000,0.056173
2026-06-04T13:56:51.817,13.578,torque,-5.000,0.056216
2026-06-04T13:56:51.837,13.594,rpm,-5.000,0.056216
2026-06-04T13:56:51.861,13.625,rpm,-5.000,0.056216
2026-06-04T13:56:51.886,13.641,rpm,-4.000,0.056216
2026-06-04T13:56:51.894,13.656,rpm,-4.000,0.056216
2026-06-04T13:56:51.916,13.672,torque,-4.000,0.056376
2026-06-04T13:56:51.916,13.672,rpm,-4.000,0.056376
2026-06-04T13:56:51.935,13.687,rpm,-4.000,0.056376
2026-06-04T13:56:51.962,13.719,rpm,-4.000,0.056376
2026-06-04T13:56:51.973,13.734,rpm,-4.000,0.056376
2026-06-04T13:56:51.994,13.750,rpm,-4.000,0.056376
2026-06-04T13:56:51.995,13.750,torque,-4.000,0.056564
2026-06-04T13:56:52.019,13.781,rpm,-4.000,0.056564
2026-06-04T13:56:52.037,13.797,rpm,-4.000,0.056564
2026-06-04T13:56:52.060,13.812,rpm,-4.000,0.056564
2026-06-04T13:56:52.065,13.828,rpm,-4.000,0.056564
2026-06-04T13:56:52.088,13.844,torque,-4.000,0.056628
2026-06-04T13:56:52.089,13.844,rpm,-4.000,0.056628
2026-06-04T13:56:52.124,13.875,rpm,-4.000,0.056628
2026-06-04T13:56:52.156,13.922,rpm,-4.000,0.056628
2026-06-04T13:56:52.159,13.922,rpm,-4.000,0.056628
2026-06-04T13:56:52.183,13.937,torque,-4.000,0.056870
2026-06-04T13:56:52.184,13.937,rpm,-4.000,0.056870
2026-06-04T13:56:52.229,13.984,rpm,-4.000,0.056870
2026-06-04T13:56:52.229,13.984,rpm,-4.000,0.056870
2026-06-04T13:56:52.255,14.016,rpm,-4.000,0.056870
2026-06-04T13:56:52.263,14.016,torque,-4.000,0.057110
2026-06-04T13:56:52.286,14.047,rpm,-4.000,0.057110
2026-06-04T13:56:52.304,14.062,rpm,-4.000,0.057110
2026-06-04T13:56:52.329,14.094,rpm,-4.000,0.057110
2026-06-04T13:56:52.341,14.094,rpm,-4.000,0.057110
2026-06-04T13:56:52.342,14.094,torque,-4.000,0.057202
2026-06-04T13:56:52.356,14.109,rpm,-3.000,0.057202
2026-06-04T13:56:52.396,14.156,rpm,-3.000,0.057202
2026-06-04T13:56:52.407,14.172,rpm,-3.000,0.057202
2026-06-04T13:56:52.408,14.172,rpm,-3.000,0.057202
2026-06-04T13:56:52.433,14.187,torque,-3.000,0.057333
2026-06-04T13:56:52.444,14.203,rpm,-3.000,0.057333
2026-06-04T13:56:52.449,14.203,rpm,-3.000,0.057333
2026-06-04T13:56:52.481,14.234,rpm,-3.000,0.057333
2026-06-04T13:56:52.492,14.250,rpm,-3.000,0.057333
2026-06-04T13:56:52.527,14.281,rpm,-3.000,0.057333
2026-06-04T13:56:52.528,14.281,torque,-3.000,0.057361
2026-06-04T13:56:52.530,14.281,rpm,-3.000,0.057361
2026-06-04T13:56:52.569,14.328,rpm,-3.000,0.057361
2026-06-04T13:56:52.575,14.328,rpm,-3.000,0.057361
2026-06-04T13:56:52.599,14.359,torque,-3.000,0.057478
2026-06-04T13:56:52.599,14.359,rpm,-3.000,0.057478
2026-06-04T13:56:52.620,14.375,rpm,-3.000,0.057478
2026-06-04T13:56:52.642,14.406,rpm,-3.000,0.057478
2026-06-04T13:56:52.666,14.422,rpm,-3.000,0.057478
2026-06-04T13:56:52.676,14.437,rpm,-3.000,0.057478
2026-06-04T13:56:52.699,14.453,torque,-3.000,0.057631
2026-06-04T13:56:52.700,14.453,rpm,-3.000,0.057631
2026-06-04T13:56:52.726,14.484,rpm,-3.000,0.057631
2026-06-04T13:56:52.755,14.516,rpm,-3.000,0.057631
2026-06-04T13:56:52.768,14.531,rpm,-3.000,0.057631
2026-06-04T13:56:52.781,14.547,torque,-3.000,0.057653
2026-06-04T13:56:52.781,14.547,rpm,-3.000,0.057653
2026-06-04T13:56:52.805,14.562,rpm,-3.000,0.057653
2026-06-04T13:56:52.835,14.594,rpm,-3.000,0.057653
2026-06-04T13:56:52.835,14.594,rpm,-3.000,0.057653
2026-06-04T13:56:52.869,14.625,torque,-3.000,0.057714
2026-06-04T13:56:52.869,14.625,rpm,-3.000,0.057714
2026-06-04T13:56:52.889,14.641,rpm,-3.000,0.057714
2026-06-04T13:56:52.913,14.672,rpm,-3.000,0.057714
2026-06-04T13:56:52.948,14.703,rpm,-3.000,0.057714
2026-06-04T13:56:52.948,14.703,torque,-3.000,0.057994
2026-06-04T13:56:52.948,14.703,rpm,-3.000,0.057994
2026-06-04T13:56:52.985,14.750,rpm,-3.000,0.057994
2026-06-04T13:56:52.995,14.750,rpm,-3.000,0.057994
2026-06-04T13:56:53.028,14.781,rpm,-3.000,0.057994
2026-06-04T13:56:53.039,14.797,torque,-3.000,0.058148
2026-06-04T13:56:53.039,14.797,rpm,-3.000,0.058148
2026-06-04T13:56:53.063,14.828,rpm,-3.000,0.058148
2026-06-04T13:56:53.101,14.859,rpm,-3.000,0.058148
2026-06-04T13:56:53.103,14.859,rpm,-3.000,0.058148
2026-06-04T13:56:53.125,14.891,torque,-3.000,0.058289
2026-06-04T13:56:53.125,14.891,rpm,-3.000,0.058289
2026-06-04T13:56:53.146,14.906,rpm,-3.000,0.058289
2026-06-04T13:56:53.164,14.922,rpm,-2.000,0.058289
2026-06-04T13:56:53.177,14.937,rpm,-2.000,0.058289
2026-06-04T13:56:53.201,14.953,rpm,-2.000,0.058289
2026-06-04T13:56:53.202,14.969,torque,-2.000,0.058360
2026-06-04T13:56:53.226,14.984,rpm,-2.000,0.058360
2026-06-04T13:56:53.258,15.016,rpm,-2.000,0.058360
2026-06-04T13:56:53.268,15.031,rpm,-2.000,0.058360
2026-06-04T13:56:53.269,15.031,rpm,-2.000,0.058360
2026-06-04T13:56:53.293,15.047,torque,-2.000,0.058394
2026-06-04T13:56:53.325,15.078,rpm,-2.000,0.058394
2026-06-04T13:56:53.335,15.094,rpm,-2.000,0.058394
2026-06-04T13:56:53.366,15.125,rpm,-2.000,0.058394
2026-06-04T13:56:53.392,15.156,torque,-2.000,0.058492
2026-06-04T13:56:53.393,15.156,rpm,-2.000,0.058492
2026-06-04T13:56:53.393,15.156,rpm,-2.000,0.058492
2026-06-04T13:56:53.435,15.187,rpm,-2.000,0.058492
2026-06-04T13:56:53.463,15.219,rpm,-2.000,0.058492
2026-06-04T13:56:53.467,15.219,torque,-2.000,0.058610
2026-06-04T13:56:53.467,15.219,rpm,-2.000,0.058610
2026-06-04T13:56:53.515,15.281,rpm,-2.000,0.058610
2026-06-04T13:56:53.515,15.281,rpm,-2.000,0.058610
2026-06-04T13:56:53.546,15.297,rpm,-2.000,0.058610
2026-06-04T13:56:53.570,15.328,torque,-2.000,0.058749
2026-06-04T13:56:53.570,15.328,rpm,-2.000,0.058749
2026-06-04T13:56:53.597,15.359,rpm,-2.000,0.058749
2026-06-04T13:56:53.615,15.375,rpm,-2.000,0.058749
2026-06-04T13:56:53.642,15.406,torque,-2.000,0.058906
2026-06-04T13:56:53.642,15.406,rpm,-2.000,0.058906
2026-06-04T13:56:53.676,15.437,rpm,-2.000,0.058906
2026-06-04T13:56:53.707,15.469,rpm,-2.000,0.058906
2026-06-04T13:56:53.708,15.469,rpm,-2.000,0.058906
2026-06-04T13:56:53.733,15.484,torque,-2.000,0.058905
2026-06-04T13:56:53.734,15.500,rpm,-2.000,0.058905
2026-06-04T13:56:53.794,15.547,rpm,-2.000,0.058905
2026-06-04T13:56:53.820,15.578,torque,-2.000,0.058979
2026-06-04T13:56:53.833,15.594,rpm,-2.000,0.058979
2026-06-04T13:56:53.842,15.594,rpm,-2.000,0.058979
2026-06-04T13:56:53.880,15.641,rpm,-2.000,0.058979
2026-06-04T13:56:53.891,15.656,rpm,-2.000,0.058979
2026-06-04T13:56:53.914,15.672,torque,-2.000,0.059044
2026-06-04T13:56:53.960,15.719,rpm,-2.000,0.059044
2026-06-04T13:56:53.961,15.719,rpm,-2.000,0.059044
2026-06-04T13:56:53.986,15.750,torque,-2.000,0.059023
2026-06-04T13:56:53.987,15.750,rpm,-2.000,0.059023
2026-06-04T13:56:53.991,15.750,rpm,-2.000,0.059023
2026-06-04T13:56:54.030,15.781,rpm,-2.000,0.059023
2026-06-04T13:56:54.039,15.797,rpm,-2.000,0.059023
2026-06-04T13:56:54.072,15.828,rpm,-2.000,0.059023
2026-06-04T13:56:54.084,15.844,torque,-2.000,0.059144
2026-06-04T13:56:54.098,15.859,rpm,-2.000,0.059144
2026-06-04T13:56:54.120,15.875,rpm,-2.000,0.059144
2026-06-04T13:56:54.143,15.906,rpm,-2.000,0.059144
2026-06-04T13:56:54.156,15.922,rpm,-2.000,0.059144
2026-06-04T13:56:54.168,15.922,torque,-2.000,0.059160
2026-06-04T13:56:54.168,15.922,rpm,-2.000,0.059160
2026-06-04T13:56:54.182,15.937,rpm,-2.000,0.059160
2026-06-04T13:56:54.225,15.984,rpm,-2.000,0.059160
2026-06-04T13:56:54.239,16.000,rpm,-2.000,0.059160
2026-06-04T13:56:54.249,16.016,rpm,-2.000,0.059160
2026-06-04T13:56:54.251,16.016,torque,-2.000,0.059268
2026-06-04T13:56:54.266,16.031,rpm,-2.000,0.059268
2026-06-04T13:56:54.289,16.047,rpm,-2.000,0.059268
2026-06-04T13:56:54.321,16.078,rpm,-2.000,0.059268
2026-06-04T13:56:54.332,16.094,rpm,-2.000,0.059268
2026-06-04T13:56:54.333,16.094,torque,-2.000,0.059460
2026-06-04T13:56:54.358,16.125,rpm,-2.000,0.059460
2026-06-04T13:56:54.372,16.125,rpm,-2.000,0.059460
2026-06-04T13:56:54.394,16.156,rpm,-2.000,0.059460
2026-06-04T13:56:54.403,16.156,rpm,-2.000,0.059460
2026-06-04T13:56:54.425,16.187,torque,-2.000,0.059566
2026-06-04T13:56:54.426,16.187,rpm,-2.000,0.059566
2026-06-04T13:56:54.449,16.203,rpm,-2.000,0.059566
2026-06-04T13:56:54.482,16.234,rpm,-2.000,0.059566
2026-06-04T13:56:54.505,16.266,rpm,-2.000,0.059566
2026-06-04T13:56:54.514,16.266,torque,-2.000,0.059441
2026-06-04T13:56:54.514,16.266,rpm,-2.000,0.059441
2026-06-04T13:56:54.516,16.281,rpm,-2.000,0.059441
2026-06-04T13:56:54.559,16.312,rpm,-2.000,0.059441
2026-06-04T13:56:54.569,16.328,rpm,-2.000,0.059441
2026-06-04T13:56:54.590,16.344,torque,-2.000,0.059635
2026-06-04T13:56:54.636,16.391,rpm,-2.000,0.059635
2026-06-04T13:56:54.673,16.437,rpm,-2.000,0.059635
2026-06-04T13:56:54.675,16.437,torque,-2.000,0.059596
2026-06-04T13:56:54.707,16.469,rpm,-2.000,0.059596
2026-06-04T13:56:54.759,16.516,rpm,-1.000,0.059596
2026-06-04T13:56:54.761,16.516,torque,-1.000,0.059646
2026-06-04T13:56:54.788,16.547,rpm,-1.000,0.059646
2026-06-04T13:56:54.806,16.562,rpm,-1.000,0.059646
2026-06-04T13:56:54.825,16.578,rpm,-1.000,0.059646
2026-06-04T13:56:54.852,16.609,rpm,-1.000,0.059646
2026-06-04T13:56:54.853,16.609,torque,-1.000,0.059766
2026-06-04T13:56:54.855,16.609,rpm,-1.000,0.059766
2026-06-04T13:56:54.899,16.656,rpm,-1.000,0.059766
2026-06-04T13:56:54.901,16.656,rpm,-1.000,0.059766
2026-06-04T13:56:54.931,16.687,rpm,-1.000,0.059766
2026-06-04T13:56:54.933,16.687,torque,-1.000,0.059807
2026-06-04T13:56:54.939,16.703,rpm,-1.000,0.059807
2026-06-04T13:56:54.965,16.719,rpm,-1.000,0.059807
2026-06-04T13:56:54.984,16.750,rpm,-1.000,0.059807
2026-06-04T13:56:55.004,16.766,rpm,-1.000,0.059807
2026-06-04T13:56:55.026,16.781,torque,-1.000,0.059886
2026-06-04T13:56:55.026,16.781,rpm,-1.000,0.059886
2026-06-04T13:56:55.064,16.828,rpm,-1.000,0.059886
2026-06-04T13:56:55.077,16.828,rpm,-1.000,0.059886
2026-06-04T13:56:55.085,16.844,rpm,-1.000,0.059886
2026-06-04T13:56:55.113,16.875,rpm,-1.000,0.059886
2026-06-04T13:56:55.113,16.875,torque,-1.000,0.059863
2026-06-04T13:56:55.133,16.891,rpm,-1.000,0.059863
2026-06-04T13:56:55.146,16.906,rpm,-1.000,0.059863
2026-06-04T13:56:55.168,16.922,rpm,-1.000,0.059863
2026-06-04T13:56:55.177,16.937,rpm,-1.000,0.059863
2026-06-04T13:56:55.207,16.969,torque,-1.000,0.059862
2026-06-04T13:56:55.207,16.969,rpm,-1.000,0.059862
2026-06-04T13:56:55.251,17.016,rpm,-1.000,0.059862
2026-06-04T13:56:55.251,17.016,rpm,-1.000,0.059862
2026-06-04T13:56:55.277,17.031,rpm,-1.000,0.059862
2026-06-04T13:56:55.278,17.031,rpm,-1.000,0.059862
2026-06-04T13:56:55.281,17.047,torque,-1.000,0.059927
2026-06-04T13:56:55.315,17.078,rpm,-1.000,0.059927
2026-06-04T13:56:55.326,17.078,rpm,-1.000,0.059927
2026-06-04T13:56:55.347,17.109,rpm,-1.000,0.059927
2026-06-04T13:56:55.370,17.125,rpm,-1.000,0.059927
2026-06-04T13:56:55.370,17.125,torque,-1.000,0.060001
2026-06-04T13:56:55.453,17.219,torque,-1.000,0.060020
2026-06-04T13:56:55.459,17.219,rpm,-1.000,0.060020
2026-06-04T13:56:55.492,17.250,rpm,-1.000,0.060020
2026-06-04T13:56:55.524,17.281,rpm,-1.000,0.060020
2026-06-04T13:56:55.542,17.297,rpm,-1.000,0.060020
2026-06-04T13:56:55.543,17.297,torque,-1.000,0.060038
2026-06-04T13:56:55.563,17.328,rpm,-1.000,0.060038
2026-06-04T13:56:55.588,17.344,rpm,-1.000,0.060038
2026-06-04T13:56:55.604,17.359,rpm,-437.000,0.060038
2026-06-04T13:56:55.628,17.391,rpm,-5869.000,0.060038
2026-06-04T13:56:55.628,17.391,torque,-5869.000,0.060091
2026-06-04T13:56:55.654,17.406,rpm,-8172.000,0.060091
2026-06-04T13:56:55.671,17.422,rpm,-8470.000,0.060091
2026-06-04T13:56:55.695,17.453,rpm,-9512.000,0.060091
2026-06-04T13:56:55.720,17.484,rpm,-9724.000,0.060091
2026-06-04T13:56:55.734,17.500,rpm,-9863.000,0.060091
2026-06-04T13:56:55.735,17.500,torque,-9863.000,0.061300
2026-06-04T13:56:55.746,17.500,rpm,-9954.000,0.061300
2026-06-04T13:56:55.792,17.547,rpm,-10030.000,0.061300
2026-06-04T13:56:55.792,17.547,rpm,-9876.000,0.061300
2026-06-04T13:56:55.800,17.562,rpm,-10070.000,0.061300
2026-06-04T13:56:55.801,17.562,torque,-10070.000,0.032328
2026-06-04T13:56:55.838,17.594,rpm,-9901.000,0.032328
2026-06-04T13:56:55.867,17.625,rpm,-9963.000,0.032328
2026-06-04T13:56:55.870,17.625,rpm,-10024.000,0.032328
2026-06-04T13:56:55.890,17.656,torque,-10024.000,0.077199
2026-06-04T13:56:55.917,17.672,rpm,-10072.000,0.077199
2026-06-04T13:56:55.941,17.703,rpm,-9891.000,0.077199
2026-06-04T13:56:55.954,17.719,rpm,-10078.000,0.077199
2026-06-04T13:56:55.985,17.750,rpm,-10088.000,0.077199
2026-06-04T13:56:55.985,17.750,torque,-10088.000,0.099590
2026-06-04T13:56:55.996,17.750,rpm,-10144.000,0.099590
2026-06-04T13:56:56.040,17.797,rpm,-9890.000,0.099590
2026-06-04T13:56:56.051,17.812,rpm,-10001.000,0.099590
2026-06-04T13:56:56.062,17.828,rpm,-10145.000,0.099590
2026-06-04T13:56:56.072,17.828,torque,-10145.000,0.099188
2026-06-04T13:56:56.098,17.859,rpm,-10187.000,0.099188
2026-06-04T13:56:56.121,17.875,rpm,-9997.000,0.099188
2026-06-04T13:56:56.133,17.891,rpm,-10051.000,0.099188
2026-06-04T13:56:56.145,17.906,rpm,-10163.000,0.099188
2026-06-04T13:56:56.154,17.906,torque,-10163.000,0.098204
2026-06-04T13:56:56.176,17.937,rpm,-10014.000,0.098204
2026-06-04T13:56:56.201,17.953,rpm,-10036.000,0.098204
2026-06-04T13:56:56.201,17.953,rpm,-10092.000,0.098204
2026-06-04T13:56:56.224,17.984,rpm,-10152.000,0.098204
2026-06-04T13:56:56.234,18.000,torque,-10152.000,0.093873
2026-06-04T13:56:56.255,18.016,rpm,-10034.000,0.093873
2026-06-04T13:56:56.278,18.031,rpm,-10020.000,0.093873
2026-06-04T13:56:56.291,18.047,rpm,-10027.000,0.093873
2026-06-04T13:56:56.316,18.078,rpm,-10089.000,0.093873
2026-06-04T13:56:56.320,18.078,torque,-10089.000,0.094879
2026-06-04T13:56:56.325,18.078,rpm,-10001.000,0.094879
2026-06-04T13:56:56.350,18.109,rpm,-9933.000,0.094879
2026-06-04T13:56:56.381,18.141,rpm,-10049.000,0.094879
2026-06-04T13:56:56.393,18.156,rpm,-10031.000,0.094879
2026-06-04T13:56:56.403,18.156,rpm,-10081.000,0.094879
2026-06-04T13:56:56.422,18.187,torque,-10081.000,0.096260
2026-06-04T13:56:56.440,18.203,rpm,-9864.000,0.096260
2026-06-04T13:56:56.462,18.219,rpm,-10102.000,0.096260
2026-06-04T13:56:56.474,18.234,rpm,-10096.000,0.096260
2026-06-04T13:56:56.484,18.250,rpm,-10021.000,0.096260
2026-06-04T13:56:56.502,18.266,torque,-10021.000,0.091869
2026-06-04T13:56:56.516,18.281,rpm,-9919.000,0.091869
2026-06-04T13:56:56.527,18.281,rpm,-10087.000,0.091869
2026-06-04T13:56:56.560,18.312,rpm,-9909.000,0.091869
2026-06-04T13:56:56.579,18.344,rpm,-10115.000,0.091869
2026-06-04T13:56:56.580,18.344,torque,-10115.000,0.088297
2026-06-04T13:56:56.580,18.344,rpm,-9958.000,0.088297
2026-06-04T13:56:56.601,18.359,rpm,-10070.000,0.088297
2026-06-04T13:56:56.641,18.406,rpm,-9939.000,0.088297
2026-06-04T13:56:56.641,18.406,rpm,-10181.000,0.088297
2026-06-04T13:56:56.663,18.422,rpm,-9910.000,0.088297
2026-06-04T13:56:56.663,18.422,torque,-9910.000,0.088451
2026-06-04T13:56:56.709,18.469,rpm,-9830.000,0.088451
2026-06-04T13:56:56.712,18.469,rpm,-10031.000,0.088451
2026-06-04T13:56:56.737,18.500,rpm,-9970.000,0.088451
2026-06-04T13:56:56.757,18.516,rpm,-10134.000,0.088451
2026-06-04T13:56:56.757,18.516,torque,-10134.000,0.088151
2026-06-04T13:56:56.787,18.547,rpm,-9955.000,0.088151
2026-06-04T13:56:56.821,18.578,rpm,-10084.000,0.088151
2026-06-04T13:56:56.839,18.594,rpm,-10081.000,0.088151
2026-06-04T13:56:56.839,18.594,torque,-10081.000,0.088951
2026-06-04T13:56:56.870,18.625,rpm,-9833.000,0.088951
2026-06-04T13:56:56.883,18.641,rpm,-10067.000,0.088951
2026-06-04T13:56:56.907,18.672,rpm,-9824.000,0.088951
2026-06-04T13:56:56.929,18.687,torque,-9824.000,0.092748
2026-06-04T13:56:56.952,18.719,rpm,-9833.000,0.092748
2026-06-04T13:56:56.964,18.719,rpm,-10137.000,0.092748
2026-06-04T13:56:56.973,18.734,rpm,-10039.000,0.092748
2026-06-04T13:56:57.007,18.766,rpm,-10080.000,0.092748
2026-06-04T13:56:57.012,18.766,torque,-10080.000,0.096004
2026-06-04T13:56:57.052,18.812,rpm,-10034.000,0.096004
2026-06-04T13:56:57.073,18.828,rpm,-10035.000,0.096004
2026-06-04T13:56:57.085,18.844,rpm,-10121.000,0.096004
2026-06-04T13:56:57.101,18.859,torque,-10121.000,0.098237
2026-06-04T13:56:57.104,18.859,rpm,-9841.000,0.098237
2026-06-04T13:56:57.127,18.891,rpm,-10081.000,0.098237
2026-06-04T13:56:57.149,18.906,rpm,-9947.000,0.098237
2026-06-04T13:56:57.176,18.937,rpm,-10058.000,0.098237
2026-06-04T13:56:57.182,18.937,torque,-10058.000,0.096706
2026-06-04T13:56:57.185,18.937,rpm,-9810.000,0.096706
2026-06-04T13:56:57.219,18.984,rpm,-10049.000,0.096706
2026-06-04T13:56:57.231,18.984,rpm,-9897.000,0.096706
2026-06-04T13:56:57.232,18.984,rpm,-10102.000,0.096706
2026-06-04T13:56:57.268,19.031,rpm,-9829.000,0.096706
2026-06-04T13:56:57.280,19.031,torque,-9829.000,0.093621
2026-06-04T13:56:57.289,19.047,rpm,-9997.000,0.093621
2026-06-04T13:56:57.324,19.078,rpm,-9923.000,0.093621
2026-06-04T13:56:57.332,19.094,rpm,-9992.000,0.093621
2026-06-04T13:56:57.353,19.109,rpm,-9929.000,0.093621
2026-06-04T13:56:57.353,19.109,rpm,-10103.000,0.093621
2026-06-04T13:56:57.358,19.109,torque,-10103.000,0.090394
2026-06-04T13:56:57.393,19.156,rpm,-9844.000,0.090394
2026-06-04T13:56:57.403,19.156,rpm,-10015.000,0.090394
2026-06-04T13:56:57.427,19.187,rpm,-9870.000,0.090394
2026-06-04T13:56:57.433,19.187,rpm,-10157.000,0.090394
2026-06-04T13:56:57.456,19.219,torque,-10157.000,0.089857
2026-06-04T13:56:57.476,19.234,rpm,-10017.000,0.089857
2026-06-04T13:56:57.478,19.234,rpm,-10052.000,0.089857
2026-06-04T13:56:57.503,19.266,rpm,-9836.000,0.089857
2026-06-04T13:56:57.523,19.281,rpm,-10080.000,0.089857
2026-06-04T13:56:57.541,19.297,torque,-10080.000,0.087679
2026-06-04T13:56:57.541,19.297,rpm,-10075.000,0.087679
2026-06-04T13:56:57.565,19.328,rpm,-10070.000,0.087679
2026-06-04T13:56:57.598,19.359,rpm,-10035.000,0.087679
2026-06-04T13:56:57.606,19.359,rpm,-9972.000,0.087679
2026-06-04T13:56:57.625,19.391,torque,-9972.000,0.086575
2026-06-04T13:56:57.627,19.391,rpm,-9908.000,0.086575
2026-06-04T13:56:57.646,19.406,rpm,-10081.000,0.086575
2026-06-04T13:56:57.680,19.437,rpm,-9845.000,0.086575
2026-06-04T13:56:57.688,19.453,rpm,-10030.000,0.086575
2026-06-04T13:56:57.709,19.469,torque,-10030.000,0.087773
2026-06-04T13:56:57.709,19.469,rpm,-9849.000,0.087773
2026-06-04T13:56:57.738,19.500,rpm,-9987.000,0.087773
2026-06-04T13:56:57.749,19.516,rpm,-9985.000,0.087773
2026-06-04T13:56:57.767,19.531,rpm,-10125.000,0.087773
2026-06-04T13:56:57.786,19.547,rpm,-9836.000,0.087773
2026-06-04T13:56:57.791,19.547,torque,-9836.000,0.087584
2026-06-04T13:56:57.817,19.578,rpm,-10086.000,0.087584
2026-06-04T13:56:57.838,19.594,rpm,-9925.000,0.087584
2026-06-04T13:56:57.848,19.609,rpm,-10021.000,0.087584
2026-06-04T13:56:57.867,19.625,rpm,-9874.000,0.087584
2026-06-04T13:56:57.886,19.641,torque,-9874.000,0.086872
2026-06-04T13:56:57.886,19.641,rpm,-10121.000,0.086872
2026-06-04T13:56:57.907,19.672,rpm,-9965.000,0.086872
2026-06-04T13:56:57.941,19.703,rpm,-10011.000,0.086872
2026-06-04T13:56:57.962,19.719,rpm,-9885.000,0.086872
2026-06-04T13:56:57.963,19.719,torque,-9885.000,0.087113
2026-06-04T13:56:57.963,19.719,rpm,-10033.000,0.087113
2026-06-04T13:56:58.006,19.766,rpm,-9810.000,0.087113
2026-06-04T13:56:58.016,19.781,rpm,-10070.000,0.087113
2026-06-04T13:56:58.039,19.797,rpm,-9966.000,0.087113
2026-06-04T13:56:58.049,19.812,rpm,-10016.000,0.087113
2026-06-04T13:56:58.062,19.828,torque,-10016.000,0.087277
2026-06-04T13:56:58.073,19.828,rpm,-10028.000,0.087277
2026-06-04T13:56:58.096,19.859,rpm,-9966.000,0.087277
2026-06-04T13:56:58.114,19.875,rpm,-9980.000,0.087277
2026-06-04T13:56:58.134,19.891,rpm,-9971.000,0.087277
2026-06-04T13:56:58.136,19.891,rpm,-10027.000,0.087277
2026-06-04T13:56:58.140,19.906,torque,-10027.000,0.085566
2026-06-04T13:56:58.188,19.953,rpm,-10026.000,0.085566
2026-06-04T13:56:58.189,19.953,rpm,-9961.000,0.085566
2026-06-04T13:56:58.207,19.969,rpm,-10075.000,0.085566
2026-06-04T13:56:58.228,19.984,torque,-10075.000,0.086339
2026-06-04T13:56:58.228,19.984,rpm,-9963.000,0.086339
2026-06-04T13:56:58.247,20.000,rpm,-10040.000,0.086339
2026-06-04T13:56:58.281,20.047,rpm,-9821.000,0.086339
2026-06-04T13:56:58.289,20.047,rpm,-10005.000,0.086339
2026-06-04T13:56:58.304,20.062,rpm,-10053.000,0.086339
2026-06-04T13:56:58.313,20.078,torque,-10053.000,0.088834
2026-06-04T13:56:58.327,20.078,rpm,-10023.000,0.088834
2026-06-04T13:56:58.351,20.109,rpm,-10106.000,0.088834
2026-06-04T13:56:58.370,20.125,rpm,-9994.000,0.088834
2026-06-04T13:56:58.390,20.156,rpm,-10073.000,0.088834
2026-06-04T13:56:58.411,20.172,torque,-10073.000,0.092029
2026-06-04T13:56:58.411,20.172,rpm,-10008.000,0.092029
2026-06-04T13:56:58.440,20.203,rpm,-10054.000,0.092029
2026-06-04T13:56:58.451,20.203,rpm,-10045.000,0.092029
2026-06-04T13:56:58.470,20.234,rpm,-10087.000,0.092029
2026-06-04T13:56:58.492,20.250,torque,-10087.000,0.095054
2026-06-04T13:56:58.492,20.250,rpm,-10024.000,0.095054
2026-06-04T13:56:58.492,20.250,rpm,-10006.000,0.095054
2026-06-04T13:56:58.538,20.297,rpm,-10065.000,0.095054
2026-06-04T13:56:58.562,20.328,rpm,-9960.000,0.095054
2026-06-04T13:56:58.566,20.328,torque,-9960.000,0.096394
2026-06-04T13:56:58.569,20.328,rpm,-10121.000,0.096394
2026-06-04T13:56:58.614,20.375,rpm,-9995.000,0.096394
2026-06-04T13:56:58.616,20.375,rpm,-10021.000,0.096394
2026-06-04T13:56:58.642,20.406,rpm,-10090.000,0.096394
2026-06-04T13:56:58.652,20.406,torque,-10090.000,0.097031
2026-06-04T13:56:58.656,20.422,rpm,-10084.000,0.097031
2026-06-04T13:56:58.696,20.453,rpm,-10052.000,0.097031
2026-06-04T13:56:58.697,20.453,rpm,-10021.000,0.097031
2026-06-04T13:56:58.721,20.484,rpm,-9992.000,0.097031
2026-06-04T13:56:58.734,20.500,rpm,-10014.000,0.097031
2026-06-04T13:56:58.756,20.516,torque,-10014.000,0.097434
2026-06-04T13:56:58.769,20.531,rpm,-10104.000,0.097434
2026-06-04T13:56:58.781,20.547,rpm,-9935.000,0.097434
2026-06-04T13:56:58.816,20.578,rpm,-10001.000,0.097434
2026-06-04T13:56:58.838,20.594,torque,-10001.000,0.099231
2026-06-04T13:56:58.838,20.594,rpm,-10010.000,0.099231
2026-06-04T13:56:58.839,20.594,rpm,-10141.000,0.099231
2026-06-04T13:56:58.889,20.641,rpm,-10091.000,0.099231
2026-06-04T13:56:58.895,20.656,rpm,-10052.000,0.099231
2026-06-04T13:56:58.918,20.672,torque,-10052.000,0.101171
2026-06-04T13:56:58.921,20.687,rpm,-10022.000,0.101171
2026-06-04T13:56:58.957,20.719,rpm,-10005.000,0.101171
2026-06-04T13:56:58.967,20.719,rpm,-10033.000,0.101171
2026-06-04T13:56:58.995,20.750,rpm,-9880.000,0.101171
2026-06-04T13:56:59.005,20.766,rpm,-10127.000,0.101171
2026-06-04T13:56:59.005,20.766,torque,-10127.000,0.102003
2026-06-04T13:56:59.039,20.797,rpm,-9878.000,0.102003
2026-06-04T13:56:59.057,20.812,rpm,-10021.000,0.102003
2026-06-04T13:56:59.060,20.812,rpm,-9983.000,0.102003
2026-06-04T13:56:59.088,20.844,torque,-9983.000,0.101300
2026-06-04T13:56:59.088,20.844,rpm,-10025.000,0.101300
2026-06-04T13:56:59.112,20.875,rpm,-9888.000,0.101300
2026-06-04T13:56:59.145,20.906,rpm,-10016.000,0.101300
2026-06-04T13:56:59.154,20.906,rpm,-9917.000,0.101300
2026-06-04T13:56:59.175,20.937,rpm,-10063.000,0.101300
2026-06-04T13:56:59.176,20.937,torque,-10063.000,0.100748
2026-06-04T13:56:59.198,20.953,rpm,-9826.000,0.100748
2026-06-04T13:56:59.212,20.969,rpm,-10069.000,0.100748
2026-06-04T13:56:59.225,20.984,rpm,-9857.000,0.100748
2026-06-04T13:56:59.262,21.016,torque,-9857.000,0.100034
2026-06-04T13:56:59.276,21.031,rpm,-10016.000,0.100034
2026-06-04T13:56:59.312,21.078,rpm,-9866.000,0.100034
2026-06-04T13:56:59.339,21.094,rpm,-9906.000,0.100034
2026-06-04T13:56:59.346,21.109,torque,-9906.000,0.097820
2026-06-04T13:56:59.378,21.141,rpm,-10026.000,0.097820
2026-06-04T13:56:59.390,21.141,rpm,-9960.000,0.097820
2026-06-04T13:56:59.408,21.172,rpm,-9991.000,0.097820
2026-06-04T13:56:59.428,21.187,rpm,-9818.000,0.097820
2026-06-04T13:56:59.447,21.203,torque,-9818.000,0.097910
2026-06-04T13:56:59.447,21.203,rpm,-10088.000,0.097910
2026-06-04T13:56:59.465,21.219,rpm,-9970.000,0.097910
2026-06-04T13:56:59.486,21.250,rpm,-10109.000,0.097910
2026-06-04T13:56:59.514,21.266,rpm,-9984.000,0.097910
2026-06-04T13:56:59.536,21.297,torque,-9984.000,0.098084
2026-06-04T13:56:59.581,21.344,rpm,-9872.000,0.098084
2026-06-04T13:56:59.602,21.359,rpm,-10030.000,0.098084
2026-06-04T13:56:59.621,21.375,torque,-10030.000,0.100570
2026-06-04T13:56:59.621,21.375,rpm,-10063.000,0.100570
2026-06-04T13:56:59.666,21.422,rpm,-9999.000,0.100570
2026-06-04T13:56:59.667,21.422,rpm,-9918.000,0.100570
2026-06-04T13:56:59.687,21.453,rpm,-10063.000,0.100570
2026-06-04T13:56:59.702,21.469,torque,-10063.000,0.099640
2026-06-04T13:56:59.712,21.469,rpm,-9840.000,0.099640
2026-06-04T13:56:59.712,21.469,rpm,-10106.000,0.099640
2026-06-04T13:56:59.763,21.516,rpm,-10009.000,0.099640
2026-06-04T13:56:59.795,21.547,torque,-10009.000,0.096413
2026-06-04T13:56:59.795,21.547,rpm,-9963.000,0.096413
2026-06-04T13:56:59.836,21.594,rpm,-10083.000,0.096413
2026-06-04T13:56:59.837,21.594,rpm,-10046.000,0.096413
2026-06-04T13:56:59.839,21.594,rpm,-10088.000,0.096413
2026-06-04T13:56:59.865,21.625,rpm,-9894.000,0.096413
2026-06-04T13:56:59.866,21.625,torque,-9894.000,0.091671
2026-06-04T13:56:59.893,21.656,rpm,-10075.000,0.091671
2026-06-04T13:56:59.915,21.672,rpm,-9982.000,0.091671
2026-06-04T13:56:59.935,21.687,rpm,-10084.000,0.091671
2026-06-04T13:56:59.956,21.719,rpm,-9973.000,0.091671
2026-06-04T13:56:59.958,21.719,torque,-9973.000,0.090720
2026-06-04T13:56:59.980,21.734,rpm,-10033.000,0.090720
2026-06-04T13:56:59.980,21.734,rpm,-10100.000,0.090720
2026-06-04T13:57:00.014,21.766,rpm,-9994.000,0.090720
2026-06-04T13:57:00.022,21.781,rpm,-10042.000,0.090720
2026-06-04T13:57:00.044,21.797,torque,-10042.000,0.090763
2026-06-04T13:57:00.045,21.797,rpm,-9978.000,0.090763
2026-06-04T13:57:00.076,21.828,rpm,-9880.000,0.090763
2026-06-04T13:57:00.087,21.844,rpm,-10161.000,0.090763
2026-06-04T13:57:00.122,21.875,rpm,-10005.000,0.090763
2026-06-04T13:57:00.126,21.891,torque,-10005.000,0.091163
2026-06-04T13:57:00.156,21.922,rpm,-9921.000,0.091163
2026-06-04T13:57:00.165,21.922,rpm,-10015.000,0.091163
2026-06-04T13:57:00.184,21.937,rpm,-9813.000,0.091163
2026-06-04T13:57:00.214,21.969,rpm,-9998.000,0.091163
2026-06-04T13:57:00.222,21.984,torque,-9998.000,0.090589
2026-06-04T13:57:00.222,21.984,rpm,-10032.000,0.090589
2026-06-04T13:57:00.286,22.047,rpm,-10024.000,0.090589
2026-06-04T13:57:00.308,22.062,torque,-10024.000,0.088962
2026-06-04T13:57:00.308,22.062,rpm,-9830.000,0.088962
2026-06-04T13:57:00.336,22.094,rpm,-10131.000,0.088962
2026-06-04T13:57:00.354,22.109,rpm,-9970.000,0.088962
2026-06-04T13:57:00.356,22.109,rpm,-10077.000,0.088962
2026-06-04T13:57:00.385,22.141,torque,-10077.000,0.085500
2026-06-04T13:57:00.385,22.141,rpm,-9813.000,0.085500
2026-06-04T13:57:00.436,22.187,rpm,-10088.000,0.085500
2026-06-04T13:57:00.466,22.219,rpm,-9923.000,0.085500
2026-06-04T13:57:00.471,22.234,torque,-9923.000,0.084067
2026-06-04T13:57:00.495,22.250,rpm,-9996.000,0.084067
2026-06-04T13:57:00.514,22.266,rpm,-9881.000,0.084067
2026-06-04T13:57:00.551,22.312,rpm,-9883.000,0.084067
2026-06-04T13:57:00.572,22.328,torque,-9883.000,0.085315
2026-06-04T13:57:00.572,22.328,rpm,-9975.000,0.085315
2026-06-04T13:57:00.578,22.344,rpm,-10053.000,0.085315
2026-06-04T13:57:00.612,22.375,rpm,-10009.000,0.085315
2026-06-04T13:57:00.624,22.391,rpm,-9811.000,0.085315
2026-06-04T13:57:00.643,22.406,torque,-9811.000,0.086184
2026-06-04T13:57:00.648,22.406,rpm,-10013.000,0.086184
2026-06-04T13:57:00.671,22.437,rpm,-9876.000,0.086184
2026-06-04T13:57:00.708,22.469,rpm,-9931.000,0.086184
2026-06-04T13:57:00.715,22.469,rpm,-10142.000,0.086184
2026-06-04T13:57:00.738,22.500,torque,-10142.000,0.085803
2026-06-04T13:57:00.766,22.531,rpm,-10030.000,0.085803
2026-06-04T13:57:00.787,22.547,rpm,-9891.000,0.085803
2026-06-04T13:57:00.806,22.562,rpm,-10001.000,0.085803
2026-06-04T13:57:00.834,22.594,torque,-10001.000,0.087046
2026-06-04T13:57:00.834,22.594,rpm,-9985.000,0.087046
2026-06-04T13:57:00.840,22.594,rpm,-10058.000,0.087046
2026-06-04T13:57:00.873,22.625,rpm,-9894.000,0.087046
2026-06-04T13:57:00.876,22.641,rpm,-10097.000,0.087046
2026-06-04T13:57:00.905,22.672,torque,-10097.000,0.088298
2026-06-04T13:57:00.910,22.672,rpm,-9882.000,0.088298
2026-06-04T13:57:00.924,22.687,rpm,-10044.000,0.088298
2026-06-04T13:57:00.953,22.719,rpm,-9844.000,0.088298
2026-06-04T13:57:00.976,22.734,rpm,-10021.000,0.088298
2026-06-04T13:57:01.002,22.766,torque,-10021.000,0.086880
2026-06-04T13:57:01.002,22.766,rpm,-10017.000,0.086880
2026-06-04T13:57:01.004,22.766,rpm,-10016.000,0.086880
2026-06-04T13:57:01.028,22.781,rpm,-10011.000,0.086880
2026-06-04T13:57:01.067,22.828,rpm,-10018.000,0.086880
2026-06-04T13:57:01.068,22.828,rpm,-9935.000,0.086880
2026-06-04T13:57:01.080,22.844,torque,-9935.000,0.087242
2026-06-04T13:57:01.080,22.844,rpm,-10105.000,0.087242
2026-06-04T13:57:01.124,22.891,rpm,-9942.000,0.087242
2026-06-04T13:57:01.134,22.891,rpm,-10013.000,0.087242
2026-06-04T13:57:01.169,22.922,rpm,-10103.000,0.087242
2026-06-04T13:57:01.179,22.937,torque,-10103.000,0.086053
2026-06-04T13:57:01.181,22.937,rpm,-10002.000,0.086053
2026-06-04T13:57:01.216,22.969,rpm,-10095.000,0.086053
2026-06-04T13:57:01.246,23.000,rpm,-10051.000,0.086053
2026-06-04T13:57:01.247,23.000,rpm,-10017.000,0.086053
2026-06-04T13:57:01.271,23.031,torque,-10017.000,0.084976
2026-06-04T13:57:01.272,23.031,rpm,-9978.000,0.084976
2026-06-04T13:57:01.305,23.062,rpm,-10056.000,0.084976
2026-06-04T13:57:01.314,23.078,rpm,-10052.000,0.084976
2026-06-04T13:57:01.341,23.094,rpm,-10025.000,0.084976
2026-06-04T13:57:01.355,23.109,torque,-10025.000,0.081420
2026-06-04T13:57:01.368,23.125,rpm,-10108.000,0.081420
2026-06-04T13:57:01.380,23.141,rpm,-10011.000,0.081420
2026-06-04T13:57:01.389,23.141,rpm,-9882.000,0.081420
2026-06-04T13:57:01.413,23.172,rpm,-9982.000,0.081420
2026-06-04T13:57:01.439,23.203,torque,-9982.000,0.075372
2026-06-04T13:57:01.439,23.203,rpm,-9892.000,0.075372
2026-06-04T13:57:01.440,23.203,rpm,-9996.000,0.075372
2026-06-04T13:57:01.468,23.234,rpm,-10077.000,0.075372
2026-06-04T13:57:01.504,23.266,rpm,-10061.000,0.075372
2026-06-04T13:57:01.505,23.266,rpm,-9947.000,0.075372
2026-06-04T13:57:01.522,23.281,torque,-9947.000,0.073877
2026-06-04T13:57:01.533,23.297,rpm,-10041.000,0.073877
2026-06-04T13:57:01.554,23.312,rpm,-9908.000,0.073877
2026-06-04T13:57:01.577,23.328,rpm,-10039.000,0.073877
2026-06-04T13:57:01.579,23.344,rpm,-10025.000,0.073877
2026-06-04T13:57:01.604,23.359,torque,-10025.000,0.072081
2026-06-04T13:57:01.615,23.375,rpm,-10078.000,0.072081
2026-06-04T13:57:01.616,23.375,rpm,-10106.000,0.072081
2026-06-04T13:57:01.648,23.406,rpm,-10125.000,0.072081
2026-06-04T13:57:01.680,23.437,rpm,-9994.000,0.072081
2026-06-04T13:57:01.680,23.437,rpm,-10114.000,0.072081
2026-06-04T13:57:01.684,23.437,torque,-10114.000,0.073806
2026-06-04T13:57:01.708,23.469,rpm,-9902.000,0.073806
2026-06-04T13:57:01.727,23.484,rpm,-10092.000,0.073806
2026-06-04T13:57:01.754,23.516,rpm,-9911.000,0.073806
2026-06-04T13:57:01.765,23.531,rpm,-9999.000,0.073806
2026-06-04T13:57:01.789,23.547,torque,-9999.000,0.075317
2026-06-04T13:57:01.804,23.562,rpm,-9882.000,0.075317
2026-06-04T13:57:01.816,23.578,rpm,-10098.000,0.075317
2026-06-04T13:57:01.844,23.609,rpm,-9882.000,0.075317
2026-06-04T13:57:01.870,23.625,rpm,-9990.000,0.075317
2026-06-04T13:57:01.870,23.625,torque,-9990.000,0.076396
2026-06-04T13:57:01.871,23.625,rpm,-9965.000,0.076396
2026-06-04T13:57:01.905,23.672,rpm,-10034.000,0.076396
2026-06-04T13:57:01.926,23.687,rpm,-9844.000,0.076396
2026-06-04T13:57:01.926,23.687,rpm,-10064.000,0.076396
2026-06-04T13:57:01.952,23.703,rpm,-9911.000,0.076396
2026-06-04T13:57:01.952,23.703,torque,-9911.000,0.077634
2026-06-04T13:57:01.990,23.750,rpm,-9998.000,0.077634
2026-06-04T13:57:02.011,23.766,rpm,-9972.000,0.077634
2026-06-04T13:57:02.011,23.766,rpm,-10106.000,0.077634
2026-06-04T13:57:02.023,23.781,rpm,-10065.000,0.077634
2026-06-04T13:57:02.047,23.812,torque,-10065.000,0.076651
2026-06-04T13:57:02.047,23.812,rpm,-10059.000,0.076651
2026-06-04T13:57:02.095,23.859,rpm,-10117.000,0.076651
2026-06-04T13:57:02.107,23.859,rpm,-10002.000,0.076651
2026-06-04T13:57:02.115,23.875,rpm,-9870.000,0.076651
2026-06-04T13:57:02.142,23.906,torque,-9870.000,0.076381
2026-06-04T13:57:02.143,23.906,rpm,-10054.000,0.076381
2026-06-04T13:57:02.156,23.922,rpm,-9826.000,0.076381
2026-06-04T13:57:02.169,23.922,rpm,-10080.000,0.076381
2026-06-04T13:57:02.213,23.969,torque,-10080.000,0.075976
2026-06-04T13:57:02.213,23.969,rpm,-9991.000,0.075976
2026-06-04T13:57:02.235,24.000,rpm,-9882.000,0.075976
2026-06-04T13:57:02.259,24.016,rpm,-9981.000,0.075976
2026-06-04T13:57:02.283,24.047,rpm,-10091.000,0.075976
2026-06-04T13:57:02.285,24.047,rpm,-10011.000,0.075976
2026-06-04T13:57:02.309,24.062,torque,-10011.000,0.075487
2026-06-04T13:57:02.309,24.062,rpm,-9950.000,0.075487
2026-06-04T13:57:02.345,24.109,rpm,-10102.000,0.075487
2026-06-04T13:57:02.366,24.125,rpm,-9861.000,0.075487
2026-06-04T13:57:02.382,24.141,rpm,-10025.000,0.075487
2026-06-04T13:57:02.393,24.156,torque,-10025.000,0.073975
2026-06-04T13:57:02.393,24.156,rpm,-9979.000,0.073975
2026-06-04T13:57:02.437,24.203,rpm,-9945.000,0.073975
2026-06-04T13:57:02.462,24.219,rpm,-10024.000,0.073975
2026-06-04T13:57:02.475,24.234,torque,-10024.000,0.073581
2026-06-04T13:57:02.476,24.234,rpm,-9841.000,0.073581
2026-06-04T13:57:02.493,24.250,rpm,-10069.000,0.073581
2026-06-04T13:57:02.526,24.281,rpm,-9830.000,0.073581
2026-06-04T13:57:02.536,24.297,rpm,-10048.000,0.073581
2026-06-04T13:57:02.562,24.328,torque,-10048.000,0.071743
2026-06-04T13:57:02.563,24.328,rpm,-10065.000,0.071743
2026-06-04T13:57:02.563,24.328,rpm,-10071.000,0.071743
2026-06-04T13:57:02.572,24.328,rpm,-10024.000,0.071743
2026-06-04T13:57:02.614,24.375,rpm,-10002.000,0.071743
2026-06-04T13:57:02.638,24.391,rpm,-10075.000,0.071743
2026-06-04T13:57:02.639,24.391,torque,-10075.000,0.070184
2026-06-04T13:57:02.678,24.437,rpm,-9880.000,0.070184
2026-06-04T13:57:02.687,24.453,rpm,-9991.000,0.070184
2026-06-04T13:57:02.711,24.469,rpm,-9981.000,0.070184
2026-06-04T13:57:02.735,24.500,torque,-9981.000,0.072020
2026-06-04T13:57:02.735,24.500,rpm,-10017.000,0.072020
2026-06-04T13:57:02.761,24.516,rpm,-9932.000,0.072020
2026-06-04T13:57:02.796,24.547,rpm,-10142.000,0.072020
2026-06-04T13:57:02.804,24.562,rpm,-9776.000,0.072020
2026-06-04T13:57:02.818,24.578,rpm,-9974.000,0.072020
2026-06-04T13:57:02.832,24.594,torque,-9974.000,0.076374
2026-06-04T13:57:02.845,24.609,rpm,-10028.000,0.076374
2026-06-04T13:57:02.847,24.609,rpm,-9975.000,0.076374
2026-06-04T13:57:02.892,24.656,rpm,-10005.000,0.076374
2026-06-04T13:57:02.904,24.656,rpm,-9994.000,0.076374
2026-06-04T13:57:02.905,24.656,torque,-9994.000,0.083611
2026-06-04T13:57:02.905,24.656,rpm,-9899.000,0.083611
2026-06-04T13:57:02.943,24.703,rpm,-9978.000,0.083611
2026-06-04T13:57:02.962,24.719,rpm,-9863.000,0.083611
2026-06-04T13:57:02.975,24.734,rpm,-10097.000,0.083611
2026-06-04T13:57:02.999,24.766,torque,-10097.000,0.088543
2026-06-04T13:57:02.999,24.766,rpm,-9880.000,0.088543
2026-06-04T13:57:03.001,24.766,rpm,-10057.000,0.088543
2026-06-04T13:57:03.055,24.812,rpm,-10108.000,0.088543
2026-06-04T13:57:03.069,24.828,rpm,-10034.000,0.088543
2026-06-04T13:57:03.081,24.844,torque,-10034.000,0.090533
2026-06-04T13:57:03.081,24.844,rpm,-9916.000,0.090533
2026-06-04T13:57:03.083,24.844,rpm,-10087.000,0.090533
2026-06-04T13:57:03.106,24.859,rpm,-10016.000,0.090533
2026-06-04T13:57:03.150,24.906,rpm,-10017.000,0.090533
2026-06-04T13:57:03.163,24.922,torque,-10017.000,0.090741
2026-06-04T13:57:03.188,24.953,rpm,-10066.000,0.090741
2026-06-04T13:57:03.189,24.953,rpm,-10063.000,0.090741
2026-06-04T13:57:03.208,24.969,rpm,-10087.000,0.090741
2026-06-04T13:57:03.234,25.000,rpm,-9922.000,0.090741
2026-06-04T13:57:03.235,25.000,rpm,-10106.000,0.090741
2026-06-04T13:57:03.240,25.000,torque,-10106.000,0.092390
2026-06-04T13:57:03.275,25.031,rpm,-9939.000,0.092390
2026-06-04T13:57:03.309,25.062,rpm,-10005.000,0.092390
2026-06-04T13:57:03.310,25.062,rpm,-9965.000,0.092390
2026-06-04T13:57:03.337,25.094,torque,-9965.000,0.090697
2026-06-04T13:57:03.338,25.094,rpm,-10000.000,0.090697
2026-06-04T13:57:03.360,25.125,rpm,-10084.000,0.090697
2026-06-04T13:57:03.388,25.141,rpm,-10050.000,0.090697
2026-06-04T13:57:03.400,25.156,rpm,-10036.000,0.090697
2026-06-04T13:57:03.425,25.187,torque,-10036.000,0.088304
2026-06-04T13:57:03.425,25.187,rpm,-10030.000,0.088304
2026-06-04T13:57:03.443,25.203,rpm,-9873.000,0.088304
2026-06-04T13:57:03.457,25.219,rpm,-10033.000,0.088304
2026-06-04T13:57:03.488,25.250,rpm,-9821.000,0.088304
2026-06-04T13:57:03.511,25.266,rpm,-10007.000,0.088304
2026-06-04T13:57:03.511,25.266,rpm,-10007.000,0.088304
2026-06-04T13:57:03.511,25.266,torque,-10007.000,0.086249
2026-06-04T13:57:03.537,25.297,rpm,-10028.000,0.086249
2026-06-04T13:57:03.572,25.328,rpm,-10115.000,0.086249
2026-06-04T13:57:03.586,25.344,rpm,-10136.000,0.086249
2026-06-04T13:57:03.601,25.359,torque,-10136.000,0.084291
2026-06-04T13:57:03.614,25.375,rpm,-10047.000,0.084291
2026-06-04T13:57:03.616,25.375,rpm,-9980.000,0.084291
2026-06-04T13:57:03.647,25.406,rpm,-9800.000,0.084291
2026-06-04T13:57:03.662,25.422,rpm,-10009.000,0.084291
2026-06-04T13:57:03.676,25.437,rpm,-10081.000,0.084291
2026-06-04T13:57:03.676,25.437,torque,-10081.000,0.079249
2026-06-04T13:57:03.742,25.500,rpm,-10032.000,0.079249
2026-06-04T13:57:03.770,25.531,torque,-10032.000,0.074645
2026-06-04T13:57:03.770,25.531,rpm,-10097.000,0.074645
2026-06-04T13:57:03.813,25.578,rpm,-9983.000,0.074645
2026-06-04T13:57:03.839,25.594,rpm,-10065.000,0.074645
2026-06-04T13:57:03.866,25.625,torque,-10065.000,0.069667
2026-06-04T13:57:03.866,25.625,rpm,-10034.000,0.069667
2026-06-04T13:57:03.893,25.656,rpm,-10046.000,0.069667
2026-06-04T13:57:03.905,25.672,rpm,-10002.000,0.069667
2026-06-04T13:57:03.916,25.672,rpm,-10042.000,0.069667
2026-06-04T13:57:03.942,25.703,torque,-10042.000,0.066462
2026-06-04T13:57:03.968,25.734,rpm,-10005.000,0.066462
2026-06-04T13:57:03.969,25.734,rpm,-10022.000,0.066462
2026-06-04T13:57:04.012,25.766,rpm,-10103.000,0.066462
2026-06-04T13:57:04.017,25.781,torque,-10103.000,0.063904
2026-06-04T13:57:04.051,25.812,rpm,-10102.000,0.063904
2026-06-04T13:57:04.061,25.812,rpm,-10020.000,0.063904
2026-06-04T13:57:04.085,25.844,rpm,-10033.000,0.063904
2026-06-04T13:57:04.113,25.875,rpm,-9988.000,0.063904
2026-06-04T13:57:04.115,25.875,torque,-9988.000,0.061138
2026-06-04T13:57:04.130,25.891,rpm,-10062.000,0.061138
2026-06-04T13:57:04.198,25.953,torque,-10062.000,0.058737
2026-06-04T13:57:04.198,25.953,rpm,-10110.000,0.058737
2026-06-04T13:57:04.223,25.984,rpm,-10071.000,0.058737
2026-06-04T13:57:04.247,26.000,rpm,-10051.000,0.058737
2026-06-04T13:57:04.261,26.016,rpm,-10029.000,0.058737
2026-06-04T13:57:04.295,26.047,torque,-10029.000,0.056992
2026-06-04T13:57:04.296,26.062,rpm,-10058.000,0.056992
2026-06-04T13:57:04.297,26.062,rpm,-10022.000,0.056992
2026-06-04T13:57:04.340,26.094,rpm,-9987.000,0.056992
2026-06-04T13:57:04.341,26.094,rpm,-10014.000,0.056992
2026-06-04T13:57:04.360,26.125,rpm,-9900.000,0.056992
2026-06-04T13:57:04.373,26.125,torque,-9900.000,0.057018
2026-06-04T13:57:04.373,26.125,rpm,-9979.000,0.057018
2026-06-04T13:57:04.421,26.187,rpm,-3899.000,0.057018
2026-06-04T13:57:04.453,26.219,rpm,264.000,0.057018
2026-06-04T13:57:04.453,26.219,torque,264.000,0.060947
2026-06-04T13:57:04.453,26.219,rpm,192.000,0.060947
2026-06-04T13:57:04.473,26.234,rpm,190.000,0.060947
2026-06-04T13:57:04.507,26.266,rpm,190.000,0.060947
2026-06-04T13:57:04.521,26.281,rpm,190.000,0.060947
2026-06-04T13:57:04.533,26.297,rpm,143.000,0.060947
2026-06-04T13:57:04.558,26.312,torque,143.000,0.131922
2026-06-04T13:57:04.558,26.312,rpm,120.000,0.131922
2026-06-04T13:57:04.609,26.375,rpm,79.000,0.131922
2026-06-04T13:57:04.610,26.375,rpm,72.000,0.131922
2026-06-04T13:57:04.621,26.375,rpm,66.000,0.131922
2026-06-04T13:57:04.647,26.406,torque,66.000,0.194155
2026-06-04T13:57:04.647,26.406,rpm,56.000,0.194155
2026-06-04T13:57:04.675,26.437,rpm,48.000,0.194155
2026-06-04T13:57:04.701,26.453,rpm,45.000,0.194155
2026-06-04T13:57:04.723,26.484,rpm,40.000,0.194155
2026-06-04T13:57:04.723,26.484,torque,40.000,0.152559
2026-06-04T13:57:04.737,26.500,rpm,35.000,0.152559
2026-06-04T13:57:04.783,26.547,rpm,32.000,0.152559
2026-06-04T13:57:04.797,26.562,rpm,30.000,0.152559
2026-06-04T13:57:04.811,26.562,rpm,29.000,0.152559
2026-06-04T13:57:04.811,26.562,torque,29.000,0.101266
2026-06-04T13:57:04.813,26.578,rpm,27.000,0.101266
2026-06-04T13:57:04.856,26.609,rpm,25.000,0.101266
2026-06-04T13:57:04.895,26.656,torque,25.000,0.060277
2026-06-04T13:57:04.897,26.656,rpm,22.000,0.060277
2026-06-04T13:57:04.929,26.687,rpm,21.000,0.060277
2026-06-04T13:57:04.946,26.703,rpm,20.000,0.060277
2026-06-04T13:57:04.959,26.719,rpm,19.000,0.060277
2026-06-04T13:57:04.985,26.750,torque,19.000,0.027456
2026-06-04T13:57:04.985,26.750,rpm,18.000,0.027456
2026-06-04T13:57:05.012,26.766,rpm,18.000,0.027456
2026-06-04T13:57:05.054,26.812,rpm,16.000,0.027456
2026-06-04T13:57:05.058,26.812,rpm,16.000,0.027456
2026-06-04T13:57:05.059,26.812,torque,16.000,0.000021
2026-06-04T13:57:05.087,26.844,rpm,15.000,0.000021
2026-06-04T13:57:05.108,26.859,rpm,15.000,0.000021
2026-06-04T13:57:05.124,26.875,rpm,14.000,0.000021
2026-06-04T13:57:05.136,26.891,rpm,14.000,0.000021
2026-06-04T13:57:05.161,26.922,torque,14.000,0.018084
2026-06-04T13:57:05.162,26.922,rpm,13.000,0.018084
2026-06-04T13:57:05.184,26.937,rpm,13.000,0.018084
2026-06-04T13:57:05.193,26.953,rpm,13.000,0.018084
2026-06-04T13:57:05.234,27.000,torque,13.000,0.025055
2026-06-04T13:57:05.236,27.000,rpm,12.000,0.025055
2026-06-04T13:57:05.275,27.031,rpm,11.000,0.025055
2026-06-04T13:57:05.286,27.047,rpm,11.000,0.025055
2026-06-04T13:57:05.300,27.062,rpm,11.000,0.025055
2026-06-04T13:57:05.311,27.078,rpm,11.000,0.025055
2026-06-04T13:57:05.336,27.094,torque,11.000,0.028396
2026-06-04T13:57:05.372,27.125,rpm,10.000,0.028396
2026-06-04T13:57:05.373,27.125,rpm,10.000,0.028396
2026-06-04T13:57:05.382,27.141,rpm,10.000,0.028396
2026-06-04T13:57:05.421,27.172,rpm,10.000,0.028396
2026-06-04T13:57:05.422,27.187,torque,10.000,0.030247
2026-06-04T13:57:05.422,27.187,rpm,10.000,0.030247
2026-06-04T13:57:05.444,27.203,rpm,9.000,0.030247
2026-06-04T13:57:05.484,27.250,rpm,9.000,0.030247
2026-06-04T13:57:05.485,27.250,rpm,9.000,0.030247
2026-06-04T13:57:05.489,27.250,torque,9.000,0.031574
2026-06-04T13:57:05.517,27.281,rpm,9.000,0.031574
2026-06-04T13:57:05.528,27.281,rpm,9.000,0.031574
2026-06-04T13:57:05.537,27.297,rpm,8.000,0.031574
2026-06-04T13:57:05.575,27.328,rpm,8.000,0.031574
2026-06-04T13:57:05.588,27.344,torque,8.000,0.032645
2026-06-04T13:57:05.588,27.344,rpm,8.000,0.032645
2026-06-04T13:57:05.615,27.375,rpm,8.000,0.032645
2026-06-04T13:57:05.642,27.406,rpm,8.000,0.032645
2026-06-04T13:57:05.642,27.406,rpm,8.000,0.032645
2026-06-04T13:57:05.670,27.422,torque,8.000,0.033330
2026-06-04T13:57:05.696,27.453,rpm,7.000,0.033330
2026-06-04T13:57:05.714,27.469,rpm,7.000,0.033330
2026-06-04T13:57:05.728,27.484,rpm,7.000,0.033330
2026-06-04T13:57:05.754,27.516,rpm,7.000,0.033330
2026-06-04T13:57:05.755,27.516,torque,7.000,0.033842
2026-06-04T13:57:05.774,27.531,rpm,7.000,0.033842
2026-06-04T13:57:05.795,27.547,rpm,7.000,0.033842
2026-06-04T13:57:05.816,27.578,rpm,7.000,0.033842
2026-06-04T13:57:05.840,27.594,rpm,6.000,0.033842
2026-06-04T13:57:05.840,27.594,rpm,6.000,0.033842
2026-06-04T13:57:05.840,27.594,torque,6.000,0.034209
2026-06-04T13:57:05.888,27.641,rpm,6.000,0.034209
2026-06-04T13:57:05.894,27.656,rpm,6.000,0.034209
2026-06-04T13:57:05.922,27.687,rpm,6.000,0.034209
2026-06-04T13:57:05.922,27.687,torque,6.000,0.034487
2026-06-04T13:57:05.925,27.687,rpm,6.000,0.034487
2026-06-04T13:57:05.945,27.703,rpm,6.000,0.034487
2026-06-04T13:57:05.975,27.734,rpm,6.000,0.034487
2026-06-04T13:57:05.977,27.734,rpm,6.000,0.034487
2026-06-04T13:57:06.008,27.766,rpm,6.000,0.034487
2026-06-04T13:57:06.009,27.766,torque,6.000,0.034969
2026-06-04T13:57:06.030,27.797,rpm,6.000,0.034969
2026-06-04T13:57:06.077,27.828,rpm,5.000,0.034969
2026-06-04T13:57:06.105,27.859,torque,5.000,0.036069
2026-06-04T13:57:06.105,27.859,rpm,5.000,0.036069
2026-06-04T13:57:06.105,27.859,rpm,5.000,0.036069
2026-06-04T13:57:06.146,27.906,rpm,5.000,0.036069
2026-06-04T13:57:06.146,27.906,rpm,5.000,0.036069
2026-06-04T13:57:06.178,27.937,rpm,5.000,0.036069
2026-06-04T13:57:06.182,27.937,torque,5.000,0.036624
2026-06-04T13:57:06.187,27.953,rpm,5.000,0.036624
2026-06-04T13:57:06.208,27.969,rpm,5.000,0.036624
2026-06-04T13:57:06.231,27.984,rpm,5.000,0.036624
2026-06-04T13:57:06.256,28.016,rpm,5.000,0.036624
2026-06-04T13:57:06.286,28.047,torque,5.000,0.037312
2026-06-04T13:57:06.286,28.047,rpm,5.000,0.037312
2026-06-04T13:57:06.286,28.047,rpm,5.000,0.037312
2026-06-04T13:57:06.314,28.078,rpm,5.000,0.037312
2026-06-04T13:57:06.343,28.109,rpm,5.000,0.037312
2026-06-04T13:57:06.356,28.109,rpm,5.000,0.037312
2026-06-04T13:57:06.369,28.125,torque,5.000,0.037970
2026-06-04T13:57:06.381,28.141,rpm,5.000,0.037970
2026-06-04T13:57:06.415,28.172,rpm,4.000,0.037970
2026-06-04T13:57:06.425,28.187,rpm,4.000,0.037970
2026-06-04T13:57:06.426,28.187,rpm,4.000,0.037970
2026-06-04T13:57:06.453,28.219,torque,4.000,0.038965
2026-06-04T13:57:06.454,28.219,rpm,4.000,0.038965
2026-06-04T13:57:06.508,28.266,rpm,4.000,0.038965
2026-06-04T13:57:06.519,28.281,rpm,4.000,0.038965
2026-06-04T13:57:06.544,28.297,torque,4.000,0.040186
2026-06-04T13:57:06.544,28.297,rpm,4.000,0.040186
2026-06-04T13:57:06.560,28.312,rpm,4.000,0.040186
2026-06-04T13:57:06.585,28.344,rpm,4.000,0.040186
2026-06-04T13:57:06.601,28.359,rpm,4.000,0.040186
2026-06-04T13:57:06.614,28.375,rpm,4.000,0.040186
2026-06-04T13:57:06.627,28.391,torque,4.000,0.041352
2026-06-04T13:57:06.628,28.391,rpm,4.000,0.041352
2026-06-04T13:57:06.654,28.406,rpm,4.000,0.041352
2026-06-04T13:57:06.684,28.437,rpm,4.000,0.041352
2026-06-04T13:57:06.700,28.453,rpm,4.000,0.041352
2026-06-04T13:57:06.713,28.469,torque,4.000,0.042637
2026-06-04T13:57:06.713,28.469,rpm,4.000,0.042637
2026-06-04T13:57:06.749,28.516,rpm,4.000,0.042637
2026-06-04T13:57:06.770,28.531,rpm,4.000,0.042637
2026-06-04T13:57:06.771,28.531,rpm,4.000,0.042637
2026-06-04T13:57:06.796,28.547,rpm,4.000,0.042637
2026-06-04T13:57:06.797,28.562,torque,4.000,0.043842
2026-06-04T13:57:06.823,28.578,rpm,4.000,0.043842
2026-06-04T13:57:06.841,28.594,rpm,4.000,0.043842
2026-06-04T13:57:06.842,28.594,rpm,4.000,0.043842
2026-06-04T13:57:06.881,28.641,rpm,3.000,0.043842
2026-06-04T13:57:06.892,28.656,torque,3.000,0.045063
2026-06-04T13:57:06.893,28.656,rpm,3.000,0.045063
2026-06-04T13:57:06.928,28.687,rpm,3.000,0.045063
2026-06-04T13:57:06.935,28.687,rpm,3.000,0.045063
2026-06-04T13:57:06.963,28.719,rpm,3.000,0.045063
2026-06-04T13:57:06.975,28.734,torque,3.000,0.046278
2026-06-04T13:57:06.977,28.734,rpm,3.000,0.046278
2026-06-04T13:57:07.016,28.781,rpm,3.000,0.046278
2026-06-04T13:57:07.024,28.781,rpm,3.000,0.046278
2026-06-04T13:57:07.035,28.797,rpm,3.000,0.046278
2026-06-04T13:57:07.062,28.828,torque,3.000,0.047452
2026-06-04T13:57:07.062,28.828,rpm,3.000,0.047452
2026-06-04T13:57:07.063,28.828,rpm,3.000,0.047452
2026-06-04T13:57:07.112,28.875,rpm,3.000,0.047452
2026-06-04T13:57:07.130,28.891,rpm,3.000,0.047452
2026-06-04T13:57:07.130,28.891,rpm,3.000,0.047452
2026-06-04T13:57:07.155,28.922,torque,3.000,0.048582
2026-06-04T13:57:07.156,28.922,rpm,3.000,0.048582
2026-06-04T13:57:07.183,28.937,rpm,3.000,0.048582
2026-06-04T13:57:07.227,28.984,rpm,3.000,0.048582
2026-06-04T13:57:07.238,29.000,torque,3.000,0.049758
2026-06-04T13:57:07.238,29.000,rpm,3.000,0.049758
2026-06-04T13:57:07.280,29.047,rpm,3.000,0.049758
2026-06-04T13:57:07.309,29.062,rpm,3.000,0.049758
2026-06-04T13:57:07.321,29.078,torque,3.000,0.050885
2026-06-04T13:57:07.321,29.078,rpm,3.000,0.050885
2026-06-04T13:57:07.358,29.109,rpm,3.000,0.050885
2026-06-04T13:57:07.365,29.125,rpm,3.000,0.050885
2026-06-04T13:57:07.379,29.141,rpm,3.000,0.050885
2026-06-04T13:57:07.394,29.156,rpm,3.000,0.050885
2026-06-04T13:57:07.406,29.172,torque,3.000,0.052007
2026-06-04T13:57:07.448,29.203,rpm,3.000,0.052007
2026-06-04T13:57:07.449,29.203,rpm,3.000,0.052007
2026-06-04T13:57:07.474,29.234,rpm,3.000,0.052007
2026-06-04T13:57:07.487,29.250,torque,3.000,0.053085
2026-06-04T13:57:07.499,29.250,rpm,3.000,0.053085
2026-06-04T13:57:07.520,29.281,rpm,3.000,0.053085
2026-06-04T13:57:07.534,29.297,rpm,3.000,0.053085
2026-06-04T13:57:07.572,29.328,rpm,3.000,0.053085
2026-06-04T13:57:07.583,29.344,torque,3.000,0.054183
2026-06-04T13:57:07.609,29.375,rpm,3.000,0.054183
2026-06-04T13:57:07.610,29.375,rpm,3.000,0.054183
2026-06-04T13:57:07.651,29.406,torque,3.000,0.055250
2026-06-04T13:57:07.654,29.406,rpm,2.000,0.055250
2026-06-04T13:57:07.678,29.437,rpm,2.000,0.055250
2026-06-04T13:57:07.700,29.453,rpm,2.000,0.055250
2026-06-04T13:57:07.724,29.484,rpm,2.000,0.055250
2026-06-04T13:57:07.748,29.500,torque,2.000,0.056500
2026-06-04T13:57:07.749,29.500,rpm,2.000,0.056500
2026-06-04T13:57:07.789,29.547,rpm,2.000,0.056500
2026-06-04T13:57:07.803,29.562,rpm,2.000,0.056500
2026-06-04T13:57:07.815,29.578,rpm,2.000,0.056500
2026-06-04T13:57:07.840,29.594,torque,2.000,0.057931
2026-06-04T13:57:07.840,29.594,rpm,2.000,0.057931
2026-06-04T13:57:07.841,29.594,rpm,2.000,0.057931
2026-06-04T13:57:07.884,29.641,rpm,2.000,0.057931
2026-06-04T13:57:07.914,29.672,rpm,2.000,0.057931
2026-06-04T13:57:07.924,29.687,rpm,2.000,0.057931
2026-06-04T13:57:07.924,29.687,torque,2.000,0.059547
2026-06-04T13:57:07.926,29.687,rpm,2.000,0.059547
2026-06-04T13:57:07.970,29.734,rpm,2.000,0.059547
2026-06-04T13:57:08.006,29.766,torque,2.000,0.061073
2026-06-04T13:57:08.010,29.766,rpm,2.000,0.061073
2026-06-04T13:57:08.032,29.797,rpm,2.000,0.061073
2026-06-04T13:57:08.055,29.812,rpm,2.000,0.061073
2026-06-04T13:57:08.078,29.844,rpm,2.000,0.061073
2026-06-04T13:57:08.102,29.859,torque,2.000,0.062199
2026-06-04T13:57:08.143,29.906,rpm,2.000,0.062199
2026-06-04T13:57:08.168,29.922,rpm,2.000,0.062199
2026-06-04T13:57:08.171,29.922,torque,2.000,0.063237
2026-06-04T13:57:08.206,29.969,rpm,2.000,0.063237
2026-06-04T13:57:08.216,29.969,rpm,2.000,0.063237
2026-06-04T13:57:08.239,30.000,rpm,2.000,0.063237
2026-06-04T13:57:08.257,30.016,rpm,2.000,0.063237
2026-06-04T13:57:08.268,30.031,torque,2.000,0.064039
2026-06-04T13:57:08.283,30.047,rpm,2.000,0.064039
2026-06-04T13:57:08.295,30.047,rpm,2.000,0.064039
2026-06-04T13:57:08.323,30.078,rpm,2.000,0.064039
2026-06-04T13:57:08.346,30.109,rpm,2.000,0.064039
2026-06-04T13:57:08.348,30.109,torque,2.000,0.064820
2026-06-04T13:57:08.362,30.125,rpm,2.000,0.064820
2026-06-04T13:57:08.375,30.141,rpm,2.000,0.064820
2026-06-04T13:57:08.414,30.172,rpm,2.000,0.064820
2026-06-04T13:57:08.426,30.187,rpm,2.000,0.064820
2026-06-04T13:57:08.441,30.203,rpm,2.000,0.064820
2026-06-04T13:57:08.441,30.203,torque,2.000,0.065548
2026-06-04T13:57:08.464,30.219,rpm,2.000,0.065548
2026-06-04T13:57:08.492,30.250,rpm,2.000,0.065548
2026-06-04T13:57:08.507,30.266,rpm,2.000,0.065548
2026-06-04T13:57:08.519,30.281,torque,2.000,0.066221
2026-06-04T13:57:08.519,30.281,rpm,2.000,0.066221
2026-06-04T13:57:08.542,30.297,rpm,2.000,0.066221
2026-06-04T13:57:08.582,30.344,rpm,2.000,0.066221
2026-06-04T13:57:08.582,30.344,rpm,2.000,0.066221
2026-06-04T13:57:08.606,30.359,rpm,2.000,0.066221
2026-06-04T13:57:08.607,30.359,torque,2.000,0.066864
2026-06-04T13:57:08.650,30.406,rpm,2.000,0.066864
2026-06-04T13:57:08.651,30.406,rpm,2.000,0.066864
2026-06-04T13:57:08.678,30.437,rpm,2.000,0.066864
2026-06-04T13:57:08.692,30.453,rpm,2.000,0.066864
2026-06-04T13:57:08.704,30.469,torque,2.000,0.067464
2026-06-04T13:57:08.750,30.516,rpm,2.000,0.067464
2026-06-04T13:57:08.752,30.516,rpm,2.000,0.067464
2026-06-04T13:57:08.777,30.531,torque,2.000,0.068011
2026-06-04T13:57:08.804,30.562,rpm,2.000,0.068011
2026-06-04T13:57:08.838,30.594,rpm,2.000,0.068011
2026-06-04T13:57:08.870,30.625,rpm,2.000,0.068011
2026-06-04T13:57:08.870,30.625,torque,2.000,0.068602
2026-06-04T13:57:08.876,30.641,rpm,2.000,0.068602
2026-06-04T13:57:08.895,30.656,rpm,2.000,0.068602
2026-06-04T13:57:08.926,30.687,rpm,2.000,0.068602
2026-06-04T13:57:08.928,30.687,rpm,2.000,0.068602
2026-06-04T13:57:08.954,30.719,torque,2.000,0.069202
2026-06-04T13:57:08.954,30.719,rpm,2.000,0.069202
2026-06-04T13:57:08.975,30.734,rpm,2.000,0.069202
2026-06-04T13:57:09.008,30.766,rpm,2.000,0.069202
2026-06-04T13:57:09.034,30.797,rpm,2.000,0.069202
2026-06-04T13:57:09.037,30.797,rpm,2.000,0.069202
2026-06-04T13:57:09.045,30.797,torque,2.000,0.069761
2026-06-04T13:57:09.055,30.812,rpm,2.000,0.069761
2026-06-04T13:57:09.093,30.859,rpm,2.000,0.069761
2026-06-04T13:57:09.104,30.859,rpm,2.000,0.069761
2026-06-04T13:57:09.117,30.875,rpm,2.000,0.069761
2026-06-04T13:57:09.135,30.891,torque,2.000,0.070199
2026-06-04T13:57:09.137,30.891,rpm,2.000,0.070199
2026-06-04T13:57:09.173,30.937,rpm,2.000,0.070199
2026-06-04T13:57:09.194,30.953,rpm,2.000,0.070199
2026-06-04T13:57:09.218,30.969,torque,2.000,0.070653
2026-06-04T13:57:09.228,30.984,rpm,2.000,0.070653
2026-06-04T13:57:09.235,31.000,rpm,1.000,0.070653
2026-06-04T13:57:09.255,31.016,rpm,1.000,0.070653
2026-06-04T13:57:09.297,31.062,rpm,1.000,0.070653
2026-06-04T13:57:09.299,31.062,torque,1.000,0.070849
2026-06-04T13:57:09.332,31.094,rpm,1.000,0.070849
2026-06-04T13:57:09.351,31.109,rpm,1.000,0.070849
2026-06-04T13:57:09.351,31.109,rpm,1.000,0.070849
2026-06-04T13:57:09.378,31.141,rpm,1.000,0.070849
2026-06-04T13:57:09.382,31.141,torque,1.000,0.071102
2026-06-04T13:57:09.387,31.141,rpm,1.000,0.071102
2026-06-04T13:57:09.422,31.187,rpm,1.000,0.071102
2026-06-04T13:57:09.448,31.203,rpm,1.000,0.071102
2026-06-04T13:57:09.474,31.234,torque,1.000,0.071261
2026-06-04T13:57:09.476,31.234,rpm,1.000,0.071261
2026-06-04T13:57:09.518,31.281,rpm,1.000,0.071261
2026-06-04T13:57:09.539,31.297,rpm,1.000,0.071261
2026-06-04T13:57:09.557,31.312,rpm,1.000,0.071261
2026-06-04T13:57:09.558,31.312,torque,1.000,0.071420
2026-06-04T13:57:09.583,31.344,rpm,1.000,0.071420
2026-06-04T13:57:09.599,31.359,rpm,1.000,0.071420
2026-06-04T13:57:09.624,31.391,rpm,1.000,0.071420
2026-06-04T13:57:09.628,31.391,rpm,1.000,0.071420
2026-06-04T13:57:09.650,31.406,torque,1.000,0.071598
2026-06-04T13:57:09.661,31.422,rpm,1.000,0.071598
2026-06-04T13:57:09.685,31.437,rpm,1.000,0.071598
2026-06-04T13:57:09.715,31.469,rpm,1.000,0.071598
2026-06-04T13:57:09.726,31.484,torque,1.000,0.071859
2026-06-04T13:57:09.761,31.516,rpm,1.000,0.071859
2026-06-04T13:57:09.793,31.547,rpm,1.000,0.071859
2026-06-04T13:57:09.803,31.562,rpm,1.000,0.071859
2026-06-04T13:57:09.818,31.578,torque,1.000,0.072058
2026-06-04T13:57:09.821,31.578,rpm,1.000,0.072058
2026-06-04T13:57:09.849,31.609,rpm,1.000,0.072058
2026-06-04T13:57:09.872,31.625,rpm,1.000,0.072058
2026-06-04T13:57:09.891,31.656,rpm,1.000,0.072058
2026-06-04T13:57:09.892,31.656,rpm,1.000,0.072058
2026-06-04T13:57:09.898,31.656,torque,1.000,0.072157
2026-06-04T13:57:09.927,31.687,rpm,1.000,0.072157
2026-06-04T13:57:09.949,31.703,rpm,1.000,0.072157
2026-06-04T13:57:09.972,31.734,rpm,1.000,0.072157
2026-06-04T13:57:10.001,31.766,torque,1.000,0.072213
2026-06-04T13:57:10.017,31.781,rpm,1.000,0.072213
2026-06-04T13:57:10.050,31.812,rpm,1.000,0.072213
2026-06-04T13:57:10.068,31.828,rpm,1.000,0.072213
2026-06-04T13:57:10.074,31.828,torque,1.000,0.072197
2026-06-04T13:57:10.078,31.844,rpm,1.000,0.072197
2026-06-04T13:57:10.111,31.875,rpm,1.000,0.072197
2026-06-04T13:57:10.115,31.875,rpm,1.000,0.072197
2026-06-04T13:57:10.152,31.906,rpm,1.000,0.072197
2026-06-04T13:57:10.161,31.922,torque,1.000,0.072133
2026-06-04T13:57:10.195,31.953,rpm,1.000,0.072133
2026-06-04T13:57:10.199,31.953,rpm,1.000,0.072133
2026-06-04T13:57:10.225,31.984,rpm,1.000,0.072133
2026-06-04T13:57:10.240,32.000,rpm,1.000,0.072133
2026-06-04T13:57:10.257,32.016,torque,1.000,0.072181
2026-06-04T13:57:10.259,32.016,rpm,1.000,0.072181
2026-06-04T13:57:10.293,32.047,rpm,1.000,0.072181
2026-06-04T13:57:10.310,32.062,rpm,1.000,0.072181
2026-06-04T13:57:10.329,32.094,rpm,1.000,0.072181
2026-06-04T13:57:10.333,32.094,rpm,1.000,0.072181
2026-06-04T13:57:10.333,32.094,torque,1.000,0.072156
2026-06-04T13:57:10.371,32.125,rpm,1.000,0.072156
2026-06-04T13:57:10.388,32.141,rpm,1.000,0.072156
2026-06-04T13:57:10.418,32.172,rpm,1.000,0.072156
2026-06-04T13:57:10.419,32.172,torque,1.000,0.072144
2026-06-04T13:57:10.423,32.187,rpm,1.000,0.072144
2026-06-04T13:57:10.445,32.203,rpm,1.000,0.072144
2026-06-04T13:57:10.463,32.219,rpm,1.000,0.072144
2026-06-04T13:57:10.489,32.250,rpm,1.000,0.072144
2026-06-04T13:57:10.507,32.266,torque,1.000,0.072095
2026-06-04T13:57:10.507,32.266,rpm,1.000,0.072095
2026-06-04T13:57:10.527,32.281,rpm,1.000,0.072095
2026-06-04T13:57:10.544,32.297,rpm,1.000,0.072095
2026-06-04T13:57:10.573,32.328,rpm,1.000,0.072095
2026-06-04T13:57:10.592,32.344,torque,1.000,0.072131
2026-06-04T13:57:10.604,32.359,rpm,1.000,0.072131
2026-06-04T13:57:10.638,32.391,rpm,1.000,0.072131
2026-06-04T13:57:10.638,32.391,rpm,1.000,0.072131
2026-06-04T13:57:10.665,32.422,rpm,1.000,0.072131
2026-06-04T13:57:10.689,32.453,torque,1.000,0.072105
2026-06-04T13:57:10.689,32.453,rpm,1.000,0.072105
2026-06-04T13:57:10.721,32.484,rpm,1.000,0.072105
2026-06-04T13:57:10.740,32.500,rpm,1.000,0.072105
2026-06-04T13:57:10.757,32.516,rpm,1.000,0.072105
2026-06-04T13:57:10.759,32.516,rpm,1.000,0.072105
2026-06-04T13:57:10.767,32.531,torque,1.000,0.072167
2026-06-04T13:57:10.794,32.547,rpm,1.000,0.072167
2026-06-04T13:57:10.838,32.594,rpm,1.000,0.072167
2026-06-04T13:57:10.866,32.625,torque,1.000,0.072379
2026-06-04T13:57:10.869,32.625,rpm,1.000,0.072379
2026-06-04T13:57:10.894,32.656,rpm,1.000,0.072379
2026-06-04T13:57:10.934,32.687,rpm,1.000,0.072379
2026-06-04T13:57:10.939,32.703,torque,1.000,0.072389
2026-06-04T13:57:10.973,32.734,rpm,1.000,0.072389
2026-06-04T13:57:10.993,32.750,rpm,1.000,0.072389
2026-06-04T13:57:11.002,32.766,rpm,1.000,0.072389
2026-06-04T13:57:11.025,32.781,rpm,1.000,0.072389
2026-06-04T13:57:11.025,32.781,torque,1.000,0.072390
2026-06-04T13:57:11.054,32.812,rpm,1.000,0.072390
2026-06-04T13:57:11.069,32.828,rpm,1.000,0.072390
2026-06-04T13:57:11.084,32.844,rpm,1.000,0.072390
2026-06-04T13:57:11.110,32.875,rpm,1.000,0.072390
2026-06-04T13:57:11.117,32.875,torque,1.000,0.072431
2026-06-04T13:57:11.135,32.891,rpm,1.000,0.072431
2026-06-04T13:57:11.143,32.906,rpm,1.000,0.072431
2026-06-04T13:57:11.168,32.922,rpm,1.000,0.072431
2026-06-04T13:57:11.184,32.937,rpm,1.000,0.072431
2026-06-04T13:57:11.200,32.953,torque,1.000,0.072621
2026-06-04T13:57:11.223,32.984,rpm,1.000,0.072621
2026-06-04T13:57:11.244,33.000,rpm,1.000,0.072621
2026-06-04T13:57:11.266,33.031,rpm,1.000,0.072621
2026-06-04T13:57:11.273,33.031,rpm,1.000,0.072621
2026-06-04T13:57:11.296,33.062,torque,1.000,0.072635
2026-06-04T13:57:11.313,33.078,rpm,1.000,0.072635
2026-06-04T13:57:11.330,33.094,rpm,1.000,0.072635
2026-06-04T13:57:11.358,33.109,rpm,1.000,0.072635
2026-06-04T13:57:11.377,33.141,torque,1.000,0.072740
2026-06-04T13:57:11.393,33.156,rpm,1.000,0.072740
2026-06-04T13:57:11.395,33.156,rpm,1.000,0.072740
2026-06-04T13:57:11.425,33.187,rpm,1.000,0.072740
2026-06-04T13:57:11.441,33.203,rpm,1.000,0.072740
2026-06-04T13:57:11.457,33.219,rpm,1.000,0.072740
2026-06-04T13:57:11.475,33.234,torque,1.000,0.072808
2026-06-04T13:57:11.486,33.250,rpm,1.000,0.072808
2026-06-04T13:57:11.510,33.266,rpm,1.000,0.072808
2026-06-04T13:57:11.539,33.297,rpm,1.000,0.072808
2026-06-04T13:57:11.545,33.297,torque,1.000,0.072877
2026-06-04T13:57:11.566,33.328,rpm,1.000,0.072877
2026-06-04T13:57:11.581,33.344,rpm,1.000,0.072877
2026-06-04T13:57:11.606,33.359,rpm,1.000,0.072877
2026-06-04T13:57:11.632,33.391,torque,1.000,0.073005
2026-06-04T13:57:11.635,33.391,rpm,1.000,0.073005
2026-06-04T13:57:11.671,33.437,rpm,1.000,0.073005
2026-06-04T13:57:11.687,33.453,rpm,1.000,0.073005
2026-06-04T13:57:11.717,33.469,torque,1.000,0.073160
2026-06-04T13:57:11.741,33.500,rpm,1.000,0.073160
2026-06-04T13:57:11.742,33.500,rpm,1.000,0.073160
2026-06-04T13:57:11.763,33.516,rpm,1.000,0.073160
2026-06-04T13:57:11.793,33.547,rpm,1.000,0.073160
2026-06-04T13:57:11.804,33.562,torque,1.000,0.073297
2026-06-04T13:57:11.822,33.578,rpm,1.000,0.073297
2026-06-04T13:57:11.832,33.594,rpm,1.000,0.073297
2026-06-04T13:57:11.856,33.609,rpm,1.000,0.073297
2026-06-04T13:57:11.875,33.641,rpm,1.000,0.073297
2026-06-04T13:57:11.891,33.656,torque,1.000,0.073323
2026-06-04T13:57:11.923,33.687,rpm,1.000,0.073323
2026-06-04T13:57:11.954,33.719,rpm,1.000,0.073323
2026-06-04T13:57:11.975,33.734,torque,1.000,0.073426
2026-06-04T13:57:11.978,33.734,rpm,1.000,0.073426
2026-06-04T13:57:12.023,33.781,rpm,1.000,0.073426
2026-06-04T13:57:12.048,33.812,rpm,1.000,0.073426
2026-06-04T13:57:12.066,33.828,rpm,1.000,0.073426
2026-06-04T13:57:12.066,33.828,torque,1.000,0.073582
2026-06-04T13:57:12.092,33.844,rpm,1.000,0.073582
2026-06-04T13:57:12.115,33.875,rpm,1.000,0.073582
2026-06-04T13:57:12.122,33.875,rpm,1.000,0.073582
2026-06-04T13:57:12.147,33.906,torque,1.000,0.073629
2026-06-04T13:57:12.150,33.906,rpm,1.000,0.073629
2026-06-04T13:57:12.174,33.937,rpm,1.000,0.073629
2026-06-04T13:57:12.189,33.953,rpm,1.000,0.073629
2026-06-04T13:57:12.209,33.969,rpm,1.000,0.073629
2026-06-04T13:57:12.223,33.984,rpm,1.000,0.073629
2026-06-04T13:57:12.241,34.000,torque,1.000,0.073896
2026-06-04T13:57:12.270,34.031,rpm,1.000,0.073896
2026-06-04T13:57:12.288,34.047,rpm,1.000,0.073896
2026-06-04T13:57:12.324,34.078,torque,1.000,0.074043
2026-06-04T13:57:12.324,34.078,rpm,1.000,0.074043
2026-06-04T13:57:12.358,34.109,rpm,1.000,0.074043
2026-06-04T13:57:12.365,34.125,rpm,1.000,0.074043
2026-06-04T13:57:12.392,34.156,rpm,1.000,0.074043
2026-06-04T13:57:12.414,34.172,rpm,1.000,0.074043
2026-06-04T13:57:12.415,34.172,torque,1.000,0.073997
2026-06-04T13:57:12.428,34.187,rpm,1.000,0.073997
2026-06-04T13:57:12.457,34.219,rpm,1.000,0.073997
2026-06-04T13:57:12.481,34.234,rpm,1.000,0.073997
2026-06-04T13:57:12.489,34.250,rpm,1.000,0.073997
2026-06-04T13:57:12.496,34.250,torque,1.000,0.074045
2026-06-04T13:57:12.512,34.266,rpm,1.000,0.074045
2026-06-04T13:57:12.546,34.297,rpm,1.000,0.074045
2026-06-04T13:57:12.577,34.344,rpm,1.000,0.074045
2026-06-04T13:57:12.591,34.344,torque,1.000,0.074166
2026-06-04T13:57:12.601,34.359,rpm,1.000,0.074166
2026-06-04T13:57:12.623,34.375,rpm,1.000,0.074166
2026-06-04T13:57:12.624,34.375,rpm,1.000,0.074166
2026-06-04T13:57:12.651,34.406,rpm,1.000,0.074166
2026-06-04T13:57:12.672,34.437,rpm,1.000,0.074166
2026-06-04T13:57:12.673,34.437,torque,1.000,0.074238
2026-06-04T13:57:12.688,34.453,rpm,1.000,0.074238
2026-06-04T13:57:12.743,34.500,rpm,1.000,0.074238
2026-06-04T13:57:12.768,34.531,torque,1.000,0.074362
2026-06-04T13:57:12.771,34.531,rpm,1.000,0.074362
2026-06-04T13:57:12.794,34.547,rpm,1.000,0.074362
2026-06-04T13:57:12.812,34.578,rpm,1.000,0.074362
2026-06-04T13:57:12.815,34.578,rpm,1.000,0.074362
2026-06-04T13:57:12.839,34.594,torque,1.000,0.074463
2026-06-04T13:57:12.841,34.594,rpm,1.000,0.074463
2026-06-04T13:57:12.876,34.641,rpm,1.000,0.074463
2026-06-04T13:57:12.899,34.656,rpm,1.000,0.074463
2026-06-04T13:57:12.928,34.687,rpm,1.000,0.074463
2026-06-04T13:57:12.930,34.687,torque,1.000,0.074530
2026-06-04T13:57:12.956,34.719,rpm,1.000,0.074530
2026-06-04T13:57:12.977,34.734,rpm,1.000,0.074530
2026-06-04T13:57:12.987,34.750,rpm,1.000,0.074530
2026-06-04T13:57:13.007,34.766,rpm,1.000,0.074530
2026-06-04T13:57:13.022,34.781,torque,1.000,0.074521
2026-06-04T13:57:13.039,34.797,rpm,1.000,0.074521
2026-06-04T13:57:13.055,34.812,rpm,1.000,0.074521
2026-06-04T13:57:13.072,34.828,rpm,1.000,0.074521
2026-06-04T13:57:13.087,34.844,rpm,1.000,0.074521
2026-06-04T13:57:13.102,34.859,torque,1.000,0.074629
2026-06-04T13:57:13.106,34.859,rpm,1.000,0.074629
2026-06-04T13:57:13.139,34.891,rpm,1.000,0.074629
2026-06-04T13:57:13.155,34.922,rpm,1.000,0.074629
2026-06-04T13:57:13.157,34.922,rpm,1.000,0.074629
2026-06-04T13:57:13.183,34.937,rpm,1.000,0.074629
2026-06-04T13:57:13.199,34.953,torque,1.000,0.074750
2026-06-04T13:57:13.215,34.969,rpm,1.000,0.074750
2026-06-04T13:57:13.253,35.016,rpm,1.000,0.074750
2026-06-04T13:57:13.262,35.016,rpm,1.000,0.074750
2026-06-04T13:57:13.280,35.047,torque,1.000,0.074793
2026-06-04T13:57:13.299,35.062,rpm,1.000,0.074793
2026-06-04T13:57:13.308,35.062,rpm,1.000,0.074793
2026-06-04T13:57:13.329,35.094,rpm,1.000,0.074793
2026-06-04T13:57:13.360,35.125,torque,1.000,0.074930
2026-06-04T13:57:13.365,35.125,rpm,1.000,0.074930
2026-06-04T13:57:13.418,35.172,rpm,1.000,0.074930
2026-06-04T13:57:13.446,35.203,torque,1.000,0.075041
2026-06-04T13:57:13.451,35.203,rpm,1.000,0.075041
2026-06-04T13:57:13.482,35.234,rpm,1.000,0.075041
2026-06-04T13:57:13.488,35.250,rpm,1.000,0.075041
2026-06-04T13:57:13.506,35.266,rpm,1.000,0.075041
2026-06-04T13:57:13.537,35.297,rpm,1.000,0.075041
2026-06-04T13:57:13.538,35.297,torque,1.000,0.075163
2026-06-04T13:57:13.552,35.312,rpm,1.000,0.075163
2026-06-04T13:57:13.603,35.359,rpm,1.000,0.075163
2026-06-04T13:57:13.633,35.391,torque,1.000,0.075105
2026-06-04T13:57:13.633,35.391,rpm,1.000,0.075105
2026-06-04T13:57:13.665,35.422,rpm,1.000,0.075105
2026-06-04T13:57:13.666,35.422,rpm,1.000,0.075105
2026-06-04T13:57:13.707,35.469,torque,1.000,0.075081
2026-06-04T13:57:13.733,35.484,rpm,1.000,0.075081
2026-06-04T13:57:13.760,35.516,rpm,1.000,0.075081
2026-06-04T13:57:13.784,35.547,rpm,1.000,0.075081
2026-06-04T13:57:13.808,35.562,torque,1.000,0.075175
2026-06-04T13:57:13.808,35.562,rpm,1.000,0.075175
2026-06-04T13:57:13.839,35.594,rpm,1.000,0.075175
2026-06-04T13:57:13.857,35.609,rpm,1.000,0.075175
2026-06-04T13:57:13.874,35.641,rpm,1.000,0.075175
2026-06-04T13:57:13.888,35.641,torque,1.000,0.075315
2026-06-04T13:57:13.890,35.656,rpm,1.000,0.075315
2026-06-04T13:57:13.923,35.687,rpm,1.000,0.075315
2026-06-04T13:57:13.939,35.703,rpm,1.000,0.075315
2026-06-04T13:57:13.954,35.719,rpm,1.000,0.075315
2026-06-04T13:57:13.959,35.719,rpm,1.000,0.075315
2026-06-04T13:57:13.965,35.719,torque,1.000,0.075362
2026-06-04T13:57:13.993,35.750,rpm,1.000,0.075362
2026-06-04T13:57:14.016,35.781,rpm,0.000,0.075362
2026-06-04T13:57:14.040,35.797,rpm,0.000,0.075362
2026-06-04T13:57:14.064,35.828,torque,0.000,0.075376
2026-06-04T13:57:14.081,35.844,rpm,0.000,0.075376
2026-06-04T13:57:14.097,35.859,rpm,0.000,0.075376
2026-06-04T13:57:14.112,35.875,rpm,0.000,0.075376
2026-06-04T13:57:14.132,35.891,rpm,0.000,0.075376
2026-06-04T13:57:14.137,35.891,torque,0.000,0.075470
2026-06-04T13:57:14.159,35.922,rpm,0.000,0.075470
2026-06-04T13:57:14.173,35.937,rpm,0.000,0.075470
2026-06-04T13:57:14.193,35.953,rpm,0.000,0.075470
2026-06-04T13:57:14.204,35.969,rpm,0.000,0.075470
2026-06-04T13:57:14.226,35.984,rpm,0.000,0.075470
2026-06-04T13:57:14.226,35.984,torque,0.000,0.075532
2026-06-04T13:57:14.254,36.016,rpm,0.000,0.075532
2026-06-04T13:57:14.272,36.031,rpm,0.000,0.075532
2026-06-04T13:57:14.293,36.047,rpm,0.000,0.075532
2026-06-04T13:57:14.319,36.078,torque,0.000,0.075583
2026-06-04T13:57:14.320,36.078,rpm,0.000,0.075583
2026-06-04T13:57:14.333,36.094,rpm,0.000,0.075583
2026-06-04T13:57:14.356,36.109,rpm,0.000,0.075583
2026-06-04T13:57:14.388,36.141,rpm,0.000,0.075583
2026-06-04T13:57:14.400,36.156,torque,0.000,0.075639
2026-06-04T13:57:14.419,36.172,rpm,0.000,0.075639
2026-06-04T13:57:14.436,36.187,rpm,0.000,0.075639
2026-06-04T13:57:14.467,36.219,rpm,0.000,0.075639
2026-06-04T13:57:14.489,36.250,torque,0.000,0.075714
2026-06-04T13:57:14.491,36.250,rpm,0.000,0.075714
2026-06-04T13:57:14.518,36.281,rpm,0.000,0.075714
2026-06-04T13:57:14.539,36.297,rpm,0.000,0.075714
2026-06-04T13:57:14.564,36.328,rpm,0.000,0.075714
2026-06-04T13:57:14.586,36.344,torque,0.000,0.075855
2026-06-04T13:57:14.586,36.344,rpm,0.000,0.075855
2026-06-04T13:57:14.588,36.344,rpm,0.000,0.075855
2026-06-04T13:57:14.628,36.391,rpm,0.000,0.075855
2026-06-04T13:57:14.649,36.406,rpm,0.000,0.075855
2026-06-04T13:57:14.670,36.422,torque,0.000,0.075806
2026-06-04T13:57:14.695,36.453,rpm,0.000,0.075806
2026-06-04T13:57:14.723,36.484,rpm,0.000,0.075806
2026-06-04T13:57:14.738,36.500,rpm,0.000,0.075806
2026-06-04T13:57:14.744,36.500,torque,0.000,0.075872
2026-06-04T13:57:14.745,36.500,rpm,0.000,0.075872
2026-06-04T13:57:14.786,36.547,rpm,0.000,0.075872
2026-06-04T13:57:14.795,36.547,rpm,0.000,0.075872
2026-06-04T13:57:14.820,36.578,rpm,0.000,0.075872
2026-06-04T13:57:14.828,36.594,rpm,0.000,0.075872
2026-06-04T13:57:14.830,36.594,torque,0.000,0.075914
2026-06-04T13:57:14.853,36.609,rpm,0.000,0.075914
2026-06-04T13:57:14.886,36.641,rpm,0.000,0.075914
2026-06-04T13:57:14.893,36.656,rpm,0.000,0.075914
2026-06-04T13:57:14.916,36.672,rpm,0.000,0.075914
2026-06-04T13:57:14.916,36.672,torque,0.000,0.075882
2026-06-04T13:57:14.947,36.703,rpm,0.000,0.075882
2026-06-04T13:57:14.981,36.734,rpm,0.000,0.075882
2026-06-04T13:57:14.995,36.750,rpm,0.000,0.075882
2026-06-04T13:57:15.005,36.766,torque,0.000,0.075955
2026-06-04T13:57:15.031,36.797,rpm,0.000,0.075955
2026-06-04T13:57:15.064,36.828,rpm,0.000,0.075955
2026-06-04T13:57:15.072,36.828,rpm,0.000,0.075955
2026-06-04T13:57:15.073,36.828,rpm,0.000,0.075955
2026-06-04T13:57:15.093,36.844,torque,0.000,0.075952
2026-06-04T13:57:15.096,36.859,rpm,0.000,0.075952
2026-06-04T13:57:15.125,36.891,rpm,0.000,0.075952
2026-06-04T13:57:15.142,36.906,rpm,0.000,0.075952
2026-06-04T13:57:15.161,36.922,rpm,0.000,0.075952
2026-06-04T13:57:15.186,36.937,torque,0.000,0.075891
2026-06-04T13:57:15.186,36.937,rpm,0.000,0.075891
2026-06-04T13:57:15.223,36.984,rpm,0.000,0.075891
2026-06-04T13:57:15.224,36.984,rpm,0.000,0.075891
2026-06-04T13:57:15.252,37.016,rpm,0.000,0.075891
2026-06-04T13:57:15.260,37.016,rpm,0.000,0.075891
2026-06-04T13:57:15.280,37.031,torque,0.000,0.076125
2026-06-04T13:57:15.281,37.047,rpm,0.000,0.076125
2026-06-04T13:57:15.307,37.062,rpm,0.000,0.076125
2026-06-04T13:57:15.350,37.109,torque,0.000,0.076205
2026-06-04T13:57:15.373,37.125,rpm,0.000,0.076205
2026-06-04T13:57:15.382,37.141,rpm,0.000,0.076205
2026-06-04T13:57:15.405,37.172,rpm,0.000,0.076205
2026-06-04T13:57:15.427,37.187,rpm,0.000,0.076205
2026-06-04T13:57:15.436,37.187,torque,0.000,0.076216
2026-06-04T13:57:15.462,37.219,rpm,0.000,0.076216
2026-06-04T13:57:15.509,37.266,rpm,0.000,0.076216
2026-06-04T13:57:15.510,37.266,rpm,0.000,0.076216
2026-06-04T13:57:15.536,37.297,torque,0.000,0.076297
2026-06-04T13:57:15.546,37.312,rpm,0.000,0.076297
2026-06-04T13:57:15.580,37.344,rpm,0.000,0.076297
2026-06-04T13:57:15.590,37.344,rpm,0.000,0.076297
2026-06-04T13:57:15.591,37.344,rpm,0.000,0.076297
2026-06-04T13:57:15.620,37.375,torque,0.000,0.076329
2026-06-04T13:57:15.622,37.375,rpm,0.000,0.076329
2026-06-04T13:57:15.647,37.406,rpm,0.000,0.076329
2026-06-04T13:57:15.672,37.437,rpm,0.000,0.076329
2026-06-04T13:57:15.682,37.437,rpm,0.000,0.076329
2026-06-04T13:57:15.706,37.469,torque,0.000,0.076231
2026-06-04T13:57:15.747,37.500,rpm,0.000,0.076231
2026-06-04T13:57:15.751,37.516,rpm,0.000,0.076231
2026-06-04T13:57:15.784,37.547,rpm,0.000,0.076231
2026-06-04T13:57:15.785,37.547,torque,0.000,0.076309
2026-06-04T13:57:15.805,37.562,rpm,0.000,0.076309
2026-06-04T13:57:15.836,37.594,rpm,0.000,0.076309
2026-06-04T13:57:15.847,37.609,rpm,0.000,0.076309
2026-06-04T13:57:15.860,37.625,rpm,0.000,0.076309
2026-06-04T13:57:15.885,37.641,rpm,0.000,0.076309
2026-06-04T13:57:15.885,37.641,torque,0.000,0.076368
2026-06-04T13:57:15.904,37.656,rpm,0.000,0.076368
2026-06-04T13:57:15.930,37.687,rpm,0.000,0.076368
2026-06-04T13:57:15.932,37.687,rpm,0.000,0.076368
2026-06-04T13:57:15.955,37.719,rpm,0.000,0.076368
2026-06-04T13:57:15.957,37.719,torque,0.000,0.076382
2026-06-04T13:57:15.989,37.750,rpm,0.000,0.076382
2026-06-04T13:57:15.999,37.766,rpm,0.000,0.076382
2026-06-04T13:57:16.023,37.781,rpm,0.000,0.076382
2026-06-04T13:57:16.045,37.797,rpm,0.000,0.076382
2026-06-04T13:57:16.051,37.812,torque,0.000,0.076352
2026-06-04T13:57:16.065,37.828,rpm,0.000,0.076352
2026-06-04T13:57:16.092,37.844,rpm,0.000,0.076352
2026-06-04T13:57:16.099,37.859,rpm,0.000,0.076352
2026-06-04T13:57:16.116,37.875,rpm,0.000,0.076352
2026-06-04T13:57:16.129,37.891,torque,0.000,0.076351
2026-06-04T13:57:16.142,37.906,rpm,0.000,0.076351
2026-06-04T13:57:16.182,37.937,rpm,0.000,0.076351
2026-06-04T13:57:16.184,37.937,rpm,0.000,0.076351
2026-06-04T13:57:16.208,37.969,rpm,0.000,0.076351
2026-06-04T13:57:16.225,37.984,torque,0.000,0.076513
2026-06-04T13:57:16.226,37.984,rpm,0.000,0.076513
2026-06-04T13:57:16.252,38.016,rpm,0.000,0.076513
2026-06-04T13:57:16.268,38.031,rpm,0.000,0.076513
2026-06-04T13:57:16.291,38.047,rpm,0.000,0.076513
2026-06-04T13:57:16.293,38.047,rpm,0.000,0.076513
2026-06-04T13:57:16.309,38.062,torque,0.000,0.076544
2026-06-04T13:57:16.332,38.094,rpm,0.000,0.076544
2026-06-04T13:57:16.361,38.125,rpm,0.000,0.076544
2026-06-04T13:57:16.379,38.141,rpm,0.000,0.076544
2026-06-04T13:57:16.403,38.156,torque,0.000,0.076452
2026-06-04T13:57:16.403,38.156,rpm,0.000,0.076452
2026-06-04T13:57:16.437,38.203,rpm,0.000,0.076452
2026-06-04T13:57:16.447,38.203,rpm,0.000,0.076452
2026-06-04T13:57:16.456,38.219,rpm,0.000,0.076452
2026-06-04T13:57:16.476,38.234,rpm,0.000,0.076452
2026-06-04T13:57:16.477,38.234,torque,0.000,0.076522
2026-06-04T13:57:16.504,38.266,rpm,0.000,0.076522
2026-06-04T13:57:16.533,38.297,rpm,0.000,0.076522
2026-06-04T13:57:16.555,38.312,rpm,0.000,0.076522
2026-06-04T13:57:16.571,38.328,torque,0.000,0.076592
2026-06-04T13:57:16.579,38.344,rpm,0.000,0.076592
2026-06-04T13:57:16.605,38.359,rpm,0.000,0.076592
2026-06-04T13:57:16.615,38.375,rpm,0.000,0.076592
2026-06-04T13:57:16.639,38.391,rpm,0.000,0.076592
2026-06-04T13:57:16.658,38.422,torque,0.000,0.076621
2026-06-04T13:57:16.659,38.422,rpm,0.000,0.076621
2026-06-04T13:57:16.683,38.437,rpm,0.000,0.076621
2026-06-04T13:57:16.699,38.453,rpm,0.000,0.076621
2026-06-04T13:57:16.723,38.484,rpm,0.000,0.076621
2026-06-04T13:57:16.744,38.500,torque,0.000,0.076636
2026-06-04T13:57:16.744,38.500,rpm,0.000,0.076636
2026-06-04T13:57:16.766,38.531,rpm,0.000,0.076636
2026-06-04T13:57:16.777,38.531,rpm,0.000,0.076636
2026-06-04T13:57:16.793,38.547,rpm,0.000,0.076636
2026-06-04T13:57:16.823,38.578,rpm,0.000,0.076636
2026-06-04T13:57:16.824,38.578,torque,0.000,0.076577
2026-06-04T13:57:16.842,38.594,rpm,0.000,0.076577
2026-06-04T13:57:16.864,38.625,rpm,0.000,0.076577
2026-06-04T13:57:16.895,38.656,rpm,0.000,0.076577
2026-06-04T13:57:16.917,38.672,torque,0.000,0.076593
2026-06-04T13:57:16.918,38.672,rpm,0.000,0.076593
2026-06-04T13:57:16.940,38.703,rpm,0.000,0.076593
2026-06-04T13:57:16.959,38.719,rpm,0.000,0.076593
2026-06-04T13:57:16.985,38.750,rpm,0.000,0.076593
2026-06-04T13:57:16.986,38.750,rpm,0.000,0.076593
2026-06-04T13:57:17.004,38.766,torque,0.000,0.076690
