timestamp,elapsed_s,source,rpm,torque_nm,throttle_pct
2026-06-08T15:38:25.457,0.016,rpm,0.000,,
2026-06-08T15:38:25.458,0.016,rpm,0.000,,
2026-06-08T15:38:25.458,0.016,rpm,0.000,,
2026-06-08T15:38:25.459,0.016,rpm,0.000,,
2026-06-08T15:38:25.459,0.016,rpm,0.000,,
2026-06-08T15:38:25.459,0.016,torque,0.000,0.046048,
2026-06-08T15:38:25.459,0.016,rpm,0.000,0.046048,
2026-06-08T15:38:25.459,0.016,rpm,0.000,0.046048,
2026-06-08T15:38:25.491,0.047,rpm,0.000,0.046048,
2026-06-08T15:38:25.501,0.063,torque,0.000,0.045873,
2026-06-08T15:38:25.501,0.063,rpm,0.000,0.045873,
2026-06-08T15:38:25.521,0.078,rpm,0.000,0.045873,
2026-06-08T15:38:25.540,0.094,rpm,0.000,0.045873,
2026-06-08T15:38:25.564,0.125,rpm,0.000,0.045873,
2026-06-08T15:38:25.572,0.125,torque,0.000,0.045899,
2026-06-08T15:38:25.572,0.125,rpm,0.000,0.045899,
2026-06-08T15:38:25.606,0.156,rpm,0.000,0.045899,
2026-06-08T15:38:25.613,0.172,rpm,0.000,0.045899,
2026-06-08T15:38:25.633,0.188,rpm,0.000,0.045899,
2026-06-08T15:38:25.649,0.203,rpm,0.000,0.045899,
2026-06-08T15:38:25.650,0.203,torque,0.000,0.046049,
2026-06-08T15:38:25.685,0.235,rpm,0.000,0.046049,
2026-06-08T15:38:25.686,0.250,rpm,0.000,0.046049,
2026-06-08T15:38:25.714,0.266,rpm,0.000,0.046049,
2026-06-08T15:38:25.730,0.281,rpm,0.000,0.046049,
2026-06-08T15:38:25.746,0.297,torque,0.000,0.046170,
2026-06-08T15:38:25.766,0.328,rpm,0.000,0.046170,
2026-06-08T15:38:25.776,0.328,rpm,0.000,0.046170,
2026-06-08T15:38:25.786,0.344,rpm,0.000,0.046170,
2026-06-08T15:38:25.814,0.375,rpm,0.000,0.046170,
2026-06-08T15:38:25.824,0.375,torque,0.000,0.046128,
2026-06-08T15:38:25.839,0.391,rpm,0.000,0.046128,
2026-06-08T15:38:25.860,0.422,rpm,0.000,0.046128,
2026-06-08T15:38:25.879,0.438,rpm,0.000,0.046128,
2026-06-08T15:38:25.898,0.453,rpm,0.000,0.046128,
2026-06-08T15:38:25.915,0.469,torque,0.000,0.045876,
2026-06-08T15:38:25.915,0.469,rpm,0.000,0.045876,
2026-06-08T15:38:25.940,0.500,rpm,0.000,0.045876,
2026-06-08T15:38:25.954,0.516,rpm,0.000,0.045876,
2026-06-08T15:38:25.985,0.547,rpm,0.000,0.045876,
2026-06-08T15:38:26.003,0.563,torque,0.000,0.046074,
2026-06-08T15:38:26.015,0.578,rpm,0.000,0.046074,
2026-06-08T15:38:26.032,0.594,rpm,0.000,0.046074,
2026-06-08T15:38:26.055,0.610,rpm,0.000,0.046074,
2026-06-08T15:38:26.081,0.641,torque,0.000,0.046465,
2026-06-08T15:38:26.083,0.641,rpm,0.000,0.046465,
2026-06-08T15:38:26.117,0.672,rpm,0.000,0.046465,
2026-06-08T15:38:26.133,0.688,rpm,0.000,0.046465,
2026-06-08T15:38:26.148,0.703,rpm,0.000,0.046465,
2026-06-08T15:38:26.166,0.719,rpm,0.000,0.046465,
2026-06-08T15:38:26.168,0.719,torque,0.000,0.046544,
2026-06-08T15:38:26.197,0.750,rpm,0.000,0.046544,
2026-06-08T15:38:26.214,0.766,rpm,0.000,0.046544,
2026-06-08T15:38:26.252,0.813,rpm,0.000,0.046544,
2026-06-08T15:38:26.255,0.813,torque,0.000,0.046440,
2026-06-08T15:38:26.278,0.828,rpm,0.000,0.046440,
2026-06-08T15:38:26.296,0.860,rpm,0.000,0.046440,
2026-06-08T15:38:26.315,0.875,rpm,0.000,0.046440,
2026-06-08T15:38:26.321,0.875,rpm,0.000,0.046440,
2026-06-08T15:38:26.342,0.906,torque,0.000,0.046388,
2026-06-08T15:38:26.349,0.906,rpm,0.000,0.046388,
2026-06-08T15:38:26.383,0.938,rpm,0.000,0.046388,
2026-06-08T15:38:26.391,0.953,rpm,0.000,0.046388,
2026-06-08T15:38:26.423,0.985,rpm,0.000,0.046388,
2026-06-08T15:38:26.426,0.985,torque,0.000,0.046489,
2026-06-08T15:38:26.450,1.000,rpm,0.000,0.046489,
2026-06-08T15:38:26.480,1.031,rpm,0.000,0.046489,
2026-06-08T15:38:26.500,1.063,rpm,0.000,0.046489,
2026-06-08T15:38:26.516,1.078,rpm,0.000,0.046489,
2026-06-08T15:38:26.518,1.078,torque,0.000,0.046360,
2026-06-08T15:38:26.549,1.110,rpm,0.000,0.046360,
2026-06-08T15:38:26.560,1.110,rpm,0.000,0.046360,
2026-06-08T15:38:26.571,1.125,rpm,0.000,0.046360,
2026-06-08T15:38:26.589,1.141,rpm,0.000,0.046360,
2026-06-08T15:38:26.614,1.172,torque,0.000,0.046456,
2026-06-08T15:38:26.615,1.172,rpm,0.000,0.046456,
2026-06-08T15:38:26.636,1.188,rpm,0.000,0.046456,
2026-06-08T15:38:26.665,1.219,rpm,0.000,0.046456,
2026-06-08T15:38:26.692,1.250,rpm,0.000,0.046456,
2026-06-08T15:38:26.692,1.250,torque,0.000,0.046529,
2026-06-08T15:38:26.732,1.297,rpm,0.000,0.046529,
2026-06-08T15:38:26.738,1.297,rpm,0.000,0.046529,
2026-06-08T15:38:26.765,1.328,rpm,0.000,0.046529,
2026-06-08T15:38:26.786,1.344,torque,0.000,0.046470,
2026-06-08T15:38:26.806,1.360,rpm,0.000,0.046470,
2026-06-08T15:38:26.834,1.391,rpm,0.000,0.046470,
2026-06-08T15:38:26.850,1.406,rpm,0.000,0.046470,
2026-06-08T15:38:26.865,1.422,torque,0.000,0.046475,
2026-06-08T15:38:26.877,1.438,rpm,0.000,0.046475,
2026-06-08T15:38:26.904,1.469,rpm,0.000,0.046475,
2026-06-08T15:38:26.945,1.500,torque,0.000,0.046503,
2026-06-08T15:38:26.951,1.516,rpm,0.000,0.046503,
2026-06-08T15:38:26.959,1.516,rpm,0.000,0.046503,
2026-06-08T15:38:26.991,1.547,rpm,0.000,0.046503,
2026-06-08T15:38:27.009,1.563,rpm,0.000,0.046503,
2026-06-08T15:38:27.029,1.594,rpm,0.000,0.046503,
2026-06-08T15:38:27.032,1.594,torque,0.000,0.046511,
2026-06-08T15:38:27.039,1.594,rpm,0.000,0.046511,
2026-06-08T15:38:27.071,1.625,rpm,0.000,0.046511,
2026-06-08T15:38:27.090,1.641,rpm,0.000,0.046511,
2026-06-08T15:38:27.113,1.672,rpm,0.000,0.046511,
2026-06-08T15:38:27.118,1.672,torque,0.000,0.046464,
2026-06-08T15:38:27.174,1.735,rpm,0.000,0.046464,
2026-06-08T15:38:27.182,1.735,rpm,0.000,0.046464,
2026-06-08T15:38:27.207,1.766,torque,0.000,0.046513,
2026-06-08T15:38:27.210,1.766,rpm,0.000,0.046513,
2026-06-08T15:38:27.234,1.797,rpm,0.000,0.046513,
2026-06-08T15:38:27.249,1.813,rpm,0.000,0.046513,
2026-06-08T15:38:27.277,1.828,rpm,0.000,0.046513,
2026-06-08T15:38:27.297,1.860,rpm,0.000,0.046513,
2026-06-08T15:38:27.297,1.860,torque,0.000,0.046480,
2026-06-08T15:38:27.308,1.860,rpm,0.000,0.046480,
2026-06-08T15:38:27.344,1.906,rpm,0.000,0.046480,
2026-06-08T15:38:27.350,1.906,rpm,0.000,0.046480,
2026-06-08T15:38:27.375,1.938,rpm,0.000,0.046480,
2026-06-08T15:38:27.381,1.938,torque,0.000,0.046588,
2026-06-08T15:38:27.398,1.953,rpm,0.000,0.046588,
2026-06-08T15:38:27.431,1.985,rpm,0.000,0.046588,
2026-06-08T15:38:27.439,2.000,rpm,0.000,0.046588,
2026-06-08T15:38:27.459,2.016,rpm,0.000,0.046588,
2026-06-08T15:38:27.475,2.031,torque,0.000,0.046589,
2026-06-08T15:38:27.475,2.031,rpm,0.000,0.046589,
2026-06-08T15:38:27.504,2.063,rpm,0.000,0.046589,
2026-06-08T15:38:27.514,2.078,rpm,0.000,0.046589,
2026-06-08T15:38:27.538,2.094,rpm,0.000,0.046589,
2026-06-08T15:38:27.540,2.094,rpm,0.000,0.046589,
2026-06-08T15:38:27.555,2.110,torque,0.000,0.046613,
2026-06-08T15:38:27.585,2.141,rpm,0.000,0.046613,
2026-06-08T15:38:27.586,2.141,rpm,0.000,0.046613,
2026-06-08T15:38:27.607,2.172,rpm,0.000,0.046613,
2026-06-08T15:38:27.619,2.172,rpm,0.000,0.046613,
2026-06-08T15:38:27.637,2.188,torque,0.000,0.046479,
2026-06-08T15:38:27.665,2.219,rpm,0.000,0.046479,
2026-06-08T15:38:27.666,2.219,rpm,0.000,0.046479,
2026-06-08T15:38:27.691,2.250,rpm,0.000,0.046479,
2026-06-08T15:38:27.715,2.266,rpm,0.000,0.046479,
2026-06-08T15:38:27.730,2.281,torque,0.000,0.046357,
2026-06-08T15:38:27.740,2.297,rpm,0.000,0.046357,
2026-06-08T15:38:27.763,2.313,rpm,0.000,0.046357,
2026-06-08T15:38:27.777,2.328,rpm,0.000,0.046357,
2026-06-08T15:38:27.793,2.344,rpm,0.000,0.046357,
2026-06-08T15:38:27.813,2.375,rpm,0.000,0.046357,
2026-06-08T15:38:27.813,2.375,torque,0.000,0.046201,
2026-06-08T15:38:27.821,2.375,rpm,0.000,0.046201,
2026-06-08T15:38:27.854,2.406,rpm,0.000,0.046201,
2026-06-08T15:38:27.875,2.438,rpm,0.000,0.046201,
2026-06-08T15:38:27.890,2.453,rpm,0.000,0.046201,
2026-06-08T15:38:27.899,2.453,torque,0.000,0.046174,
2026-06-08T15:38:27.947,2.500,rpm,0.000,0.046174,
2026-06-08T15:38:27.983,2.547,rpm,0.000,0.046174,
2026-06-08T15:38:27.986,2.547,torque,0.000,0.046278,
2026-06-08T15:38:28.014,2.578,rpm,0.000,0.046278,
2026-06-08T15:38:28.035,2.594,rpm,0.000,0.046278,
2026-06-08T15:38:28.072,2.625,torque,0.000,0.046467,
2026-06-08T15:38:28.132,2.688,rpm,0.000,0.046467,
2026-06-08T15:38:28.148,2.703,rpm,0.000,0.046467,
2026-06-08T15:38:28.158,2.719,torque,0.000,0.046440,
2026-06-08T15:38:28.187,2.750,rpm,0.000,0.046440,
2026-06-08T15:38:28.187,2.750,throttle,0.000,0.046440,100.000
2026-06-08T15:38:28.211,2.766,rpm,0.000,0.046440,100.000
2026-06-08T15:38:28.241,2.797,rpm,0.000,0.046440,100.000
2026-06-08T15:38:28.242,2.797,rpm,0.000,0.046440,100.000
2026-06-08T15:38:28.244,2.797,torque,0.000,0.046317,100.000
2026-06-08T15:38:28.275,2.828,rpm,0.000,0.046317,100.000
2026-06-08T15:38:28.289,2.844,rpm,0.000,0.046317,100.000
2026-06-08T15:38:28.310,2.860,rpm,0.000,0.046317,100.000
2026-06-08T15:38:28.337,2.891,torque,0.000,0.046047,100.000
2026-06-08T15:38:28.338,2.891,rpm,0.000,0.046047,100.000
2026-06-08T15:38:28.365,2.922,rpm,0.000,0.046047,100.000
2026-06-08T15:38:28.380,2.938,rpm,0.000,0.046047,100.000
2026-06-08T15:38:28.405,2.969,rpm,0.000,0.046047,100.000
2026-06-08T15:38:28.419,2.985,torque,0.000,0.044970,100.000
2026-06-08T15:38:28.419,2.985,rpm,0.000,0.044970,100.000
2026-06-08T15:38:28.457,3.016,rpm,0.000,0.044970,100.000
2026-06-08T15:38:28.464,3.016,rpm,0.000,0.044970,100.000
2026-06-08T15:38:28.491,3.047,rpm,0.000,0.044970,100.000
2026-06-08T15:38:28.514,3.078,torque,0.000,0.043409,100.000
2026-06-08T15:38:28.514,3.078,rpm,0.000,0.043409,100.000
2026-06-08T15:38:28.544,3.110,rpm,0.000,0.043409,100.000
2026-06-08T15:38:28.551,3.110,rpm,0.000,0.043409,100.000
2026-06-08T15:38:28.567,3.125,rpm,0.000,0.043409,100.000
2026-06-08T15:38:28.584,3.141,rpm,0.000,0.043409,100.000
2026-06-08T15:38:28.592,3.156,torque,0.000,0.042897,100.000
2026-06-08T15:38:28.620,3.172,rpm,0.000,0.042897,100.000
2026-06-08T15:38:28.672,3.235,rpm,0.000,0.042897,100.000
2026-06-08T15:38:28.691,3.250,torque,0.000,0.042574,100.000
2026-06-08T15:38:28.692,3.250,rpm,0.000,0.042574,100.000
2026-06-08T15:38:28.730,3.281,rpm,0.000,0.042574,100.000
2026-06-08T15:38:28.746,3.297,rpm,0.000,0.042574,100.000
2026-06-08T15:38:28.747,3.297,rpm,0.000,0.042574,100.000
2026-06-08T15:38:28.766,3.328,torque,0.000,0.042364,100.000
2026-06-08T15:38:28.776,3.328,rpm,0.000,0.042364,100.000
2026-06-08T15:38:28.796,3.360,rpm,0.000,0.042364,100.000
2026-06-08T15:38:28.813,3.375,rpm,0.000,0.042364,100.000
2026-06-08T15:38:28.829,3.391,rpm,0.000,0.042364,100.000
2026-06-08T15:38:28.851,3.406,rpm,0.000,0.042364,100.000
2026-06-08T15:38:28.852,3.406,torque,0.000,0.041572,100.000
2026-06-08T15:38:28.869,3.422,rpm,0.000,0.041572,100.000
2026-06-08T15:38:28.901,3.453,rpm,0.000,0.041572,100.000
2026-06-08T15:38:28.903,3.453,rpm,0.000,0.041572,100.000
2026-06-08T15:38:28.932,3.485,rpm,0.000,0.041572,100.000
2026-06-08T15:38:28.935,3.485,torque,0.000,0.040557,100.000
2026-06-08T15:38:28.964,3.516,rpm,0.000,0.040557,100.000
2026-06-08T15:38:28.978,3.531,rpm,0.000,0.040557,100.000
2026-06-08T15:38:28.995,3.547,rpm,0.000,0.040557,100.000
2026-06-08T15:38:29.022,3.578,torque,0.000,0.040742,100.000
2026-06-08T15:38:29.073,3.625,rpm,0.000,0.040742,100.000
2026-06-08T15:38:29.091,3.641,rpm,0.000,0.040742,100.000
2026-06-08T15:38:29.111,3.672,torque,0.000,0.040746,100.000
2026-06-08T15:38:29.113,3.672,rpm,0.000,0.040746,100.000
2026-06-08T15:38:29.141,3.703,rpm,0.000,0.040746,100.000
2026-06-08T15:38:29.149,3.703,rpm,0.000,0.040746,100.000
2026-06-08T15:38:29.169,3.735,rpm,0.000,0.040746,100.000
2026-06-08T15:38:29.191,3.750,rpm,0.000,0.040746,100.000
2026-06-08T15:38:29.197,3.750,torque,0.000,0.040650,100.000
2026-06-08T15:38:29.220,3.781,rpm,0.000,0.040650,100.000
2026-06-08T15:38:29.237,3.797,rpm,0.000,0.040650,100.000
2026-06-08T15:38:29.258,3.813,rpm,0.000,0.040650,100.000
2026-06-08T15:38:29.282,3.844,rpm,0.000,0.040650,100.000
2026-06-08T15:38:29.285,3.844,torque,0.000,0.040747,100.000
2026-06-08T15:38:29.299,3.860,rpm,0.000,0.040747,100.000
2026-06-08T15:38:29.299,3.860,throttle,0.000,0.040747,0.000
2026-06-08T15:38:29.332,3.891,rpm,0.000,0.040747,0.000
2026-06-08T15:38:29.334,3.891,rpm,0.000,0.040747,0.000
2026-06-08T15:38:29.348,3.906,rpm,0.000,0.040747,0.000
2026-06-08T15:38:29.378,3.938,torque,0.000,0.040873,0.000
2026-06-08T15:38:29.406,3.969,rpm,0.000,0.040873,0.000
2026-06-08T15:38:29.425,3.985,rpm,0.000,0.040873,0.000
2026-06-08T15:38:29.445,4.000,rpm,0.000,0.040873,0.000
2026-06-08T15:38:29.456,4.016,torque,0.000,0.041168,0.000
2026-06-08T15:38:29.484,4.047,rpm,0.000,0.041168,0.000
2026-06-08T15:38:29.492,4.047,rpm,0.000,0.041168,0.000
2026-06-08T15:38:29.509,4.063,rpm,0.000,0.041168,0.000
2026-06-08T15:38:29.538,4.094,rpm,0.000,0.041168,0.000
2026-06-08T15:38:29.553,4.110,torque,0.000,0.042714,0.000
2026-06-08T15:38:29.553,4.110,rpm,0.000,0.042714,0.000
2026-06-08T15:38:29.582,4.141,rpm,0.000,0.042714,0.000
2026-06-08T15:38:29.605,4.156,rpm,0.000,0.042714,0.000
2026-06-08T15:38:29.621,4.172,rpm,0.000,0.042714,0.000
2026-06-08T15:38:29.636,4.188,torque,0.000,0.043925,0.000
2026-06-08T15:38:29.636,4.188,rpm,0.000,0.043925,0.000
2026-06-08T15:38:29.665,4.219,rpm,0.000,0.043925,0.000
2026-06-08T15:38:29.685,4.235,rpm,0.000,0.043925,0.000
2026-06-08T15:38:29.701,4.266,rpm,0.000,0.043925,0.000
2026-06-08T15:38:29.718,4.281,rpm,0.000,0.043925,0.000
2026-06-08T15:38:29.718,4.281,torque,0.000,0.044639,0.000
2026-06-08T15:38:29.749,4.313,rpm,0.000,0.044639,0.000
2026-06-08T15:38:29.757,4.313,rpm,0.000,0.044639,0.000
2026-06-08T15:38:29.777,4.328,rpm,0.000,0.044639,0.000
2026-06-08T15:38:29.804,4.360,rpm,0.000,0.044639,0.000
2026-06-08T15:38:29.805,4.360,torque,0.000,0.045951,0.000
2026-06-08T15:38:29.832,4.391,rpm,0.000,0.045951,0.000
2026-06-08T15:38:29.854,4.406,rpm,0.000,0.045951,0.000
2026-06-08T15:38:29.870,4.422,rpm,0.000,0.045951,0.000
2026-06-08T15:38:29.875,4.438,rpm,0.000,0.045951,0.000
2026-06-08T15:38:29.889,4.453,torque,0.000,0.047272,0.000
2026-06-08T15:38:29.893,4.453,rpm,0.000,0.047272,0.000
2026-06-08T15:38:29.926,4.485,rpm,0.000,0.047272,0.000
2026-06-08T15:38:29.954,4.516,rpm,0.000,0.047272,0.000
2026-06-08T15:38:29.969,4.531,rpm,0.000,0.047272,0.000
2026-06-08T15:38:29.985,4.547,torque,0.000,0.047642,0.000
2026-06-08T15:38:29.986,4.547,rpm,0.000,0.047642,0.000
2026-06-08T15:38:30.014,4.578,rpm,0.000,0.047642,0.000
2026-06-08T15:38:30.024,4.578,rpm,0.000,0.047642,0.000
2026-06-08T15:38:30.046,4.610,rpm,0.000,0.047642,0.000
2026-06-08T15:38:30.062,4.625,torque,0.000,0.047194,0.000
2026-06-08T15:38:30.062,4.625,rpm,0.000,0.047194,0.000
2026-06-08T15:38:30.086,4.641,rpm,0.000,0.047194,0.000
2026-06-08T15:38:30.101,4.656,rpm,0.000,0.047194,0.000
2026-06-08T15:38:30.139,4.703,rpm,0.000,0.047194,0.000
2026-06-08T15:38:30.163,4.719,torque,0.000,0.046777,0.000
2026-06-08T15:38:30.164,4.719,rpm,0.000,0.046777,0.000
2026-06-08T15:38:30.190,4.750,rpm,0.000,0.046777,0.000
2026-06-08T15:38:30.213,4.766,rpm,0.000,0.046777,0.000
2026-06-08T15:38:30.222,4.781,rpm,0.000,0.046777,0.000
2026-06-08T15:38:30.235,4.797,torque,0.000,0.046782,0.000
2026-06-08T15:38:30.258,4.813,rpm,0.000,0.046782,0.000
2026-06-08T15:38:30.268,4.828,rpm,0.000,0.046782,0.000
2026-06-08T15:38:30.282,4.844,rpm,0.000,0.046782,0.000
2026-06-08T15:38:30.306,4.860,rpm,0.000,0.046782,0.000
2026-06-08T15:38:30.321,4.875,rpm,0.000,0.046782,0.000
2026-06-08T15:38:30.331,4.891,torque,0.000,0.046832,0.000
2026-06-08T15:38:30.356,4.906,rpm,0.000,0.046832,0.000
2026-06-08T15:38:30.372,4.922,rpm,0.000,0.046832,0.000
2026-06-08T15:38:30.405,4.969,rpm,0.000,0.046832,0.000
2026-06-08T15:38:30.410,4.969,torque,0.000,0.046719,0.000
2026-06-08T15:38:30.413,4.969,rpm,0.000,0.046719,0.000
2026-06-08T15:38:30.449,5.000,throttle,0.000,0.046719,100.000
2026-06-08T15:38:30.450,5.000,rpm,0.000,0.046719,100.000
2026-06-08T15:38:30.467,5.031,rpm,0.000,0.046719,100.000
2026-06-08T15:38:30.482,5.047,rpm,0.000,0.046719,100.000
2026-06-08T15:38:30.497,5.047,torque,0.000,0.046686,100.000
2026-06-08T15:38:30.530,5.094,rpm,0.000,0.046686,100.000
2026-06-08T15:38:30.532,5.094,rpm,0.000,0.046686,100.000
2026-06-08T15:38:30.554,5.110,rpm,0.000,0.046686,100.000
2026-06-08T15:38:30.582,5.141,torque,0.000,0.046560,100.000
2026-06-08T15:38:30.612,5.172,rpm,0.000,0.046560,100.000
2026-06-08T15:38:30.625,5.188,rpm,0.000,0.046560,100.000
2026-06-08T15:38:30.658,5.219,rpm,0.000,0.046560,100.000
2026-06-08T15:38:30.673,5.235,torque,0.000,0.045679,100.000
2026-06-08T15:38:30.687,5.250,rpm,0.000,0.045679,100.000
2026-06-08T15:38:30.723,5.281,rpm,0.000,0.045679,100.000
2026-06-08T15:38:30.738,5.297,rpm,0.000,0.045679,100.000
2026-06-08T15:38:30.754,5.313,torque,0.000,0.043448,100.000
2026-06-08T15:38:30.758,5.313,rpm,0.000,0.043448,100.000
2026-06-08T15:38:30.788,5.344,rpm,0.000,0.043448,100.000
2026-06-08T15:38:30.810,5.360,rpm,0.000,0.043448,100.000
2026-06-08T15:38:30.833,5.391,rpm,0.000,0.043448,100.000
2026-06-08T15:38:30.834,5.391,rpm,0.000,0.043448,100.000
2026-06-08T15:38:30.849,5.406,torque,0.000,0.042773,100.000
2026-06-08T15:38:30.870,5.422,rpm,0.000,0.042773,100.000
2026-06-08T15:38:30.886,5.438,rpm,0.000,0.042773,100.000
2026-06-08T15:38:30.902,5.453,rpm,0.000,0.042773,100.000
2026-06-08T15:38:30.931,5.485,rpm,0.000,0.042773,100.000
2026-06-08T15:38:30.931,5.485,torque,0.000,0.042642,100.000
2026-06-08T15:38:30.947,5.500,rpm,0.000,0.042642,100.000
2026-06-08T15:38:30.977,5.531,rpm,0.000,0.042642,100.000
2026-06-08T15:38:30.991,5.547,rpm,0.000,0.042642,100.000
2026-06-08T15:38:31.009,5.563,rpm,0.000,0.042642,100.000
2026-06-08T15:38:31.025,5.578,torque,0.000,0.042413,100.000
2026-06-08T15:38:31.038,5.594,rpm,0.000,0.042413,100.000
2026-06-08T15:38:31.057,5.610,rpm,0.000,0.042413,100.000
2026-06-08T15:38:31.063,5.625,rpm,0.000,0.042413,100.000
2026-06-08T15:38:31.083,5.641,rpm,0.000,0.042413,100.000
2026-06-08T15:38:31.107,5.656,rpm,0.000,0.042413,100.000
2026-06-08T15:38:31.107,5.656,torque,0.000,0.041673,100.000
2026-06-08T15:38:31.141,5.703,rpm,0.000,0.041673,100.000
2026-06-08T15:38:31.171,5.735,rpm,0.000,0.041673,100.000
2026-06-08T15:38:31.186,5.750,rpm,0.000,0.041673,100.000
2026-06-08T15:38:31.189,5.750,torque,0.000,0.040344,100.000
2026-06-08T15:38:31.222,5.781,rpm,0.000,0.040344,100.000
2026-06-08T15:38:31.240,5.797,rpm,0.000,0.040344,100.000
2026-06-08T15:38:31.253,5.813,rpm,0.000,0.040344,100.000
2026-06-08T15:38:31.275,5.828,torque,0.000,0.039440,100.000
2026-06-08T15:38:31.299,5.860,rpm,0.000,0.039440,100.000
2026-06-08T15:38:31.314,5.875,rpm,0.000,0.039440,100.000
2026-06-08T15:38:31.334,5.891,rpm,0.000,0.039440,100.000
2026-06-08T15:38:31.357,5.906,rpm,0.000,0.039440,100.000
2026-06-08T15:38:31.363,5.922,torque,0.000,0.039560,100.000
2026-06-08T15:38:31.380,5.938,rpm,0.000,0.039560,100.000
2026-06-08T15:38:31.381,5.938,rpm,0.000,0.039560,100.000
2026-06-08T15:38:31.412,5.969,rpm,0.000,0.039560,100.000
2026-06-08T15:38:31.427,5.985,rpm,0.000,0.039560,100.000
2026-06-08T15:38:31.446,6.000,torque,0.000,0.040918,100.000
2026-06-08T15:38:31.449,6.000,rpm,0.000,0.040918,100.000
2026-06-08T15:38:31.482,6.031,rpm,0.000,0.040918,100.000
2026-06-08T15:38:31.489,6.047,rpm,0.000,0.040918,100.000
2026-06-08T15:38:31.533,6.094,torque,0.000,0.041278,100.000
2026-06-08T15:38:31.535,6.094,rpm,0.000,0.041278,100.000
2026-06-08T15:38:31.536,6.094,throttle,0.000,0.041278,0.000
2026-06-08T15:38:31.572,6.125,rpm,0.000,0.041278,0.000
2026-06-08T15:38:31.587,6.141,rpm,0.000,0.041278,0.000
2026-06-08T15:38:31.611,6.172,rpm,0.000,0.041278,0.000
2026-06-08T15:38:31.635,6.188,torque,0.000,0.041407,0.000
2026-06-08T15:38:31.635,6.188,rpm,0.000,0.041407,0.000
2026-06-08T15:38:31.664,6.219,rpm,0.000,0.041407,0.000
2026-06-08T15:38:31.678,6.235,rpm,0.000,0.041407,0.000
2026-06-08T15:38:31.683,6.235,rpm,0.000,0.041407,0.000
2026-06-08T15:38:31.709,6.266,torque,0.000,0.041728,0.000
2026-06-08T15:38:31.733,6.297,rpm,0.000,0.041728,0.000
2026-06-08T15:38:31.733,6.297,rpm,0.000,0.041728,0.000
2026-06-08T15:38:31.762,6.313,rpm,0.000,0.041728,0.000
2026-06-08T15:38:31.777,6.328,rpm,0.000,0.041728,0.000
2026-06-08T15:38:31.794,6.344,torque,0.000,0.043120,0.000
2026-06-08T15:38:31.795,6.360,rpm,0.000,0.043120,0.000
2026-06-08T15:38:31.812,6.375,rpm,0.000,0.043120,0.000
2026-06-08T15:38:31.844,6.406,rpm,0.000,0.043120,0.000
2026-06-08T15:38:31.853,6.406,rpm,0.000,0.043120,0.000
2026-06-08T15:38:31.874,6.438,rpm,0.000,0.043120,0.000
2026-06-08T15:38:31.889,6.453,torque,0.000,0.044071,0.000
2026-06-08T15:38:31.889,6.453,rpm,0.000,0.044071,0.000
2026-06-08T15:38:31.910,6.469,rpm,0.000,0.044071,0.000
2026-06-08T15:38:31.954,6.516,rpm,0.000,0.044071,0.000
2026-06-08T15:38:31.970,6.531,rpm,0.000,0.044071,0.000
2026-06-08T15:38:31.971,6.531,torque,0.000,0.044621,0.000
2026-06-08T15:38:32.006,6.563,rpm,0.000,0.044621,0.000
2026-06-08T15:38:32.035,6.594,rpm,0.000,0.044621,0.000
2026-06-08T15:38:32.051,6.610,rpm,0.000,0.044621,0.000
2026-06-08T15:38:32.053,6.610,torque,0.000,0.046045,0.000
2026-06-08T15:38:32.079,6.641,rpm,0.000,0.046045,0.000
2026-06-08T15:38:32.101,6.656,rpm,0.000,0.046045,0.000
2026-06-08T15:38:32.117,6.672,rpm,0.000,0.046045,0.000
2026-06-08T15:38:32.131,6.688,rpm,0.000,0.046045,0.000
2026-06-08T15:38:32.145,6.703,torque,0.000,0.047268,0.000
2026-06-08T15:38:32.147,6.703,rpm,0.000,0.047268,0.000
2026-06-08T15:38:32.180,6.735,rpm,0.000,0.047268,0.000
2026-06-08T15:38:32.196,6.750,rpm,0.000,0.047268,0.000
2026-06-08T15:38:32.211,6.766,rpm,0.000,0.047268,0.000
2026-06-08T15:38:32.226,6.781,rpm,0.000,0.047268,0.000
2026-06-08T15:38:32.236,6.797,torque,0.000,0.047508,0.000
2026-06-08T15:38:32.262,6.813,rpm,0.000,0.047508,0.000
2026-06-08T15:38:32.279,6.828,rpm,0.000,0.047508,0.000
2026-06-08T15:38:32.294,6.844,rpm,0.000,0.047508,0.000
2026-06-08T15:38:32.322,6.875,torque,0.000,0.047082,0.000
2026-06-08T15:38:32.322,6.875,rpm,0.000,0.047082,0.000
2026-06-08T15:38:32.344,6.906,rpm,0.000,0.047082,0.000
2026-06-08T15:38:32.362,6.922,rpm,0.000,0.047082,0.000
2026-06-08T15:38:32.384,6.938,rpm,0.000,0.047082,0.000
2026-06-08T15:38:32.385,6.938,rpm,0.000,0.047082,0.000
2026-06-08T15:38:32.401,6.953,torque,0.000,0.046695,0.000
2026-06-08T15:38:32.412,6.969,rpm,0.000,0.046695,0.000
2026-06-08T15:38:32.441,7.000,rpm,0.000,0.046695,0.000
2026-06-08T15:38:32.461,7.016,rpm,0.000,0.046695,0.000
2026-06-08T15:38:32.481,7.031,rpm,0.000,0.046695,0.000
2026-06-08T15:38:32.497,7.047,torque,0.000,0.046488,0.000
2026-06-08T15:38:32.498,7.063,rpm,0.000,0.046488,0.000
2026-06-08T15:38:32.531,7.094,rpm,0.000,0.046488,0.000
2026-06-08T15:38:32.531,7.094,rpm,0.000,0.046488,0.000
2026-06-08T15:38:32.549,7.110,rpm,0.000,0.046488,0.000
2026-06-08T15:38:32.562,7.125,rpm,0.000,0.046488,0.000
2026-06-08T15:38:32.580,7.141,torque,0.000,0.046501,0.000
2026-06-08T15:38:32.599,7.156,rpm,0.000,0.046501,0.000
2026-06-08T15:38:32.616,7.172,rpm,0.000,0.046501,0.000
2026-06-08T15:38:32.637,7.188,rpm,0.000,0.046501,0.000
2026-06-08T15:38:32.657,7.219,rpm,0.000,0.046501,0.000
2026-06-08T15:38:32.659,7.219,torque,0.000,0.046526,0.000
2026-06-08T15:38:32.674,7.235,rpm,0.000,0.046526,0.000
2026-06-08T15:38:32.707,7.266,rpm,0.000,0.046526,0.000
2026-06-08T15:38:32.707,7.266,rpm,0.000,0.046526,0.000
2026-06-08T15:38:32.730,7.281,rpm,0.000,0.046526,0.000
2026-06-08T15:38:32.741,7.297,throttle,0.000,0.046526,100.000
2026-06-08T15:38:32.756,7.313,torque,0.000,0.046392,100.000
2026-06-08T15:38:32.770,7.328,rpm,0.000,0.046392,100.000
2026-06-08T15:38:32.779,7.344,rpm,0.000,0.046392,100.000
2026-06-08T15:38:32.796,7.360,rpm,0.000,0.046392,100.000
2026-06-08T15:38:32.818,7.375,rpm,0.000,0.046392,100.000
2026-06-08T15:38:32.834,7.391,torque,0.000,0.046347,100.000
2026-06-08T15:38:32.866,7.422,rpm,0.000,0.046347,100.000
2026-06-08T15:38:32.881,7.438,rpm,0.000,0.046347,100.000
2026-06-08T15:38:32.897,7.453,rpm,0.000,0.046347,100.000
2026-06-08T15:38:32.913,7.469,rpm,0.000,0.046347,100.000
2026-06-08T15:38:32.929,7.485,torque,0.000,0.046162,100.000
2026-06-08T15:38:32.941,7.500,rpm,0.000,0.046162,100.000
2026-06-08T15:38:32.962,7.516,rpm,0.000,0.046162,100.000
2026-06-08T15:38:32.978,7.531,rpm,0.000,0.046162,100.000
2026-06-08T15:38:32.995,7.547,rpm,0.000,0.046162,100.000
2026-06-08T15:38:33.010,7.563,torque,0.000,0.045179,100.000
2026-06-08T15:38:33.016,7.578,rpm,0.000,0.045179,100.000
2026-06-08T15:38:33.043,7.594,rpm,0.000,0.045179,100.000
2026-06-08T15:38:33.066,7.625,rpm,0.000,0.045179,100.000
2026-06-08T15:38:33.068,7.625,rpm,0.000,0.045179,100.000
2026-06-08T15:38:33.092,7.656,rpm,0.000,0.045179,100.000
2026-06-08T15:38:33.100,7.656,torque,0.000,0.044537,100.000
2026-06-08T15:38:33.125,7.688,rpm,0.000,0.044537,100.000
2026-06-08T15:38:33.127,7.688,rpm,0.000,0.044537,100.000
2026-06-08T15:38:33.156,7.719,rpm,0.000,0.044537,100.000
2026-06-08T15:38:33.170,7.735,rpm,0.000,0.044537,100.000
2026-06-08T15:38:33.186,7.750,torque,0.000,0.044437,100.000
2026-06-08T15:38:33.204,7.766,rpm,0.000,0.044437,100.000
2026-06-08T15:38:33.219,7.781,rpm,0.000,0.044437,100.000
2026-06-08T15:38:33.239,7.797,rpm,0.000,0.044437,100.000
2026-06-08T15:38:33.262,7.813,rpm,0.000,0.044437,100.000
2026-06-08T15:38:33.267,7.828,torque,0.000,0.044573,100.000
2026-06-08T15:38:33.285,7.844,rpm,0.000,0.044573,100.000
2026-06-08T15:38:33.316,7.875,rpm,0.000,0.044573,100.000
2026-06-08T15:38:33.316,7.875,rpm,0.000,0.044573,100.000
2026-06-08T15:38:33.338,7.891,rpm,0.000,0.044573,100.000
2026-06-08T15:38:33.362,7.922,torque,0.000,0.044695,100.000
2026-06-08T15:38:33.373,7.938,rpm,0.000,0.044695,100.000
2026-06-08T15:38:33.381,7.938,rpm,0.000,0.044695,100.000
2026-06-08T15:38:33.428,7.985,rpm,0.000,0.044695,100.000
2026-06-08T15:38:33.440,8.000,torque,0.000,0.044573,100.000
2026-06-08T15:38:33.443,8.000,rpm,0.000,0.044573,100.000
2026-06-08T15:38:33.470,8.031,rpm,0.000,0.044573,100.000
2026-06-08T15:38:33.491,8.047,rpm,0.000,0.044573,100.000
2026-06-08T15:38:33.505,8.063,rpm,0.000,0.044573,100.000
2026-06-08T15:38:33.521,8.078,rpm,0.000,0.044573,100.000
2026-06-08T15:38:33.538,8.094,torque,0.000,0.044475,100.000
2026-06-08T15:38:33.556,8.110,rpm,0.000,0.044475,100.000
2026-06-08T15:38:33.572,8.125,rpm,0.000,0.044475,100.000
2026-06-08T15:38:33.587,8.141,rpm,0.000,0.044475,100.000
2026-06-08T15:38:33.605,8.156,rpm,0.000,0.044475,100.000
2026-06-08T15:38:33.614,8.172,torque,0.000,0.044527,100.000
2026-06-08T15:38:33.634,8.188,rpm,0.000,0.044527,100.000
2026-06-08T15:38:33.652,8.203,rpm,0.000,0.044527,100.000
2026-06-08T15:38:33.663,8.219,rpm,0.000,0.044527,100.000
2026-06-08T15:38:33.682,8.235,rpm,0.000,0.044527,100.000
2026-06-08T15:38:33.699,8.250,torque,0.000,0.044723,100.000
2026-06-08T15:38:33.703,8.266,rpm,0.000,0.044723,100.000
2026-06-08T15:38:33.730,8.281,rpm,0.000,0.044723,100.000
2026-06-08T15:38:33.739,8.297,throttle,0.000,0.044723,0.000
2026-06-08T15:38:33.747,8.297,rpm,0.000,0.044723,0.000
2026-06-08T15:38:33.775,8.328,rpm,0.000,0.044723,0.000
2026-06-08T15:38:33.794,8.344,torque,0.000,0.044550,0.000
2026-06-08T15:38:33.794,8.344,rpm,0.000,0.044550,0.000
2026-06-08T15:38:33.820,8.375,rpm,0.000,0.044550,0.000
2026-06-08T15:38:33.827,8.391,rpm,0.000,0.044550,0.000
2026-06-08T15:38:33.844,8.406,rpm,0.000,0.044550,0.000
2026-06-08T15:38:33.859,8.422,rpm,0.000,0.044550,0.000
2026-06-08T15:38:33.871,8.422,torque,0.000,0.044606,0.000
2026-06-08T15:38:33.886,8.438,rpm,0.000,0.044606,0.000
2026-06-08T15:38:33.918,8.469,rpm,0.000,0.044606,0.000
2026-06-08T15:38:33.957,8.516,torque,0.000,0.044831,0.000
2026-06-08T15:38:33.965,8.516,rpm,0.000,0.044831,0.000
2026-06-08T15:38:33.997,8.547,rpm,0.000,0.044831,0.000
2026-06-08T15:38:34.003,8.563,rpm,0.000,0.044831,0.000
2026-06-08T15:38:34.018,8.578,rpm,0.000,0.044831,0.000
2026-06-08T15:38:34.037,8.594,rpm,0.000,0.044831,0.000
2026-06-08T15:38:34.047,8.610,torque,0.000,0.045803,0.000
2026-06-08T15:38:34.088,8.641,rpm,0.000,0.045803,0.000
2026-06-08T15:38:34.114,8.672,rpm,0.000,0.045803,0.000
2026-06-08T15:38:34.128,8.688,rpm,0.000,0.045803,0.000
2026-06-08T15:38:34.145,8.703,torque,0.000,0.046516,0.000
2026-06-08T15:38:34.146,8.703,rpm,0.000,0.046516,0.000
2026-06-08T15:38:34.173,8.735,rpm,0.000,0.046516,0.000
2026-06-08T15:38:34.197,8.750,rpm,0.000,0.046516,0.000
2026-06-08T15:38:34.205,8.766,rpm,0.000,0.046516,0.000
2026-06-08T15:38:34.219,8.781,torque,0.000,0.046540,0.000
2026-06-08T15:38:34.240,8.797,rpm,0.000,0.046540,0.000
2026-06-08T15:38:34.241,8.797,rpm,0.000,0.046540,0.000
2026-06-08T15:38:34.262,8.813,rpm,0.000,0.046540,0.000
2026-06-08T15:38:34.290,8.844,rpm,0.000,0.046540,0.000
2026-06-08T15:38:34.306,8.860,torque,0.000,0.046530,0.000
2026-06-08T15:38:34.306,8.860,rpm,0.000,0.046530,0.000
2026-06-08T15:38:34.334,8.891,rpm,0.000,0.046530,0.000
2026-06-08T15:38:34.353,8.906,rpm,0.000,0.046530,0.000
2026-06-08T15:38:34.370,8.922,rpm,0.000,0.046530,0.000
2026-06-08T15:38:34.392,8.953,torque,0.000,0.046420,0.000
2026-06-08T15:38:34.416,8.969,rpm,0.000,0.046420,0.000
2026-06-08T15:38:34.443,9.000,rpm,0.000,0.046420,0.000
2026-06-08T15:38:34.467,9.031,rpm,0.000,0.046420,0.000
2026-06-08T15:38:34.482,9.047,torque,0.000,0.045936,0.000
2026-06-08T15:38:34.506,9.063,rpm,0.000,0.045936,0.000
2026-06-08T15:38:34.530,9.094,rpm,0.000,0.045936,0.000
2026-06-08T15:38:34.546,9.110,rpm,0.000,0.045936,0.000
2026-06-08T15:38:34.563,9.125,rpm,0.000,0.045936,0.000
2026-06-08T15:38:34.564,9.125,torque,0.000,0.045477,0.000
2026-06-08T15:38:34.598,9.156,rpm,0.000,0.045477,0.000
2026-06-08T15:38:34.627,9.188,rpm,0.000,0.045477,0.000
2026-06-08T15:38:34.643,9.203,rpm,0.000,0.045477,0.000
2026-06-08T15:38:34.659,9.219,torque,0.000,0.045533,0.000
2026-06-08T15:38:34.660,9.219,rpm,0.000,0.045533,0.000
2026-06-08T15:38:34.691,9.250,rpm,0.000,0.045533,0.000
2026-06-08T15:38:34.723,9.281,rpm,0.000,0.045533,0.000
2026-06-08T15:38:34.723,9.281,rpm,0.000,0.045533,0.000
2026-06-08T15:38:34.739,9.297,torque,0.000,0.045676,0.000
2026-06-08T15:38:34.744,9.297,rpm,0.000,0.045676,0.000
2026-06-08T15:38:34.792,9.344,rpm,0.000,0.045676,0.000
2026-06-08T15:38:34.826,9.391,rpm,0.000,0.045676,0.000
2026-06-08T15:38:34.826,9.391,torque,0.000,0.045806,0.000
2026-06-08T15:38:34.863,9.422,rpm,0.000,0.045806,0.000
2026-06-08T15:38:34.884,9.438,rpm,0.000,0.045806,0.000
2026-06-08T15:38:34.914,9.469,rpm,0.000,0.045806,0.000
2026-06-08T15:38:34.914,9.469,torque,0.000,0.045693,0.000
2026-06-08T15:38:34.939,9.500,rpm,0.000,0.045693,0.000
2026-06-08T15:38:34.960,9.516,rpm,0.000,0.045693,0.000
2026-06-08T15:38:34.978,9.531,rpm,0.000,0.045693,0.000
2026-06-08T15:38:34.994,9.547,rpm,0.000,0.045693,0.000
2026-06-08T15:38:35.010,9.563,torque,0.000,0.045597,0.000
2026-06-08T15:38:35.011,9.563,rpm,0.000,0.045597,0.000
2026-06-08T15:38:35.042,9.594,rpm,0.000,0.045597,0.000
2026-06-08T15:38:35.053,9.610,rpm,0.000,0.045597,0.000
2026-06-08T15:38:35.060,9.625,rpm,0.000,0.045597,0.000
2026-06-08T15:38:35.083,9.641,torque,0.000,0.045655,0.000
2026-06-08T15:38:35.104,9.656,rpm,0.000,0.045655,0.000
2026-06-08T15:38:35.105,9.656,rpm,0.000,0.045655,0.000
2026-06-08T15:38:35.133,9.688,rpm,0.000,0.045655,0.000
2026-06-08T15:38:35.155,9.719,throttle,0.000,0.045655,100.000
2026-06-08T15:38:35.155,9.719,rpm,0.000,0.045655,100.000
2026-06-08T15:38:35.170,9.735,torque,0.000,0.045804,100.000
2026-06-08T15:38:35.171,9.735,rpm,0.000,0.045804,100.000
2026-06-08T15:38:35.187,9.750,rpm,0.000,0.045804,100.000
2026-06-08T15:38:35.209,9.766,rpm,0.000,0.045804,100.000
2026-06-08T15:38:35.233,9.797,rpm,0.000,0.045804,100.000
2026-06-08T15:38:35.251,9.813,rpm,0.000,0.045804,100.000
2026-06-08T15:38:35.265,9.828,torque,0.000,0.045731,100.000
2026-06-08T15:38:35.266,9.828,rpm,0.000,0.045731,100.000
2026-06-08T15:38:35.293,9.844,rpm,0.000,0.045731,100.000
2026-06-08T15:38:35.334,9.891,rpm,0.000,0.045731,100.000
2026-06-08T15:38:35.345,9.906,torque,0.000,0.045235,100.000
2026-06-08T15:38:35.347,9.906,rpm,0.000,0.045235,100.000
2026-06-08T15:38:35.374,9.938,rpm,0.000,0.045235,100.000
2026-06-08T15:38:35.395,9.953,rpm,0.000,0.045235,100.000
2026-06-08T15:38:35.411,9.969,rpm,0.000,0.045235,100.000
2026-06-08T15:38:35.427,9.985,rpm,0.000,0.045235,100.000
2026-06-08T15:38:35.442,10.000,torque,0.000,0.043920,100.000
2026-06-08T15:38:35.462,10.016,rpm,0.000,0.043920,100.000
2026-06-08T15:38:35.463,10.016,rpm,0.000,0.043920,100.000
2026-06-08T15:38:35.488,10.047,rpm,0.000,0.043920,100.000
2026-06-08T15:38:35.506,10.063,rpm,0.000,0.043920,100.000
2026-06-08T15:38:35.521,10.078,torque,0.000,0.042750,100.000
2026-06-08T15:38:35.527,10.078,rpm,0.000,0.042750,100.000
2026-06-08T15:38:35.562,10.125,rpm,0.000,0.042750,100.000
2026-06-08T15:38:35.568,10.125,rpm,0.000,0.042750,100.000
2026-06-08T15:38:35.596,10.156,rpm,0.000,0.042750,100.000
2026-06-08T15:38:35.604,10.156,torque,0.000,0.042176,100.000
2026-06-08T15:38:35.623,10.188,rpm,0.000,0.042176,100.000
2026-06-08T15:38:35.648,10.203,rpm,0.000,0.042176,100.000
2026-06-08T15:38:35.656,10.219,rpm,0.000,0.042176,100.000
2026-06-08T15:38:35.690,10.250,torque,0.000,0.041858,100.000
2026-06-08T15:38:35.694,10.250,rpm,0.000,0.041858,100.000
2026-06-08T15:38:35.712,10.266,rpm,0.000,0.041858,100.000
2026-06-08T15:38:35.738,10.297,rpm,0.000,0.041858,100.000
2026-06-08T15:38:35.744,10.297,rpm,0.000,0.041858,100.000
2026-06-08T15:38:35.770,10.328,rpm,0.000,0.041858,100.000
2026-06-08T15:38:35.776,10.328,torque,0.000,0.041607,100.000
2026-06-08T15:38:35.794,10.344,rpm,0.000,0.041607,100.000
2026-06-08T15:38:35.818,10.375,rpm,0.000,0.041607,100.000
2026-06-08T15:38:35.839,10.391,rpm,0.000,0.041607,100.000
2026-06-08T15:38:35.858,10.422,rpm,0.000,0.041607,100.000
2026-06-08T15:38:35.873,10.438,torque,0.000,0.040572,100.000
2026-06-08T15:38:35.884,10.438,rpm,0.000,0.040572,100.000
2026-06-08T15:38:35.893,10.453,rpm,0.000,0.040572,100.000
2026-06-08T15:38:35.910,10.469,rpm,0.000,0.040572,100.000
2026-06-08T15:38:35.934,10.485,rpm,0.000,0.040572,100.000
2026-06-08T15:38:35.954,10.516,rpm,0.000,0.040572,100.000
2026-06-08T15:38:35.954,10.516,torque,0.000,0.039946,100.000
2026-06-08T15:38:35.972,10.531,rpm,0.000,0.039946,100.000
2026-06-08T15:38:36.004,10.563,rpm,0.000,0.039946,100.000
2026-06-08T15:38:36.018,10.578,rpm,0.000,0.039946,100.000
2026-06-08T15:38:36.035,10.594,rpm,0.000,0.039946,100.000
2026-06-08T15:38:36.044,10.594,torque,0.000,0.040037,100.000
2026-06-08T15:38:36.065,10.625,rpm,0.000,0.040037,100.000
2026-06-08T15:38:36.065,10.625,rpm,0.000,0.040037,100.000
2026-06-08T15:38:36.087,10.641,rpm,0.000,0.040037,100.000
2026-06-08T15:38:36.115,10.672,rpm,0.000,0.040037,100.000
2026-06-08T15:38:36.130,10.688,torque,0.000,0.040074,100.000
2026-06-08T15:38:36.132,10.688,rpm,0.000,0.040074,100.000
2026-06-08T15:38:36.163,10.719,rpm,0.000,0.040074,100.000
2026-06-08T15:38:36.193,10.750,rpm,0.000,0.040074,100.000
2026-06-08T15:38:36.211,10.766,torque,0.000,0.040137,100.000
2026-06-08T15:38:36.212,10.766,rpm,0.000,0.040137,100.000
2026-06-08T15:38:36.253,10.813,throttle,0.000,0.040137,0.000
2026-06-08T15:38:36.254,10.813,rpm,0.000,0.040137,0.000
2026-06-08T15:38:36.273,10.828,rpm,0.000,0.040137,0.000
2026-06-08T15:38:36.293,10.844,rpm,0.000,0.040137,0.000
2026-06-08T15:38:36.296,10.860,torque,0.000,0.040067,0.000
2026-06-08T15:38:36.328,10.891,rpm,0.000,0.040067,0.000
2026-06-08T15:38:36.335,10.891,rpm,0.000,0.040067,0.000
2026-06-08T15:38:36.358,10.922,rpm,0.000,0.040067,0.000
2026-06-08T15:38:36.379,10.938,rpm,0.000,0.040067,0.000
2026-06-08T15:38:36.383,10.938,torque,0.000,0.040335,0.000
2026-06-08T15:38:36.416,10.969,rpm,0.000,0.040335,0.000
2026-06-08T15:38:36.434,10.985,rpm,0.000,0.040335,0.000
2026-06-08T15:38:36.457,11.016,rpm,0.000,0.040335,0.000
2026-06-08T15:38:36.469,11.031,rpm,0.000,0.040335,0.000
2026-06-08T15:38:36.478,11.031,torque,0.000,0.041842,0.000
2026-06-08T15:38:36.486,11.047,rpm,0.000,0.041842,0.000
2026-06-08T15:38:36.515,11.078,rpm,0.000,0.041842,0.000
2026-06-08T15:38:36.539,11.094,rpm,0.000,0.041842,0.000
2026-06-08T15:38:36.548,11.110,rpm,0.000,0.041842,0.000
2026-06-08T15:38:36.563,11.125,torque,0.000,0.043173,0.000
2026-06-08T15:38:36.573,11.125,rpm,0.000,0.043173,0.000
2026-06-08T15:38:36.597,11.156,rpm,0.000,0.043173,0.000
2026-06-08T15:38:36.616,11.172,rpm,0.000,0.043173,0.000
2026-06-08T15:38:36.644,11.203,rpm,0.000,0.043173,0.000
2026-06-08T15:38:36.644,11.203,torque,0.000,0.043850,0.000
2026-06-08T15:38:36.669,11.219,rpm,0.000,0.043850,0.000
2026-06-08T15:38:36.679,11.235,rpm,0.000,0.043850,0.000
2026-06-08T15:38:36.697,11.250,rpm,0.000,0.043850,0.000
2026-06-08T15:38:36.722,11.281,rpm,0.000,0.043850,0.000
2026-06-08T15:38:36.737,11.297,torque,0.000,0.045229,0.000
2026-06-08T15:38:36.759,11.313,rpm,0.000,0.045229,0.000
2026-06-08T15:38:36.786,11.344,rpm,0.000,0.045229,0.000
2026-06-08T15:38:36.787,11.344,rpm,0.000,0.045229,0.000
2026-06-08T15:38:36.809,11.360,rpm,0.000,0.045229,0.000
2026-06-08T15:38:36.817,11.375,torque,0.000,0.046685,0.000
2026-06-08T15:38:36.850,11.406,rpm,0.000,0.046685,0.000
2026-06-08T15:38:36.850,11.406,rpm,0.000,0.046685,0.000
2026-06-08T15:38:36.873,11.422,rpm,0.000,0.046685,0.000
2026-06-08T15:38:36.899,11.453,rpm,0.000,0.046685,0.000
2026-06-08T15:38:36.914,11.469,torque,0.000,0.047290,0.000
2026-06-08T15:38:36.924,11.485,rpm,0.000,0.047290,0.000
2026-06-08T15:38:36.956,11.516,rpm,0.000,0.047290,0.000
2026-06-08T15:38:36.979,11.531,rpm,0.000,0.047290,0.000
2026-06-08T15:38:36.993,11.547,torque,0.000,0.046952,0.000
2026-06-08T15:38:37.013,11.563,rpm,0.000,0.046952,0.000
2026-06-08T15:38:37.013,11.563,rpm,0.000,0.046952,0.000
2026-06-08T15:38:37.044,11.594,rpm,0.000,0.046952,0.000
2026-06-08T15:38:37.059,11.610,rpm,0.000,0.046952,0.000
2026-06-08T15:38:37.076,11.625,torque,0.000,0.046389,0.000
2026-06-08T15:38:37.079,11.641,rpm,0.000,0.046389,0.000
2026-06-08T15:38:37.084,11.641,rpm,0.000,0.046389,0.000
2026-06-08T15:38:37.117,11.672,rpm,0.000,0.046389,0.000
2026-06-08T15:38:37.138,11.688,rpm,0.000,0.046389,0.000
2026-06-08T15:38:37.158,11.719,rpm,0.000,0.046389,0.000
2026-06-08T15:38:37.160,11.719,torque,0.000,0.045645,0.000
2026-06-08T15:38:37.178,11.735,rpm,0.000,0.045645,0.000
2026-06-08T15:38:37.198,11.750,rpm,0.000,0.045645,0.000
2026-06-08T15:38:37.218,11.781,rpm,0.000,0.045645,0.000
2026-06-08T15:38:37.233,11.797,rpm,0.000,0.045645,0.000
2026-06-08T15:38:37.244,11.797,rpm,0.000,0.045645,0.000
2026-06-08T15:38:37.250,11.813,torque,0.000,0.045170,0.000
2026-06-08T15:38:37.283,11.844,rpm,0.000,0.045170,0.000
2026-06-08T15:38:37.297,11.860,rpm,0.000,0.045170,0.000
2026-06-08T15:38:37.298,11.860,throttle,0.000,0.045170,100.000
2026-06-08T15:38:37.318,11.875,rpm,0.000,0.045170,100.000
2026-06-08T15:38:37.331,11.891,rpm,0.000,0.045170,100.000
2026-06-08T15:38:37.347,11.906,torque,0.000,0.045295,100.000
2026-06-08T15:38:37.359,11.922,rpm,0.000,0.045295,100.000
2026-06-08T15:38:37.381,11.938,rpm,0.000,0.045295,100.000
2026-06-08T15:38:37.397,11.953,rpm,0.000,0.045295,100.000
2026-06-08T15:38:37.412,11.969,rpm,0.000,0.045295,100.000
2026-06-08T15:38:37.427,11.985,torque,0.000,0.045258,100.000
2026-06-08T15:38:37.452,12.016,rpm,0.000,0.045258,100.000
2026-06-08T15:38:37.474,12.031,rpm,0.000,0.045258,100.000
2026-06-08T15:38:37.490,12.047,rpm,0.000,0.045258,100.000
2026-06-08T15:38:37.508,12.063,torque,0.000,0.044649,100.000
2026-06-08T15:38:37.511,12.063,rpm,0.000,0.044649,100.000
2026-06-08T15:38:37.545,12.110,rpm,0.000,0.044649,100.000
2026-06-08T15:38:37.565,12.125,rpm,0.000,0.044649,100.000
2026-06-08T15:38:37.580,12.141,rpm,0.000,0.044649,100.000
2026-06-08T15:38:37.587,12.141,rpm,0.000,0.044649,100.000
2026-06-08T15:38:37.602,12.156,torque,0.000,0.043126,100.000
2026-06-08T15:38:37.621,12.172,rpm,0.000,0.043126,100.000
2026-06-08T15:38:37.639,12.203,rpm,0.000,0.043126,100.000
2026-06-08T15:38:37.644,12.203,rpm,0.000,0.043126,100.000
2026-06-08T15:38:37.670,12.235,rpm,0.000,0.043126,100.000
2026-06-08T15:38:37.681,12.235,torque,0.000,0.042341,100.000
2026-06-08T15:38:37.709,12.266,rpm,0.000,0.042341,100.000
2026-06-08T15:38:37.726,12.281,rpm,0.000,0.042341,100.000
2026-06-08T15:38:37.733,12.297,rpm,0.000,0.042341,100.000
2026-06-08T15:38:37.767,12.328,torque,0.000,0.042046,100.000
2026-06-08T15:38:37.769,12.328,rpm,0.000,0.042046,100.000
2026-06-08T15:38:37.801,12.360,rpm,0.000,0.042046,100.000
2026-06-08T15:38:37.820,12.375,rpm,0.000,0.042046,100.000
2026-06-08T15:38:37.844,12.406,rpm,0.000,0.042046,100.000
2026-06-08T15:38:37.852,12.406,torque,0.000,0.041927,100.000
2026-06-08T15:38:37.872,12.422,rpm,0.000,0.041927,100.000
2026-06-08T15:38:37.915,12.469,rpm,0.000,0.041927,100.000
2026-06-08T15:38:37.939,12.500,rpm,0.000,0.041927,100.000
2026-06-08T15:38:37.954,12.516,torque,0.000,0.041295,100.000
2026-06-08T15:38:37.954,12.516,rpm,0.000,0.041295,100.000
2026-06-08T15:38:37.996,12.547,rpm,0.000,0.041295,100.000
2026-06-08T15:38:37.996,12.547,rpm,0.000,0.041295,100.000
2026-06-08T15:38:38.017,12.578,rpm,0.000,0.041295,100.000
2026-06-08T15:38:38.034,12.594,torque,0.000,0.039893,100.000
2026-06-08T15:38:38.035,12.594,rpm,0.000,0.039893,100.000
2026-06-08T15:38:38.058,12.610,rpm,0.000,0.039893,100.000
2026-06-08T15:38:38.082,12.641,rpm,0.000,0.039893,100.000
2026-06-08T15:38:38.097,12.656,rpm,0.000,0.039893,100.000
2026-06-08T15:38:38.114,12.672,rpm,0.000,0.039893,100.000
2026-06-08T15:38:38.115,12.672,torque,0.000,0.039521,100.000
2026-06-08T15:38:38.141,12.703,rpm,0.000,0.039521,100.000
2026-06-08T15:38:38.163,12.719,rpm,0.000,0.039521,100.000
2026-06-08T15:38:38.178,12.735,rpm,0.000,0.039521,100.000
2026-06-08T15:38:38.194,12.750,rpm,0.000,0.039521,100.000
2026-06-08T15:38:38.210,12.766,torque,0.000,0.039535,100.000
2026-06-08T15:38:38.225,12.781,rpm,0.000,0.039535,100.000
2026-06-08T15:38:38.243,12.797,rpm,0.000,0.039535,100.000
2026-06-08T15:38:38.258,12.813,rpm,0.000,0.039535,100.000
2026-06-08T15:38:38.274,12.828,rpm,0.000,0.039535,100.000
2026-06-08T15:38:38.289,12.844,torque,0.000,0.039708,100.000
2026-06-08T15:38:38.295,12.844,rpm,0.000,0.039708,100.000
2026-06-08T15:38:38.329,12.891,rpm,0.000,0.039708,100.000
2026-06-08T15:38:38.344,12.906,rpm,0.000,0.039708,100.000
2026-06-08T15:38:38.367,12.922,rpm,0.000,0.039708,100.000
2026-06-08T15:38:38.386,12.938,torque,0.000,0.039892,100.000
2026-06-08T15:38:38.402,12.953,rpm,0.000,0.039892,100.000
2026-06-08T15:38:38.404,12.969,throttle,0.000,0.039892,0.000
2026-06-08T15:38:38.421,12.985,rpm,0.000,0.039892,0.000
2026-06-08T15:38:38.438,13.000,rpm,0.000,0.039892,0.000
2026-06-08T15:38:38.445,13.000,rpm,0.000,0.039892,0.000
2026-06-08T15:38:38.466,13.016,torque,0.000,0.039870,0.000
2026-06-08T15:38:38.482,13.031,rpm,0.000,0.039870,0.000
2026-06-08T15:38:38.498,13.063,rpm,0.000,0.039870,0.000
2026-06-08T15:38:38.513,13.063,rpm,0.000,0.039870,0.000
2026-06-08T15:38:38.539,13.094,rpm,0.000,0.039870,0.000
2026-06-08T15:38:38.557,13.110,torque,0.000,0.040102,0.000
2026-06-08T15:38:38.564,13.125,rpm,0.000,0.040102,0.000
2026-06-08T15:38:38.592,13.156,rpm,0.000,0.040102,0.000
2026-06-08T15:38:38.610,13.172,rpm,0.000,0.040102,0.000
2026-06-08T15:38:38.627,13.188,rpm,0.000,0.040102,0.000
2026-06-08T15:38:38.641,13.203,torque,0.000,0.041996,0.000
2026-06-08T15:38:38.659,13.219,rpm,0.000,0.041996,0.000
2026-06-08T15:38:38.679,13.235,rpm,0.000,0.041996,0.000
2026-06-08T15:38:38.708,13.266,rpm,0.000,0.041996,0.000
2026-06-08T15:38:38.708,13.266,rpm,0.000,0.041996,0.000
2026-06-08T15:38:38.723,13.281,torque,0.000,0.043462,0.000
2026-06-08T15:38:38.732,13.281,rpm,0.000,0.043462,0.000
2026-06-08T15:38:38.765,13.328,rpm,0.000,0.043462,0.000
2026-06-08T15:38:38.766,13.328,rpm,0.000,0.043462,0.000
2026-06-08T15:38:38.788,13.344,rpm,0.000,0.043462,0.000
2026-06-08T15:38:38.807,13.360,torque,0.000,0.044064,0.000
2026-06-08T15:38:38.813,13.375,rpm,0.000,0.044064,0.000
2026-06-08T15:38:38.833,13.391,rpm,0.000,0.044064,0.000
2026-06-08T15:38:38.861,13.422,rpm,0.000,0.044064,0.000
2026-06-08T15:38:38.877,13.438,rpm,0.000,0.044064,0.000
2026-06-08T15:38:38.898,13.453,torque,0.000,0.045399,0.000
2026-06-08T15:38:38.910,13.469,rpm,0.000,0.045399,0.000
2026-06-08T15:38:38.926,13.485,rpm,0.000,0.045399,0.000
2026-06-08T15:38:38.947,13.500,rpm,0.000,0.045399,0.000
2026-06-08T15:38:38.964,13.516,rpm,0.000,0.045399,0.000
2026-06-08T15:38:38.980,13.531,rpm,0.000,0.045399,0.000
2026-06-08T15:38:38.980,13.531,torque,0.000,0.046622,0.000
2026-06-08T15:38:39.008,13.563,rpm,0.000,0.046622,0.000
2026-06-08T15:38:39.017,13.578,rpm,0.000,0.046622,0.000
2026-06-08T15:38:39.035,13.594,rpm,0.000,0.046622,0.000
2026-06-08T15:38:39.058,13.610,rpm,0.000,0.046622,0.000
2026-06-08T15:38:39.074,13.625,torque,0.000,0.046971,0.000
2026-06-08T15:38:39.090,13.641,rpm,0.000,0.046971,0.000
2026-06-08T15:38:39.106,13.656,rpm,0.000,0.046971,0.000
2026-06-08T15:38:39.124,13.688,rpm,0.000,0.046971,0.000
2026-06-08T15:38:39.124,13.688,rpm,0.000,0.046971,0.000
2026-06-08T15:38:39.154,13.719,torque,0.000,0.046733,0.000
2026-06-08T15:38:39.196,13.750,rpm,0.000,0.046733,0.000
2026-06-08T15:38:39.218,13.781,rpm,0.000,0.046733,0.000
2026-06-08T15:38:39.234,13.797,rpm,0.000,0.046733,0.000
2026-06-08T15:38:39.241,13.797,torque,0.000,0.046398,0.000
2026-06-08T15:38:39.264,13.828,rpm,0.000,0.046398,0.000
2026-06-08T15:38:39.283,13.844,rpm,0.000,0.046398,0.000
2026-06-08T15:38:39.298,13.860,rpm,0.000,0.046398,0.000
2026-06-08T15:38:39.308,13.860,rpm,0.000,0.046398,0.000
2026-06-08T15:38:39.329,13.891,torque,0.000,0.046257,0.000
2026-06-08T15:38:39.338,13.891,rpm,0.000,0.046257,0.000
2026-06-08T15:38:39.368,13.922,rpm,0.000,0.046257,0.000
2026-06-08T15:38:39.374,13.938,rpm,0.000,0.046257,0.000
2026-06-08T15:38:39.392,13.953,rpm,0.000,0.046257,0.000
2026-06-08T15:38:39.413,13.969,torque,0.000,0.046090,0.000
2026-06-08T15:38:39.420,13.969,rpm,0.000,0.046090,0.000
2026-06-08T15:38:39.450,14.000,rpm,0.000,0.046090,0.000
2026-06-08T15:38:39.457,14.016,rpm,0.000,0.046090,0.000
2026-06-08T15:38:39.479,14.031,rpm,0.000,0.046090,0.000
2026-06-08T15:38:39.501,14.063,rpm,0.000,0.046090,0.000
2026-06-08T15:38:39.502,14.063,torque,0.000,0.045926,0.000
2026-06-08T15:38:39.523,14.078,rpm,0.000,0.045926,0.000
2026-06-08T15:38:39.545,14.110,rpm,0.000,0.045926,0.000
2026-06-08T15:38:39.572,14.125,rpm,0.000,0.045926,0.000
2026-06-08T15:38:39.573,14.125,rpm,0.000,0.045926,0.000
2026-06-08T15:38:39.587,14.141,torque,0.000,0.045900,0.000
2026-06-08T15:38:39.604,14.156,rpm,0.000,0.045900,0.000
2026-06-08T15:38:39.635,14.188,rpm,0.000,0.045900,0.000
2026-06-08T15:38:39.649,14.203,rpm,0.000,0.045900,0.000
2026-06-08T15:38:39.653,14.203,rpm,0.000,0.045900,0.000
2026-06-08T15:38:39.675,14.235,torque,0.000,0.045959,0.000
2026-06-08T15:38:39.679,14.235,rpm,0.000,0.045959,0.000
2026-06-08T15:38:39.706,14.266,rpm,0.000,0.045959,0.000
2026-06-08T15:38:39.725,14.281,rpm,0.000,0.045959,0.000
2026-06-08T15:38:39.747,14.297,rpm,0.000,0.045959,0.000
2026-06-08T15:38:39.761,14.313,rpm,0.000,0.045959,0.000
2026-06-08T15:38:39.762,14.313,torque,0.000,0.045886,0.000
2026-06-08T15:38:39.787,14.344,rpm,0.000,0.045886,0.000
2026-06-08T15:38:39.807,14.360,rpm,0.000,0.045886,0.000
2026-06-08T15:38:39.827,14.391,throttle,0.000,0.045886,100.000
2026-06-08T15:38:39.827,14.391,rpm,0.000,0.045886,100.000
2026-06-08T15:38:39.843,14.406,rpm,0.000,0.045886,100.000
2026-06-08T15:38:39.859,14.422,torque,0.000,0.045408,100.000
2026-06-08T15:38:39.860,14.422,rpm,0.000,0.045408,100.000
2026-06-08T15:38:39.882,14.438,rpm,0.000,0.045408,100.000
2026-06-08T15:38:39.906,14.469,rpm,0.000,0.045408,100.000
2026-06-08T15:38:39.923,14.485,rpm,0.000,0.045408,100.000
2026-06-08T15:38:39.937,14.500,torque,0.000,0.044955,100.000
2026-06-08T15:38:39.938,14.500,rpm,0.000,0.044955,100.000
2026-06-08T15:38:39.962,14.516,rpm,0.000,0.044955,100.000
2026-06-08T15:38:39.980,14.531,rpm,0.000,0.044955,100.000
2026-06-08T15:38:40.003,14.563,rpm,0.000,0.044955,100.000
2026-06-08T15:38:40.016,14.578,rpm,0.000,0.044955,100.000
2026-06-08T15:38:40.018,14.578,torque,0.000,0.044570,100.000
2026-06-08T15:38:40.035,14.594,rpm,0.000,0.044570,100.000
2026-06-08T15:38:40.068,14.625,rpm,0.000,0.044570,100.000
2026-06-08T15:38:40.106,14.656,torque,0.000,0.043404,100.000
2026-06-08T15:38:40.128,14.688,rpm,0.000,0.043404,100.000
2026-06-08T15:38:40.153,14.703,rpm,0.000,0.043404,100.000
2026-06-08T15:38:40.179,14.735,rpm,0.000,0.043404,100.000
2026-06-08T15:38:40.195,14.750,torque,0.000,0.042267,100.000
2026-06-08T15:38:40.197,14.750,rpm,0.000,0.042267,100.000
2026-06-08T15:38:40.230,14.781,rpm,0.000,0.042267,100.000
2026-06-08T15:38:40.245,14.797,rpm,0.000,0.042267,100.000
2026-06-08T15:38:40.260,14.813,rpm,0.000,0.042267,100.000
2026-06-08T15:38:40.276,14.828,rpm,0.000,0.042267,100.000
2026-06-08T15:38:40.278,14.828,torque,0.000,0.041869,100.000
2026-06-08T15:38:40.318,14.875,rpm,0.000,0.041869,100.000
2026-06-08T15:38:40.338,14.891,rpm,0.000,0.041869,100.000
2026-06-08T15:38:40.358,14.922,rpm,0.000,0.041869,100.000
2026-06-08T15:38:40.363,14.922,torque,0.000,0.041662,100.000
2026-06-08T15:38:40.397,14.953,rpm,0.000,0.041662,100.000
2026-06-08T15:38:40.418,14.969,rpm,0.000,0.041662,100.000
2026-06-08T15:38:40.440,15.000,rpm,0.000,0.041662,100.000
2026-06-08T15:38:40.449,15.000,rpm,0.000,0.041662,100.000
2026-06-08T15:38:40.465,15.016,torque,0.000,0.041297,100.000
2026-06-08T15:38:40.485,15.047,rpm,0.000,0.041297,100.000
2026-06-08T15:38:40.488,15.047,rpm,0.000,0.041297,100.000
2026-06-08T15:38:40.514,15.078,rpm,0.000,0.041297,100.000
2026-06-08T15:38:40.531,15.094,rpm,0.000,0.041297,100.000
2026-06-08T15:38:40.545,15.110,torque,0.000,0.040228,100.000
2026-06-08T15:38:40.556,15.110,rpm,0.000,0.040228,100.000
2026-06-08T15:38:40.578,15.141,rpm,0.000,0.040228,100.000
2026-06-08T15:38:40.597,15.156,rpm,0.000,0.040228,100.000
2026-06-08T15:38:40.613,15.172,rpm,0.000,0.040228,100.000
2026-06-08T15:38:40.626,15.188,torque,0.000,0.039613,100.000
2026-06-08T15:38:40.643,15.203,rpm,0.000,0.039613,100.000
2026-06-08T15:38:40.658,15.219,rpm,0.000,0.039613,100.000
2026-06-08T15:38:40.674,15.235,rpm,0.000,0.039613,100.000
2026-06-08T15:38:40.697,15.250,rpm,0.000,0.039613,100.000
2026-06-08T15:38:40.718,15.281,torque,0.000,0.039767,100.000
2026-06-08T15:38:40.718,15.281,rpm,0.000,0.039767,100.000
2026-06-08T15:38:40.748,15.313,rpm,0.000,0.039767,100.000
2026-06-08T15:38:40.763,15.313,rpm,0.000,0.039767,100.000
2026-06-08T15:38:40.786,15.344,rpm,0.000,0.039767,100.000
2026-06-08T15:38:40.801,15.360,rpm,0.000,0.039767,100.000
2026-06-08T15:38:40.801,15.360,torque,0.000,0.039674,100.000
2026-06-08T15:38:40.834,15.391,rpm,0.000,0.039674,100.000
2026-06-08T15:38:40.854,15.406,rpm,0.000,0.039674,100.000
2026-06-08T15:38:40.882,15.438,rpm,0.000,0.039674,100.000
2026-06-08T15:38:40.883,15.438,torque,0.000,0.039598,100.000
2026-06-08T15:38:40.900,15.453,rpm,0.000,0.039598,100.000
2026-06-08T15:38:40.933,15.485,rpm,0.000,0.039598,100.000
2026-06-08T15:38:40.947,15.500,rpm,0.000,0.039598,100.000
2026-06-08T15:38:40.964,15.516,rpm,0.000,0.039598,100.000
2026-06-08T15:38:40.979,15.531,torque,0.000,0.039581,100.000
2026-06-08T15:38:40.999,15.563,rpm,0.000,0.039581,100.000
2026-06-08T15:38:40.999,15.563,throttle,0.000,0.039581,0.000
2026-06-08T15:38:41.026,15.578,rpm,0.000,0.039581,0.000
2026-06-08T15:38:41.058,15.610,rpm,0.000,0.039581,0.000
2026-06-08T15:38:41.059,15.610,torque,0.000,0.039653,0.000
2026-06-08T15:38:41.092,15.656,rpm,0.000,0.039653,0.000
2026-06-08T15:38:41.106,15.656,rpm,0.000,0.039653,0.000
2026-06-08T15:38:41.122,15.672,rpm,0.000,0.039653,0.000
2026-06-08T15:38:41.140,15.703,rpm,0.000,0.039653,0.000
2026-06-08T15:38:41.145,15.703,torque,0.000,0.039974,0.000
2026-06-08T15:38:41.148,15.703,rpm,0.000,0.039974,0.000
2026-06-08T15:38:41.180,15.735,rpm,0.000,0.039974,0.000
2026-06-08T15:38:41.202,15.766,rpm,0.000,0.039974,0.000
2026-06-08T15:38:41.222,15.781,rpm,0.000,0.039974,0.000
2026-06-08T15:38:41.231,15.781,rpm,0.000,0.039974,0.000
2026-06-08T15:38:41.232,15.797,torque,0.000,0.041788,0.000
2026-06-08T15:38:41.266,15.828,rpm,0.000,0.041788,0.000
2026-06-08T15:38:41.268,15.828,rpm,0.000,0.041788,0.000
2026-06-08T15:38:41.291,15.844,rpm,0.000,0.041788,0.000
2026-06-08T15:38:41.318,15.875,rpm,0.000,0.041788,0.000
2026-06-08T15:38:41.319,15.875,torque,0.000,0.043161,0.000
2026-06-08T15:38:41.345,15.906,rpm,0.000,0.043161,0.000
2026-06-08T15:38:41.359,15.922,rpm,0.000,0.043161,0.000
2026-06-08T15:38:41.388,15.938,rpm,0.000,0.043161,0.000
2026-06-08T15:38:41.395,15.953,rpm,0.000,0.043161,0.000
2026-06-08T15:38:41.409,15.969,torque,0.000,0.043826,0.000
2026-06-08T15:38:41.420,15.985,rpm,0.000,0.043826,0.000
2026-06-08T15:38:41.449,16.000,rpm,0.000,0.043826,0.000
2026-06-08T15:38:41.478,16.031,rpm,0.000,0.043826,0.000
2026-06-08T15:38:41.489,16.047,torque,0.000,0.045135,0.000
2026-06-08T15:38:41.509,16.063,rpm,0.000,0.045135,0.000
2026-06-08T15:38:41.525,16.078,rpm,0.000,0.045135,0.000
2026-06-08T15:38:41.538,16.094,rpm,0.000,0.045135,0.000
2026-06-08T15:38:41.554,16.110,rpm,0.000,0.045135,0.000
2026-06-08T15:38:41.574,16.125,rpm,0.000,0.045135,0.000
2026-06-08T15:38:41.575,16.125,torque,0.000,0.046504,0.000
2026-06-08T15:38:41.609,16.172,rpm,0.000,0.046504,0.000
2026-06-08T15:38:41.623,16.188,rpm,0.000,0.046504,0.000
2026-06-08T15:38:41.644,16.203,rpm,0.000,0.046504,0.000
2026-06-08T15:38:41.650,16.203,rpm,0.000,0.046504,0.000
2026-06-08T15:38:41.666,16.219,torque,0.000,0.046880,0.000
2026-06-08T15:38:41.683,16.235,rpm,0.000,0.046880,0.000
2026-06-08T15:38:41.698,16.250,rpm,0.000,0.046880,0.000
2026-06-08T15:38:41.718,16.281,rpm,0.000,0.046880,0.000
2026-06-08T15:38:41.727,16.281,rpm,0.000,0.046880,0.000
2026-06-08T15:38:41.751,16.313,torque,0.000,0.046481,0.000
2026-06-08T15:38:41.757,16.313,rpm,0.000,0.046481,0.000
2026-06-08T15:38:41.784,16.344,rpm,0.000,0.046481,0.000
2026-06-08T15:38:41.804,16.360,rpm,0.000,0.046481,0.000
2026-06-08T15:38:41.826,16.375,rpm,0.000,0.046481,0.000
2026-06-08T15:38:41.842,16.406,rpm,0.000,0.046481,0.000
2026-06-08T15:38:41.842,16.406,torque,0.000,0.045971,0.000
2026-06-08T15:38:41.875,16.438,rpm,0.000,0.045971,0.000
2026-06-08T15:38:41.875,16.438,rpm,0.000,0.045971,0.000
2026-06-08T15:38:41.898,16.453,rpm,0.000,0.045971,0.000
2026-06-08T15:38:41.924,16.485,torque,0.000,0.045740,0.000
2026-06-08T15:38:41.925,16.485,rpm,0.000,0.045740,0.000
2026-06-08T15:38:41.952,16.516,rpm,0.000,0.045740,0.000
2026-06-08T15:38:41.967,16.516,rpm,0.000,0.045740,0.000
2026-06-08T15:38:41.987,16.547,rpm,0.000,0.045740,0.000
2026-06-08T15:38:42.004,16.563,rpm,0.000,0.045740,0.000
2026-06-08T15:38:42.010,16.563,torque,0.000,0.045602,0.000
2026-06-08T15:38:42.033,16.594,throttle,0.000,0.045602,100.000
2026-06-08T15:38:42.034,16.594,rpm,0.000,0.045602,100.000
2026-06-08T15:38:42.069,16.625,rpm,0.000,0.045602,100.000
2026-06-08T15:38:42.094,16.656,rpm,0.000,0.045602,100.000
2026-06-08T15:38:42.099,16.656,torque,0.000,0.045681,100.000
2026-06-08T15:38:42.115,16.672,rpm,0.000,0.045681,100.000
2026-06-08T15:38:42.132,16.688,rpm,0.000,0.045681,100.000
2026-06-08T15:38:42.150,16.703,rpm,0.000,0.045681,100.000
2026-06-08T15:38:42.171,16.735,rpm,0.000,0.045681,100.000
2026-06-08T15:38:42.188,16.750,torque,0.000,0.045508,100.000
2026-06-08T15:38:42.188,16.750,rpm,0.000,0.045508,100.000
2026-06-08T15:38:42.209,16.766,rpm,0.000,0.045508,100.000
2026-06-08T15:38:42.230,16.781,rpm,0.000,0.045508,100.000
2026-06-08T15:38:42.248,16.797,rpm,0.000,0.045508,100.000
2026-06-08T15:38:42.276,16.828,torque,0.000,0.044631,100.000
2026-06-08T15:38:42.277,16.828,rpm,0.000,0.044631,100.000
2026-06-08T15:38:42.312,16.875,rpm,0.000,0.044631,100.000
2026-06-08T15:38:42.312,16.875,rpm,0.000,0.044631,100.000
2026-06-08T15:38:42.329,16.891,rpm,0.000,0.044631,100.000
2026-06-08T15:38:42.349,16.906,rpm,0.000,0.044631,100.000
2026-06-08T15:38:42.362,16.922,torque,0.000,0.042970,100.000
2026-06-08T15:38:42.385,16.938,rpm,0.000,0.042970,100.000
2026-06-08T15:38:42.386,16.938,rpm,0.000,0.042970,100.000
2026-06-08T15:38:42.409,16.969,rpm,0.000,0.042970,100.000
2026-06-08T15:38:42.433,16.985,rpm,0.000,0.042970,100.000
2026-06-08T15:38:42.453,17.016,torque,0.000,0.042040,100.000
2026-06-08T15:38:42.453,17.016,rpm,0.000,0.042040,100.000
2026-06-08T15:38:42.498,17.047,rpm,0.000,0.042040,100.000
2026-06-08T15:38:42.514,17.078,rpm,0.000,0.042040,100.000
2026-06-08T15:38:42.531,17.094,torque,0.000,0.041777,100.000
2026-06-08T15:38:42.531,17.094,rpm,0.000,0.041777,100.000
2026-06-08T15:38:42.571,17.125,rpm,0.000,0.041777,100.000
2026-06-08T15:38:42.594,17.156,rpm,0.000,0.041777,100.000
2026-06-08T15:38:42.611,17.172,rpm,0.000,0.041777,100.000
2026-06-08T15:38:42.626,17.188,torque,0.000,0.041610,100.000
2026-06-08T15:38:42.627,17.188,rpm,0.000,0.041610,100.000
2026-06-08T15:38:42.659,17.219,rpm,0.000,0.041610,100.000
2026-06-08T15:38:42.683,17.235,rpm,0.000,0.041610,100.000
2026-06-08T15:38:42.706,17.266,torque,0.000,0.040975,100.000
2026-06-08T15:38:42.710,17.266,rpm,0.000,0.040975,100.000
2026-06-08T15:38:42.739,17.297,rpm,0.000,0.040975,100.000
2026-06-08T15:38:42.761,17.313,rpm,0.000,0.040975,100.000
2026-06-08T15:38:42.782,17.344,rpm,0.000,0.040975,100.000
2026-06-08T15:38:42.789,17.344,torque,0.000,0.039840,100.000
2026-06-08T15:38:42.806,17.360,rpm,0.000,0.039840,100.000
2026-06-08T15:38:42.836,17.391,rpm,0.000,0.039840,100.000
2026-06-08T15:38:42.866,17.422,rpm,0.000,0.039840,100.000
2026-06-08T15:38:42.866,17.422,rpm,0.000,0.039840,100.000
2026-06-08T15:38:42.881,17.438,torque,0.000,0.039566,100.000
2026-06-08T15:38:42.905,17.469,rpm,0.000,0.039566,100.000
2026-06-08T15:38:42.935,17.485,rpm,0.000,0.039566,100.000
2026-06-08T15:38:42.962,17.516,rpm,0.000,0.039566,100.000
2026-06-08T15:38:42.963,17.516,torque,0.000,0.039591,100.000
2026-06-08T15:38:43.008,17.563,rpm,0.000,0.039591,100.000
2026-06-08T15:38:43.049,17.610,torque,0.000,0.039854,100.000
2026-06-08T15:38:43.055,17.610,rpm,0.000,0.039854,100.000
2026-06-08T15:38:43.082,17.641,rpm,0.000,0.039854,100.000
2026-06-08T15:38:43.134,17.688,rpm,0.000,0.039854,100.000
2026-06-08T15:38:43.136,17.688,torque,0.000,0.039955,100.000
2026-06-08T15:38:43.155,17.719,rpm,0.000,0.039955,100.000
2026-06-08T15:38:43.171,17.735,throttle,0.000,0.039955,0.000
2026-06-08T15:38:43.180,17.735,rpm,0.000,0.039955,0.000
2026-06-08T15:38:43.187,17.750,rpm,0.000,0.039955,0.000
2026-06-08T15:38:43.209,17.766,rpm,0.000,0.039955,0.000
2026-06-08T15:38:43.235,17.797,torque,0.000,0.039959,0.000
2026-06-08T15:38:43.235,17.797,rpm,0.000,0.039959,0.000
2026-06-08T15:38:43.260,17.813,rpm,0.000,0.039959,0.000
2026-06-08T15:38:43.275,17.828,rpm,0.000,0.039959,0.000
2026-06-08T15:38:43.298,17.860,rpm,0.000,0.039959,0.000
2026-06-08T15:38:43.313,17.875,rpm,0.000,0.039959,0.000
2026-06-08T15:38:43.313,17.875,torque,0.000,0.040096,0.000
2026-06-08T15:38:43.345,17.906,rpm,0.000,0.040096,0.000
2026-06-08T15:38:43.361,17.922,rpm,0.000,0.040096,0.000
2026-06-08T15:38:43.363,17.922,rpm,0.000,0.040096,0.000
2026-06-08T15:38:43.386,17.938,rpm,0.000,0.040096,0.000
2026-06-08T15:38:43.394,17.953,torque,0.000,0.041792,0.000
2026-06-08T15:38:43.448,18.000,rpm,0.000,0.041792,0.000
2026-06-08T15:38:43.474,18.031,rpm,0.000,0.041792,0.000
2026-06-08T15:38:43.490,18.047,torque,0.000,0.043045,0.000
2026-06-08T15:38:43.502,18.063,rpm,0.000,0.043045,0.000
2026-06-08T15:38:43.517,18.078,rpm,0.000,0.043045,0.000
2026-06-08T15:38:43.539,18.094,rpm,0.000,0.043045,0.000
2026-06-08T15:38:43.554,18.110,rpm,0.000,0.043045,0.000
2026-06-08T15:38:43.571,18.125,rpm,0.000,0.043045,0.000
2026-06-08T15:38:43.571,18.125,torque,0.000,0.043695,0.000
2026-06-08T15:38:43.590,18.141,rpm,0.000,0.043695,0.000
2026-06-08T15:38:43.646,18.203,rpm,0.000,0.043695,0.000
2026-06-08T15:38:43.666,18.219,torque,0.000,0.044958,0.000
2026-06-08T15:38:43.677,18.235,rpm,0.000,0.044958,0.000
2026-06-08T15:38:43.699,18.250,rpm,0.000,0.044958,0.000
2026-06-08T15:38:43.716,18.266,rpm,0.000,0.044958,0.000
2026-06-08T15:38:43.732,18.281,rpm,0.000,0.044958,0.000
2026-06-08T15:38:43.747,18.297,torque,0.000,0.046346,0.000
2026-06-08T15:38:43.766,18.328,rpm,0.000,0.046346,0.000
2026-06-08T15:38:43.782,18.344,rpm,0.000,0.046346,0.000
2026-06-08T15:38:43.796,18.360,rpm,0.000,0.046346,0.000
2026-06-08T15:38:43.811,18.375,rpm,0.000,0.046346,0.000
2026-06-08T15:38:43.829,18.391,torque,0.000,0.046907,0.000
2026-06-08T15:38:43.831,18.391,rpm,0.000,0.046907,0.000
2026-06-08T15:38:43.858,18.422,rpm,0.000,0.046907,0.000
2026-06-08T15:38:43.886,18.438,rpm,0.000,0.046907,0.000
2026-06-08T15:38:43.891,18.453,rpm,0.000,0.046907,0.000
2026-06-08T15:38:43.906,18.469,rpm,0.000,0.046907,0.000
2026-06-08T15:38:43.923,18.485,torque,0.000,0.046520,0.000
2026-06-08T15:38:43.935,18.485,rpm,0.000,0.046520,0.000
2026-06-08T15:38:43.955,18.516,rpm,0.000,0.046520,0.000
2026-06-08T15:38:43.974,18.531,rpm,0.000,0.046520,0.000
2026-06-08T15:38:43.998,18.563,rpm,0.000,0.046520,0.000
2026-06-08T15:38:44.004,18.563,torque,0.000,0.045910,0.000
2026-06-08T15:38:44.018,18.578,rpm,0.000,0.045910,0.000
2026-06-08T15:38:44.047,18.610,rpm,0.000,0.045910,0.000
2026-06-08T15:38:44.053,18.610,rpm,0.000,0.045910,0.000
2026-06-08T15:38:44.070,18.625,rpm,0.000,0.045910,0.000
2026-06-08T15:38:44.086,18.641,torque,0.000,0.045723,0.000
2026-06-08T15:38:44.088,18.641,rpm,0.000,0.045723,0.000
2026-06-08T15:38:44.120,18.672,rpm,0.000,0.045723,0.000
2026-06-08T15:38:44.128,18.688,rpm,0.000,0.045723,0.000
2026-06-08T15:38:44.149,18.703,rpm,0.000,0.045723,0.000
2026-06-08T15:38:44.172,18.735,rpm,0.000,0.045723,0.000
2026-06-08T15:38:44.172,18.735,torque,0.000,0.045817,0.000
2026-06-08T15:38:44.194,18.750,throttle,0.000,0.045817,100.000
2026-06-08T15:38:44.203,18.766,rpm,0.000,0.045817,100.000
2026-06-08T15:38:44.210,18.766,rpm,0.000,0.045817,100.000
2026-06-08T15:38:44.262,18.813,torque,0.000,0.045918,100.000
2026-06-08T15:38:44.308,18.860,rpm,0.000,0.045918,100.000
2026-06-08T15:38:44.339,18.891,rpm,0.000,0.045918,100.000
2026-06-08T15:38:44.354,18.906,torque,0.000,0.045616,100.000
2026-06-08T15:38:44.364,18.922,rpm,0.000,0.045616,100.000
2026-06-08T15:38:44.386,18.938,rpm,0.000,0.045616,100.000
2026-06-08T15:38:44.428,18.985,rpm,0.000,0.045616,100.000
2026-06-08T15:38:44.434,18.985,torque,0.000,0.044426,100.000
2026-06-08T15:38:44.453,19.016,rpm,0.000,0.044426,100.000
2026-06-08T15:38:44.482,19.031,rpm,0.000,0.044426,100.000
2026-06-08T15:38:44.499,19.063,rpm,0.000,0.044426,100.000
2026-06-08T15:38:44.520,19.078,torque,0.000,0.042586,100.000
2026-06-08T15:38:44.547,19.110,rpm,0.000,0.042586,100.000
2026-06-08T15:38:44.562,19.125,rpm,0.000,0.042586,100.000
2026-06-08T15:38:44.581,19.141,rpm,0.000,0.042586,100.000
2026-06-08T15:38:44.611,19.172,torque,0.000,0.041874,100.000
2026-06-08T15:38:44.611,19.172,rpm,0.000,0.041874,100.000
2026-06-08T15:38:44.645,19.203,rpm,0.000,0.041874,100.000
2026-06-08T15:38:44.645,19.203,rpm,0.000,0.041874,100.000
2026-06-08T15:38:44.674,19.235,rpm,0.000,0.041874,100.000
2026-06-08T15:38:44.692,19.250,torque,0.000,0.041550,100.000
2026-06-08T15:38:44.700,19.250,rpm,0.000,0.041550,100.000
2026-06-08T15:38:44.734,19.297,rpm,0.000,0.041550,100.000
2026-06-08T15:38:44.755,19.313,rpm,0.000,0.041550,100.000
2026-06-08T15:38:44.770,19.328,rpm,0.000,0.041550,100.000
2026-06-08T15:38:44.787,19.344,torque,0.000,0.041411,100.000
2026-06-08T15:38:44.788,19.344,rpm,0.000,0.041411,100.000
2026-06-08T15:38:44.815,19.375,rpm,0.000,0.041411,100.000
2026-06-08T15:38:44.847,19.406,rpm,0.000,0.041411,100.000
2026-06-08T15:38:44.866,19.422,torque,0.000,0.040841,100.000
2026-06-08T15:38:44.867,19.422,rpm,0.000,0.040841,100.000
2026-06-08T15:38:44.900,19.453,rpm,0.000,0.040841,100.000
2026-06-08T15:38:44.906,19.469,rpm,0.000,0.040841,100.000
2026-06-08T15:38:44.931,19.485,rpm,0.000,0.040841,100.000
2026-06-08T15:38:44.953,19.516,torque,0.000,0.039537,100.000
2026-06-08T15:38:44.990,19.547,rpm,0.000,0.039537,100.000
2026-06-08T15:38:45.010,19.563,rpm,0.000,0.039537,100.000
2026-06-08T15:38:45.033,19.594,rpm,0.000,0.039537,100.000
2026-06-08T15:38:45.041,19.594,torque,0.000,0.039290,100.000
2026-06-08T15:38:45.045,19.610,rpm,0.000,0.039290,100.000
2026-06-08T15:38:45.080,19.641,rpm,0.000,0.039290,100.000
2026-06-08T15:38:45.108,19.672,rpm,0.000,0.039290,100.000
2026-06-08T15:38:45.126,19.688,torque,0.000,0.039462,100.000
2026-06-08T15:38:45.147,19.703,rpm,0.000,0.039462,100.000
2026-06-08T15:38:45.167,19.719,rpm,0.000,0.039462,100.000
2026-06-08T15:38:45.168,19.719,rpm,0.000,0.039462,100.000
2026-06-08T15:38:45.195,19.750,rpm,0.000,0.039462,100.000
2026-06-08T15:38:45.218,19.781,torque,0.000,0.039527,100.000
2026-06-08T15:38:45.219,19.781,rpm,0.000,0.039527,100.000
2026-06-08T15:38:45.238,19.797,rpm,0.000,0.039527,100.000
2026-06-08T15:38:45.264,19.828,rpm,0.000,0.039527,100.000
2026-06-08T15:38:45.282,19.844,rpm,0.000,0.039527,100.000
2026-06-08T15:38:45.298,19.860,rpm,0.000,0.039527,100.000
2026-06-08T15:38:45.298,19.860,torque,0.000,0.039654,100.000
2026-06-08T15:38:45.315,19.875,rpm,0.000,0.039654,100.000
2026-06-08T15:38:45.339,19.891,throttle,0.000,0.039654,0.000
2026-06-08T15:38:45.339,19.891,rpm,0.000,0.039654,0.000
2026-06-08T15:38:45.361,19.922,rpm,0.000,0.039654,0.000
2026-06-08T15:38:45.373,19.938,rpm,0.000,0.039654,0.000
2026-06-08T15:38:45.387,19.938,torque,0.000,0.039784,0.000
2026-06-08T15:38:45.389,19.953,rpm,0.000,0.039784,0.000
2026-06-08T15:38:45.422,19.985,rpm,0.000,0.039784,0.000
2026-06-08T15:38:45.441,20.000,rpm,0.000,0.039784,0.000
2026-06-08T15:38:45.458,20.016,rpm,0.000,0.039784,0.000
2026-06-08T15:38:45.474,20.031,rpm,0.000,0.039784,0.000
2026-06-08T15:38:45.474,20.031,torque,0.000,0.039744,0.000
2026-06-08T15:38:45.501,20.063,rpm,0.000,0.039744,0.000
2026-06-08T15:38:45.523,20.078,rpm,0.000,0.039744,0.000
2026-06-08T15:38:45.526,20.078,rpm,0.000,0.039744,0.000
2026-06-08T15:38:45.553,20.110,rpm,0.000,0.039744,0.000
2026-06-08T15:38:45.569,20.125,torque,0.000,0.040986,0.000
2026-06-08T15:38:45.580,20.141,rpm,0.000,0.040986,0.000
2026-06-08T15:38:45.603,20.156,rpm,0.000,0.040986,0.000
2026-06-08T15:38:45.613,20.172,rpm,0.000,0.040986,0.000
2026-06-08T15:38:45.635,20.188,rpm,0.000,0.040986,0.000
2026-06-08T15:38:45.651,20.203,torque,0.000,0.042546,0.000
2026-06-08T15:38:45.663,20.219,rpm,0.000,0.042546,0.000
2026-06-08T15:38:45.687,20.250,rpm,0.000,0.042546,0.000
2026-06-08T15:38:45.713,20.266,rpm,0.000,0.042546,0.000
2026-06-08T15:38:45.731,20.281,rpm,0.000,0.042546,0.000
2026-06-08T15:38:45.741,20.297,torque,0.000,0.043491,0.000
2026-06-08T15:38:45.766,20.328,rpm,0.000,0.043491,0.000
2026-06-08T15:38:45.767,20.328,rpm,0.000,0.043491,0.000
2026-06-08T15:38:45.796,20.360,rpm,0.000,0.043491,0.000
2026-06-08T15:38:45.817,20.375,rpm,0.000,0.043491,0.000
2026-06-08T15:38:45.819,20.375,torque,0.000,0.044620,0.000
2026-06-08T15:38:45.842,20.391,rpm,0.000,0.044620,0.000
2026-06-08T15:38:45.870,20.422,rpm,0.000,0.044620,0.000
2026-06-08T15:38:45.873,20.422,rpm,0.000,0.044620,0.000
2026-06-08T15:38:45.902,20.453,rpm,0.000,0.044620,0.000
2026-06-08T15:38:45.905,20.469,torque,0.000,0.046130,0.000
2026-06-08T15:38:45.925,20.485,rpm,0.000,0.046130,0.000
2026-06-08T15:38:45.959,20.516,rpm,0.000,0.046130,0.000
2026-06-08T15:38:45.986,20.547,rpm,0.000,0.046130,0.000
2026-06-08T15:38:46.002,20.563,torque,0.000,0.046706,0.000
2026-06-08T15:38:46.014,20.578,rpm,0.000,0.046706,0.000
2026-06-08T15:38:46.023,20.578,rpm,0.000,0.046706,0.000
2026-06-08T15:38:46.040,20.594,rpm,0.000,0.046706,0.000
2026-06-08T15:38:46.049,20.610,rpm,0.000,0.046706,0.000
2026-06-08T15:38:46.078,20.641,rpm,0.000,0.046706,0.000
2026-06-08T15:38:46.078,20.641,torque,0.000,0.046367,0.000
2026-06-08T15:38:46.100,20.656,rpm,0.000,0.046367,0.000
2026-06-08T15:38:46.124,20.688,rpm,0.000,0.046367,0.000
2026-06-08T15:38:46.147,20.703,rpm,0.000,0.046367,0.000
2026-06-08T15:38:46.162,20.719,rpm,0.000,0.046367,0.000
2026-06-08T15:38:46.162,20.719,torque,0.000,0.045701,0.000
2026-06-08T15:38:46.179,20.735,rpm,0.000,0.045701,0.000
2026-06-08T15:38:46.210,20.766,rpm,0.000,0.045701,0.000
2026-06-08T15:38:46.210,20.766,rpm,0.000,0.045701,0.000
2026-06-08T15:38:46.234,20.797,rpm,0.000,0.045701,0.000
2026-06-08T15:38:46.258,20.813,torque,0.000,0.045609,0.000
2026-06-08T15:38:46.258,20.813,rpm,0.000,0.045609,0.000
2026-06-08T15:38:46.283,20.844,rpm,0.000,0.045609,0.000
2026-06-08T15:38:46.312,20.875,rpm,0.000,0.045609,0.000
2026-06-08T15:38:46.338,20.891,torque,0.000,0.045664,0.000
2026-06-08T15:38:46.362,20.922,rpm,0.000,0.045664,0.000
2026-06-08T15:38:46.382,20.938,rpm,0.000,0.045664,0.000
2026-06-08T15:38:46.402,20.953,rpm,0.000,0.045664,0.000
2026-06-08T15:38:46.419,20.969,rpm,0.000,0.045664,0.000
2026-06-08T15:38:46.434,20.985,torque,0.000,0.045567,0.000
2026-06-08T15:38:46.451,21.000,rpm,0.000,0.045567,0.000
2026-06-08T15:38:46.476,21.031,rpm,0.000,0.045567,0.000
2026-06-08T15:38:46.499,21.063,rpm,0.000,0.045567,0.000
2026-06-08T15:38:46.514,21.078,torque,0.000,0.045657,0.000
2026-06-08T15:38:46.523,21.078,rpm,0.000,0.045657,0.000
2026-06-08T15:38:46.545,21.110,rpm,0.000,0.045657,0.000
2026-06-08T15:38:46.573,21.125,rpm,0.000,0.045657,0.000
2026-06-08T15:38:46.577,21.141,rpm,0.000,0.045657,0.000
2026-06-08T15:38:46.593,21.156,rpm,0.000,0.045657,0.000
2026-06-08T15:38:46.605,21.156,torque,0.000,0.045626,0.000
2026-06-08T15:38:46.628,21.188,rpm,0.000,0.045626,0.000
2026-06-08T15:38:46.658,21.219,rpm,0.000,0.045626,0.000
2026-06-08T15:38:46.674,21.235,rpm,0.000,0.045626,0.000
2026-06-08T15:38:46.682,21.235,torque,0.000,0.045475,0.000
2026-06-08T15:38:46.710,21.266,rpm,0.000,0.045475,0.000
2026-06-08T15:38:46.737,21.297,rpm,0.000,0.045475,0.000
2026-06-08T15:38:46.769,21.328,torque,0.000,0.045589,0.000
2026-06-08T15:38:46.772,21.328,rpm,0.000,0.045589,0.000
2026-06-08T15:38:46.805,21.360,rpm,0.000,0.045589,0.000
2026-06-08T15:38:46.821,21.375,rpm,0.000,0.045589,0.000
2026-06-08T15:38:46.855,21.406,rpm,0.000,0.045589,0.000
2026-06-08T15:38:46.858,21.422,torque,0.000,0.045561,0.000
2026-06-08T15:38:46.889,21.453,rpm,0.000,0.045561,0.000
2026-06-08T15:38:46.895,21.453,rpm,0.000,0.045561,0.000
2026-06-08T15:38:46.923,21.485,rpm,0.000,0.045561,0.000
2026-06-08T15:38:46.946,21.500,rpm,0.000,0.045561,0.000
2026-06-08T15:38:46.946,21.500,torque,0.000,0.045504,0.000
2026-06-08T15:38:46.964,21.516,rpm,0.000,0.045504,0.000
2026-06-08T15:38:46.990,21.547,rpm,0.000,0.045504,0.000
2026-06-08T15:38:47.010,21.563,rpm,0.000,0.045504,0.000
2026-06-08T15:38:47.026,21.578,rpm,0.000,0.045504,0.000
2026-06-08T15:38:47.043,21.594,torque,0.000,0.045495,0.000
2026-06-08T15:38:47.043,21.594,rpm,0.000,0.045495,0.000
2026-06-08T15:38:47.076,21.625,rpm,0.000,0.045495,0.000
2026-06-08T15:38:47.101,21.656,rpm,0.000,0.045495,0.000
2026-06-08T15:38:47.122,21.672,torque,0.000,0.045504,0.000
2026-06-08T15:38:47.123,21.672,rpm,0.000,0.045504,0.000
2026-06-08T15:38:47.151,21.703,rpm,0.000,0.045504,0.000
2026-06-08T15:38:47.157,21.719,rpm,0.000,0.045504,0.000
2026-06-08T15:38:47.177,21.735,rpm,0.000,0.045504,0.000
2026-06-08T15:38:47.202,21.766,rpm,0.000,0.045504,0.000
2026-06-08T15:38:47.202,21.766,torque,0.000,0.045535,0.000
2026-06-08T15:38:47.235,21.797,rpm,0.000,0.045535,0.000
2026-06-08T15:38:47.246,21.797,rpm,0.000,0.045535,0.000
2026-06-08T15:38:47.251,21.813,rpm,0.000,0.045535,0.000
2026-06-08T15:38:47.268,21.828,rpm,0.000,0.045535,0.000
2026-06-08T15:38:47.299,21.860,torque,0.000,0.045624,0.000
2026-06-08T15:38:47.299,21.860,rpm,0.000,0.045624,0.000
2026-06-08T15:38:47.330,21.891,rpm,0.000,0.045624,0.000
2026-06-08T15:38:47.347,21.906,rpm,0.000,0.045624,0.000
2026-06-08T15:38:47.362,21.922,rpm,0.000,0.045624,0.000
2026-06-08T15:38:47.376,21.938,torque,0.000,0.045564,0.000
2026-06-08T15:38:47.393,21.953,rpm,0.000,0.045564,0.000
2026-06-08T15:38:47.394,21.953,throttle,0.000,0.045564,100.000
2026-06-08T15:38:47.394,21.953,rpm,0.000,0.045564,100.000
2026-06-08T15:38:47.415,21.969,rpm,0.000,0.045564,100.000
2026-06-08T15:38:47.444,22.000,rpm,0.000,0.045564,100.000
2026-06-08T15:38:47.474,22.031,torque,0.000,0.045589,100.000
2026-06-08T15:38:47.490,22.047,rpm,0.000,0.045589,100.000
2026-06-08T15:38:47.507,22.063,rpm,0.000,0.045589,100.000
2026-06-08T15:38:47.521,22.078,rpm,0.000,0.045589,100.000
2026-06-08T15:38:47.538,22.094,rpm,0.000,0.045589,100.000
2026-06-08T15:38:47.555,22.110,torque,0.000,0.045279,100.000
2026-06-08T15:38:47.559,22.110,rpm,0.000,0.045279,100.000
2026-06-08T15:38:47.596,22.156,rpm,0.000,0.045279,100.000
2026-06-08T15:38:47.614,22.172,rpm,0.000,0.045279,100.000
2026-06-08T15:38:47.633,22.188,rpm,0.000,0.045279,100.000
2026-06-08T15:38:47.646,22.203,torque,0.000,0.043719,100.000
2026-06-08T15:38:47.653,22.203,rpm,0.000,0.043719,100.000
2026-06-08T15:38:47.681,22.235,rpm,0.000,0.043719,100.000
2026-06-08T15:38:47.681,22.235,rpm,0.000,0.043719,100.000
2026-06-08T15:38:47.698,22.250,rpm,0.000,0.043719,100.000
2026-06-08T15:38:47.724,22.281,torque,0.000,0.042137,100.000
2026-06-08T15:38:47.724,22.281,rpm,0.000,0.042137,100.000
2026-06-08T15:38:47.745,22.297,rpm,0.000,0.042137,100.000
2026-06-08T15:38:47.769,22.328,rpm,0.000,0.042137,100.000
2026-06-08T15:38:47.789,22.344,rpm,0.000,0.042137,100.000
2026-06-08T15:38:47.810,22.360,rpm,0.000,0.042137,100.000
2026-06-08T15:38:47.810,22.360,torque,0.000,0.041399,100.000
2026-06-08T15:38:47.839,22.391,rpm,0.000,0.041399,100.000
2026-06-08T15:38:47.845,22.406,rpm,0.000,0.041399,100.000
2026-06-08T15:38:47.866,22.422,rpm,0.000,0.041399,100.000
2026-06-08T15:38:47.891,22.453,rpm,0.000,0.041399,100.000
2026-06-08T15:38:47.906,22.469,rpm,0.000,0.041399,100.000
2026-06-08T15:38:47.907,22.469,torque,0.000,0.041242,100.000
2026-06-08T15:38:47.938,22.500,rpm,0.000,0.041242,100.000
2026-06-08T15:38:47.955,22.516,rpm,0.000,0.041242,100.000
2026-06-08T15:38:47.976,22.531,rpm,0.000,0.041242,100.000
2026-06-08T15:38:47.981,22.531,torque,0.000,0.041029,100.000
2026-06-08T15:38:48.013,22.563,rpm,0.000,0.041029,100.000
2026-06-08T15:38:48.034,22.594,rpm,0.000,0.041029,100.000
2026-06-08T15:38:48.049,22.610,rpm,0.000,0.041029,100.000
2026-06-08T15:38:48.068,22.625,torque,0.000,0.040177,100.000
2026-06-08T15:38:48.068,22.625,rpm,0.000,0.040177,100.000
2026-06-08T15:38:48.092,22.641,rpm,0.000,0.040177,100.000
2026-06-08T15:38:48.106,22.656,rpm,0.000,0.040177,100.000
2026-06-08T15:38:48.127,22.688,rpm,0.000,0.040177,100.000
2026-06-08T15:38:48.147,22.703,rpm,0.000,0.040177,100.000
2026-06-08T15:38:48.162,22.719,torque,0.000,0.039175,100.000
2026-06-08T15:38:48.162,22.719,rpm,0.000,0.039175,100.000
2026-06-08T15:38:48.181,22.735,rpm,0.000,0.039175,100.000
2026-06-08T15:38:48.210,22.766,rpm,0.000,0.039175,100.000
2026-06-08T15:38:48.225,22.781,rpm,0.000,0.039175,100.000
2026-06-08T15:38:48.242,22.797,rpm,0.000,0.039175,100.000
2026-06-08T15:38:48.242,22.797,torque,0.000,0.039066,100.000
2026-06-08T15:38:48.277,22.828,rpm,0.000,0.039066,100.000
2026-06-08T15:38:48.307,22.860,rpm,0.000,0.039066,100.000
2026-06-08T15:38:48.324,22.875,rpm,0.000,0.039066,100.000
2026-06-08T15:38:48.329,22.891,torque,0.000,0.039291,100.000
2026-06-08T15:38:48.353,22.906,rpm,0.000,0.039291,100.000
2026-06-08T15:38:48.375,22.938,rpm,0.000,0.039291,100.000
2026-06-08T15:38:48.394,22.953,rpm,0.000,0.039291,100.000
2026-06-08T15:38:48.396,22.953,rpm,0.000,0.039291,100.000
2026-06-08T15:38:48.417,22.969,torque,0.000,0.039255,100.000
2026-06-08T15:38:48.420,22.985,rpm,0.000,0.039255,100.000
2026-06-08T15:38:48.451,23.000,rpm,0.000,0.039255,100.000
2026-06-08T15:38:48.468,23.031,rpm,0.000,0.039255,100.000
2026-06-08T15:38:48.482,23.031,rpm,0.000,0.039255,100.000
2026-06-08T15:38:48.501,23.063,torque,0.000,0.039401,100.000
2026-06-08T15:38:48.508,23.063,rpm,0.000,0.039401,100.000
2026-06-08T15:38:48.530,23.094,throttle,0.000,0.039401,0.000
2026-06-08T15:38:48.530,23.094,rpm,0.000,0.039401,0.000
2026-06-08T15:38:48.554,23.110,rpm,0.000,0.039401,0.000
2026-06-08T15:38:48.562,23.125,rpm,0.000,0.039401,0.000
2026-06-08T15:38:48.583,23.141,rpm,0.000,0.039401,0.000
2026-06-08T15:38:48.587,23.141,torque,0.000,0.039541,0.000
2026-06-08T15:38:48.608,23.172,rpm,0.000,0.039541,0.000
2026-06-08T15:38:48.636,23.188,rpm,0.000,0.039541,0.000
2026-06-08T15:38:48.654,23.203,rpm,0.000,0.039541,0.000
2026-06-08T15:38:48.661,23.219,rpm,0.000,0.039541,0.000
2026-06-08T15:38:48.674,23.235,torque,0.000,0.039744,0.000
2026-06-08T15:38:48.692,23.250,rpm,0.000,0.039744,0.000
2026-06-08T15:38:48.723,23.281,rpm,0.000,0.039744,0.000
2026-06-08T15:38:48.741,23.297,rpm,0.000,0.039744,0.000
2026-06-08T15:38:48.760,23.313,rpm,0.000,0.039744,0.000
2026-06-08T15:38:48.763,23.313,torque,0.000,0.041459,0.000
2026-06-08T15:38:48.792,23.344,rpm,0.000,0.041459,0.000
2026-06-08T15:38:48.815,23.375,rpm,0.000,0.041459,0.000
2026-06-08T15:38:48.838,23.391,rpm,0.000,0.041459,0.000
2026-06-08T15:38:48.849,23.406,torque,0.000,0.042759,0.000
2026-06-08T15:38:48.869,23.422,rpm,0.000,0.042759,0.000
2026-06-08T15:38:48.896,23.453,rpm,0.000,0.042759,0.000
2026-06-08T15:38:48.921,23.485,rpm,0.000,0.042759,0.000
2026-06-08T15:38:48.946,23.500,torque,0.000,0.043395,0.000
2026-06-08T15:38:48.947,23.500,rpm,0.000,0.043395,0.000
2026-06-08T15:38:48.973,23.531,rpm,0.000,0.043395,0.000
2026-06-08T15:38:48.999,23.563,rpm,0.000,0.043395,0.000
2026-06-08T15:38:49.022,23.578,rpm,0.000,0.043395,0.000
2026-06-08T15:38:49.028,23.578,torque,0.000,0.044791,0.000
2026-06-08T15:38:49.053,23.610,rpm,0.000,0.044791,0.000
2026-06-08T15:38:49.060,23.610,rpm,0.000,0.044791,0.000
2026-06-08T15:38:49.086,23.641,rpm,0.000,0.044791,0.000
2026-06-08T15:38:49.106,23.656,rpm,0.000,0.044791,0.000
2026-06-08T15:38:49.107,23.656,torque,0.000,0.045985,0.000
2026-06-08T15:38:49.143,23.703,rpm,0.000,0.045985,0.000
2026-06-08T15:38:49.157,23.719,rpm,0.000,0.045985,0.000
2026-06-08T15:38:49.171,23.735,rpm,0.000,0.045985,0.000
2026-06-08T15:38:49.187,23.750,rpm,0.000,0.045985,0.000
2026-06-08T15:38:49.202,23.766,torque,0.000,0.046346,0.000
2026-06-08T15:38:49.225,23.781,rpm,0.000,0.046346,0.000
2026-06-08T15:38:49.250,23.813,rpm,0.000,0.046346,0.000
2026-06-08T15:38:49.266,23.828,rpm,0.000,0.046346,0.000
2026-06-08T15:38:49.280,23.844,torque,0.000,0.045983,0.000
2026-06-08T15:38:49.286,23.844,rpm,0.000,0.045983,0.000
2026-06-08T15:38:49.313,23.875,rpm,0.000,0.045983,0.000
2026-06-08T15:38:49.328,23.891,rpm,0.000,0.045983,0.000
2026-06-08T15:38:49.356,23.906,rpm,0.000,0.045983,0.000
2026-06-08T15:38:49.363,23.922,rpm,0.000,0.045983,0.000
2026-06-08T15:38:49.377,23.938,torque,0.000,0.045581,0.000
2026-06-08T15:38:49.388,23.938,rpm,0.000,0.045581,0.000
2026-06-08T15:38:49.410,23.969,rpm,0.000,0.045581,0.000
2026-06-08T15:38:49.440,24.000,rpm,0.000,0.045581,0.000
2026-06-08T15:38:49.459,24.016,torque,0.000,0.045523,0.000
2026-06-08T15:38:49.460,24.016,rpm,0.000,0.045523,0.000
2026-06-08T15:38:49.492,24.047,rpm,0.000,0.045523,0.000
2026-06-08T15:38:49.507,24.063,rpm,0.000,0.045523,0.000
2026-06-08T15:38:49.523,24.078,rpm,0.000,0.045523,0.000
2026-06-08T15:38:49.541,24.094,torque,0.000,0.045550,0.000
2026-06-08T15:38:49.582,24.141,rpm,0.000,0.045550,0.000
2026-06-08T15:38:49.603,24.156,rpm,0.000,0.045550,0.000
2026-06-08T15:38:49.624,24.188,rpm,0.000,0.045550,0.000
2026-06-08T15:38:49.627,24.188,torque,0.000,0.045569,0.000
2026-06-08T15:38:49.657,24.219,rpm,0.000,0.045569,0.000
2026-06-08T15:38:49.658,24.219,throttle,0.000,0.045569,100.000
2026-06-08T15:38:49.664,24.219,rpm,0.000,0.045569,100.000
2026-06-08T15:38:49.694,24.250,rpm,0.000,0.045569,100.000
2026-06-08T15:38:49.695,24.250,rpm,0.000,0.045569,100.000
2026-06-08T15:38:49.713,24.266,torque,0.000,0.045544,100.000
2026-06-08T15:38:49.722,24.281,rpm,0.000,0.045544,100.000
2026-06-08T15:38:49.746,24.297,rpm,0.000,0.045544,100.000
2026-06-08T15:38:49.774,24.328,rpm,0.000,0.045544,100.000
2026-06-08T15:38:49.778,24.328,rpm,0.000,0.045544,100.000
2026-06-08T15:38:49.799,24.360,torque,0.000,0.045227,100.000
2026-06-08T15:38:49.807,24.360,rpm,0.000,0.045227,100.000
2026-06-08T15:38:49.833,24.391,rpm,0.000,0.045227,100.000
2026-06-08T15:38:49.859,24.422,rpm,0.000,0.045227,100.000
2026-06-08T15:38:49.875,24.438,rpm,0.000,0.045227,100.000
2026-06-08T15:38:49.890,24.453,torque,0.000,0.043896,100.000
2026-06-08T15:38:49.895,24.453,rpm,0.000,0.043896,100.000
2026-06-08T15:38:49.930,24.485,rpm,0.000,0.043896,100.000
2026-06-08T15:38:49.937,24.500,rpm,0.000,0.043896,100.000
2026-06-08T15:38:49.969,24.531,rpm,0.000,0.043896,100.000
2026-06-08T15:38:49.973,24.531,torque,0.000,0.042200,100.000
2026-06-08T15:38:49.987,24.547,rpm,0.000,0.042200,100.000
2026-06-08T15:38:50.027,24.578,rpm,0.000,0.042200,100.000
2026-06-08T15:38:50.051,24.610,rpm,0.000,0.042200,100.000
2026-06-08T15:38:50.067,24.625,rpm,0.000,0.042200,100.000
2026-06-08T15:38:50.067,24.625,torque,0.000,0.041315,100.000
2026-06-08T15:38:50.090,24.641,rpm,0.000,0.041315,100.000
2026-06-08T15:38:50.114,24.672,rpm,0.000,0.041315,100.000
2026-06-08T15:38:50.134,24.688,rpm,0.000,0.041315,100.000
2026-06-08T15:38:50.149,24.703,torque,0.000,0.041038,100.000
2026-06-08T15:38:50.174,24.735,rpm,0.000,0.041038,100.000
2026-06-08T15:38:50.191,24.750,rpm,0.000,0.041038,100.000
2026-06-08T15:38:50.213,24.766,rpm,0.000,0.041038,100.000
2026-06-08T15:38:50.228,24.781,rpm,0.000,0.041038,100.000
2026-06-08T15:38:50.244,24.797,torque,0.000,0.041024,100.000
2026-06-08T15:38:50.245,24.797,rpm,0.000,0.041024,100.000
2026-06-08T15:38:50.276,24.828,rpm,0.000,0.041024,100.000
2026-06-08T15:38:50.280,24.844,rpm,0.000,0.041024,100.000
2026-06-08T15:38:50.295,24.844,rpm,0.000,0.041024,100.000
2026-06-08T15:38:50.320,24.875,torque,0.000,0.040535,100.000
2026-06-08T15:38:50.327,24.891,rpm,0.000,0.040535,100.000
2026-06-08T15:38:50.360,24.922,rpm,0.000,0.040535,100.000
2026-06-08T15:38:50.368,24.922,rpm,0.000,0.040535,100.000
2026-06-08T15:38:50.390,24.953,rpm,0.000,0.040535,100.000
2026-06-08T15:38:50.411,24.969,rpm,0.000,0.040535,100.000
2026-06-08T15:38:50.411,24.969,torque,0.000,0.039408,100.000
2026-06-08T15:38:50.414,24.969,rpm,0.000,0.039408,100.000
2026-06-08T15:38:50.449,25.000,rpm,0.000,0.039408,100.000
2026-06-08T15:38:50.467,25.016,rpm,0.000,0.039408,100.000
2026-06-08T15:38:50.488,25.047,rpm,0.000,0.039408,100.000
2026-06-08T15:38:50.491,25.047,torque,0.000,0.039343,100.000
2026-06-08T15:38:50.514,25.063,rpm,0.000,0.039343,100.000
2026-06-08T15:38:50.536,25.094,rpm,0.000,0.039343,100.000
2026-06-08T15:38:50.557,25.110,rpm,0.000,0.039343,100.000
2026-06-08T15:38:50.559,25.110,rpm,0.000,0.039343,100.000
2026-06-08T15:38:50.578,25.141,torque,0.000,0.039434,100.000
2026-06-08T15:38:50.587,25.141,rpm,0.000,0.039434,100.000
2026-06-08T15:38:50.608,25.172,rpm,0.000,0.039434,100.000
2026-06-08T15:38:50.633,25.188,rpm,0.000,0.039434,100.000
2026-06-08T15:38:50.644,25.203,rpm,0.000,0.039434,100.000
2026-06-08T15:38:50.659,25.219,rpm,0.000,0.039434,100.000
2026-06-08T15:38:50.674,25.235,torque,0.000,0.039361,100.000
2026-06-08T15:38:50.691,25.250,rpm,0.000,0.039361,100.000
2026-06-08T15:38:50.707,25.266,throttle,0.000,0.039361,0.000
2026-06-08T15:38:50.708,25.266,rpm,0.000,0.039361,0.000
2026-06-08T15:38:50.724,25.281,rpm,0.000,0.039361,0.000
2026-06-08T15:38:50.739,25.297,rpm,0.000,0.039361,0.000
2026-06-08T15:38:50.753,25.313,torque,0.000,0.039395,0.000
2026-06-08T15:38:50.759,25.313,rpm,0.000,0.039395,0.000
2026-06-08T15:38:50.792,25.344,rpm,0.000,0.039395,0.000
2026-06-08T15:38:50.806,25.360,rpm,0.000,0.039395,0.000
2026-06-08T15:38:50.826,25.375,rpm,0.000,0.039395,0.000
2026-06-08T15:38:50.851,25.406,torque,0.000,0.039485,0.000
2026-06-08T15:38:50.861,25.422,rpm,0.000,0.039485,0.000
2026-06-08T15:38:50.867,25.422,rpm,0.000,0.039485,0.000
2026-06-08T15:38:50.890,25.453,rpm,0.000,0.039485,0.000
2026-06-08T15:38:50.894,25.453,rpm,0.000,0.039485,0.000
2026-06-08T15:38:50.918,25.469,rpm,0.000,0.039485,0.000
2026-06-08T15:38:50.927,25.485,torque,0.000,0.040644,0.000
2026-06-08T15:38:50.947,25.500,rpm,0.000,0.040644,0.000
2026-06-08T15:38:50.987,25.547,rpm,0.000,0.040644,0.000
2026-06-08T15:38:51.007,25.563,rpm,0.000,0.040644,0.000
2026-06-08T15:38:51.012,25.563,torque,0.000,0.042114,0.000
2026-06-08T15:38:51.013,25.563,rpm,0.000,0.042114,0.000
2026-06-08T15:38:51.054,25.610,rpm,0.000,0.042114,0.000
2026-06-08T15:38:51.083,25.641,rpm,0.000,0.042114,0.000
2026-06-08T15:38:51.106,25.656,torque,0.000,0.042856,0.000
2026-06-08T15:38:51.107,25.656,rpm,0.000,0.042856,0.000
2026-06-08T15:38:51.141,25.703,rpm,0.000,0.042856,0.000
2026-06-08T15:38:51.156,25.719,rpm,0.000,0.042856,0.000
2026-06-08T15:38:51.174,25.735,rpm,0.000,0.042856,0.000
2026-06-08T15:38:51.184,25.735,torque,0.000,0.044084,0.000
2026-06-08T15:38:51.204,25.766,rpm,0.000,0.044084,0.000
2026-06-08T15:38:51.228,25.781,rpm,0.000,0.044084,0.000
2026-06-08T15:38:51.251,25.813,rpm,0.000,0.044084,0.000
2026-06-08T15:38:51.270,25.828,torque,0.000,0.045498,0.000
2026-06-08T15:38:51.276,25.828,rpm,0.000,0.045498,0.000
2026-06-08T15:38:51.322,25.875,rpm,0.000,0.045498,0.000
2026-06-08T15:38:51.358,25.922,rpm,0.000,0.045498,0.000
2026-06-08T15:38:51.360,25.922,torque,0.000,0.046299,0.000
2026-06-08T15:38:51.380,25.938,rpm,0.000,0.046299,0.000
2026-06-08T15:38:51.404,25.953,rpm,0.000,0.046299,0.000
2026-06-08T15:38:51.426,25.985,rpm,0.000,0.046299,0.000
2026-06-08T15:38:51.446,26.000,torque,0.000,0.046196,0.000
2026-06-08T15:38:51.474,26.031,rpm,0.000,0.046196,0.000
2026-06-08T15:38:51.500,26.063,rpm,0.000,0.046196,0.000
2026-06-08T15:38:51.523,26.078,rpm,0.000,0.046196,0.000
2026-06-08T15:38:51.536,26.094,torque,0.000,0.045736,0.000
2026-06-08T15:38:51.543,26.094,rpm,0.000,0.045736,0.000
2026-06-08T15:38:51.578,26.141,rpm,0.000,0.045736,0.000
2026-06-08T15:38:51.592,26.156,rpm,0.000,0.045736,0.000
2026-06-08T15:38:51.611,26.172,rpm,0.000,0.045736,0.000
2026-06-08T15:38:51.619,26.172,torque,0.000,0.045497,0.000
2026-06-08T15:38:51.637,26.188,rpm,0.000,0.045497,0.000
2026-06-08T15:38:51.656,26.219,rpm,0.000,0.045497,0.000
2026-06-08T15:38:51.668,26.219,rpm,0.000,0.045497,0.000
2026-06-08T15:38:51.685,26.235,rpm,0.000,0.045497,0.000
2026-06-08T15:38:51.706,26.266,rpm,0.000,0.045497,0.000
2026-06-08T15:38:51.707,26.266,torque,0.000,0.045447,0.000
2026-06-08T15:38:51.736,26.297,rpm,0.000,0.045447,0.000
2026-06-08T15:38:51.757,26.313,rpm,0.000,0.045447,0.000
2026-06-08T15:38:51.760,26.313,rpm,0.000,0.045447,0.000
2026-06-08T15:38:51.784,26.344,rpm,0.000,0.045447,0.000
2026-06-08T15:38:51.790,26.344,torque,0.000,0.045453,0.000
2026-06-08T15:38:51.822,26.375,throttle,0.000,0.045453,100.000
2026-06-08T15:38:51.845,26.406,rpm,0.000,0.045453,100.000
2026-06-08T15:38:51.855,26.406,rpm,0.000,0.045453,100.000
2026-06-08T15:38:51.875,26.438,torque,0.000,0.045323,100.000
2026-06-08T15:38:51.888,26.438,rpm,0.000,0.045323,100.000
2026-06-08T15:38:51.918,26.469,rpm,0.000,0.045323,100.000
2026-06-08T15:38:51.921,26.485,rpm,0.000,0.045323,100.000
2026-06-08T15:38:51.939,26.500,rpm,0.000,0.045323,100.000
2026-06-08T15:38:51.966,26.516,torque,0.000,0.044702,100.000
2026-06-08T15:38:51.984,26.547,rpm,0.000,0.044702,100.000
2026-06-08T15:38:52.005,26.563,rpm,0.000,0.044702,100.000
2026-06-08T15:38:52.020,26.578,rpm,0.000,0.044702,100.000
2026-06-08T15:38:52.038,26.594,rpm,0.000,0.044702,100.000
2026-06-08T15:38:52.062,26.625,torque,0.000,0.043181,100.000
2026-06-08T15:38:52.068,26.625,rpm,0.000,0.043181,100.000
2026-06-08T15:38:52.093,26.656,rpm,0.000,0.043181,100.000
2026-06-08T15:38:52.110,26.672,rpm,0.000,0.043181,100.000
2026-06-08T15:38:52.129,26.688,rpm,0.000,0.043181,100.000
2026-06-08T15:38:52.146,26.703,torque,0.000,0.041693,100.000
2026-06-08T15:38:52.147,26.703,rpm,0.000,0.041693,100.000
2026-06-08T15:38:52.183,26.735,rpm,0.000,0.041693,100.000
2026-06-08T15:38:52.211,26.766,rpm,0.000,0.041693,100.000
2026-06-08T15:38:52.227,26.781,rpm,0.000,0.041693,100.000
2026-06-08T15:38:52.227,26.781,torque,0.000,0.041113,100.000
2026-06-08T15:38:52.246,26.797,rpm,0.000,0.041113,100.000
2026-06-08T15:38:52.276,26.828,rpm,0.000,0.041113,100.000
2026-06-08T15:38:52.290,26.844,rpm,0.000,0.041113,100.000
2026-06-08T15:38:52.307,26.860,rpm,0.000,0.041113,100.000
2026-06-08T15:38:52.322,26.875,torque,0.000,0.040807,100.000
2026-06-08T15:38:52.333,26.891,rpm,0.000,0.040807,100.000
2026-06-08T15:38:52.356,26.906,rpm,0.000,0.040807,100.000
2026-06-08T15:38:52.370,26.922,rpm,0.000,0.040807,100.000
2026-06-08T15:38:52.397,26.953,torque,0.000,0.040624,100.000
2026-06-08T15:38:52.414,26.969,rpm,0.000,0.040624,100.000
2026-06-08T15:38:52.434,26.985,rpm,0.000,0.040624,100.000
2026-06-08T15:38:52.450,27.000,rpm,0.000,0.040624,100.000
2026-06-08T15:38:52.483,27.047,torque,0.000,0.040108,100.000
2026-06-08T15:38:52.488,27.047,rpm,0.000,0.040108,100.000
2026-06-08T15:38:52.513,27.063,rpm,0.000,0.040108,100.000
2026-06-08T15:38:52.528,27.078,rpm,0.000,0.040108,100.000
2026-06-08T15:38:52.552,27.110,rpm,0.000,0.040108,100.000
2026-06-08T15:38:52.572,27.125,torque,0.000,0.039241,100.000
2026-06-08T15:38:52.593,27.156,rpm,0.000,0.039241,100.000
2026-06-08T15:38:52.611,27.172,rpm,0.000,0.039241,100.000
2026-06-08T15:38:52.627,27.188,rpm,0.000,0.039241,100.000
2026-06-08T15:38:52.648,27.203,rpm,0.000,0.039241,100.000
2026-06-08T15:38:52.658,27.219,torque,0.000,0.039081,100.000
2026-06-08T15:38:52.674,27.235,rpm,0.000,0.039081,100.000
2026-06-08T15:38:52.685,27.235,rpm,0.000,0.039081,100.000
2026-06-08T15:38:52.705,27.266,rpm,0.000,0.039081,100.000
2026-06-08T15:38:52.727,27.281,rpm,0.000,0.039081,100.000
2026-06-08T15:38:52.756,27.313,torque,0.000,0.039043,100.000
2026-06-08T15:38:52.756,27.313,rpm,0.000,0.039043,100.000
2026-06-08T15:38:52.780,27.344,rpm,0.000,0.039043,100.000
2026-06-08T15:38:52.789,27.344,rpm,0.000,0.039043,100.000
2026-06-08T15:38:52.796,27.360,rpm,0.000,0.039043,100.000
2026-06-08T15:38:52.829,27.391,rpm,0.000,0.039043,100.000
2026-06-08T15:38:52.831,27.391,torque,0.000,0.039110,100.000
2026-06-08T15:38:52.849,27.406,rpm,0.000,0.039110,100.000
2026-06-08T15:38:52.864,27.422,rpm,0.000,0.039110,100.000
2026-06-08T15:38:52.885,27.438,throttle,0.000,0.039110,0.000
2026-06-08T15:38:52.889,27.453,rpm,0.000,0.039110,0.000
2026-06-08T15:38:52.914,27.469,rpm,0.000,0.039110,0.000
2026-06-08T15:38:52.917,27.469,torque,0.000,0.039131,0.000
2026-06-08T15:38:52.931,27.485,rpm,0.000,0.039131,0.000
2026-06-08T15:38:52.956,27.516,rpm,0.000,0.039131,0.000
2026-06-08T15:38:52.963,27.516,rpm,0.000,0.039131,0.000
2026-06-08T15:38:52.991,27.547,rpm,0.000,0.039131,0.000
2026-06-08T15:38:53.010,27.563,torque,0.000,0.039237,0.000
2026-06-08T15:38:53.028,27.578,rpm,0.000,0.039237,0.000
2026-06-08T15:38:53.046,27.610,rpm,0.000,0.039237,0.000
2026-06-08T15:38:53.054,27.610,rpm,0.000,0.039237,0.000
2026-06-08T15:38:53.081,27.641,rpm,0.000,0.039237,0.000
2026-06-08T15:38:53.089,27.641,torque,0.000,0.040248,0.000
2026-06-08T15:38:53.107,27.656,rpm,0.000,0.040248,0.000
2026-06-08T15:38:53.136,27.688,rpm,0.000,0.040248,0.000
2026-06-08T15:38:53.137,27.688,rpm,0.000,0.040248,0.000
2026-06-08T15:38:53.167,27.719,rpm,0.000,0.040248,0.000
2026-06-08T15:38:53.186,27.750,torque,0.000,0.041995,0.000
2026-06-08T15:38:53.198,27.750,rpm,0.000,0.041995,0.000
2026-06-08T15:38:53.206,27.766,rpm,0.000,0.041995,0.000
2026-06-08T15:38:53.242,27.797,rpm,0.000,0.041995,0.000
2026-06-08T15:38:53.267,27.828,rpm,0.000,0.041995,0.000
2026-06-08T15:38:53.267,27.828,torque,0.000,0.042652,0.000
2026-06-08T15:38:53.308,27.860,rpm,0.000,0.042652,0.000
2026-06-08T15:38:53.348,27.906,rpm,0.000,0.042652,0.000
2026-06-08T15:38:53.352,27.906,torque,0.000,0.043528,0.000
2026-06-08T15:38:53.360,27.922,rpm,0.000,0.043528,0.000
2026-06-08T15:38:53.385,27.938,rpm,0.000,0.043528,0.000
2026-06-08T15:38:53.405,27.969,rpm,0.000,0.043528,0.000
2026-06-08T15:38:53.426,27.985,rpm,0.000,0.043528,0.000
2026-06-08T15:38:53.443,28.000,torque,0.000,0.045078,0.000
2026-06-08T15:38:53.444,28.000,rpm,0.000,0.045078,0.000
2026-06-08T15:38:53.475,28.031,rpm,0.000,0.045078,0.000
2026-06-08T15:38:53.477,28.031,rpm,0.000,0.045078,0.000
2026-06-08T15:38:53.502,28.063,rpm,0.000,0.045078,0.000
2026-06-08T15:38:53.522,28.078,rpm,0.000,0.045078,0.000
2026-06-08T15:38:53.524,28.078,torque,0.000,0.046034,0.000
2026-06-08T15:38:53.557,28.110,rpm,0.000,0.046034,0.000
2026-06-08T15:38:53.566,28.125,rpm,0.000,0.046034,0.000
2026-06-08T15:38:53.604,28.156,rpm,0.000,0.046034,0.000
2026-06-08T15:38:53.618,28.172,torque,0.000,0.046079,0.000
2026-06-08T15:38:53.636,28.188,rpm,0.000,0.046079,0.000
2026-06-08T15:38:53.651,28.203,rpm,0.000,0.046079,0.000
2026-06-08T15:38:53.666,28.219,rpm,0.000,0.046079,0.000
2026-06-08T15:38:53.695,28.250,torque,0.000,0.045337,0.000
2026-06-08T15:38:53.716,28.266,rpm,0.000,0.045337,0.000
2026-06-08T15:38:53.730,28.281,rpm,0.000,0.045337,0.000
2026-06-08T15:38:53.746,28.297,rpm,0.000,0.045337,0.000
2026-06-08T15:38:53.766,28.328,rpm,0.000,0.045337,0.000
2026-06-08T15:38:53.776,28.328,rpm,0.000,0.045337,0.000
2026-06-08T15:38:53.795,28.360,torque,0.000,0.044994,0.000
2026-06-08T15:38:53.812,28.375,rpm,0.000,0.044994,0.000
2026-06-08T15:38:53.822,28.375,rpm,0.000,0.044994,0.000
2026-06-08T15:38:53.844,28.406,rpm,0.000,0.044994,0.000
2026-06-08T15:38:53.867,28.422,torque,0.000,0.045012,0.000
2026-06-08T15:38:53.894,28.453,rpm,0.000,0.045012,0.000
2026-06-08T15:38:53.922,28.485,rpm,0.000,0.045012,0.000
2026-06-08T15:38:53.939,28.500,rpm,0.000,0.045012,0.000
2026-06-08T15:38:53.956,28.516,rpm,0.000,0.045012,0.000
2026-06-08T15:38:53.965,28.516,torque,0.000,0.045040,0.000
2026-06-08T15:38:53.989,28.547,rpm,0.000,0.045040,0.000
2026-06-08T15:38:54.029,28.578,throttle,0.000,0.045040,100.000
2026-06-08T15:38:54.029,28.578,rpm,0.000,0.045040,100.000
2026-06-08T15:38:54.050,28.610,torque,0.000,0.045109,100.000
2026-06-08T15:38:54.060,28.610,rpm,0.000,0.045109,100.000
2026-06-08T15:38:54.067,28.625,rpm,0.000,0.045109,100.000
2026-06-08T15:38:54.088,28.641,rpm,0.000,0.045109,100.000
2026-06-08T15:38:54.114,28.672,rpm,0.000,0.045109,100.000
2026-06-08T15:38:54.131,28.688,rpm,0.000,0.045109,100.000
2026-06-08T15:38:54.131,28.688,torque,0.000,0.044918,100.000
2026-06-08T15:38:54.148,28.703,rpm,0.000,0.044918,100.000
2026-06-08T15:38:54.177,28.735,rpm,0.000,0.044918,100.000
2026-06-08T15:38:54.178,28.735,rpm,0.000,0.044918,100.000
2026-06-08T15:38:54.206,28.766,rpm,0.000,0.044918,100.000
2026-06-08T15:38:54.226,28.781,torque,0.000,0.044562,100.000
2026-06-08T15:38:54.226,28.781,rpm,0.000,0.044562,100.000
2026-06-08T15:38:54.252,28.813,rpm,0.000,0.044562,100.000
2026-06-08T15:38:54.268,28.828,rpm,0.000,0.044562,100.000
2026-06-08T15:38:54.291,28.844,rpm,0.000,0.044562,100.000
2026-06-08T15:38:54.306,28.860,torque,0.000,0.043031,100.000
2026-06-08T15:38:54.307,28.860,rpm,0.000,0.043031,100.000
2026-06-08T15:38:54.340,28.891,rpm,0.000,0.043031,100.000
2026-06-08T15:38:54.361,28.922,rpm,0.000,0.043031,100.000
2026-06-08T15:38:54.387,28.938,rpm,0.000,0.043031,100.000
2026-06-08T15:38:54.388,28.938,torque,0.000,0.041443,100.000
2026-06-08T15:38:54.416,28.969,rpm,0.000,0.041443,100.000
2026-06-08T15:38:54.438,29.000,rpm,0.000,0.041443,100.000
2026-06-08T15:38:54.439,29.000,rpm,0.000,0.041443,100.000
2026-06-08T15:38:54.474,29.031,torque,0.000,0.040735,100.000
2026-06-08T15:38:54.497,29.047,rpm,0.000,0.040735,100.000
2026-06-08T15:38:54.514,29.078,rpm,0.000,0.040735,100.000
2026-06-08T15:38:54.531,29.094,rpm,0.000,0.040735,100.000
2026-06-08T15:38:54.562,29.125,torque,0.000,0.040524,100.000
2026-06-08T15:38:54.593,29.156,rpm,0.000,0.040524,100.000
2026-06-08T15:38:54.613,29.172,rpm,0.000,0.040524,100.000
2026-06-08T15:38:54.623,29.172,rpm,0.000,0.040524,100.000
2026-06-08T15:38:54.649,29.203,torque,0.000,0.040454,100.000
2026-06-08T15:38:54.654,29.203,rpm,0.000,0.040454,100.000
2026-06-08T15:38:54.680,29.235,rpm,0.000,0.040454,100.000
2026-06-08T15:38:54.687,29.250,rpm,0.000,0.040454,100.000
2026-06-08T15:38:54.708,29.266,rpm,0.000,0.040454,100.000
2026-06-08T15:38:54.724,29.281,rpm,0.000,0.040454,100.000
2026-06-08T15:38:54.740,29.297,torque,0.000,0.039565,100.000
2026-06-08T15:38:54.745,29.297,rpm,0.000,0.039565,100.000
2026-06-08T15:38:54.782,29.344,rpm,0.000,0.039565,100.000
2026-06-08T15:38:54.802,29.360,rpm,0.000,0.039565,100.000
2026-06-08T15:38:54.814,29.375,rpm,0.000,0.039565,100.000
2026-06-08T15:38:54.821,29.375,torque,0.000,0.038629,100.000
2026-06-08T15:38:54.827,29.391,rpm,0.000,0.038629,100.000
2026-06-08T15:38:54.847,29.406,rpm,0.000,0.038629,100.000
2026-06-08T15:38:54.874,29.438,rpm,0.000,0.038629,100.000
2026-06-08T15:38:54.898,29.453,rpm,0.000,0.038629,100.000
2026-06-08T15:38:54.914,29.469,torque,0.000,0.038888,100.000
2026-06-08T15:38:54.914,29.469,rpm,0.000,0.038888,100.000
2026-06-08T15:38:54.945,29.500,rpm,0.000,0.038888,100.000
2026-06-08T15:38:54.968,29.531,rpm,0.000,0.038888,100.000
2026-06-08T15:38:54.995,29.547,torque,0.000,0.039030,100.000
2026-06-08T15:38:54.996,29.547,rpm,0.000,0.039030,100.000
2026-06-08T15:38:55.021,29.578,rpm,0.000,0.039030,100.000
2026-06-08T15:38:55.042,29.594,rpm,0.000,0.039030,100.000
2026-06-08T15:38:55.045,29.610,rpm,0.000,0.039030,100.000
2026-06-08T15:38:55.080,29.641,torque,0.000,0.038931,100.000
2026-06-08T15:38:55.104,29.656,rpm,0.000,0.038931,100.000
2026-06-08T15:38:55.104,29.656,rpm,0.000,0.038931,100.000
2026-06-08T15:38:55.131,29.688,rpm,0.000,0.038931,100.000
2026-06-08T15:38:55.155,29.719,rpm,0.000,0.038931,100.000
2026-06-08T15:38:55.169,29.719,torque,0.000,0.038536,100.000
2026-06-08T15:38:55.170,29.735,rpm,0.000,0.038536,100.000
2026-06-08T15:38:55.173,29.735,throttle,0.000,0.038536,0.000
2026-06-08T15:38:55.205,29.766,rpm,0.000,0.038536,0.000
2026-06-08T15:38:55.220,29.781,rpm,0.000,0.038536,0.000
2026-06-08T15:38:55.221,29.781,rpm,0.000,0.038536,0.000
2026-06-08T15:38:55.250,29.813,rpm,0.000,0.038536,0.000
2026-06-08T15:38:55.266,29.828,torque,0.000,0.039450,0.000
2026-06-08T15:38:55.267,29.828,rpm,0.000,0.039450,0.000
2026-06-08T15:38:55.291,29.844,rpm,0.000,0.039450,0.000
2026-06-08T15:38:55.314,29.875,rpm,0.000,0.039450,0.000
2026-06-08T15:38:55.342,29.906,torque,0.000,0.040268,0.000
2026-06-08T15:38:55.342,29.906,rpm,0.000,0.040268,0.000
2026-06-08T15:38:55.363,29.922,rpm,0.000,0.040268,0.000
2026-06-08T15:38:55.411,29.969,rpm,0.000,0.040268,0.000
2026-06-08T15:38:55.426,29.985,rpm,0.000,0.040268,0.000
2026-06-08T15:38:55.427,29.985,torque,0.000,0.041559,0.000
2026-06-08T15:38:55.455,30.016,rpm,0.000,0.041559,0.000
2026-06-08T15:38:55.475,30.031,rpm,0.000,0.041559,0.000
2026-06-08T15:38:55.492,30.047,rpm,0.000,0.041559,0.000
2026-06-08T15:38:55.514,30.063,torque,0.000,0.042396,0.000
2026-06-08T15:38:55.537,30.094,rpm,0.000,0.042396,0.000
2026-06-08T15:38:55.555,30.110,rpm,0.000,0.042396,0.000
2026-06-08T15:38:55.571,30.125,rpm,0.000,0.042396,0.000
2026-06-08T15:38:55.589,30.141,rpm,0.000,0.042396,0.000
2026-06-08T15:38:55.600,30.156,torque,0.000,0.042964,0.000
2026-06-08T15:38:55.618,30.172,rpm,0.000,0.042964,0.000
2026-06-08T15:38:55.634,30.188,rpm,0.000,0.042964,0.000
2026-06-08T15:38:55.648,30.203,rpm,0.000,0.042964,0.000
2026-06-08T15:38:55.676,30.235,rpm,0.000,0.042964,0.000
2026-06-08T15:38:55.679,30.235,rpm,0.000,0.042964,0.000
2026-06-08T15:38:55.698,30.250,torque,0.000,0.044388,0.000
2026-06-08T15:38:55.716,30.266,rpm,0.000,0.044388,0.000
2026-06-08T15:38:55.733,30.297,rpm,0.000,0.044388,0.000
2026-06-08T15:38:55.763,30.313,rpm,0.000,0.044388,0.000
2026-06-08T15:38:55.778,30.328,torque,0.000,0.045570,0.000
2026-06-08T15:38:55.779,30.328,rpm,0.000,0.045570,0.000
2026-06-08T15:38:55.806,30.360,rpm,0.000,0.045570,0.000
2026-06-08T15:38:55.812,30.375,rpm,0.000,0.045570,0.000
2026-06-08T15:38:55.830,30.391,rpm,0.000,0.045570,0.000
2026-06-08T15:38:55.842,30.391,rpm,0.000,0.045570,0.000
2026-06-08T15:38:55.861,30.422,torque,0.000,0.045883,0.000
2026-06-08T15:38:55.900,30.453,rpm,0.000,0.045883,0.000
2026-06-08T15:38:55.930,30.485,rpm,0.000,0.045883,0.000
2026-06-08T15:38:55.954,30.516,torque,0.000,0.045501,0.000
2026-06-08T15:38:55.955,30.516,rpm,0.000,0.045501,0.000
2026-06-08T15:38:55.985,30.547,rpm,0.000,0.045501,0.000
2026-06-08T15:38:56.002,30.563,rpm,0.000,0.045501,0.000
2026-06-08T15:38:56.002,30.563,rpm,0.000,0.045501,0.000
2026-06-08T15:38:56.024,30.578,rpm,0.000,0.045501,0.000
2026-06-08T15:38:56.033,30.594,torque,0.000,0.045059,0.000
2026-06-08T15:38:56.064,30.625,rpm,0.000,0.045059,0.000
2026-06-08T15:38:56.072,30.625,rpm,0.000,0.045059,0.000
2026-06-08T15:38:56.100,30.656,rpm,0.000,0.045059,0.000
2026-06-08T15:38:56.110,30.672,rpm,0.000,0.045059,0.000
2026-06-08T15:38:56.123,30.672,torque,0.000,0.044937,0.000
2026-06-08T15:38:56.147,30.703,rpm,0.000,0.044937,0.000
2026-06-08T15:38:56.161,30.719,rpm,0.000,0.044937,0.000
2026-06-08T15:38:56.171,30.735,rpm,0.000,0.044937,0.000
2026-06-08T15:38:56.195,30.750,rpm,0.000,0.044937,0.000
2026-06-08T15:38:56.211,30.766,torque,0.000,0.044877,0.000
2026-06-08T15:38:56.211,30.766,rpm,0.000,0.044877,0.000
2026-06-08T15:38:56.241,30.797,rpm,0.000,0.044877,0.000
2026-06-08T15:38:56.242,30.797,throttle,0.000,0.044877,100.000
2026-06-08T15:38:56.245,30.797,rpm,0.000,0.044877,100.000
2026-06-08T15:38:56.272,30.828,rpm,0.000,0.044877,100.000
2026-06-08T15:38:56.291,30.844,rpm,0.000,0.044877,100.000
2026-06-08T15:38:56.291,30.844,torque,0.000,0.044699,100.000
2026-06-08T15:38:56.324,30.875,rpm,0.000,0.044699,100.000
2026-06-08T15:38:56.335,30.891,rpm,0.000,0.044699,100.000
2026-06-08T15:38:56.369,30.922,rpm,0.000,0.044699,100.000
2026-06-08T15:38:56.386,30.938,torque,0.000,0.044715,100.000
2026-06-08T15:38:56.403,30.953,rpm,0.000,0.044715,100.000
2026-06-08T15:38:56.419,30.969,rpm,0.000,0.044715,100.000
2026-06-08T15:38:56.436,30.985,rpm,0.000,0.044715,100.000
2026-06-08T15:38:56.455,31.016,rpm,0.000,0.044715,100.000
2026-06-08T15:38:56.464,31.016,torque,0.000,0.043643,100.000
2026-06-08T15:38:56.466,31.016,rpm,0.000,0.043643,100.000
2026-06-08T15:38:56.499,31.063,rpm,0.000,0.043643,100.000
2026-06-08T15:38:56.524,31.078,rpm,0.000,0.043643,100.000
2026-06-08T15:38:56.551,31.110,rpm,0.000,0.043643,100.000
2026-06-08T15:38:56.553,31.110,torque,0.000,0.041751,100.000
2026-06-08T15:38:56.578,31.141,rpm,0.000,0.041751,100.000
2026-06-08T15:38:56.605,31.156,rpm,0.000,0.041751,100.000
2026-06-08T15:38:56.627,31.188,rpm,0.000,0.041751,100.000
2026-06-08T15:38:56.642,31.203,rpm,0.000,0.041751,100.000
2026-06-08T15:38:56.643,31.203,torque,0.000,0.040968,100.000
2026-06-08T15:38:56.660,31.219,rpm,0.000,0.040968,100.000
2026-06-08T15:38:56.691,31.250,rpm,0.000,0.040968,100.000
2026-06-08T15:38:56.708,31.266,rpm,0.000,0.040968,100.000
2026-06-08T15:38:56.726,31.281,rpm,0.000,0.040968,100.000
2026-06-08T15:38:56.726,31.281,torque,0.000,0.040752,100.000
2026-06-08T15:38:56.743,31.297,rpm,0.000,0.040752,100.000
2026-06-08T15:38:56.762,31.313,rpm,0.000,0.040752,100.000
2026-06-08T15:38:56.781,31.344,rpm,0.000,0.040752,100.000
2026-06-08T15:38:56.802,31.360,rpm,0.000,0.040752,100.000
2026-06-08T15:38:56.818,31.375,torque,0.000,0.040389,100.000
2026-06-08T15:38:56.818,31.375,rpm,0.000,0.040389,100.000
2026-06-08T15:38:56.849,31.406,rpm,0.000,0.040389,100.000
2026-06-08T15:38:56.859,31.422,rpm,0.000,0.040389,100.000
2026-06-08T15:38:56.883,31.438,rpm,0.000,0.040389,100.000
2026-06-08T15:38:56.885,31.438,rpm,0.000,0.040389,100.000
2026-06-08T15:38:56.899,31.453,torque,0.000,0.040028,100.000
2026-06-08T15:38:56.910,31.469,rpm,0.000,0.040028,100.000
2026-06-08T15:38:56.937,31.500,rpm,0.000,0.040028,100.000
2026-06-08T15:38:56.956,31.516,rpm,0.000,0.040028,100.000
2026-06-08T15:38:56.981,31.531,rpm,0.000,0.040028,100.000
2026-06-08T15:38:56.987,31.547,torque,0.000,0.038977,100.000
2026-06-08T15:38:56.989,31.547,rpm,0.000,0.038977,100.000
2026-06-08T15:38:57.010,31.563,rpm,0.000,0.038977,100.000
2026-06-08T15:38:57.038,31.594,rpm,0.000,0.038977,100.000
2026-06-08T15:38:57.059,31.610,rpm,0.000,0.038977,100.000
2026-06-08T15:38:57.075,31.625,torque,0.000,0.038525,100.000
2026-06-08T15:38:57.076,31.625,rpm,0.000,0.038525,100.000
2026-06-08T15:38:57.106,31.656,rpm,0.000,0.038525,100.000
2026-06-08T15:38:57.122,31.672,rpm,0.000,0.038525,100.000
2026-06-08T15:38:57.138,31.688,rpm,0.000,0.038525,100.000
2026-06-08T15:38:57.155,31.719,rpm,0.000,0.038525,100.000
2026-06-08T15:38:57.169,31.719,torque,0.000,0.038830,100.000
2026-06-08T15:38:57.169,31.719,rpm,0.000,0.038830,100.000
2026-06-08T15:38:57.197,31.750,rpm,0.000,0.038830,100.000
2026-06-08T15:38:57.219,31.781,rpm,0.000,0.038830,100.000
2026-06-08T15:38:57.235,31.797,rpm,0.000,0.038830,100.000
2026-06-08T15:38:57.252,31.813,torque,0.000,0.038902,100.000
2026-06-08T15:38:57.275,31.828,rpm,0.000,0.038902,100.000
2026-06-08T15:38:57.298,31.860,rpm,0.000,0.038902,100.000
2026-06-08T15:38:57.316,31.875,rpm,0.000,0.038902,100.000
2026-06-08T15:38:57.323,31.875,rpm,0.000,0.038902,100.000
2026-06-08T15:38:57.332,31.891,torque,0.000,0.038808,100.000
2026-06-08T15:38:57.365,31.922,rpm,0.000,0.038808,100.000
2026-06-08T15:38:57.365,31.922,throttle,0.000,0.038808,0.000
2026-06-08T15:38:57.381,31.938,rpm,0.000,0.038808,0.000
2026-06-08T15:38:57.388,31.938,rpm,0.000,0.038808,0.000
2026-06-08T15:38:57.415,31.969,rpm,0.000,0.038808,0.000
2026-06-08T15:38:57.417,31.969,torque,0.000,0.038811,0.000
2026-06-08T15:38:57.446,32.000,rpm,0.000,0.038811,0.000
2026-06-08T15:38:57.461,32.016,rpm,0.000,0.038811,0.000
2026-06-08T15:38:57.476,32.031,rpm,0.000,0.038811,0.000
2026-06-08T15:38:57.492,32.047,rpm,0.000,0.038811,0.000
2026-06-08T15:38:57.509,32.063,torque,0.000,0.039096,0.000
2026-06-08T15:38:57.510,32.063,rpm,0.000,0.039096,0.000
2026-06-08T15:38:57.534,32.094,rpm,0.000,0.039096,0.000
2026-06-08T15:38:57.554,32.110,rpm,0.000,0.039096,0.000
2026-06-08T15:38:57.578,32.141,rpm,0.000,0.039096,0.000
2026-06-08T15:38:57.604,32.156,torque,0.000,0.040461,0.000
2026-06-08T15:38:57.617,32.172,rpm,0.000,0.040461,0.000
2026-06-08T15:38:57.618,32.172,rpm,0.000,0.040461,0.000
2026-06-08T15:38:57.662,32.219,rpm,0.000,0.040461,0.000
2026-06-08T15:38:57.674,32.235,rpm,0.000,0.040461,0.000
2026-06-08T15:38:57.682,32.235,rpm,0.000,0.040461,0.000
2026-06-08T15:38:57.683,32.235,torque,0.000,0.041717,0.000
2026-06-08T15:38:57.697,32.250,rpm,0.000,0.041717,0.000
2026-06-08T15:38:57.729,32.281,rpm,0.000,0.041717,0.000
2026-06-08T15:38:57.737,32.297,rpm,0.000,0.041717,0.000
2026-06-08T15:38:57.762,32.313,torque,0.000,0.042402,0.000
2026-06-08T15:38:57.765,32.328,rpm,0.000,0.042402,0.000
2026-06-08T15:38:57.795,32.344,rpm,0.000,0.042402,0.000
2026-06-08T15:38:57.820,32.375,rpm,0.000,0.042402,0.000
2026-06-08T15:38:57.839,32.391,rpm,0.000,0.042402,0.000
2026-06-08T15:38:57.859,32.422,torque,0.000,0.043622,0.000
2026-06-08T15:38:57.880,32.438,rpm,0.000,0.043622,0.000
2026-06-08T15:38:57.897,32.453,rpm,0.000,0.043622,0.000
2026-06-08T15:38:57.924,32.485,rpm,0.000,0.043622,0.000
2026-06-08T15:38:57.937,32.500,torque,0.000,0.045048,0.000
2026-06-08T15:38:57.939,32.500,rpm,0.000,0.045048,0.000
2026-06-08T15:38:57.956,32.516,rpm,0.000,0.045048,0.000
2026-06-08T15:38:57.979,32.531,rpm,0.000,0.045048,0.000
2026-06-08T15:38:58.002,32.563,rpm,0.000,0.045048,0.000
2026-06-08T15:38:58.003,32.563,rpm,0.000,0.045048,0.000
2026-06-08T15:38:58.025,32.578,torque,0.000,0.045543,0.000
2026-06-08T15:38:58.026,32.578,rpm,0.000,0.045543,0.000
2026-06-08T15:38:58.061,32.625,rpm,0.000,0.045543,0.000
2026-06-08T15:38:58.084,32.641,rpm,0.000,0.045543,0.000
2026-06-08T15:38:58.089,32.641,rpm,0.000,0.045543,0.000
2026-06-08T15:38:58.114,32.672,torque,0.000,0.045208,0.000
2026-06-08T15:38:58.134,32.688,rpm,0.000,0.045208,0.000
2026-06-08T15:38:58.150,32.703,rpm,0.000,0.045208,0.000
2026-06-08T15:38:58.178,32.735,rpm,0.000,0.045208,0.000
2026-06-08T15:38:58.194,32.750,rpm,0.000,0.045208,0.000
2026-06-08T15:38:58.195,32.750,torque,0.000,0.044852,0.000
2026-06-08T15:38:58.222,32.781,rpm,0.000,0.044852,0.000
2026-06-08T15:38:58.243,32.797,rpm,0.000,0.044852,0.000
2026-06-08T15:38:58.260,32.813,rpm,0.000,0.044852,0.000
2026-06-08T15:38:58.268,32.828,rpm,0.000,0.044852,0.000
2026-06-08T15:38:58.292,32.844,torque,0.000,0.044771,0.000
2026-06-08T15:38:58.293,32.844,rpm,0.000,0.044771,0.000
2026-06-08T15:38:58.323,32.875,rpm,0.000,0.044771,0.000
2026-06-08T15:38:58.339,32.891,rpm,0.000,0.044771,0.000
2026-06-08T15:38:58.356,32.906,rpm,0.000,0.044771,0.000
2026-06-08T15:38:58.370,32.922,torque,0.000,0.044680,0.000
2026-06-08T15:38:58.374,32.938,rpm,0.000,0.044680,0.000
2026-06-08T15:38:58.382,32.938,rpm,0.000,0.044680,0.000
2026-06-08T15:38:58.416,32.969,rpm,0.000,0.044680,0.000
2026-06-08T15:38:58.416,32.969,throttle,0.000,0.044680,100.000
2026-06-08T15:38:58.434,32.985,rpm,0.000,0.044680,100.000
2026-06-08T15:38:58.453,33.016,rpm,0.000,0.044680,100.000
2026-06-08T15:38:58.458,33.016,torque,0.000,0.044729,100.000
2026-06-08T15:38:58.463,33.016,rpm,0.000,0.044729,100.000
2026-06-08T15:38:58.495,33.047,rpm,0.000,0.044729,100.000
2026-06-08T15:38:58.515,33.078,rpm,0.000,0.044729,100.000
2026-06-08T15:38:58.529,33.078,rpm,0.000,0.044729,100.000
2026-06-08T15:38:58.544,33.094,torque,0.000,0.044637,100.000
2026-06-08T15:38:58.562,33.125,rpm,0.000,0.044637,100.000
2026-06-08T15:38:58.585,33.141,rpm,0.000,0.044637,100.000
2026-06-08T15:38:58.630,33.188,torque,0.000,0.043619,100.000
2026-06-08T15:38:58.657,33.219,rpm,0.000,0.043619,100.000
2026-06-08T15:38:58.675,33.235,rpm,0.000,0.043619,100.000
2026-06-08T15:38:58.708,33.266,rpm,0.000,0.043619,100.000
2026-06-08T15:38:58.724,33.281,torque,0.000,0.041818,100.000
2026-06-08T15:38:58.743,33.297,rpm,0.000,0.041818,100.000
2026-06-08T15:38:58.752,33.313,rpm,0.000,0.041818,100.000
2026-06-08T15:38:58.771,33.328,rpm,0.000,0.041818,100.000
2026-06-08T15:38:58.790,33.344,rpm,0.000,0.041818,100.000
2026-06-08T15:38:58.802,33.360,torque,0.000,0.040798,100.000
2026-06-08T15:38:58.821,33.375,rpm,0.000,0.040798,100.000
2026-06-08T15:38:58.852,33.406,rpm,0.000,0.040798,100.000
2026-06-08T15:38:58.866,33.422,rpm,0.000,0.040798,100.000
2026-06-08T15:38:58.867,33.422,rpm,0.000,0.040798,100.000
2026-06-08T15:38:58.887,33.438,torque,0.000,0.040299,100.000
2026-06-08T15:38:58.892,33.453,rpm,0.000,0.040299,100.000
2026-06-08T15:38:58.933,33.485,rpm,0.000,0.040299,100.000
2026-06-08T15:38:58.962,33.516,rpm,0.000,0.040299,100.000
2026-06-08T15:38:58.979,33.531,rpm,0.000,0.040299,100.000
2026-06-08T15:38:58.979,33.531,torque,0.000,0.040009,100.000
2026-06-08T15:38:59.006,33.563,rpm,0.000,0.040009,100.000
2026-06-08T15:38:59.028,33.578,rpm,0.000,0.040009,100.000
2026-06-08T15:38:59.044,33.594,rpm,0.000,0.040009,100.000
2026-06-08T15:38:59.062,33.625,rpm,0.000,0.040009,100.000
2026-06-08T15:38:59.063,33.625,torque,0.000,0.039962,100.000
2026-06-08T15:38:59.096,33.656,rpm,0.000,0.039962,100.000
2026-06-08T15:38:59.115,33.672,rpm,0.000,0.039962,100.000
2026-06-08T15:38:59.139,33.703,rpm,0.000,0.039962,100.000
2026-06-08T15:38:59.154,33.703,rpm,0.000,0.039962,100.000
2026-06-08T15:38:59.154,33.703,torque,0.000,0.039064,100.000
2026-06-08T15:38:59.185,33.735,rpm,0.000,0.039064,100.000
2026-06-08T15:38:59.203,33.766,rpm,0.000,0.039064,100.000
2026-06-08T15:38:59.205,33.766,rpm,0.000,0.039064,100.000
2026-06-08T15:38:59.227,33.781,rpm,0.000,0.039064,100.000
2026-06-08T15:38:59.237,33.797,torque,0.000,0.038224,100.000
2026-06-08T15:38:59.263,33.813,rpm,0.000,0.038224,100.000
2026-06-08T15:38:59.273,33.828,rpm,0.000,0.038224,100.000
2026-06-08T15:38:59.304,33.860,rpm,0.000,0.038224,100.000
2026-06-08T15:38:59.331,33.891,torque,0.000,0.038242,100.000
2026-06-08T15:38:59.341,33.891,rpm,0.000,0.038242,100.000
2026-06-08T15:38:59.351,33.906,rpm,0.000,0.038242,100.000
2026-06-08T15:38:59.379,33.938,rpm,0.000,0.038242,100.000
2026-06-08T15:38:59.394,33.953,rpm,0.000,0.038242,100.000
2026-06-08T15:38:59.410,33.969,rpm,0.000,0.038242,100.000
2026-06-08T15:38:59.410,33.969,torque,0.000,0.038265,100.000
2026-06-08T15:38:59.444,34.000,rpm,0.000,0.038265,100.000
2026-06-08T15:38:59.453,34.016,rpm,0.000,0.038265,100.000
2026-06-08T15:38:59.472,34.031,rpm,0.000,0.038265,100.000
2026-06-08T15:38:59.492,34.047,rpm,0.000,0.038265,100.000
2026-06-08T15:38:59.494,34.047,torque,0.000,0.038287,100.000
2026-06-08T15:38:59.520,34.078,rpm,0.000,0.038287,100.000
2026-06-08T15:38:59.522,34.078,throttle,0.000,0.038287,0.000
2026-06-08T15:38:59.536,34.094,rpm,0.000,0.038287,0.000
2026-06-08T15:38:59.550,34.110,rpm,0.000,0.038287,0.000
2026-06-08T15:38:59.579,34.141,rpm,0.000,0.038287,0.000
2026-06-08T15:38:59.580,34.141,torque,0.000,0.038363,0.000
2026-06-08T15:38:59.601,34.156,rpm,0.000,0.038363,0.000
2026-06-08T15:38:59.616,34.172,rpm,0.000,0.038363,0.000
2026-06-08T15:38:59.639,34.188,rpm,0.000,0.038363,0.000
2026-06-08T15:38:59.660,34.219,rpm,0.000,0.038363,0.000
2026-06-08T15:38:59.666,34.219,torque,0.000,0.038631,0.000
2026-06-08T15:38:59.685,34.235,rpm,0.000,0.038631,0.000
2026-06-08T15:38:59.710,34.266,rpm,0.000,0.038631,0.000
2026-06-08T15:38:59.739,34.297,rpm,0.000,0.038631,0.000
2026-06-08T15:38:59.763,34.313,rpm,0.000,0.038631,0.000
2026-06-08T15:38:59.763,34.313,torque,0.000,0.040272,0.000
2026-06-08T15:38:59.775,34.328,rpm,0.000,0.040272,0.000
2026-06-08T15:38:59.799,34.360,rpm,0.000,0.040272,0.000
2026-06-08T15:38:59.820,34.375,rpm,0.000,0.040272,0.000
2026-06-08T15:38:59.843,34.406,rpm,0.000,0.040272,0.000
2026-06-08T15:38:59.843,34.406,torque,0.000,0.041779,0.000
2026-06-08T15:38:59.880,34.438,rpm,0.000,0.041779,0.000
2026-06-08T15:38:59.891,34.453,rpm,0.000,0.041779,0.000
2026-06-08T15:38:59.926,34.485,rpm,0.000,0.041779,0.000
2026-06-08T15:38:59.928,34.485,torque,0.000,0.042408,0.000
2026-06-08T15:38:59.961,34.516,rpm,0.000,0.042408,0.000
2026-06-08T15:38:59.967,34.531,rpm,0.000,0.042408,0.000
2026-06-08T15:38:59.999,34.563,rpm,0.000,0.042408,0.000
2026-06-08T15:39:00.016,34.578,rpm,0.000,0.042408,0.000
2026-06-08T15:39:00.022,34.578,torque,0.000,0.043534,0.000
2026-06-08T15:39:00.047,34.610,rpm,0.000,0.043534,0.000
2026-06-08T15:39:00.074,34.625,rpm,0.000,0.043534,0.000
2026-06-08T15:39:00.099,34.656,rpm,0.000,0.043534,0.000
2026-06-08T15:39:00.108,34.672,torque,0.000,0.044764,0.000
2026-06-08T15:39:00.116,34.672,rpm,0.000,0.044764,0.000
2026-06-08T15:39:00.144,34.703,rpm,0.000,0.044764,0.000
2026-06-08T15:39:00.165,34.719,rpm,0.000,0.044764,0.000
2026-06-08T15:39:00.178,34.735,rpm,0.000,0.044764,0.000
2026-06-08T15:39:00.194,34.750,torque,0.000,0.045248,0.000
2026-06-08T15:39:00.194,34.750,rpm,0.000,0.045248,0.000
2026-06-08T15:39:00.234,34.797,rpm,0.000,0.045248,0.000
2026-06-08T15:39:00.255,34.813,rpm,0.000,0.045248,0.000
2026-06-08T15:39:00.273,34.828,torque,0.000,0.044789,0.000
2026-06-08T15:39:00.277,34.828,rpm,0.000,0.044789,0.000
2026-06-08T15:39:00.304,34.860,rpm,0.000,0.044789,0.000
2026-06-08T15:39:00.318,34.875,rpm,0.000,0.044789,0.000
2026-06-08T15:39:00.334,34.891,rpm,0.000,0.044789,0.000
2026-06-08T15:39:00.351,34.906,rpm,0.000,0.044789,0.000
2026-06-08T15:39:00.370,34.922,torque,0.000,0.044007,0.000
2026-06-08T15:39:00.403,34.953,rpm,0.000,0.044007,0.000
2026-06-08T15:39:00.420,34.969,rpm,0.000,0.044007,0.000
2026-06-08T15:39:00.437,35.000,rpm,0.000,0.044007,0.000
2026-06-08T15:39:00.453,35.016,torque,0.000,0.043954,0.000
2026-06-08T15:39:00.470,35.031,rpm,0.000,0.043954,0.000
2026-06-08T15:39:00.487,35.047,rpm,0.000,0.043954,0.000
2026-06-08T15:39:00.516,35.078,rpm,0.000,0.043954,0.000
2026-06-08T15:39:00.531,35.094,rpm,0.000,0.043954,0.000
2026-06-08T15:39:00.546,35.110,torque,0.000,0.043887,0.000
2026-06-08T15:39:00.548,35.110,rpm,0.000,0.043887,0.000
2026-06-08T15:39:00.576,35.125,rpm,0.000,0.043887,0.000
2026-06-08T15:39:00.594,35.156,rpm,0.000,0.043887,0.000
2026-06-08T15:39:00.610,35.172,rpm,0.000,0.043887,0.000
2026-06-08T15:39:00.626,35.188,torque,0.000,0.043786,0.000
2026-06-08T15:39:00.636,35.188,rpm,0.000,0.043786,0.000
2026-06-08T15:39:00.660,35.219,rpm,0.000,0.043786,0.000
2026-06-08T15:39:00.680,35.235,rpm,0.000,0.043786,0.000
2026-06-08T15:39:00.708,35.266,rpm,0.000,0.043786,0.000
2026-06-08T15:39:00.709,35.266,torque,0.000,0.043752,0.000
2026-06-08T15:39:00.709,35.266,rpm,0.000,0.043752,0.000
2026-06-08T15:39:00.742,35.297,rpm,0.000,0.043752,0.000
2026-06-08T15:39:00.759,35.313,rpm,0.000,0.043752,0.000
2026-06-08T15:39:00.774,35.328,rpm,0.000,0.043752,0.000
2026-06-08T15:39:00.803,35.360,torque,0.000,0.043990,0.000
2026-06-08T15:39:00.803,35.360,rpm,0.000,0.043990,0.000
2026-06-08T15:39:00.822,35.375,rpm,0.000,0.043990,0.000
2026-06-08T15:39:00.839,35.391,rpm,0.000,0.043990,0.000
2026-06-08T15:39:00.862,35.422,rpm,0.000,0.043990,0.000
2026-06-08T15:39:00.884,35.438,rpm,0.000,0.043990,0.000
2026-06-08T15:39:00.884,35.438,torque,0.000,0.043879,0.000
2026-06-08T15:39:00.901,35.453,rpm,0.000,0.043879,0.000
2026-06-08T15:39:00.929,35.485,rpm,0.000,0.043879,0.000
2026-06-08T15:39:00.937,35.500,rpm,0.000,0.043879,0.000
2026-06-08T15:39:00.970,35.531,rpm,0.000,0.043879,0.000
2026-06-08T15:39:00.971,35.531,torque,0.000,0.043810,0.000
2026-06-08T15:39:00.988,35.547,rpm,0.000,0.043810,0.000
2026-06-08T15:39:01.012,35.563,rpm,0.000,0.043810,0.000
2026-06-08T15:39:01.019,35.578,rpm,0.000,0.043810,0.000
2026-06-08T15:39:01.054,35.610,torque,0.000,0.043948,0.000
2026-06-08T15:39:01.067,35.625,rpm,0.000,0.043948,0.000
2026-06-08T15:39:01.088,35.641,rpm,0.000,0.043948,0.000
2026-06-08T15:39:01.091,35.641,rpm,0.000,0.043948,0.000
2026-06-08T15:39:01.120,35.672,rpm,0.000,0.043948,0.000
2026-06-08T15:39:01.139,35.688,rpm,0.000,0.043948,0.000
2026-06-08T15:39:01.141,35.703,torque,0.000,0.043734,0.000
2026-06-08T15:39:01.173,35.735,rpm,0.000,0.043734,0.000
2026-06-08T15:39:01.173,35.735,rpm,0.000,0.043734,0.000
2026-06-08T15:39:01.202,35.766,rpm,0.000,0.043734,0.000
2026-06-08T15:39:01.219,35.781,rpm,0.000,0.043734,0.000
2026-06-08T15:39:01.226,35.781,torque,0.000,0.043728,0.000
2026-06-08T15:39:01.250,35.813,rpm,0.000,0.043728,0.000
2026-06-08T15:39:01.268,35.828,rpm,0.000,0.043728,0.000
2026-06-08T15:39:01.283,35.844,rpm,0.000,0.043728,0.000
2026-06-08T15:39:01.299,35.860,rpm,0.000,0.043728,0.000
2026-06-08T15:39:01.314,35.875,torque,0.000,0.043808,0.000
2026-06-08T15:39:01.317,35.875,rpm,0.000,0.043808,0.000
2026-06-08T15:39:01.345,35.906,rpm,0.000,0.043808,0.000
2026-06-08T15:39:01.361,35.922,rpm,0.000,0.043808,0.000
2026-06-08T15:39:01.387,35.938,rpm,0.000,0.043808,0.000
2026-06-08T15:39:01.408,35.969,torque,0.000,0.043712,0.000
2026-06-08T15:39:01.414,35.969,rpm,0.000,0.043712,0.000
2026-06-08T15:39:01.436,35.985,rpm,0.000,0.043712,0.000
2026-06-08T15:39:01.485,36.047,torque,0.000,0.043674,0.000
2026-06-08T15:39:01.488,36.047,rpm,0.000,0.043674,0.000
2026-06-08T15:39:01.508,36.063,rpm,0.000,0.043674,0.000
2026-06-08T15:39:01.534,36.094,rpm,0.000,0.043674,0.000
2026-06-08T15:39:01.558,36.110,rpm,0.000,0.043674,0.000
2026-06-08T15:39:01.568,36.125,rpm,0.000,0.043674,0.000
2026-06-08T15:39:01.576,36.125,torque,0.000,0.043719,0.000
2026-06-08T15:39:01.598,36.156,rpm,0.000,0.043719,0.000
2026-06-08T15:39:01.625,36.188,rpm,0.000,0.043719,0.000
2026-06-08T15:39:01.634,36.188,rpm,0.000,0.043719,0.000
2026-06-08T15:39:01.660,36.219,torque,0.000,0.043692,0.000
2026-06-08T15:39:01.664,36.219,rpm,0.000,0.043692,0.000
2026-06-08T15:39:01.693,36.250,rpm,0.000,0.043692,0.000
2026-06-08T15:39:01.695,36.250,rpm,0.000,0.043692,0.000
2026-06-08T15:39:01.723,36.281,rpm,0.000,0.043692,0.000
2026-06-08T15:39:01.747,36.297,rpm,0.000,0.043692,0.000
2026-06-08T15:39:01.747,36.297,torque,0.000,0.043727,0.000
2026-06-08T15:39:01.768,36.328,rpm,0.000,0.043727,0.000
2026-06-08T15:39:01.786,36.344,rpm,0.000,0.043727,0.000
2026-06-08T15:39:01.806,36.360,rpm,0.000,0.043727,0.000
2026-06-08T15:39:01.827,36.391,rpm,0.000,0.043727,0.000
2026-06-08T15:39:01.845,36.406,torque,0.000,0.043767,0.000
2026-06-08T15:39:01.845,36.406,rpm,0.000,0.043767,0.000
2026-06-08T15:39:01.876,36.438,rpm,0.000,0.043767,0.000
2026-06-08T15:39:01.876,36.438,rpm,0.000,0.043767,0.000
2026-06-08T15:39:01.897,36.453,rpm,0.000,0.043767,0.000
2026-06-08T15:39:01.923,36.485,torque,0.000,0.043640,0.000
2026-06-08T15:39:01.924,36.485,rpm,0.000,0.043640,0.000
2026-06-08T15:39:01.951,36.500,rpm,0.000,0.043640,0.000
2026-06-08T15:39:01.973,36.531,rpm,0.000,0.043640,0.000
2026-06-08T15:39:01.989,36.547,rpm,0.000,0.043640,0.000
2026-06-08T15:39:02.006,36.563,torque,0.000,0.043601,0.000
2026-06-08T15:39:02.012,36.563,rpm,0.000,0.043601,0.000
2026-06-08T15:39:02.041,36.594,rpm,0.000,0.043601,0.000
2026-06-08T15:39:02.048,36.610,rpm,0.000,0.043601,0.000
2026-06-08T15:39:02.062,36.625,rpm,0.000,0.043601,0.000
2026-06-08T15:39:02.091,36.641,rpm,0.000,0.043601,0.000
2026-06-08T15:39:02.092,36.656,torque,0.000,0.043828,0.000
2026-06-08T15:39:02.120,36.672,rpm,0.000,0.043828,0.000
2026-06-08T15:39:02.126,36.688,rpm,0.000,0.043828,0.000
2026-06-08T15:39:02.149,36.703,rpm,0.000,0.043828,0.000
2026-06-08T15:39:02.161,36.719,rpm,0.000,0.043828,0.000
2026-06-08T15:39:02.180,36.735,torque,0.000,0.043879,0.000
2026-06-08T15:39:02.192,36.750,rpm,0.000,0.043879,0.000
2026-06-08T15:39:02.227,36.781,rpm,0.000,0.043879,0.000
2026-06-08T15:39:02.238,36.797,rpm,0.000,0.043879,0.000
2026-06-08T15:39:02.261,36.813,rpm,0.000,0.043879,0.000
2026-06-08T15:39:02.262,36.813,rpm,0.000,0.043879,0.000
2026-06-08T15:39:02.278,36.828,torque,0.000,0.043749,0.000
2026-06-08T15:39:02.311,36.860,rpm,0.000,0.043749,0.000
2026-06-08T15:39:02.353,36.906,torque,0.000,0.043713,0.000
2026-06-08T15:39:02.363,36.922,rpm,0.000,0.043713,0.000
2026-06-08T15:39:02.395,36.953,rpm,0.000,0.043713,0.000
2026-06-08T15:39:02.413,36.969,rpm,0.000,0.043713,0.000
2026-06-08T15:39:02.434,36.985,rpm,0.000,0.043713,0.000
2026-06-08T15:39:02.451,37.000,torque,0.000,0.043677,0.000
2026-06-08T15:39:02.460,37.016,rpm,0.000,0.043677,0.000
2026-06-08T15:39:02.468,37.031,rpm,0.000,0.043677,0.000
2026-06-08T15:39:02.488,37.047,rpm,0.000,0.043677,0.000
2026-06-08T15:39:02.516,37.078,rpm,0.000,0.043677,0.000
2026-06-08T15:39:02.532,37.094,torque,0.000,0.043629,0.000
2026-06-08T15:39:02.543,37.094,rpm,0.000,0.043629,0.000
2026-06-08T15:39:02.549,37.110,rpm,0.000,0.043629,0.000
2026-06-08T15:39:02.571,37.125,rpm,0.000,0.043629,0.000
2026-06-08T15:39:02.594,37.156,rpm,0.000,0.043629,0.000
2026-06-08T15:39:02.611,37.172,torque,0.000,0.043793,0.000
2026-06-08T15:39:02.612,37.172,rpm,0.000,0.043793,0.000
2026-06-08T15:39:02.628,37.188,rpm,0.000,0.043793,0.000
2026-06-08T15:39:02.653,37.203,rpm,0.000,0.043793,0.000
2026-06-08T15:39:02.676,37.235,rpm,0.000,0.043793,0.000
2026-06-08T15:39:02.687,37.250,rpm,0.000,0.043793,0.000
2026-06-08T15:39:02.701,37.250,torque,0.000,0.043788,0.000
2026-06-08T15:39:02.715,37.266,rpm,0.000,0.043788,0.000
2026-06-08T15:39:02.725,37.281,rpm,0.000,0.043788,0.000
2026-06-08T15:39:02.744,37.297,rpm,0.000,0.043788,0.000
2026-06-08T15:39:02.783,37.344,torque,0.000,0.043728,0.000
2026-06-08T15:39:02.804,37.360,rpm,0.000,0.043728,0.000
2026-06-08T15:39:02.827,37.391,rpm,0.000,0.043728,0.000
2026-06-08T15:39:02.869,37.422,torque,0.000,0.043803,0.000
2026-06-08T15:39:02.872,37.422,rpm,0.000,0.043803,0.000
2026-06-08T15:39:02.898,37.453,rpm,0.000,0.043803,0.000
2026-06-08T15:39:02.913,37.469,rpm,0.000,0.043803,0.000
2026-06-08T15:39:02.927,37.485,rpm,0.000,0.043803,0.000
2026-06-08T15:39:02.955,37.516,rpm,0.000,0.043803,0.000
2026-06-08T15:39:02.959,37.516,torque,0.000,0.043585,0.000
2026-06-08T15:39:02.978,37.531,rpm,0.000,0.043585,0.000
2026-06-08T15:39:02.993,37.547,rpm,0.000,0.043585,0.000
2026-06-08T15:39:03.020,37.578,rpm,0.000,0.043585,0.000
2026-06-08T15:39:03.021,37.578,rpm,0.000,0.043585,0.000
2026-06-08T15:39:03.045,37.594,rpm,0.000,0.043585,0.000
2026-06-08T15:39:03.054,37.610,torque,0.000,0.043401,0.000
2026-06-08T15:39:03.094,37.656,rpm,0.000,0.043401,0.000
2026-06-08T15:39:03.100,37.656,rpm,0.000,0.043401,0.000
2026-06-08T15:39:03.125,37.688,rpm,0.000,0.043401,0.000
2026-06-08T15:39:03.132,37.688,torque,0.000,0.043517,0.000
2026-06-08T15:39:03.153,37.703,rpm,0.000,0.043517,0.000
2026-06-08T15:39:03.182,37.735,rpm,0.000,0.043517,0.000
2026-06-08T15:39:03.209,37.766,rpm,0.000,0.043517,0.000
2026-06-08T15:39:03.217,37.766,torque,0.000,0.043685,0.000
2026-06-08T15:39:03.236,37.797,rpm,0.000,0.043685,0.000
2026-06-08T15:39:03.266,37.828,rpm,0.000,0.043685,0.000
2026-06-08T15:39:03.282,37.844,rpm,0.000,0.043685,0.000
2026-06-08T15:39:03.298,37.860,rpm,0.000,0.043685,0.000
2026-06-08T15:39:03.299,37.860,rpm,0.000,0.043685,0.000
2026-06-08T15:39:03.314,37.875,torque,0.000,0.043896,0.000
2026-06-08T15:39:03.332,37.891,rpm,0.000,0.043896,0.000
2026-06-08T15:39:03.353,37.906,rpm,0.000,0.043896,0.000
2026-06-08T15:39:03.379,37.938,rpm,0.000,0.043896,0.000
2026-06-08T15:39:03.394,37.953,rpm,0.000,0.043896,0.000
2026-06-08T15:39:03.394,37.953,torque,0.000,0.043984,0.000
2026-06-08T15:39:03.425,37.985,rpm,0.000,0.043984,0.000
