timestamp,elapsed_s,source,rpm,torque_nm,throttle_pct
2026-06-08T15:39:24.835,0.000,rpm,0.000,,
2026-06-08T15:39:24.836,0.000,torque,0.000,0.040797,
2026-06-08T15:39:24.836,0.000,rpm,0.000,0.040797,
2026-06-08T15:39:24.836,0.000,rpm,0.000,0.040797,
2026-06-08T15:39:24.836,0.000,rpm,0.000,0.040797,
2026-06-08T15:39:24.836,0.000,torque,0.000,0.040836,
2026-06-08T15:39:24.836,0.000,rpm,0.000,0.040836,
2026-06-08T15:39:24.836,0.000,rpm,0.000,0.040836,
2026-06-08T15:39:24.836,0.000,rpm,0.000,0.040836,
2026-06-08T15:39:24.860,0.031,rpm,0.000,0.040836,
2026-06-08T15:39:24.880,0.047,torque,0.000,0.040894,
2026-06-08T15:39:24.881,0.047,rpm,0.000,0.040894,
2026-06-08T15:39:24.898,0.062,rpm,0.000,0.040894,
2026-06-08T15:39:24.934,0.094,rpm,0.000,0.040894,
2026-06-08T15:39:24.954,0.125,rpm,0.000,0.040894,
2026-06-08T15:39:24.955,0.125,torque,0.000,0.040713,
2026-06-08T15:39:24.955,0.125,rpm,0.000,0.040713,
2026-06-08T15:39:24.973,0.140,rpm,0.000,0.040713,
2026-06-08T15:39:25.008,0.172,rpm,0.000,0.040713,
2026-06-08T15:39:25.033,0.203,rpm,0.000,0.040713,
2026-06-08T15:39:25.035,0.203,torque,0.000,0.040830,
2026-06-08T15:39:25.059,0.219,rpm,0.000,0.040830,
2026-06-08T15:39:25.088,0.250,rpm,0.000,0.040830,
2026-06-08T15:39:25.090,0.250,rpm,0.000,0.040830,
2026-06-08T15:39:25.117,0.281,rpm,0.000,0.040830,
2026-06-08T15:39:25.121,0.281,torque,0.000,0.040908,
2026-06-08T15:39:25.149,0.312,rpm,0.000,0.040908,
2026-06-08T15:39:25.168,0.328,rpm,0.000,0.040908,
2026-06-08T15:39:25.172,0.344,rpm,0.000,0.040908,
2026-06-08T15:39:25.187,0.359,rpm,0.000,0.040908,
2026-06-08T15:39:25.205,0.375,rpm,0.000,0.040908,
2026-06-08T15:39:25.211,0.375,torque,0.000,0.040855,
2026-06-08T15:39:25.236,0.406,rpm,0.000,0.040855,
2026-06-08T15:39:25.264,0.422,rpm,0.000,0.040855,
2026-06-08T15:39:25.282,0.453,rpm,0.000,0.040855,
2026-06-08T15:39:25.295,0.453,rpm,0.000,0.040855,
2026-06-08T15:39:25.318,0.484,torque,0.000,0.040920,
2026-06-08T15:39:25.333,0.500,rpm,0.000,0.040920,
2026-06-08T15:39:25.334,0.500,rpm,0.000,0.040920,
2026-06-08T15:39:25.378,0.547,rpm,0.000,0.040920,
2026-06-08T15:39:25.396,0.562,torque,0.000,0.041013,
2026-06-08T15:39:25.396,0.562,rpm,0.000,0.041013,
2026-06-08T15:39:25.422,0.594,rpm,0.000,0.041013,
2026-06-08T15:39:25.427,0.594,rpm,0.000,0.041013,
2026-06-08T15:39:25.449,0.609,rpm,0.000,0.041013,
2026-06-08T15:39:25.476,0.640,torque,0.000,0.040992,
2026-06-08T15:39:25.492,0.656,rpm,0.000,0.040992,
2026-06-08T15:39:25.492,0.656,rpm,0.000,0.040992,
2026-06-08T15:39:25.515,0.687,rpm,0.000,0.040992,
2026-06-08T15:39:25.540,0.703,rpm,0.000,0.040992,
2026-06-08T15:39:25.555,0.719,rpm,0.000,0.040992,
2026-06-08T15:39:25.556,0.719,torque,0.000,0.041107,
2026-06-08T15:39:25.586,0.750,rpm,0.000,0.041107,
2026-06-08T15:39:25.589,0.750,rpm,0.000,0.041107,
2026-06-08T15:39:25.617,0.781,rpm,0.000,0.041107,
2026-06-08T15:39:25.636,0.797,rpm,0.000,0.041107,
2026-06-08T15:39:25.651,0.812,torque,0.000,0.041085,
2026-06-08T15:39:25.670,0.828,rpm,0.000,0.041085,
2026-06-08T15:39:25.687,0.859,rpm,0.000,0.041085,
2026-06-08T15:39:25.703,0.875,rpm,0.000,0.041085,
2026-06-08T15:39:25.720,0.890,rpm,0.000,0.041085,
2026-06-08T15:39:25.727,0.890,rpm,0.000,0.041085,
2026-06-08T15:39:25.729,0.890,torque,0.000,0.040933,
2026-06-08T15:39:25.761,0.922,rpm,0.000,0.040933,
2026-06-08T15:39:25.779,0.937,rpm,0.000,0.040933,
2026-06-08T15:39:25.802,0.969,rpm,0.000,0.040933,
2026-06-08T15:39:25.810,0.969,rpm,0.000,0.040933,
2026-06-08T15:39:25.828,1.000,torque,0.000,0.040587,
2026-06-08T15:39:25.845,1.015,rpm,0.000,0.040587,
2026-06-08T15:39:25.878,1.047,rpm,0.000,0.040587,
2026-06-08T15:39:25.889,1.047,rpm,0.000,0.040587,
2026-06-08T15:39:25.908,1.078,torque,0.000,0.040836,
2026-06-08T15:39:25.920,1.078,rpm,0.000,0.040836,
2026-06-08T15:39:25.949,1.109,rpm,0.000,0.040836,
2026-06-08T15:39:25.957,1.125,rpm,0.000,0.040836,
2026-06-08T15:39:25.980,1.140,rpm,0.000,0.040836,
2026-06-08T15:39:25.991,1.156,torque,0.000,0.041039,
2026-06-08T15:39:26.005,1.172,rpm,0.000,0.041039,
2026-06-08T15:39:26.039,1.203,rpm,0.000,0.041039,
2026-06-08T15:39:26.041,1.203,rpm,0.000,0.041039,
2026-06-08T15:39:26.069,1.234,rpm,0.000,0.041039,
2026-06-08T15:39:26.088,1.250,torque,0.000,0.040912,
2026-06-08T15:39:26.088,1.250,rpm,0.000,0.040912,
2026-06-08T15:39:26.114,1.281,rpm,0.000,0.040912,
2026-06-08T15:39:26.132,1.297,rpm,0.000,0.040912,
2026-06-08T15:39:26.157,1.328,rpm,0.000,0.040912,
2026-06-08T15:39:26.161,1.328,torque,0.000,0.040883,
2026-06-08T15:39:26.190,1.359,rpm,0.000,0.040883,
2026-06-08T15:39:26.211,1.375,rpm,0.000,0.040883,
2026-06-08T15:39:26.229,1.390,rpm,0.000,0.040883,
2026-06-08T15:39:26.247,1.406,torque,0.000,0.040923,
2026-06-08T15:39:26.259,1.422,rpm,0.000,0.040923,
2026-06-08T15:39:26.290,1.453,rpm,0.000,0.040923,
2026-06-08T15:39:26.309,1.469,rpm,0.000,0.040923,
2026-06-08T15:39:26.327,1.484,rpm,0.000,0.040923,
2026-06-08T15:39:26.343,1.515,torque,0.000,0.040910,
2026-06-08T15:39:26.358,1.515,rpm,0.000,0.040910,
2026-06-08T15:39:26.367,1.531,rpm,0.000,0.040910,
2026-06-08T15:39:26.394,1.562,rpm,0.000,0.040910,
2026-06-08T15:39:26.396,1.562,rpm,0.000,0.040910,
2026-06-08T15:39:26.422,1.594,torque,0.000,0.040957,
2026-06-08T15:39:26.422,1.594,rpm,0.000,0.040957,
2026-06-08T15:39:26.433,1.594,rpm,0.000,0.040957,
2026-06-08T15:39:26.467,1.625,rpm,0.000,0.040957,
2026-06-08T15:39:26.488,1.656,rpm,0.000,0.040957,
2026-06-08T15:39:26.497,1.656,rpm,0.000,0.040957,
2026-06-08T15:39:26.515,1.687,torque,0.000,0.040958,
2026-06-08T15:39:26.578,1.750,rpm,0.000,0.040958,
2026-06-08T15:39:26.597,1.765,torque,0.000,0.040855,
2026-06-08T15:39:26.597,1.765,rpm,0.000,0.040855,
2026-06-08T15:39:26.644,1.812,rpm,0.000,0.040855,
2026-06-08T15:39:26.661,1.828,rpm,0.000,0.040855,
2026-06-08T15:39:26.679,1.844,rpm,0.000,0.040855,
2026-06-08T15:39:26.682,1.844,torque,0.000,0.041044,
2026-06-08T15:39:26.709,1.875,rpm,0.000,0.041044,
2026-06-08T15:39:26.738,1.906,rpm,0.000,0.041044,
2026-06-08T15:39:26.758,1.922,rpm,0.000,0.041044,
2026-06-08T15:39:26.760,1.922,rpm,0.000,0.041044,
2026-06-08T15:39:26.774,1.937,torque,0.000,0.041100,
2026-06-08T15:39:26.798,1.969,rpm,0.000,0.041100,
2026-06-08T15:39:26.810,1.969,rpm,0.000,0.041100,
2026-06-08T15:39:26.819,1.984,rpm,0.000,0.041100,
2026-06-08T15:39:26.854,2.015,torque,0.000,0.040999,
2026-06-08T15:39:26.884,2.047,rpm,0.000,0.040999,
2026-06-08T15:39:26.884,2.047,rpm,0.000,0.040999,
2026-06-08T15:39:26.905,2.062,rpm,0.000,0.040999,
2026-06-08T15:39:26.932,2.094,rpm,0.000,0.040999,
2026-06-08T15:39:26.946,2.109,torque,0.000,0.041099,
2026-06-08T15:39:26.959,2.125,rpm,0.000,0.041099,
2026-06-08T15:39:26.981,2.140,rpm,0.000,0.041099,
2026-06-08T15:39:26.999,2.172,rpm,0.000,0.041099,
2026-06-08T15:39:27.016,2.187,rpm,0.000,0.041099,
2026-06-08T15:39:27.031,2.203,torque,0.000,0.041076,
2026-06-08T15:39:27.032,2.203,rpm,0.000,0.041076,
2026-06-08T15:39:27.037,2.203,rpm,0.000,0.041076,
2026-06-08T15:39:27.070,2.234,rpm,0.000,0.041076,
2026-06-08T15:39:27.091,2.250,rpm,0.000,0.041076,
2026-06-08T15:39:27.107,2.265,rpm,0.000,0.041076,
2026-06-08T15:39:27.123,2.281,torque,0.000,0.040916,
2026-06-08T15:39:27.143,2.312,rpm,0.000,0.040916,
2026-06-08T15:39:27.191,2.359,rpm,0.000,0.040916,
2026-06-08T15:39:27.202,2.359,torque,0.000,0.041038,
2026-06-08T15:39:27.205,2.375,rpm,0.000,0.041038,
2026-06-08T15:39:27.237,2.406,rpm,0.000,0.041038,
2026-06-08T15:39:27.267,2.437,rpm,0.000,0.041038,
2026-06-08T15:39:27.283,2.453,rpm,0.000,0.041038,
2026-06-08T15:39:27.283,2.453,rpm,0.000,0.041038,
2026-06-08T15:39:27.301,2.469,torque,0.000,0.040987,
2026-06-08T15:39:27.318,2.484,rpm,0.000,0.040987,
2026-06-08T15:39:27.330,2.500,rpm,0.000,0.040987,
2026-06-08T15:39:27.347,2.515,rpm,0.000,0.040987,
2026-06-08T15:39:27.368,2.531,rpm,0.000,0.040987,
2026-06-08T15:39:27.375,2.547,torque,0.000,0.040874,
2026-06-08T15:39:27.401,2.562,rpm,0.000,0.040874,
2026-06-08T15:39:27.408,2.578,rpm,0.000,0.040874,
2026-06-08T15:39:27.434,2.594,rpm,0.000,0.040874,
2026-06-08T15:39:27.455,2.625,rpm,0.000,0.040874,
2026-06-08T15:39:27.459,2.625,torque,0.000,0.041084,
2026-06-08T15:39:27.484,2.656,rpm,0.000,0.041084,
2026-06-08T15:39:27.492,2.656,rpm,0.000,0.041084,
2026-06-08T15:39:27.520,2.687,rpm,0.000,0.041084,
2026-06-08T15:39:27.539,2.703,rpm,0.000,0.041084,
2026-06-08T15:39:27.555,2.719,torque,0.000,0.041099,
2026-06-08T15:39:27.556,2.719,rpm,0.000,0.041099,
2026-06-08T15:39:27.580,2.750,rpm,0.000,0.041099,
2026-06-08T15:39:27.603,2.765,rpm,0.000,0.041099,
2026-06-08T15:39:27.617,2.781,rpm,0.000,0.041099,
2026-06-08T15:39:27.635,2.797,torque,0.000,0.041110,
2026-06-08T15:39:27.635,2.797,rpm,0.000,0.041110,
2026-06-08T15:39:27.669,2.828,rpm,0.000,0.041110,
2026-06-08T15:39:27.671,2.828,rpm,0.000,0.041110,
2026-06-08T15:39:27.700,2.859,rpm,0.000,0.041110,
2026-06-08T15:39:27.716,2.875,rpm,0.000,0.041110,
2026-06-08T15:39:27.732,2.890,torque,0.000,0.041201,
2026-06-08T15:39:27.748,2.906,rpm,0.000,0.041201,
2026-06-08T15:39:27.765,2.937,rpm,0.000,0.041201,
2026-06-08T15:39:27.767,2.937,rpm,0.000,0.041201,
2026-06-08T15:39:27.796,2.969,rpm,0.000,0.041201,
2026-06-08T15:39:27.812,2.984,torque,0.000,0.041217,
2026-06-08T15:39:27.816,2.984,rpm,0.000,0.041217,
2026-06-08T15:39:27.844,3.015,rpm,0.000,0.041217,
2026-06-08T15:39:27.866,3.031,rpm,0.000,0.041217,
2026-06-08T15:39:27.875,3.047,rpm,0.000,0.041217,
2026-06-08T15:39:27.893,3.062,rpm,0.000,0.041217,
2026-06-08T15:39:27.900,3.062,torque,0.000,0.041124,
2026-06-08T15:39:27.922,3.094,rpm,0.000,0.041124,
2026-06-08T15:39:27.935,3.094,rpm,0.000,0.041124,
2026-06-08T15:39:27.953,3.125,rpm,0.000,0.041124,
2026-06-08T15:39:27.971,3.140,rpm,0.000,0.041124,
2026-06-08T15:39:27.987,3.156,torque,0.000,0.041153,
2026-06-08T15:39:28.002,3.172,rpm,0.000,0.041153,
2026-06-08T15:39:28.040,3.203,rpm,0.000,0.041153,
2026-06-08T15:39:28.068,3.234,rpm,0.000,0.041153,
2026-06-08T15:39:28.068,3.234,torque,0.000,0.041184,
2026-06-08T15:39:28.083,3.250,rpm,0.000,0.041184,
2026-06-08T15:39:28.110,3.281,rpm,0.000,0.041184,
2026-06-08T15:39:28.121,3.281,rpm,0.000,0.041184,
2026-06-08T15:39:28.129,3.297,rpm,0.000,0.041184,
2026-06-08T15:39:28.158,3.328,torque,0.000,0.041223,
2026-06-08T15:39:28.158,3.328,rpm,0.000,0.041223,
2026-06-08T15:39:28.188,3.359,rpm,0.000,0.041223,
2026-06-08T15:39:28.196,3.359,rpm,0.000,0.041223,
2026-06-08T15:39:28.216,3.375,rpm,0.000,0.041223,
2026-06-08T15:39:28.243,3.406,torque,0.000,0.041224,
2026-06-08T15:39:28.244,3.406,rpm,0.000,0.041224,
2026-06-08T15:39:28.270,3.437,rpm,0.000,0.041224,
2026-06-08T15:39:28.292,3.453,rpm,0.000,0.041224,
2026-06-08T15:39:28.293,3.453,rpm,0.000,0.041224,
2026-06-08T15:39:28.320,3.484,rpm,0.000,0.041224,
2026-06-08T15:39:28.338,3.500,torque,0.000,0.041262,
2026-06-08T15:39:28.339,3.500,rpm,0.000,0.041262,
2026-06-08T15:39:28.366,3.531,rpm,0.000,0.041262,
2026-06-08T15:39:28.389,3.547,rpm,0.000,0.041262,
2026-06-08T15:39:28.404,3.562,rpm,0.000,0.041262,
2026-06-08T15:39:28.420,3.578,torque,0.000,0.041201,
2026-06-08T15:39:28.422,3.594,rpm,0.000,0.041201,
2026-06-08T15:39:28.455,3.625,rpm,0.000,0.041201,
2026-06-08T15:39:28.483,3.640,rpm,0.000,0.041201,
2026-06-08T15:39:28.500,3.672,rpm,0.000,0.041201,
2026-06-08T15:39:28.501,3.672,torque,0.000,0.041396,
2026-06-08T15:39:28.516,3.687,rpm,0.000,0.041396,
2026-06-08T15:39:28.535,3.703,rpm,0.000,0.041396,
2026-06-08T15:39:28.564,3.734,rpm,0.000,0.041396,
2026-06-08T15:39:28.580,3.750,rpm,0.000,0.041396,
2026-06-08T15:39:28.587,3.750,torque,0.000,0.041369,
2026-06-08T15:39:28.609,3.781,rpm,0.000,0.041369,
2026-06-08T15:39:28.610,3.781,rpm,0.000,0.041369,
2026-06-08T15:39:28.634,3.797,rpm,0.000,0.041369,
2026-06-08T15:39:28.660,3.828,rpm,0.000,0.041369,
2026-06-08T15:39:28.676,3.844,torque,0.000,0.041174,
2026-06-08T15:39:28.676,3.844,rpm,0.000,0.041174,
2026-06-08T15:39:28.709,3.875,rpm,0.000,0.041174,
2026-06-08T15:39:28.724,3.890,rpm,0.000,0.041174,
2026-06-08T15:39:28.740,3.906,rpm,0.000,0.041174,
2026-06-08T15:39:28.756,3.922,rpm,0.000,0.041174,
2026-06-08T15:39:28.771,3.937,torque,0.000,0.041201,
2026-06-08T15:39:28.788,3.953,rpm,0.000,0.041201,
2026-06-08T15:39:28.803,3.969,rpm,0.000,0.041201,
2026-06-08T15:39:28.819,3.984,rpm,0.000,0.041201,
2026-06-08T15:39:28.836,4.000,rpm,0.000,0.041201,
2026-06-08T15:39:28.852,4.015,torque,0.000,0.041536,
2026-06-08T15:39:28.876,4.047,rpm,0.000,0.041536,
2026-06-08T15:39:28.900,4.062,rpm,0.000,0.041536,
2026-06-08T15:39:28.916,4.078,rpm,0.000,0.041536,
2026-06-08T15:39:28.934,4.094,torque,0.000,0.041563,
2026-06-08T15:39:28.942,4.109,rpm,0.000,0.041563,
2026-06-08T15:39:28.964,4.125,rpm,0.000,0.041563,
2026-06-08T15:39:28.989,4.156,rpm,0.000,0.041563,
2026-06-08T15:39:28.991,4.156,rpm,0.000,0.041563,
2026-06-08T15:39:29.018,4.187,rpm,0.000,0.041563,
2026-06-08T15:39:29.021,4.187,torque,0.000,0.041581,
2026-06-08T15:39:29.044,4.203,rpm,0.000,0.041581,
2026-06-08T15:39:29.067,4.234,rpm,0.000,0.041581,
2026-06-08T15:39:29.088,4.250,rpm,0.000,0.041581,
2026-06-08T15:39:29.110,4.281,rpm,0.000,0.041581,
2026-06-08T15:39:29.112,4.281,torque,0.000,0.041567,
2026-06-08T15:39:29.127,4.297,rpm,0.000,0.041567,
2026-06-08T15:39:29.157,4.328,rpm,0.000,0.041567,
2026-06-08T15:39:29.162,4.328,rpm,0.000,0.041567,
2026-06-08T15:39:29.187,4.359,rpm,0.000,0.041567,
2026-06-08T15:39:29.204,4.375,rpm,0.000,0.041567,
2026-06-08T15:39:29.205,4.375,torque,0.000,0.041533,
2026-06-08T15:39:29.234,4.406,rpm,0.000,0.041533,
2026-06-08T15:39:29.235,4.406,rpm,0.000,0.041533,
2026-06-08T15:39:29.279,4.437,torque,0.000,0.041525,
2026-06-08T15:39:29.293,4.453,rpm,0.000,0.041525,
2026-06-08T15:39:29.299,4.469,rpm,0.000,0.041525,
2026-06-08T15:39:29.329,4.500,rpm,0.000,0.041525,
2026-06-08T15:39:29.350,4.515,rpm,0.000,0.041525,
2026-06-08T15:39:29.363,4.531,rpm,0.000,0.041525,
2026-06-08T15:39:29.364,4.531,torque,0.000,0.041603,
2026-06-08T15:39:29.393,4.562,rpm,0.000,0.041603,
2026-06-08T15:39:29.415,4.578,rpm,0.000,0.041603,
2026-06-08T15:39:29.429,4.594,rpm,0.000,0.041603,
2026-06-08T15:39:29.446,4.609,rpm,0.000,0.041603,
2026-06-08T15:39:29.461,4.625,torque,0.000,0.041558,
2026-06-08T15:39:29.463,4.625,rpm,0.000,0.041558,
2026-06-08T15:39:29.496,4.656,rpm,0.000,0.041558,
2026-06-08T15:39:29.506,4.672,rpm,0.000,0.041558,
2026-06-08T15:39:29.536,4.703,torque,0.000,0.041526,
2026-06-08T15:39:29.557,4.719,rpm,0.000,0.041526,
2026-06-08T15:39:29.587,4.750,rpm,0.000,0.041526,
2026-06-08T15:39:29.606,4.765,rpm,0.000,0.041526,
2026-06-08T15:39:29.636,4.797,torque,0.000,0.041539,
2026-06-08T15:39:29.636,4.797,rpm,0.000,0.041539,
2026-06-08T15:39:29.661,4.828,rpm,0.000,0.041539,
2026-06-08T15:39:29.675,4.844,rpm,0.000,0.041539,
2026-06-08T15:39:29.699,4.859,rpm,0.000,0.041539,
2026-06-08T15:39:29.715,4.875,rpm,0.000,0.041539,
2026-06-08T15:39:29.715,4.875,torque,0.000,0.041465,
2026-06-08T15:39:29.733,4.890,rpm,0.000,0.041465,
2026-06-08T15:39:29.764,4.922,rpm,0.000,0.041465,
2026-06-08T15:39:29.764,4.922,rpm,0.000,0.041465,
2026-06-08T15:39:29.789,4.953,rpm,0.000,0.041465,
2026-06-08T15:39:29.812,4.984,torque,0.000,0.041459,
2026-06-08T15:39:29.813,4.984,rpm,0.000,0.041459,
2026-06-08T15:39:29.843,5.000,rpm,0.000,0.041459,
2026-06-08T15:39:29.854,5.015,rpm,0.000,0.041459,
2026-06-08T15:39:29.862,5.031,rpm,0.000,0.041459,
2026-06-08T15:39:29.886,5.047,rpm,0.000,0.041459,
2026-06-08T15:39:29.892,5.062,torque,0.000,0.041406,
2026-06-08T15:39:29.917,5.078,rpm,0.000,0.041406,
2026-06-08T15:39:29.933,5.094,rpm,0.000,0.041406,
2026-06-08T15:39:29.955,5.125,rpm,0.000,0.041406,
2026-06-08T15:39:29.966,5.125,rpm,0.000,0.041406,
2026-06-08T15:39:29.971,5.140,torque,0.000,0.041400,
2026-06-08T15:39:29.988,5.156,rpm,0.000,0.041400,
2026-06-08T15:39:30.011,5.172,rpm,0.000,0.041400,
2026-06-08T15:39:30.032,5.203,rpm,0.000,0.041400,
2026-06-08T15:39:30.051,5.219,rpm,0.000,0.041400,
2026-06-08T15:39:30.067,5.234,torque,0.000,0.041456,
2026-06-08T15:39:30.067,5.234,rpm,0.000,0.041456,
2026-06-08T15:39:30.093,5.250,rpm,0.000,0.041456,
2026-06-08T15:39:30.108,5.265,rpm,0.000,0.041456,
2026-06-08T15:39:30.131,5.297,rpm,0.000,0.041456,
2026-06-08T15:39:30.148,5.312,torque,0.000,0.041351,
2026-06-08T15:39:30.149,5.312,rpm,0.000,0.041351,
2026-06-08T15:39:30.178,5.344,rpm,0.000,0.041351,
2026-06-08T15:39:30.203,5.375,rpm,0.000,0.041351,
2026-06-08T15:39:30.231,5.390,rpm,0.000,0.041351,
2026-06-08T15:39:30.232,5.390,torque,0.000,0.041207,
2026-06-08T15:39:30.258,5.422,rpm,0.000,0.041207,
2026-06-08T15:39:30.273,5.437,rpm,0.000,0.041207,
2026-06-08T15:39:30.286,5.453,rpm,0.000,0.041207,
2026-06-08T15:39:30.315,5.484,rpm,0.000,0.041207,
2026-06-08T15:39:30.329,5.500,torque,0.000,0.041117,
2026-06-08T15:39:30.330,5.500,rpm,0.000,0.041117,
2026-06-08T15:39:30.353,5.515,rpm,0.000,0.041117,
2026-06-08T15:39:30.367,5.531,rpm,0.000,0.041117,
2026-06-08T15:39:30.389,5.547,rpm,0.000,0.041117,
2026-06-08T15:39:30.410,5.578,rpm,0.000,0.041117,
2026-06-08T15:39:30.410,5.578,torque,0.000,0.041292,
2026-06-08T15:39:30.435,5.594,rpm,0.000,0.041292,
2026-06-08T15:39:30.450,5.609,rpm,0.000,0.041292,
2026-06-08T15:39:30.471,5.640,rpm,0.000,0.041292,
2026-06-08T15:39:30.493,5.656,rpm,0.000,0.041292,
2026-06-08T15:39:30.493,5.656,torque,0.000,0.041325,
2026-06-08T15:39:30.515,5.687,rpm,0.000,0.041325,
2026-06-08T15:39:30.533,5.703,rpm,0.000,0.041325,
2026-06-08T15:39:30.560,5.719,rpm,0.000,0.041325,
2026-06-08T15:39:30.563,5.734,rpm,0.000,0.041325,
2026-06-08T15:39:30.582,5.750,torque,0.000,0.041129,
2026-06-08T15:39:30.618,5.781,rpm,0.000,0.041129,
2026-06-08T15:39:30.645,5.812,rpm,0.000,0.041129,
2026-06-08T15:39:30.663,5.828,rpm,0.000,0.041129,
2026-06-08T15:39:30.678,5.844,torque,0.000,0.041244,
2026-06-08T15:39:30.707,5.875,rpm,0.000,0.041244,
2026-06-08T15:39:30.716,5.875,rpm,0.000,0.041244,
2026-06-08T15:39:30.726,5.890,rpm,0.000,0.041244,
2026-06-08T15:39:30.753,5.922,rpm,0.000,0.041244,
2026-06-08T15:39:30.759,5.922,torque,0.000,0.041413,
2026-06-08T15:39:30.787,5.953,rpm,0.000,0.041413,
2026-06-08T15:39:30.795,5.953,rpm,0.000,0.041413,
2026-06-08T15:39:30.829,6.000,rpm,0.000,0.041413,
2026-06-08T15:39:30.837,6.000,rpm,0.000,0.041413,
2026-06-08T15:39:30.846,6.015,torque,0.000,0.041488,
2026-06-08T15:39:30.869,6.031,rpm,0.000,0.041488,
2026-06-08T15:39:30.885,6.047,rpm,0.000,0.041488,
2026-06-08T15:39:30.907,6.078,rpm,0.000,0.041488,
2026-06-08T15:39:30.918,6.078,rpm,0.000,0.041488,
2026-06-08T15:39:30.933,6.094,torque,0.000,0.041534,
2026-06-08T15:39:30.952,6.109,rpm,0.000,0.041534,
2026-06-08T15:39:30.981,6.140,rpm,0.000,0.041534,
2026-06-08T15:39:30.997,6.156,rpm,0.000,0.041534,
2026-06-08T15:39:31.012,6.172,rpm,0.000,0.041534,
2026-06-08T15:39:31.012,6.172,torque,0.000,0.041454,
2026-06-08T15:39:31.031,6.203,rpm,0.000,0.041454,
2026-06-08T15:39:31.060,6.219,rpm,0.000,0.041454,
2026-06-08T15:39:31.077,6.234,rpm,0.000,0.041454,
2026-06-08T15:39:31.093,6.265,rpm,0.000,0.041454,
2026-06-08T15:39:31.108,6.265,torque,0.000,0.041423,
2026-06-08T15:39:31.110,6.281,rpm,0.000,0.041423,
2026-06-08T15:39:31.134,6.297,rpm,0.000,0.041423,
2026-06-08T15:39:31.150,6.312,rpm,0.000,0.041423,
2026-06-08T15:39:31.171,6.344,rpm,0.000,0.041423,
2026-06-08T15:39:31.186,6.344,rpm,0.000,0.041423,
2026-06-08T15:39:31.186,6.344,torque,0.000,0.041370,
2026-06-08T15:39:31.226,6.390,rpm,0.000,0.041370,
2026-06-08T15:39:31.252,6.422,rpm,0.000,0.041370,
2026-06-08T15:39:31.268,6.437,rpm,0.000,0.041370,
2026-06-08T15:39:31.269,6.437,torque,0.000,0.041345,
2026-06-08T15:39:31.298,6.469,rpm,0.000,0.041345,
2026-06-08T15:39:31.320,6.484,rpm,0.000,0.041345,
2026-06-08T15:39:31.356,6.515,torque,0.000,0.040954,
2026-06-08T15:39:31.377,6.547,rpm,0.000,0.040954,
2026-06-08T15:39:31.380,6.547,rpm,0.000,0.040954,
2026-06-08T15:39:31.404,6.562,rpm,0.000,0.040954,
2026-06-08T15:39:31.434,6.594,rpm,0.000,0.040954,
2026-06-08T15:39:31.456,6.625,torque,0.000,0.040655,
2026-06-08T15:39:31.461,6.625,rpm,0.000,0.040655,
2026-06-08T15:39:31.472,6.640,rpm,0.000,0.040655,
2026-06-08T15:39:31.494,6.656,rpm,0.000,0.040655,
2026-06-08T15:39:31.512,6.672,rpm,0.000,0.040655,
2026-06-08T15:39:31.539,6.703,torque,0.000,0.040951,
2026-06-08T15:39:31.554,6.719,rpm,-288.000,0.040951,
2026-06-08T15:39:31.578,6.750,rpm,-667.000,0.040951,
2026-06-08T15:39:31.599,6.765,rpm,-924.000,0.040951,
2026-06-08T15:39:31.627,6.797,torque,-924.000,0.040151,
2026-06-08T15:39:31.627,6.797,rpm,-6353.000,0.040151,
2026-06-08T15:39:31.642,6.812,rpm,-7539.000,0.040151,
2026-06-08T15:39:31.651,6.812,rpm,-8484.000,0.040151,
2026-06-08T15:39:31.692,6.859,rpm,-9573.000,0.040151,
2026-06-08T15:39:31.693,6.859,rpm,-9771.000,0.040151,
2026-06-08T15:39:31.716,6.875,torque,-9771.000,0.514075,
2026-06-08T15:39:31.759,6.922,rpm,-10148.000,0.514075,
2026-06-08T15:39:31.769,6.937,rpm,-10276.000,0.514075,
2026-06-08T15:39:31.770,6.937,rpm,-10256.000,0.514075,
2026-06-08T15:39:31.791,6.953,rpm,-10375.000,0.514075,
2026-06-08T15:39:31.800,6.969,torque,-10375.000,4.216910,
2026-06-08T15:39:31.845,7.015,rpm,-10427.000,4.216910,
2026-06-08T15:39:31.858,7.015,rpm,-10242.000,4.216910,
2026-06-08T15:39:31.877,7.047,rpm,-10410.000,4.216910,
2026-06-08T15:39:31.887,7.047,torque,-10410.000,9.175220,
2026-06-08T15:39:31.898,7.062,rpm,-10190.000,9.175220,
2026-06-08T15:39:31.941,7.109,rpm,-10348.000,9.175220,
2026-06-08T15:39:31.941,7.109,rpm,-10275.000,9.175220,
2026-06-08T15:39:31.947,7.109,rpm,-10303.000,9.175220,
2026-06-08T15:39:31.967,7.125,torque,-10303.000,10.939452,
2026-06-08T15:39:31.985,7.156,rpm,-10374.000,10.939452,
2026-06-08T15:39:32.005,7.172,rpm,-10343.000,10.939452,
2026-06-08T15:39:32.041,7.203,rpm,-10294.000,10.939452,
2026-06-08T15:39:32.065,7.234,torque,-10294.000,11.035798,
2026-06-08T15:39:32.065,7.234,rpm,-10369.000,11.035798,
2026-06-08T15:39:32.086,7.250,rpm,-10163.000,11.035798,
2026-06-08T15:39:32.088,7.250,rpm,-10215.000,11.035798,
2026-06-08T15:39:32.120,7.281,rpm,-10310.000,11.035798,
2026-06-08T15:39:32.143,7.312,rpm,-10348.000,11.035798,
2026-06-08T15:39:32.149,7.312,torque,-10348.000,11.044473,
2026-06-08T15:39:32.177,7.344,rpm,-10135.000,11.044473,
2026-06-08T15:39:32.184,7.344,rpm,-10258.000,11.044473,
2026-06-08T15:39:32.202,7.359,rpm,-10237.000,11.044473,
2026-06-08T15:39:32.220,7.390,rpm,-10327.000,11.044473,
2026-06-08T15:39:32.225,7.390,torque,-10327.000,11.035422,
2026-06-08T15:39:32.244,7.406,rpm,-10122.000,11.035422,
2026-06-08T15:39:32.262,7.422,rpm,-10266.000,11.035422,
2026-06-08T15:39:32.278,7.437,rpm,-10249.000,11.035422,
2026-06-08T15:39:32.297,7.469,rpm,-10305.000,11.035422,
2026-06-08T15:39:32.316,7.484,torque,-10305.000,11.020387,
2026-06-08T15:39:32.316,7.484,rpm,-9995.000,11.020387,
2026-06-08T15:39:32.339,7.500,rpm,-10298.000,11.020387,
2026-06-08T15:39:32.355,7.515,rpm,-10292.000,11.020387,
2026-06-08T15:39:32.379,7.547,rpm,-10283.000,11.020387,
2026-06-08T15:39:32.404,7.562,torque,-10283.000,11.004228,
2026-06-08T15:39:32.404,7.562,rpm,-10019.000,11.004228,
2026-06-08T15:39:32.424,7.594,rpm,-10254.000,11.004228,
2026-06-08T15:39:32.444,7.609,rpm,-10008.000,11.004228,
2026-06-08T15:39:32.468,7.625,rpm,-10195.000,11.004228,
2026-06-08T15:39:32.482,7.640,rpm,-10088.000,11.004228,
2026-06-08T15:39:32.489,7.656,torque,-10088.000,10.974933,
2026-06-08T15:39:32.490,7.656,rpm,-10287.000,10.974933,
2026-06-08T15:39:32.519,7.687,rpm,-10197.000,10.974933,
2026-06-08T15:39:32.545,7.703,rpm,-10216.000,10.974933,
2026-06-08T15:39:32.553,7.719,rpm,-10053.000,10.974933,
2026-06-08T15:39:32.572,7.734,torque,-10053.000,10.938100,
2026-06-08T15:39:32.572,7.734,rpm,-10249.000,10.938100,
2026-06-08T15:39:32.612,7.781,rpm,-9958.000,10.938100,
2026-06-08T15:39:32.629,7.797,rpm,-10181.000,10.938100,
2026-06-08T15:39:32.636,7.797,rpm,-10102.000,10.938100,
2026-06-08T15:39:32.654,7.812,rpm,-10173.000,10.938100,
2026-06-08T15:39:32.658,7.828,torque,-10173.000,10.908252,
2026-06-08T15:39:32.678,7.844,rpm,-9980.000,10.908252,
2026-06-08T15:39:32.709,7.875,rpm,-10179.000,10.908252,
2026-06-08T15:39:32.726,7.890,rpm,-10191.000,10.908252,
2026-06-08T15:39:32.729,7.890,rpm,-10249.000,10.908252,
2026-06-08T15:39:32.746,7.906,torque,-10249.000,10.877373,
2026-06-08T15:39:32.757,7.922,rpm,-10051.000,10.877373,
2026-06-08T15:39:32.784,7.953,rpm,-10209.000,10.877373,
2026-06-08T15:39:32.804,7.969,rpm,-10051.000,10.877373,
2026-06-08T15:39:32.829,8.000,rpm,-10154.000,10.877373,
2026-06-08T15:39:32.830,8.000,torque,-10154.000,10.859178,
2026-06-08T15:39:32.843,8.015,rpm,-10053.000,10.859178,
2026-06-08T15:39:32.871,8.031,rpm,-10001.000,10.859178,
2026-06-08T15:39:32.900,8.062,rpm,-10145.000,10.859178,
2026-06-08T15:39:32.918,8.078,torque,-10145.000,10.852672,
2026-06-08T15:39:32.920,8.078,rpm,-10200.000,10.852672,
2026-06-08T15:39:32.944,8.109,rpm,-10146.000,10.852672,
2026-06-08T15:39:32.959,8.125,rpm,-10087.000,10.852672,
2026-06-08T15:39:32.974,8.140,rpm,-10142.000,10.852672,
2026-06-08T15:39:32.992,8.156,rpm,-9995.000,10.852672,
2026-06-08T15:39:33.009,8.172,torque,-9995.000,10.857698,
2026-06-08T15:39:33.037,8.203,rpm,-10121.000,10.857698,
2026-06-08T15:39:33.041,8.203,rpm,-10226.000,10.857698,
2026-06-08T15:39:33.062,8.234,rpm,-10213.000,10.857698,
2026-06-08T15:39:33.080,8.250,rpm,-10200.000,10.857698,
2026-06-08T15:39:33.098,8.265,torque,-10200.000,10.843725,
2026-06-08T15:39:33.098,8.265,rpm,-10150.000,10.843725,
2026-06-08T15:39:33.125,8.297,rpm,-10233.000,10.843725,
2026-06-08T15:39:33.145,8.312,rpm,-10193.000,10.843725,
2026-06-08T15:39:33.161,8.328,rpm,-10180.000,10.843725,
2026-06-08T15:39:33.185,8.344,torque,-10180.000,10.802530,
2026-06-08T15:39:33.185,8.344,rpm,-10194.000,10.802530,
2026-06-08T15:39:33.202,8.359,rpm,-9955.000,10.802530,
2026-06-08T15:39:33.221,8.390,rpm,-10182.000,10.802530,
2026-06-08T15:39:33.242,8.406,rpm,-10041.000,10.802530,
2026-06-08T15:39:33.266,8.437,rpm,-10097.000,10.802530,
2026-06-08T15:39:33.266,8.437,torque,-10097.000,10.789174,
2026-06-08T15:39:33.288,8.453,rpm,-10160.000,10.789174,
2026-06-08T15:39:33.300,8.469,rpm,-10118.000,10.789174,
2026-06-08T15:39:33.321,8.484,rpm,-10197.000,10.789174,
2026-06-08T15:39:33.337,8.500,rpm,-10110.000,10.789174,
2026-06-08T15:39:33.357,8.515,torque,-10110.000,10.782641,
2026-06-08T15:39:33.357,8.515,rpm,-10032.000,10.782641,
2026-06-08T15:39:33.383,8.547,rpm,-10158.000,10.782641,
2026-06-08T15:39:33.401,8.562,rpm,-10190.000,10.782641,
2026-06-08T15:39:33.420,8.578,rpm,-10101.000,10.782641,
2026-06-08T15:39:33.446,8.609,rpm,-10186.000,10.782641,
2026-06-08T15:39:33.446,8.609,torque,-10186.000,10.784224,
2026-06-08T15:39:33.487,8.656,rpm,-9936.000,10.784224,
2026-06-08T15:39:33.488,8.656,rpm,-10226.000,10.784224,
2026-06-08T15:39:33.509,8.672,rpm,-9935.000,10.784224,
2026-06-08T15:39:33.520,8.687,rpm,-10089.000,10.784224,
2026-06-08T15:39:33.527,8.687,torque,-10089.000,10.793586,
2026-06-08T15:39:33.554,8.719,rpm,-9995.000,10.793586,
2026-06-08T15:39:33.554,8.719,rpm,-10185.000,10.793586,
2026-06-08T15:39:33.577,8.734,rpm,-10144.000,10.793586,
2026-06-08T15:39:33.606,8.765,rpm,-10135.000,10.793586,
2026-06-08T15:39:33.608,8.765,torque,-10135.000,10.802788,
2026-06-08T15:39:33.632,8.797,rpm,-10005.000,10.802788,
2026-06-08T15:39:33.648,8.812,rpm,-10106.000,10.802788,
2026-06-08T15:39:33.664,8.828,rpm,-10043.000,10.802788,
2026-06-08T15:39:33.682,8.844,rpm,-10178.000,10.802788,
2026-06-08T15:39:33.701,8.859,rpm,-10184.000,10.802788,
2026-06-08T15:39:33.701,8.859,torque,-10184.000,10.791623,
2026-06-08T15:39:33.746,8.906,rpm,-9905.000,10.791623,
2026-06-08T15:39:33.767,8.937,rpm,-10149.000,10.791623,
2026-06-08T15:39:33.786,8.953,torque,-10149.000,10.795342,
2026-06-08T15:39:33.787,8.953,rpm,-9904.000,10.795342,
2026-06-08T15:39:33.805,8.969,rpm,-10176.000,10.795342,
2026-06-08T15:39:33.830,9.000,rpm,-10067.000,10.795342,
2026-06-08T15:39:33.832,9.000,rpm,-10064.000,10.795342,
2026-06-08T15:39:33.861,9.031,rpm,-10048.000,10.795342,
2026-06-08T15:39:33.866,9.031,torque,-10048.000,10.776358,
2026-06-08T15:39:33.872,9.031,rpm,-10153.000,10.776358,
2026-06-08T15:39:33.934,9.094,rpm,-10112.000,10.776358,
2026-06-08T15:39:33.958,9.125,torque,-10112.000,10.784874,
2026-06-08T15:39:33.962,9.125,rpm,-10076.000,10.784874,
2026-06-08T15:39:33.985,9.156,rpm,-9857.000,10.784874,
2026-06-08T15:39:34.002,9.172,rpm,-10085.000,10.784874,
2026-06-08T15:39:34.035,9.203,rpm,-10081.000,10.784874,
2026-06-08T15:39:34.055,9.219,torque,-10081.000,10.777042,
2026-06-08T15:39:34.055,9.219,rpm,-10141.000,10.777042,
2026-06-08T15:39:34.057,9.219,rpm,-9993.000,10.777042,
2026-06-08T15:39:34.089,9.250,rpm,-10046.000,10.777042,
2026-06-08T15:39:34.101,9.265,rpm,-9833.000,10.777042,
2026-06-08T15:39:34.120,9.281,rpm,-10084.000,10.777042,
2026-06-08T15:39:34.129,9.297,torque,-10084.000,10.744221,
2026-06-08T15:39:34.149,9.312,rpm,-9937.000,10.744221,
2026-06-08T15:39:34.165,9.328,rpm,-10097.000,10.744221,
2026-06-08T15:39:34.195,9.359,rpm,-10151.000,10.744221,
2026-06-08T15:39:34.215,9.375,torque,-10151.000,10.831403,
2026-06-08T15:39:34.218,9.375,rpm,-9988.000,10.831403,
2026-06-08T15:39:34.256,9.422,rpm,-10101.000,10.831403,
2026-06-08T15:39:34.258,9.422,rpm,-9935.000,10.831403,
2026-06-08T15:39:34.281,9.453,rpm,-10045.000,10.831403,
2026-06-08T15:39:34.291,9.453,rpm,-10143.000,10.831403,
2026-06-08T15:39:34.309,9.469,torque,-10143.000,11.325938,
2026-06-08T15:39:34.330,9.500,rpm,-10097.000,11.325938,
2026-06-08T15:39:34.334,9.500,rpm,-10068.000,11.325938,
2026-06-08T15:39:34.358,9.515,rpm,-10135.000,11.325938,
2026-06-08T15:39:34.390,9.562,torque,-10135.000,11.052293,
2026-06-08T15:39:34.391,9.562,rpm,-10153.000,11.052293,
2026-06-08T15:39:34.393,9.562,rpm,-10085.000,11.052293,
2026-06-08T15:39:34.426,9.594,rpm,-9918.000,11.052293,
2026-06-08T15:39:34.449,9.609,rpm,-9988.000,11.052293,
2026-06-08T15:39:34.471,9.640,rpm,-9928.000,11.052293,
2026-06-08T15:39:34.482,9.640,torque,-9928.000,10.757471,
2026-06-08T15:39:34.492,9.656,rpm,-10047.000,10.757471,
2026-06-08T15:39:34.524,9.687,rpm,-10165.000,10.757471,
2026-06-08T15:39:34.525,9.687,rpm,-10043.000,10.757471,
2026-06-08T15:39:34.548,9.719,rpm,-9901.000,10.757471,
2026-06-08T15:39:34.567,9.734,torque,-9901.000,10.758699,
2026-06-08T15:39:34.612,9.781,rpm,-10106.000,10.758699,
2026-06-08T15:39:34.630,9.797,rpm,-9963.000,10.758699,
2026-06-08T15:39:34.648,9.812,torque,-9963.000,10.748225,
2026-06-08T15:39:34.652,9.812,rpm,-10126.000,10.748225,
2026-06-08T15:39:34.682,9.844,rpm,-10126.000,10.748225,
2026-06-08T15:39:34.691,9.859,rpm,-10050.000,10.748225,
2026-06-08T15:39:34.715,9.875,rpm,-10108.000,10.748225,
2026-06-08T15:39:34.735,9.906,rpm,-10037.000,10.748225,
2026-06-08T15:39:34.735,9.906,torque,-10037.000,10.734296,
2026-06-08T15:39:34.757,9.922,rpm,-10071.000,10.734296,
2026-06-08T15:39:34.785,9.953,rpm,-9832.000,10.734296,
2026-06-08T15:39:34.801,9.969,rpm,-10118.000,10.734296,
2026-06-08T15:39:34.810,9.969,rpm,-10078.000,10.734296,
2026-06-08T15:39:34.828,10.000,torque,-10078.000,10.747088,
2026-06-08T15:39:34.839,10.000,rpm,-10065.000,10.747088,
2026-06-08T15:39:34.848,10.015,rpm,-10104.000,10.747088,
2026-06-08T15:39:34.881,10.047,rpm,-10112.000,10.747088,
2026-06-08T15:39:34.887,10.047,rpm,-10108.000,10.747088,
2026-06-08T15:39:34.922,10.094,torque,-10108.000,10.749483,
2026-06-08T15:39:34.922,10.094,rpm,-10055.000,10.749483,
2026-06-08T15:39:34.941,10.109,rpm,-10094.000,10.749483,
2026-06-08T15:39:34.959,10.125,rpm,-10114.000,10.749483,
2026-06-08T15:39:34.979,10.140,rpm,-10049.000,10.749483,
2026-06-08T15:39:34.990,10.156,rpm,-9849.000,10.749483,
2026-06-08T15:39:35.000,10.172,torque,-9849.000,10.779524,
2026-06-08T15:39:35.019,10.187,rpm,-10074.000,10.779524,
2026-06-08T15:39:35.047,10.219,rpm,-10143.000,10.779524,
2026-06-08T15:39:35.058,10.219,rpm,-9956.000,10.779524,
2026-06-08T15:39:35.083,10.250,rpm,-10125.000,10.779524,
2026-06-08T15:39:35.084,10.250,torque,-10125.000,10.784596,
2026-06-08T15:39:35.105,10.265,rpm,-9825.000,10.784596,
2026-06-08T15:39:35.117,10.281,rpm,-10057.000,10.784596,
2026-06-08T15:39:35.147,10.312,rpm,-9878.000,10.784596,
2026-06-08T15:39:35.162,10.328,rpm,-10156.000,10.784596,
2026-06-08T15:39:35.171,10.344,torque,-10156.000,10.764434,
2026-06-08T15:39:35.171,10.344,rpm,-10031.000,10.764434,
2026-06-08T15:39:35.203,10.375,rpm,-10084.000,10.764434,
2026-06-08T15:39:35.219,10.390,rpm,-10038.000,10.764434,
2026-06-08T15:39:35.248,10.406,rpm,-10024.000,10.764434,
2026-06-08T15:39:35.269,10.437,torque,-10024.000,10.747387,
2026-06-08T15:39:35.279,10.437,rpm,-10069.000,10.747387,
2026-06-08T15:39:35.287,10.453,rpm,-10114.000,10.747387,
2026-06-08T15:39:35.308,10.469,rpm,-10056.000,10.747387,
2026-06-08T15:39:35.329,10.500,rpm,-10066.000,10.747387,
2026-06-08T15:39:35.349,10.515,torque,-10066.000,10.744726,
2026-06-08T15:39:35.376,10.547,rpm,-10020.000,10.744726,
2026-06-08T15:39:35.376,10.547,rpm,-10020.000,10.744726,
2026-06-08T15:39:35.386,10.547,rpm,-9936.000,10.744726,
2026-06-08T15:39:35.420,10.578,rpm,-10113.000,10.744726,
2026-06-08T15:39:35.432,10.594,rpm,-9915.000,10.744726,
2026-06-08T15:39:35.432,10.594,torque,-9915.000,10.726297,
2026-06-08T15:39:35.456,10.625,rpm,-10136.000,10.726297,
2026-06-08T15:39:35.484,10.656,rpm,-10043.000,10.726297,
2026-06-08T15:39:35.503,10.672,rpm,-9980.000,10.726297,
2026-06-08T15:39:35.515,10.687,rpm,-10102.000,10.726297,
2026-06-08T15:39:35.515,10.687,torque,-10102.000,10.715222,
2026-06-08T15:39:35.543,10.703,rpm,-9799.000,10.715222,
2026-06-08T15:39:35.571,10.734,rpm,-10156.000,10.715222,
2026-06-08T15:39:35.582,10.750,rpm,-10019.000,10.715222,
2026-06-08T15:39:35.593,10.765,rpm,-10071.000,10.715222,
2026-06-08T15:39:35.614,10.781,torque,-10071.000,10.718599,
2026-06-08T15:39:35.617,10.781,rpm,-9982.000,10.718599,
2026-06-08T15:39:35.641,10.812,rpm,-10107.000,10.718599,
2026-06-08T15:39:35.668,10.828,rpm,-10027.000,10.718599,
2026-06-08T15:39:35.679,10.844,rpm,-10080.000,10.718599,
2026-06-08T15:39:35.700,10.859,torque,-10080.000,10.724814,
2026-06-08T15:39:35.700,10.859,rpm,-10115.000,10.724814,
2026-06-08T15:39:35.727,10.890,rpm,-10156.000,10.724814,
2026-06-08T15:39:35.751,10.922,rpm,-10030.000,10.724814,
2026-06-08T15:39:35.769,10.937,rpm,-10058.000,10.724814,
2026-06-08T15:39:35.792,10.953,rpm,-10115.000,10.724814,
2026-06-08T15:39:35.792,10.953,torque,-10115.000,10.724158,
2026-06-08T15:39:35.809,10.969,rpm,-10082.000,10.724158,
2026-06-08T15:39:35.829,11.000,rpm,-9885.000,10.724158,
2026-06-08T15:39:35.849,11.015,rpm,-10105.000,10.724158,
2026-06-08T15:39:35.859,11.031,rpm,-10106.000,10.724158,
2026-06-08T15:39:35.869,11.031,torque,-10106.000,10.722749,
2026-06-08T15:39:35.870,11.031,rpm,-10108.000,10.722749,
2026-06-08T15:39:35.906,11.078,rpm,-9962.000,10.722749,
2026-06-08T15:39:35.923,11.094,rpm,-10018.000,10.722749,
2026-06-08T15:39:35.951,11.109,rpm,-9915.000,10.722749,
2026-06-08T15:39:35.953,11.125,torque,-9915.000,10.741575,
2026-06-08T15:39:35.954,11.125,rpm,-10185.000,10.741575,
2026-06-08T15:39:35.987,11.156,rpm,-9856.000,10.741575,
2026-06-08T15:39:35.998,11.156,rpm,-10102.000,10.741575,
2026-06-08T15:39:36.021,11.187,rpm,-10118.000,10.741575,
2026-06-08T15:39:36.044,11.203,rpm,-10068.000,10.741575,
2026-06-08T15:39:36.045,11.203,torque,-10068.000,10.748854,
2026-06-08T15:39:36.056,11.219,rpm,-10090.000,10.748854,
2026-06-08T15:39:36.092,11.250,rpm,-10015.000,10.748854,
2026-06-08T15:39:36.102,11.265,rpm,-9834.000,10.748854,
2026-06-08T15:39:36.125,11.297,rpm,-10067.000,10.748854,
2026-06-08T15:39:36.126,11.297,torque,-10067.000,10.754875,
2026-06-08T15:39:36.146,11.312,rpm,-9880.000,10.754875,
2026-06-08T15:39:36.170,11.328,rpm,-10012.000,10.754875,
2026-06-08T15:39:36.211,11.375,rpm,-10134.000,10.754875,
2026-06-08T15:39:36.211,11.375,torque,-10134.000,10.753783,
2026-06-08T15:39:36.215,11.375,rpm,-9977.000,10.753783,
2026-06-08T15:39:36.245,11.406,rpm,-10106.000,10.753783,
2026-06-08T15:39:36.282,11.453,rpm,-10119.000,10.753783,
2026-06-08T15:39:36.302,11.469,torque,-10119.000,10.732504,
2026-06-08T15:39:36.302,11.469,rpm,-10056.000,10.732504,
2026-06-08T15:39:36.325,11.484,rpm,-10043.000,10.732504,
2026-06-08T15:39:36.336,11.500,rpm,-10045.000,10.732504,
2026-06-08T15:39:36.363,11.531,rpm,-10116.000,10.732504,
2026-06-08T15:39:36.385,11.547,rpm,-9807.000,10.732504,
2026-06-08T15:39:36.385,11.547,torque,-9807.000,10.738691,
2026-06-08T15:39:36.385,11.547,rpm,-9967.000,10.738691,
2026-06-08T15:39:36.420,11.578,rpm,-10057.000,10.738691,
2026-06-08T15:39:36.428,11.594,rpm,-10074.000,10.738691,
2026-06-08T15:39:36.458,11.625,rpm,-10108.000,10.738691,
2026-06-08T15:39:36.469,11.640,torque,-10108.000,10.731593,
2026-06-08T15:39:36.488,11.656,rpm,-10023.000,10.731593,
2026-06-08T15:39:36.502,11.672,rpm,-10038.000,10.731593,
2026-06-08T15:39:36.511,11.672,rpm,-10075.000,10.731593,
2026-06-08T15:39:36.544,11.703,rpm,-10037.000,10.731593,
2026-06-08T15:39:36.553,11.719,rpm,-9928.000,10.731593,
2026-06-08T15:39:36.554,11.719,torque,-9928.000,10.707870,
2026-06-08T15:39:36.578,11.750,rpm,-9862.000,10.707870,
2026-06-08T15:39:36.603,11.765,rpm,-10099.000,10.707870,
2026-06-08T15:39:36.616,11.781,rpm,-10048.000,10.707870,
2026-06-08T15:39:36.646,11.812,rpm,-10060.000,10.707870,
2026-06-08T15:39:36.646,11.812,torque,-10060.000,10.703858,
2026-06-08T15:39:36.691,11.859,rpm,-10019.000,10.703858,
2026-06-08T15:39:36.712,11.875,rpm,-9987.000,10.703858,
2026-06-08T15:39:36.725,11.890,torque,-9987.000,10.724883,
2026-06-08T15:39:36.743,11.906,rpm,-9911.000,10.724883,
2026-06-08T15:39:36.754,11.922,rpm,-9902.000,10.724883,
2026-06-08T15:39:36.782,11.953,rpm,-9976.000,10.724883,
2026-06-08T15:39:36.792,11.953,rpm,-10131.000,10.724883,
2026-06-08T15:39:36.815,11.984,torque,-10131.000,10.753187,
2026-06-08T15:39:36.815,11.984,rpm,-10039.000,10.753187,
2026-06-08T15:39:36.839,12.000,rpm,-10030.000,10.753187,
2026-06-08T15:39:36.866,12.031,rpm,-10057.000,10.753187,
2026-06-08T15:39:36.876,12.047,rpm,-9994.000,10.753187,
2026-06-08T15:39:36.907,12.078,rpm,-9882.000,10.753187,
2026-06-08T15:39:36.908,12.078,torque,-9882.000,10.802073,
2026-06-08T15:39:36.918,12.078,rpm,-10078.000,10.802073,
2026-06-08T15:39:36.947,12.109,rpm,-10079.000,10.802073,
2026-06-08T15:39:36.957,12.125,rpm,-10041.000,10.802073,
2026-06-08T15:39:36.980,12.140,rpm,-10078.000,10.802073,
2026-06-08T15:39:37.006,12.172,torque,-10078.000,11.128777,
2026-06-08T15:39:37.017,12.187,rpm,-10099.000,11.128777,
2026-06-08T15:39:37.017,12.187,rpm,-10014.000,11.128777,
2026-06-08T15:39:37.035,12.203,rpm,-10087.000,11.128777,
2026-06-08T15:39:37.059,12.219,rpm,-9835.000,11.128777,
2026-06-08T15:39:37.081,12.250,torque,-9835.000,11.018921,
2026-06-08T15:39:37.081,12.250,rpm,-10058.000,11.018921,
2026-06-08T15:39:37.104,12.265,rpm,-9892.000,11.018921,
2026-06-08T15:39:37.123,12.281,rpm,-10120.000,11.018921,
2026-06-08T15:39:37.148,12.312,rpm,-9948.000,11.018921,
2026-06-08T15:39:37.158,12.328,rpm,-10056.000,11.018921,
2026-06-08T15:39:37.170,12.328,torque,-10056.000,10.759228,
2026-06-08T15:39:37.180,12.344,rpm,-10061.000,10.759228,
2026-06-08T15:39:37.221,12.390,rpm,-10080.000,10.759228,
2026-06-08T15:39:37.221,12.390,rpm,-10029.000,10.759228,
2026-06-08T15:39:37.245,12.406,rpm,-10047.000,10.759228,
2026-06-08T15:39:37.246,12.406,torque,-10047.000,10.688263,
2026-06-08T15:39:37.260,12.422,rpm,-10000.000,10.688263,
2026-06-08T15:39:37.291,12.453,rpm,-10101.000,10.688263,
2026-06-08T15:39:37.293,12.453,rpm,-10051.000,10.688263,
2026-06-08T15:39:37.321,12.484,rpm,-10019.000,10.688263,
2026-06-08T15:39:37.332,12.500,torque,-10019.000,10.655538,
2026-06-08T15:39:37.334,12.500,rpm,-10051.000,10.655538,
2026-06-08T15:39:37.355,12.515,rpm,-10078.000,10.655538,
2026-06-08T15:39:37.407,12.578,rpm,-10075.000,10.655538,
2026-06-08T15:39:37.430,12.594,torque,-10075.000,10.654623,
2026-06-08T15:39:37.432,12.594,rpm,-9963.000,10.654623,
2026-06-08T15:39:37.470,12.640,rpm,-9858.000,10.654623,
2026-06-08T15:39:37.473,12.640,rpm,-10043.000,10.654623,
2026-06-08T15:39:37.498,12.656,rpm,-10003.000,10.654623,
2026-06-08T15:39:37.516,12.687,torque,-10003.000,10.670111,
2026-06-08T15:39:37.519,12.687,rpm,-10067.000,10.670111,
2026-06-08T15:39:37.542,12.703,rpm,-9952.000,10.670111,
2026-06-08T15:39:37.562,12.734,rpm,-10022.000,10.670111,
2026-06-08T15:39:37.582,12.750,rpm,-9934.000,10.670111,
2026-06-08T15:39:37.589,12.750,torque,-9934.000,10.652508,
2026-06-08T15:39:37.611,12.781,rpm,-10032.000,10.652508,
2026-06-08T15:39:37.639,12.797,rpm,-9859.000,10.652508,
2026-06-08T15:39:37.648,12.812,rpm,-10013.000,10.652508,
2026-06-08T15:39:37.674,12.844,rpm,-10022.000,10.652508,
2026-06-08T15:39:37.677,12.844,throttle,-10022.000,10.652508,100.000
2026-06-08T15:39:37.688,12.859,rpm,-10070.000,10.652508,100.000
2026-06-08T15:39:37.696,12.859,torque,-10070.000,10.656362,100.000
2026-06-08T15:39:37.696,12.859,rpm,-10037.000,10.656362,100.000
2026-06-08T15:39:37.752,12.922,rpm,-9824.000,10.656362,100.000
2026-06-08T15:39:37.752,12.922,rpm,-10117.000,10.656362,100.000
2026-06-08T15:39:37.776,12.937,torque,-10117.000,10.682571,100.000
2026-06-08T15:39:37.776,12.937,rpm,-10083.000,10.682571,100.000
2026-06-08T15:39:37.796,12.953,rpm,-10040.000,10.682571,100.000
2026-06-08T15:39:37.836,13.000,rpm,-9798.000,10.682571,100.000
2026-06-08T15:39:37.845,13.015,rpm,-10040.000,10.682571,100.000
2026-06-08T15:39:37.870,13.031,torque,-10040.000,11.219322,100.000
2026-06-08T15:39:37.870,13.031,rpm,-9923.000,11.219322,100.000
2026-06-08T15:39:37.890,13.062,rpm,-10046.000,11.219322,100.000
2026-06-08T15:39:37.909,13.078,rpm,-10056.000,11.219322,100.000
2026-06-08T15:39:37.919,13.078,rpm,-10102.000,11.219322,100.000
2026-06-08T15:39:37.942,13.109,rpm,-10021.000,11.219322,100.000
2026-06-08T15:39:37.943,13.109,torque,-10021.000,11.692409,100.000
2026-06-08T15:39:37.969,13.140,rpm,-10062.000,11.692409,100.000
2026-06-08T15:39:37.971,13.140,rpm,-10081.000,11.692409,100.000
2026-06-08T15:39:38.016,13.187,rpm,-9972.000,11.692409,100.000
2026-06-08T15:39:38.028,13.187,rpm,-9900.000,11.692409,100.000
2026-06-08T15:39:38.028,13.187,torque,-9900.000,11.580089,100.000
2026-06-08T15:39:38.028,13.187,rpm,-10056.000,11.580089,100.000
2026-06-08T15:39:38.081,13.250,rpm,-9876.000,11.580089,100.000
2026-06-08T15:39:38.091,13.250,rpm,-10046.000,11.580089,100.000
2026-06-08T15:39:38.116,13.281,rpm,-9951.000,11.580089,100.000
2026-06-08T15:39:38.116,13.281,torque,-9951.000,11.525220,100.000
2026-06-08T15:39:38.129,13.297,rpm,-10047.000,11.525220,100.000
2026-06-08T15:39:38.163,13.328,rpm,-9821.000,11.525220,100.000
2026-06-08T15:39:38.171,13.344,rpm,-10139.000,11.525220,100.000
2026-06-08T15:39:38.197,13.359,rpm,-10085.000,11.525220,100.000
2026-06-08T15:39:38.197,13.359,torque,-10085.000,11.520008,100.000
2026-06-08T15:39:38.213,13.375,rpm,-10003.000,11.520008,100.000
2026-06-08T15:39:38.262,13.422,rpm,-10037.000,11.520008,100.000
2026-06-08T15:39:38.263,13.422,rpm,-9823.000,11.520008,100.000
2026-06-08T15:39:38.289,13.453,rpm,-10021.000,11.520008,100.000
2026-06-08T15:39:38.289,13.453,torque,-10021.000,11.371814,100.000
2026-06-08T15:39:38.314,13.484,rpm,-9843.000,11.371814,100.000
2026-06-08T15:39:38.337,13.500,rpm,-10149.000,11.371814,100.000
2026-06-08T15:39:38.357,13.515,rpm,-9938.000,11.371814,100.000
2026-06-08T15:39:38.368,13.531,rpm,-10060.000,11.371814,100.000
2026-06-08T15:39:38.393,13.562,torque,-10060.000,10.615993,100.000
2026-06-08T15:39:38.394,13.562,rpm,-10105.000,10.615993,100.000
2026-06-08T15:39:38.428,13.594,rpm,-10046.000,10.615993,100.000
2026-06-08T15:39:38.448,13.609,rpm,-10072.000,10.615993,100.000
2026-06-08T15:39:38.474,13.640,torque,-10072.000,10.255305,100.000
2026-06-08T15:39:38.474,13.640,rpm,-9843.000,10.255305,100.000
2026-06-08T15:39:38.475,13.640,rpm,-10102.000,10.255305,100.000
2026-06-08T15:39:38.497,13.656,rpm,-10117.000,10.255305,100.000
2026-06-08T15:39:38.522,13.687,rpm,-10009.000,10.255305,100.000
2026-06-08T15:39:38.546,13.703,rpm,-10054.000,10.255305,100.000
2026-06-08T15:39:38.547,13.719,torque,-10054.000,10.302889,100.000
2026-06-08T15:39:38.570,13.734,rpm,-9979.000,10.302889,100.000
2026-06-08T15:39:38.600,13.765,rpm,-9830.000,10.302889,100.000
2026-06-08T15:39:38.613,13.781,rpm,-10142.000,10.302889,100.000
2026-06-08T15:39:38.626,13.797,throttle,-10142.000,10.302889,0.000
2026-06-08T15:39:38.638,13.797,torque,-10142.000,10.241957,0.000
2026-06-08T15:39:38.660,13.828,rpm,-9790.000,10.241957,0.000
2026-06-08T15:39:38.684,13.844,rpm,-10053.000,10.241957,0.000
2026-06-08T15:39:38.707,13.875,rpm,-9864.000,10.241957,0.000
2026-06-08T15:39:38.733,13.890,torque,-9864.000,10.278594,0.000
2026-06-08T15:39:38.733,13.890,rpm,-9997.000,10.278594,0.000
2026-06-08T15:39:38.735,13.906,rpm,-10088.000,10.278594,0.000
2026-06-08T15:39:38.784,13.953,rpm,-10020.000,10.278594,0.000
2026-06-08T15:39:38.784,13.953,rpm,-10085.000,10.278594,0.000
2026-06-08T15:39:38.809,13.969,rpm,-9989.000,10.278594,0.000
2026-06-08T15:39:38.809,13.969,torque,-9989.000,11.076751,0.000
2026-06-08T15:39:38.874,14.031,rpm,-10071.000,11.076751,0.000
2026-06-08T15:39:38.908,14.078,torque,-10071.000,11.591709,0.000
2026-06-08T15:39:38.910,14.078,rpm,-10050.000,11.591709,0.000
2026-06-08T15:39:38.910,14.078,rpm,-10045.000,11.591709,0.000
2026-06-08T15:39:38.934,14.094,rpm,-10047.000,11.591709,0.000
2026-06-08T15:39:38.966,14.125,rpm,-10082.000,11.591709,0.000
2026-06-08T15:39:38.977,14.140,torque,-10082.000,11.446610,0.000
2026-06-08T15:39:38.982,14.140,rpm,-9864.000,11.446610,0.000
2026-06-08T15:39:39.014,14.172,rpm,-10022.000,11.446610,0.000
2026-06-08T15:39:39.034,14.203,rpm,-10037.000,11.446610,0.000
2026-06-08T15:39:39.057,14.219,rpm,-10012.000,11.446610,0.000
2026-06-08T15:39:39.070,14.234,torque,-10012.000,11.469461,0.000
2026-06-08T15:39:39.070,14.234,rpm,-10045.000,11.469461,0.000
2026-06-08T15:39:39.096,14.265,rpm,-10129.000,11.469461,0.000
2026-06-08T15:39:39.098,14.265,rpm,-9999.000,11.469461,0.000
2026-06-08T15:39:39.140,14.312,rpm,-10073.000,11.469461,0.000
2026-06-08T15:39:39.152,14.312,rpm,-9815.000,11.469461,0.000
2026-06-08T15:39:39.153,14.312,torque,-9815.000,11.533890,0.000
2026-06-08T15:39:39.153,14.312,rpm,-10088.000,11.533890,0.000
2026-06-08T15:39:39.189,14.359,rpm,-9844.000,11.533890,0.000
2026-06-08T15:39:39.232,14.390,rpm,-9785.000,11.533890,0.000
2026-06-08T15:39:39.233,14.390,rpm,-10096.000,11.533890,0.000
2026-06-08T15:39:39.257,14.422,torque,-10096.000,11.352258,0.000
2026-06-08T15:39:39.279,14.437,rpm,-10003.000,11.352258,0.000
2026-06-08T15:39:39.289,14.453,rpm,-10046.000,11.352258,0.000
2026-06-08T15:39:39.313,14.484,rpm,-9801.000,11.352258,0.000
2026-06-08T15:39:39.314,14.484,rpm,-10059.000,11.352258,0.000
2026-06-08T15:39:39.343,14.500,torque,-10059.000,10.753497,0.000
2026-06-08T15:39:39.343,14.500,rpm,-10047.000,10.753497,0.000
2026-06-08T15:39:39.377,14.547,rpm,-10064.000,10.753497,0.000
2026-06-08T15:39:39.411,14.578,torque,-10064.000,10.485999,0.000
2026-06-08T15:39:39.420,14.578,rpm,-9789.000,10.485999,0.000
2026-06-08T15:39:39.454,14.625,rpm,-10019.000,10.485999,0.000
2026-06-08T15:39:39.465,14.625,rpm,-10048.000,10.485999,0.000
2026-06-08T15:39:39.489,14.656,rpm,-10043.000,10.485999,0.000
2026-06-08T15:39:39.512,14.672,torque,-10043.000,10.480745,0.000
2026-06-08T15:39:39.512,14.672,rpm,-9830.000,10.480745,0.000
2026-06-08T15:39:39.527,14.687,rpm,-10107.000,10.480745,0.000
2026-06-08T15:39:39.562,14.719,rpm,-9804.000,10.480745,0.000
2026-06-08T15:39:39.583,14.750,rpm,-10028.000,10.480745,0.000
2026-06-08T15:39:39.595,14.765,torque,-10028.000,10.566576,0.000
2026-06-08T15:39:39.595,14.765,rpm,-9879.000,10.566576,0.000
2026-06-08T15:39:39.654,14.812,throttle,-9879.000,10.566576,100.000
2026-06-08T15:39:39.664,14.828,rpm,-9957.000,10.566576,100.000
2026-06-08T15:39:39.665,14.828,rpm,-9871.000,10.566576,100.000
2026-06-08T15:39:39.692,14.859,torque,-9871.000,11.085933,100.000
2026-06-08T15:39:39.692,14.859,rpm,-10040.000,11.085933,100.000
2026-06-08T15:39:39.728,14.890,rpm,-9919.000,11.085933,100.000
2026-06-08T15:39:39.736,14.906,rpm,-10128.000,11.085933,100.000
2026-06-08T15:39:39.764,14.922,rpm,-10079.000,11.085933,100.000
2026-06-08T15:39:39.764,14.922,rpm,-10079.000,11.085933,100.000
2026-06-08T15:39:39.776,14.937,torque,-10079.000,10.882060,100.000
2026-06-08T15:39:39.777,14.937,rpm,-10006.000,10.882060,100.000
2026-06-08T15:39:39.815,14.984,rpm,-10045.000,10.882060,100.000
2026-06-08T15:39:39.847,15.015,rpm,-9947.000,10.882060,100.000
2026-06-08T15:39:39.860,15.031,rpm,-9994.000,10.882060,100.000
2026-06-08T15:39:39.860,15.031,torque,-9994.000,11.203876,100.000
2026-06-08T15:39:39.861,15.031,rpm,-9965.000,11.203876,100.000
2026-06-08T15:39:39.901,15.062,rpm,-10108.000,11.203876,100.000
2026-06-08T15:39:39.921,15.078,rpm,-10053.000,11.203876,100.000
2026-06-08T15:39:39.922,15.094,rpm,-10092.000,11.203876,100.000
2026-06-08T15:39:39.947,15.109,torque,-10092.000,11.603575,100.000
2026-06-08T15:39:39.948,15.109,rpm,-9918.000,11.603575,100.000
2026-06-08T15:39:39.983,15.140,rpm,-10084.000,11.603575,100.000
2026-06-08T15:39:40.006,15.172,rpm,-9883.000,11.603575,100.000
2026-06-08T15:39:40.031,15.203,rpm,-10032.000,11.603575,100.000
2026-06-08T15:39:40.031,15.203,torque,-10032.000,11.509351,100.000
2026-06-08T15:39:40.070,15.234,rpm,-9981.000,11.509351,100.000
2026-06-08T15:39:40.071,15.234,rpm,-9841.000,11.509351,100.000
2026-06-08T15:39:40.105,15.265,rpm,-10053.000,11.509351,100.000
2026-06-08T15:39:40.105,15.265,torque,-10053.000,11.508620,100.000
2026-06-08T15:39:40.118,15.281,rpm,-10116.000,11.508620,100.000
2026-06-08T15:39:40.149,15.312,rpm,-10041.000,11.508620,100.000
2026-06-08T15:39:40.162,15.328,rpm,-9861.000,11.508620,100.000
2026-06-08T15:39:40.162,15.328,rpm,-10077.000,11.508620,100.000
2026-06-08T15:39:40.190,15.359,torque,-10077.000,11.533773,100.000
2026-06-08T15:39:40.190,15.359,rpm,-9912.000,11.533773,100.000
2026-06-08T15:39:40.218,15.390,rpm,-10016.000,11.533773,100.000
2026-06-08T15:39:40.260,15.422,rpm,-10010.000,11.533773,100.000
2026-06-08T15:39:40.287,15.453,torque,-10010.000,11.356890,100.000
2026-06-08T15:39:40.287,15.453,rpm,-10087.000,11.356890,100.000
2026-06-08T15:39:40.288,15.453,rpm,-10045.000,11.356890,100.000
2026-06-08T15:39:40.313,15.484,rpm,-9829.000,11.356890,100.000
2026-06-08T15:39:40.346,15.515,rpm,-10104.000,11.356890,100.000
2026-06-08T15:39:40.371,15.531,rpm,-10018.000,11.356890,100.000
2026-06-08T15:39:40.371,15.531,rpm,-10018.000,11.356890,100.000
2026-06-08T15:39:40.372,15.531,torque,-10018.000,10.621590,100.000
2026-06-08T15:39:40.404,15.562,rpm,-10099.000,10.621590,100.000
2026-06-08T15:39:40.405,15.562,rpm,-9964.000,10.621590,100.000
2026-06-08T15:39:40.448,15.609,rpm,-10076.000,10.621590,100.000
2026-06-08T15:39:40.449,15.609,torque,-10076.000,10.273011,100.000
2026-06-08T15:39:40.471,15.640,rpm,-9848.000,10.273011,100.000
2026-06-08T15:39:40.487,15.656,rpm,-10055.000,10.273011,100.000
2026-06-08T15:39:40.501,15.672,rpm,-10010.000,10.273011,100.000
2026-06-08T15:39:40.513,15.672,rpm,-9775.000,10.273011,100.000
2026-06-08T15:39:40.539,15.703,torque,-9775.000,10.230277,100.000
2026-06-08T15:39:40.554,15.719,rpm,-9956.000,10.230277,100.000
2026-06-08T15:39:40.569,15.734,rpm,-10062.000,10.230277,100.000
2026-06-08T15:39:40.593,15.750,rpm,-10005.000,10.230277,100.000
2026-06-08T15:39:40.612,15.781,rpm,-10056.000,10.230277,100.000
2026-06-08T15:39:40.639,15.797,torque,-10056.000,10.237929,100.000
2026-06-08T15:39:40.640,15.797,rpm,-9906.000,10.237929,100.000
2026-06-08T15:39:40.640,15.797,rpm,-9906.000,10.237929,100.000
2026-06-08T15:39:40.677,15.844,rpm,-10135.000,10.237929,100.000
2026-06-08T15:39:40.699,15.859,rpm,-10075.000,10.237929,100.000
2026-06-08T15:39:40.700,15.859,throttle,-10075.000,10.237929,0.000
2026-06-08T15:39:40.715,15.875,rpm,-9962.000,10.237929,0.000
2026-06-08T15:39:40.729,15.890,torque,-9962.000,10.285386,0.000
2026-06-08T15:39:40.730,15.890,rpm,-9994.000,10.285386,0.000
2026-06-08T15:39:40.768,15.937,rpm,-9810.000,10.285386,0.000
2026-06-08T15:39:40.777,15.937,rpm,-10123.000,10.285386,0.000
2026-06-08T15:39:40.792,15.953,rpm,-10029.000,10.285386,0.000
2026-06-08T15:39:40.808,15.969,torque,-10029.000,10.334277,0.000
2026-06-08T15:39:40.822,15.984,rpm,-10032.000,10.334277,0.000
2026-06-08T15:39:40.823,15.984,rpm,-9942.000,10.334277,0.000
2026-06-08T15:39:40.856,16.015,rpm,-10056.000,10.334277,0.000
2026-06-08T15:39:40.869,16.031,rpm,-9995.000,10.334277,0.000
2026-06-08T15:39:40.900,16.062,torque,-9995.000,11.024369,0.000
2026-06-08T15:39:40.900,16.062,rpm,-9987.000,11.024369,0.000
2026-06-08T15:39:40.917,16.078,rpm,-9878.000,11.024369,0.000
2026-06-08T15:39:40.934,16.094,rpm,-10102.000,11.024369,0.000
2026-06-08T15:39:40.957,16.125,rpm,-9908.000,11.024369,0.000
2026-06-08T15:39:40.980,16.140,rpm,-10044.000,11.024369,0.000
2026-06-08T15:39:40.993,16.156,torque,-10044.000,11.633949,0.000
2026-06-08T15:39:40.993,16.156,rpm,-10081.000,11.633949,0.000
2026-06-08T15:39:41.007,16.172,rpm,-10112.000,11.633949,0.000
2026-06-08T15:39:41.035,16.203,rpm,-9829.000,11.633949,0.000
2026-06-08T15:39:41.037,16.203,rpm,-10140.000,11.633949,0.000
2026-06-08T15:39:41.084,16.250,torque,-10140.000,11.532312,0.000
2026-06-08T15:39:41.084,16.250,rpm,-9895.000,11.532312,0.000
2026-06-08T15:39:41.097,16.265,rpm,-10034.000,11.532312,0.000
2026-06-08T15:39:41.098,16.265,rpm,-10071.000,11.532312,0.000
2026-06-08T15:39:41.129,16.297,rpm,-9977.000,11.532312,0.000
2026-06-08T15:39:41.156,16.328,torque,-9977.000,11.521244,0.000
2026-06-08T15:39:41.156,16.328,rpm,-9844.000,11.521244,0.000
2026-06-08T15:39:41.157,16.328,rpm,-10155.000,11.521244,0.000
2026-06-08T15:39:41.188,16.359,rpm,-9983.000,11.521244,0.000
2026-06-08T15:39:41.210,16.375,rpm,-10073.000,11.521244,0.000
2026-06-08T15:39:41.240,16.406,rpm,-9855.000,11.521244,0.000
2026-06-08T15:39:41.253,16.422,torque,-9855.000,11.556581,0.000
2026-06-08T15:39:41.253,16.422,rpm,-10087.000,11.556581,0.000
2026-06-08T15:39:41.254,16.422,rpm,-10061.000,11.556581,0.000
2026-06-08T15:39:41.286,16.453,rpm,-10057.000,11.556581,0.000
2026-06-08T15:39:41.308,16.469,rpm,-9993.000,11.556581,0.000
2026-06-08T15:39:41.330,16.500,rpm,-9964.000,11.556581,0.000
2026-06-08T15:39:41.331,16.500,torque,-9964.000,11.441149,0.000
2026-06-08T15:39:41.361,16.531,rpm,-9893.000,11.441149,0.000
2026-06-08T15:39:41.362,16.531,rpm,-10055.000,11.441149,0.000
2026-06-08T15:39:41.398,16.562,rpm,-9764.000,11.441149,0.000
2026-06-08T15:39:41.410,16.578,rpm,-10092.000,11.441149,0.000
2026-06-08T15:39:41.411,16.578,torque,-10092.000,10.852194,0.000
2026-06-08T15:39:41.439,16.609,rpm,-9890.000,10.852194,0.000
2026-06-08T15:39:41.439,16.609,rpm,-10075.000,10.852194,0.000
2026-06-08T15:39:41.476,16.640,rpm,-10109.000,10.852194,0.000
2026-06-08T15:39:41.485,16.656,rpm,-10132.000,10.852194,0.000
2026-06-08T15:39:41.500,16.672,torque,-10132.000,10.544611,0.000
2026-06-08T15:39:41.515,16.687,rpm,-10006.000,10.544611,0.000
2026-06-08T15:39:41.572,16.734,rpm,-9916.000,10.544611,0.000
2026-06-08T15:39:41.572,16.734,rpm,-10088.000,10.544611,0.000
2026-06-08T15:39:41.574,16.734,torque,-10088.000,10.521820,0.000
2026-06-08T15:39:41.594,16.765,rpm,-9983.000,10.521820,0.000
2026-06-08T15:39:41.608,16.765,rpm,-10051.000,10.521820,0.000
2026-06-08T15:39:41.654,16.812,rpm,-9904.000,10.521820,0.000
2026-06-08T15:39:41.671,16.828,rpm,-10060.000,10.521820,0.000
2026-06-08T15:39:41.672,16.844,throttle,-10060.000,10.521820,100.000
2026-06-08T15:39:41.685,16.844,torque,-10060.000,10.527448,100.000
2026-06-08T15:39:41.686,16.844,rpm,-10083.000,10.527448,100.000
2026-06-08T15:39:41.716,16.875,rpm,-9862.000,10.527448,100.000
2026-06-08T15:39:41.753,16.922,rpm,-10062.000,10.527448,100.000
2026-06-08T15:39:41.767,16.937,rpm,-9820.000,10.527448,100.000
2026-06-08T15:39:41.768,16.937,torque,-9820.000,10.518071,100.000
2026-06-08T15:39:41.784,16.953,rpm,-10035.000,10.518071,100.000
2026-06-08T15:39:41.798,16.969,rpm,-9964.000,10.518071,100.000
2026-06-08T15:39:41.810,16.969,rpm,-10095.000,10.518071,100.000
2026-06-08T15:39:41.847,17.015,rpm,-9858.000,10.518071,100.000
2026-06-08T15:39:41.847,17.015,torque,-9858.000,10.873841,100.000
2026-06-08T15:39:41.863,17.031,rpm,-10045.000,10.873841,100.000
2026-06-08T15:39:41.877,17.047,rpm,-9816.000,10.873841,100.000
2026-06-08T15:39:41.878,17.047,rpm,-10040.000,10.873841,100.000
2026-06-08T15:39:41.913,17.078,rpm,-10118.000,10.873841,100.000
2026-06-08T15:39:41.927,17.094,torque,-10118.000,11.616818,100.000
2026-06-08T15:39:41.927,17.094,rpm,-9968.000,11.616818,100.000
2026-06-08T15:39:41.958,17.125,rpm,-9883.000,11.616818,100.000
2026-06-08T15:39:41.970,17.140,rpm,-10035.000,11.616818,100.000
2026-06-08T15:39:42.002,17.172,rpm,-9915.000,11.616818,100.000
2026-06-08T15:39:42.004,17.172,rpm,-10094.000,11.616818,100.000
2026-06-08T15:39:42.004,17.172,torque,-10094.000,11.591386,100.000
2026-06-08T15:39:42.039,17.203,rpm,-9864.000,11.591386,100.000
2026-06-08T15:39:42.051,17.219,rpm,-10030.000,11.591386,100.000
2026-06-08T15:39:42.060,17.219,rpm,-9966.000,11.591386,100.000
2026-06-08T15:39:42.089,17.250,rpm,-9991.000,11.591386,100.000
2026-06-08T15:39:42.105,17.265,torque,-9991.000,11.541275,100.000
2026-06-08T15:39:42.118,17.281,rpm,-9851.000,11.541275,100.000
2026-06-08T15:39:42.147,17.312,rpm,-10076.000,11.541275,100.000
2026-06-08T15:39:42.167,17.328,rpm,-9811.000,11.541275,100.000
2026-06-08T15:39:42.168,17.328,rpm,-10129.000,11.541275,100.000
2026-06-08T15:39:42.195,17.359,torque,-10129.000,11.534561,100.000
2026-06-08T15:39:42.195,17.359,rpm,-9883.000,11.534561,100.000
2026-06-08T15:39:42.227,17.390,rpm,-10126.000,11.534561,100.000
2026-06-08T15:39:42.240,17.406,rpm,-9820.000,11.534561,100.000
2026-06-08T15:39:42.250,17.422,rpm,-10112.000,11.534561,100.000
2026-06-08T15:39:42.279,17.437,rpm,-9826.000,11.534561,100.000
2026-06-08T15:39:42.279,17.437,torque,-9826.000,11.474313,100.000
2026-06-08T15:39:42.280,17.437,rpm,-10140.000,11.474313,100.000
2026-06-08T15:39:42.308,17.469,rpm,-9838.000,11.474313,100.000
2026-06-08T15:39:42.355,17.515,rpm,-9970.000,11.474313,100.000
2026-06-08T15:39:42.368,17.531,torque,-9970.000,10.910817,100.000
2026-06-08T15:39:42.396,17.562,rpm,-9821.000,10.910817,100.000
2026-06-08T15:39:42.408,17.578,rpm,-10076.000,10.910817,100.000
2026-06-08T15:39:42.409,17.578,throttle,-10076.000,10.910817,0.000
2026-06-08T15:39:42.421,17.578,rpm,-10069.000,10.910817,0.000
2026-06-08T15:39:42.455,17.625,torque,-10069.000,10.318386,0.000
2026-06-08T15:39:42.468,17.640,rpm,-10117.000,10.318386,0.000
2026-06-08T15:39:42.468,17.640,rpm,-10107.000,10.318386,0.000
2026-06-08T15:39:42.505,17.672,rpm,-10003.000,10.318386,0.000
2026-06-08T15:39:42.519,17.687,rpm,-10078.000,10.318386,0.000
2026-06-08T15:39:42.519,17.687,rpm,-10094.000,10.318386,0.000
2026-06-08T15:39:42.544,17.703,torque,-10094.000,10.449404,0.000
2026-06-08T15:39:42.546,17.703,rpm,-9849.000,10.449404,0.000
2026-06-08T15:39:42.593,17.750,rpm,-10016.000,10.449404,0.000
2026-06-08T15:39:42.609,17.765,rpm,-10012.000,10.449404,0.000
2026-06-08T15:39:42.623,17.781,torque,-10012.000,11.390547,0.000
2026-06-08T15:39:42.624,17.781,rpm,-9943.000,11.390547,0.000
2026-06-08T15:39:42.654,17.812,rpm,-10042.000,11.390547,0.000
2026-06-08T15:39:42.655,17.812,rpm,-10059.000,11.390547,0.000
2026-06-08T15:39:42.705,17.875,rpm,-10012.000,11.390547,0.000
2026-06-08T15:39:42.721,17.890,rpm,-9818.000,11.390547,0.000
2026-06-08T15:39:42.721,17.890,torque,-9818.000,11.600199,0.000
2026-06-08T15:39:42.740,17.906,rpm,-10023.000,11.600199,0.000
2026-06-08T15:39:42.755,17.922,rpm,-10021.000,11.600199,0.000
2026-06-08T15:39:42.790,17.953,rpm,-9968.000,11.600199,0.000
2026-06-08T15:39:42.806,17.969,rpm,-9945.000,11.600199,0.000
2026-06-08T15:39:42.807,17.969,torque,-9945.000,11.526392,0.000
2026-06-08T15:39:42.824,17.984,rpm,-10035.000,11.526392,0.000
2026-06-08T15:39:42.843,18.000,rpm,-9829.000,11.526392,0.000
2026-06-08T15:39:42.877,18.047,rpm,-10022.000,11.526392,0.000
2026-06-08T15:39:42.891,18.062,rpm,-9918.000,11.526392,0.000
2026-06-08T15:39:42.891,18.062,torque,-9918.000,11.549264,0.000
2026-06-08T15:39:42.910,18.078,rpm,-10027.000,11.549264,0.000
2026-06-08T15:39:42.936,18.094,rpm,-9971.000,11.549264,0.000
2026-06-08T15:39:42.973,18.140,rpm,-9932.000,11.549264,0.000
2026-06-08T15:39:42.973,18.140,torque,-9932.000,11.602209,0.000
2026-06-08T15:39:42.986,18.156,rpm,-10029.000,11.602209,0.000
2026-06-08T15:39:42.988,18.156,rpm,-9853.000,11.602209,0.000
2026-06-08T15:39:43.061,18.219,torque,-9853.000,11.334290,0.000
2026-06-08T15:39:43.061,18.219,rpm,-10079.000,11.334290,0.000
2026-06-08T15:39:43.062,18.234,rpm,-9984.000,11.334290,0.000
2026-06-08T15:39:43.098,18.265,rpm,-10040.000,11.334290,0.000
2026-06-08T15:39:43.117,18.281,rpm,-9977.000,11.334290,0.000
2026-06-08T15:39:43.148,18.312,rpm,-10049.000,11.334290,0.000
2026-06-08T15:39:43.148,18.312,torque,-10049.000,10.759319,0.000
2026-06-08T15:39:43.149,18.312,rpm,-9830.000,10.759319,0.000
2026-06-08T15:39:43.175,18.344,rpm,-10012.000,10.759319,0.000
2026-06-08T15:39:43.207,18.375,rpm,-10057.000,10.759319,0.000
2026-06-08T15:39:43.208,18.375,rpm,-10012.000,10.759319,0.000
2026-06-08T15:39:43.236,18.406,torque,-10012.000,10.579808,0.000
2026-06-08T15:39:43.236,18.406,rpm,-9822.000,10.579808,0.000
2026-06-08T15:39:43.267,18.437,rpm,-9999.000,10.579808,0.000
2026-06-08T15:39:43.285,18.453,rpm,-9867.000,10.579808,0.000
2026-06-08T15:39:43.309,18.469,rpm,-10069.000,10.579808,0.000
2026-06-08T15:39:43.332,18.500,torque,-10069.000,10.560654,0.000
2026-06-08T15:39:43.332,18.500,rpm,-10021.000,10.560654,0.000
2026-06-08T15:39:43.335,18.500,rpm,-10043.000,10.560654,0.000
2026-06-08T15:39:43.376,18.547,rpm,-9907.000,10.560654,0.000
2026-06-08T15:39:43.396,18.562,rpm,-10039.000,10.560654,0.000
2026-06-08T15:39:43.397,18.562,rpm,-10024.000,10.560654,0.000
2026-06-08T15:39:43.397,18.562,torque,-10024.000,10.535379,0.000
2026-06-08T15:39:43.429,18.594,rpm,-10033.000,10.535379,0.000
2026-06-08T15:39:43.449,18.609,rpm,-9868.000,10.535379,0.000
2026-06-08T15:39:43.473,18.640,rpm,-9989.000,10.535379,0.000
2026-06-08T15:39:43.481,18.640,rpm,-9958.000,10.535379,0.000
2026-06-08T15:39:43.496,18.656,torque,-9958.000,10.542785,0.000
2026-06-08T15:39:43.497,18.656,rpm,-10063.000,10.542785,0.000
2026-06-08T15:39:43.526,18.687,rpm,-10042.000,10.542785,0.000
2026-06-08T15:39:43.558,18.719,rpm,-10075.000,10.542785,0.000
2026-06-08T15:39:43.559,18.719,rpm,-9900.000,10.542785,0.000
2026-06-08T15:39:43.577,18.734,rpm,-10100.000,10.542785,0.000
2026-06-08T15:39:43.591,18.750,torque,-10100.000,10.547101,0.000
2026-06-08T15:39:43.592,18.750,rpm,-9935.000,10.547101,0.000
2026-06-08T15:39:43.622,18.781,rpm,-10000.000,10.547101,0.000
2026-06-08T15:39:43.657,18.828,rpm,-10002.000,10.547101,0.000
2026-06-08T15:39:43.671,18.828,rpm,-9992.000,10.547101,0.000
2026-06-08T15:39:43.671,18.828,torque,-9992.000,10.534940,0.000
2026-06-08T15:39:43.672,18.844,rpm,-9859.000,10.534940,0.000
2026-06-08T15:39:43.713,18.875,rpm,-10013.000,10.534940,0.000
2026-06-08T15:39:43.722,18.890,rpm,-9968.000,10.534940,0.000
2026-06-08T15:39:43.755,18.922,torque,-9968.000,10.518071,0.000
2026-06-08T15:39:43.755,18.922,rpm,-9969.000,10.518071,0.000
2026-06-08T15:39:43.755,18.922,rpm,-10058.000,10.518071,0.000
2026-06-08T15:39:43.761,18.922,rpm,-10152.000,10.518071,0.000
2026-06-08T15:39:43.808,18.969,rpm,-10067.000,10.518071,0.000
2026-06-08T15:39:43.808,18.969,rpm,-10086.000,10.518071,0.000
2026-06-08T15:39:43.835,19.000,torque,-10086.000,10.517757,0.000
2026-06-08T15:39:43.835,19.000,rpm,-9836.000,10.517757,0.000
2026-06-08T15:39:43.856,19.015,rpm,-10027.000,10.517757,0.000
2026-06-08T15:39:43.886,19.047,rpm,-9976.000,10.517757,0.000
2026-06-08T15:39:43.913,19.078,rpm,-9965.000,10.517757,0.000
2026-06-08T15:39:43.914,19.078,torque,-9965.000,10.489090,0.000
2026-06-08T15:39:43.914,19.078,rpm,-8486.000,10.489090,0.000
2026-06-08T15:39:43.942,19.109,rpm,-5298.000,10.489090,0.000
2026-06-08T15:39:43.976,19.140,rpm,-904.000,10.489090,0.000
2026-06-08T15:39:43.992,19.156,rpm,-392.000,10.489090,0.000
2026-06-08T15:39:44.023,19.187,rpm,190.000,10.489090,0.000
2026-06-08T15:39:44.023,19.187,torque,190.000,10.209951,0.000
2026-06-08T15:39:44.023,19.187,rpm,190.000,10.209951,0.000
2026-06-08T15:39:44.067,19.234,rpm,190.000,10.209951,0.000
2026-06-08T15:39:44.108,19.265,torque,190.000,6.861672,0.000
2026-06-08T15:39:44.122,19.281,rpm,91.000,6.861672,0.000
2026-06-08T15:39:44.174,19.344,rpm,61.000,6.861672,0.000
2026-06-08T15:39:44.174,19.344,torque,61.000,1.867942,0.000
2026-06-08T15:39:44.174,19.344,rpm,55.000,1.867942,0.000
2026-06-08T15:39:44.196,19.359,rpm,51.000,1.867942,0.000
2026-06-08T15:39:44.224,19.390,rpm,45.000,1.867942,0.000
2026-06-08T15:39:44.251,19.422,rpm,40.000,1.867942,0.000
2026-06-08T15:39:44.268,19.437,rpm,38.000,1.867942,0.000
2026-06-08T15:39:44.281,19.453,torque,38.000,0.219308,0.000
2026-06-08T15:39:44.281,19.453,rpm,36.000,0.219308,0.000
2026-06-08T15:39:44.314,19.484,rpm,32.000,0.219308,0.000
2026-06-08T15:39:44.314,19.484,rpm,30.000,0.219308,0.000
2026-06-08T15:39:44.363,19.531,torque,30.000,0.099569,0.000
2026-06-08T15:39:44.377,19.547,rpm,26.000,0.099569,0.000
2026-06-08T15:39:44.378,19.547,rpm,25.000,0.099569,0.000
2026-06-08T15:39:44.398,19.562,rpm,24.000,0.099569,0.000
2026-06-08T15:39:44.428,19.594,rpm,23.000,0.099569,0.000
2026-06-08T15:39:44.431,19.594,torque,23.000,0.095399,0.000
2026-06-08T15:39:44.434,19.594,rpm,22.000,0.095399,0.000
2026-06-08T15:39:44.473,19.640,rpm,20.000,0.095399,0.000
2026-06-08T15:39:44.488,19.656,rpm,20.000,0.095399,0.000
2026-06-08T15:39:44.490,19.656,rpm,19.000,0.095399,0.000
2026-06-08T15:39:44.520,19.687,rpm,18.000,0.095399,0.000
2026-06-08T15:39:44.521,19.687,torque,18.000,0.092852,0.000
2026-06-08T15:39:44.548,19.719,rpm,17.000,0.092852,0.000
2026-06-08T15:39:44.559,19.719,rpm,17.000,0.092852,0.000
2026-06-08T15:39:44.596,19.765,rpm,16.000,0.092852,0.000
2026-06-08T15:39:44.614,19.781,rpm,16.000,0.092852,0.000
2026-06-08T15:39:44.629,19.797,torque,16.000,0.090681,0.000
2026-06-08T15:39:44.630,19.797,rpm,15.000,0.090681,0.000
2026-06-08T15:39:44.672,19.844,rpm,14.000,0.090681,0.000
2026-06-08T15:39:44.692,19.859,rpm,14.000,0.090681,0.000
2026-06-08T15:39:44.694,19.859,torque,14.000,0.089083,0.000
2026-06-08T15:39:44.724,19.890,rpm,13.000,0.089083,0.000
2026-06-08T15:39:44.724,19.890,rpm,13.000,0.089083,0.000
2026-06-08T15:39:44.746,19.906,rpm,12.000,0.089083,0.000
2026-06-08T15:39:44.763,19.922,rpm,12.000,0.089083,0.000
2026-06-08T15:39:44.791,19.953,torque,12.000,0.088048,0.000
2026-06-08T15:39:44.791,19.953,rpm,12.000,0.088048,0.000
2026-06-08T15:39:44.818,19.984,rpm,11.000,0.088048,0.000
2026-06-08T15:39:44.828,20.000,rpm,11.000,0.088048,0.000
2026-06-08T15:39:44.858,20.015,rpm,11.000,0.088048,0.000
2026-06-08T15:39:44.874,20.031,rpm,11.000,0.088048,0.000
2026-06-08T15:39:44.875,20.047,torque,11.000,0.087000,0.000
2026-06-08T15:39:44.905,20.062,rpm,10.000,0.087000,0.000
2026-06-08T15:39:44.950,20.109,rpm,10.000,0.087000,0.000
2026-06-08T15:39:44.951,20.109,rpm,10.000,0.087000,0.000
2026-06-08T15:39:44.967,20.125,torque,10.000,0.085840,0.000
2026-06-08T15:39:44.984,20.140,rpm,9.000,0.085840,0.000
2026-06-08T15:39:44.999,20.156,rpm,9.000,0.085840,0.000
2026-06-08T15:39:45.024,20.187,rpm,9.000,0.085840,0.000
2026-06-08T15:39:45.045,20.203,rpm,9.000,0.085840,0.000
2026-06-08T15:39:45.046,20.203,torque,9.000,0.084847,0.000
2026-06-08T15:39:45.046,20.203,rpm,9.000,0.084847,0.000
2026-06-08T15:39:45.079,20.250,rpm,8.000,0.084847,0.000
2026-06-08T15:39:45.102,20.265,rpm,8.000,0.084847,0.000
2026-06-08T15:39:45.125,20.297,rpm,8.000,0.084847,0.000
2026-06-08T15:39:45.141,20.312,torque,8.000,0.083814,0.000
2026-06-08T15:39:45.158,20.328,rpm,8.000,0.083814,0.000
2026-06-08T15:39:45.177,20.344,rpm,8.000,0.083814,0.000
2026-06-08T15:39:45.177,20.344,rpm,8.000,0.083814,0.000
2026-06-08T15:39:45.226,20.390,rpm,7.000,0.083814,0.000
2026-06-08T15:39:45.226,20.390,torque,7.000,0.083045,0.000
2026-06-08T15:39:45.244,20.406,rpm,7.000,0.083045,0.000
2026-06-08T15:39:45.267,20.437,rpm,7.000,0.083045,0.000
2026-06-08T15:39:45.290,20.453,rpm,7.000,0.083045,0.000
2026-06-08T15:39:45.307,20.469,rpm,7.000,0.083045,0.000
2026-06-08T15:39:45.322,20.484,torque,7.000,0.082181,0.000
2026-06-08T15:39:45.322,20.484,rpm,7.000,0.082181,0.000
2026-06-08T15:39:45.371,20.531,rpm,7.000,0.082181,0.000
2026-06-08T15:39:45.387,20.547,rpm,6.000,0.082181,0.000
2026-06-08T15:39:45.403,20.562,torque,6.000,0.081485,0.000
2026-06-08T15:39:45.403,20.562,rpm,6.000,0.081485,0.000
2026-06-08T15:39:45.419,20.578,rpm,6.000,0.081485,0.000
2026-06-08T15:39:45.458,20.625,rpm,6.000,0.081485,0.000
2026-06-08T15:39:45.467,20.625,rpm,6.000,0.081485,0.000
2026-06-08T15:39:45.482,20.640,rpm,6.000,0.081485,0.000
2026-06-08T15:39:45.497,20.656,torque,6.000,0.080717,0.000
2026-06-08T15:39:45.498,20.656,rpm,6.000,0.080717,0.000
2026-06-08T15:39:45.513,20.672,rpm,6.000,0.080717,0.000
2026-06-08T15:39:45.551,20.719,rpm,6.000,0.080717,0.000
2026-06-08T15:39:45.574,20.734,rpm,6.000,0.080717,0.000
2026-06-08T15:39:45.574,20.734,torque,6.000,0.080048,0.000
2026-06-08T15:39:45.574,20.734,rpm,6.000,0.080048,0.000
2026-06-08T15:39:45.603,20.765,rpm,6.000,0.080048,0.000
2026-06-08T15:39:45.638,20.797,rpm,5.000,0.080048,0.000
2026-06-08T15:39:45.651,20.812,rpm,5.000,0.080048,0.000
2026-06-08T15:39:45.652,20.812,torque,5.000,0.079346,0.000
2026-06-08T15:39:45.652,20.812,rpm,5.000,0.079346,0.000
2026-06-08T15:39:45.685,20.844,rpm,5.000,0.079346,0.000
2026-06-08T15:39:45.686,20.844,rpm,5.000,0.079346,0.000
2026-06-08T15:39:45.723,20.890,rpm,5.000,0.079346,0.000
2026-06-08T15:39:45.735,20.906,rpm,5.000,0.079346,0.000
2026-06-08T15:39:45.736,20.906,torque,5.000,0.078606,0.000
2026-06-08T15:39:45.766,20.937,rpm,5.000,0.078606,0.000
2026-06-08T15:39:45.815,20.984,rpm,5.000,0.078606,0.000
2026-06-08T15:39:45.815,20.984,rpm,5.000,0.078606,0.000
2026-06-08T15:39:45.815,20.984,torque,5.000,0.078109,0.000
2026-06-08T15:39:45.839,21.000,rpm,5.000,0.078109,0.000
2026-06-08T15:39:45.874,21.031,rpm,5.000,0.078109,0.000
2026-06-08T15:39:45.905,21.062,torque,5.000,0.077229,0.000
2026-06-08T15:39:45.907,21.078,rpm,5.000,0.077229,0.000
2026-06-08T15:39:45.927,21.094,rpm,4.000,0.077229,0.000
2026-06-08T15:39:45.983,21.140,rpm,4.000,0.077229,0.000
2026-06-08T15:39:45.989,21.156,torque,4.000,0.076736,0.000
2026-06-08T15:39:46.027,21.187,rpm,4.000,0.076736,0.000
2026-06-08T15:39:46.036,21.203,rpm,4.000,0.076736,0.000
2026-06-08T15:39:46.071,21.234,rpm,4.000,0.076736,0.000
2026-06-08T15:39:46.088,21.250,rpm,4.000,0.076736,0.000
2026-06-08T15:39:46.088,21.250,torque,4.000,0.076200,0.000
2026-06-08T15:39:46.103,21.265,rpm,4.000,0.076200,0.000
2026-06-08T15:39:46.134,21.297,rpm,4.000,0.076200,0.000
2026-06-08T15:39:46.147,21.312,rpm,4.000,0.076200,0.000
2026-06-08T15:39:46.147,21.312,rpm,4.000,0.076200,0.000
2026-06-08T15:39:46.173,21.344,torque,4.000,0.075809,0.000
2026-06-08T15:39:46.174,21.344,rpm,4.000,0.075809,0.000
2026-06-08T15:39:46.223,21.390,rpm,4.000,0.075809,0.000
2026-06-08T15:39:46.238,21.406,rpm,4.000,0.075809,0.000
2026-06-08T15:39:46.252,21.422,torque,4.000,0.075400,0.000
2026-06-08T15:39:46.253,21.422,rpm,4.000,0.075400,0.000
2026-06-08T15:39:46.282,21.453,rpm,4.000,0.075400,0.000
2026-06-08T15:39:46.328,21.500,rpm,4.000,0.075400,0.000
2026-06-08T15:39:46.329,21.500,rpm,4.000,0.075400,0.000
2026-06-08T15:39:46.341,21.500,rpm,4.000,0.075400,0.000
2026-06-08T15:39:46.342,21.500,torque,4.000,0.074968,0.000
2026-06-08T15:39:46.392,21.562,rpm,3.000,0.074968,0.000
2026-06-08T15:39:46.431,21.594,torque,3.000,0.074574,0.000
2026-06-08T15:39:46.431,21.594,rpm,3.000,0.074574,0.000
2026-06-08T15:39:46.456,21.625,rpm,3.000,0.074574,0.000
2026-06-08T15:39:46.468,21.625,rpm,3.000,0.074574,0.000
2026-06-08T15:39:46.475,21.640,rpm,3.000,0.074574,0.000
2026-06-08T15:39:46.503,21.672,rpm,3.000,0.074574,0.000
2026-06-08T15:39:46.504,21.672,rpm,3.000,0.074574,0.000
2026-06-08T15:39:46.527,21.687,torque,3.000,0.074147,0.000
2026-06-08T15:39:46.528,21.687,rpm,3.000,0.074147,0.000
2026-06-08T15:39:46.584,21.750,rpm,3.000,0.074147,0.000
2026-06-08T15:39:46.584,21.750,rpm,3.000,0.074147,0.000
2026-06-08T15:39:46.611,21.781,torque,3.000,0.073832,0.000
2026-06-08T15:39:46.612,21.781,rpm,3.000,0.073832,0.000
2026-06-08T15:39:46.612,21.781,rpm,3.000,0.073832,0.000
2026-06-08T15:39:46.641,21.812,rpm,3.000,0.073832,0.000
2026-06-08T15:39:46.673,21.844,rpm,3.000,0.073832,0.000
2026-06-08T15:39:46.685,21.844,torque,3.000,0.073466,0.000
2026-06-08T15:39:46.685,21.844,rpm,3.000,0.073466,0.000
2026-06-08T15:39:46.713,21.875,rpm,3.000,0.073466,0.000
2026-06-08T15:39:46.747,21.906,rpm,3.000,0.073466,0.000
2026-06-08T15:39:46.761,21.922,rpm,3.000,0.073466,0.000
2026-06-08T15:39:46.774,21.937,rpm,3.000,0.073466,0.000
2026-06-08T15:39:46.774,21.937,torque,3.000,0.073096,0.000
2026-06-08T15:39:46.790,21.953,rpm,3.000,0.073096,0.000
2026-06-08T15:39:46.804,21.969,rpm,3.000,0.073096,0.000
2026-06-08T15:39:46.850,22.015,rpm,3.000,0.073096,0.000
2026-06-08T15:39:46.861,22.031,rpm,3.000,0.073096,0.000
2026-06-08T15:39:46.862,22.031,torque,3.000,0.072530,0.000
2026-06-08T15:39:46.925,22.094,rpm,3.000,0.072530,0.000
2026-06-08T15:39:46.938,22.109,rpm,3.000,0.072530,0.000
2026-06-08T15:39:46.951,22.109,rpm,3.000,0.072530,0.000
2026-06-08T15:39:46.952,22.109,torque,3.000,0.071985,0.000
2026-06-08T15:39:46.952,22.109,rpm,3.000,0.071985,0.000
2026-06-08T15:39:46.989,22.156,rpm,3.000,0.071985,0.000
2026-06-08T15:39:47.023,22.187,rpm,3.000,0.071985,0.000
2026-06-08T15:39:47.024,22.187,rpm,3.000,0.071985,0.000
2026-06-08T15:39:47.037,22.203,torque,3.000,0.071973,0.000
2026-06-08T15:39:47.037,22.203,rpm,3.000,0.071973,0.000
2026-06-08T15:39:47.111,22.281,torque,3.000,0.071827,0.000
2026-06-08T15:39:47.117,22.281,rpm,3.000,0.071827,0.000
2026-06-08T15:39:47.140,22.297,rpm,3.000,0.071827,0.000
2026-06-08T15:39:47.177,22.344,rpm,3.000,0.071827,0.000
2026-06-08T15:39:47.190,22.359,rpm,2.000,0.071827,0.000
2026-06-08T15:39:47.205,22.375,rpm,2.000,0.071827,0.000
2026-06-08T15:39:47.220,22.390,torque,2.000,0.071677,0.000
2026-06-08T15:39:47.234,22.390,rpm,2.000,0.071677,0.000
2026-06-08T15:39:47.247,22.406,rpm,2.000,0.071677,0.000
2026-06-08T15:39:47.284,22.453,rpm,2.000,0.071677,0.000
2026-06-08T15:39:47.306,22.469,torque,2.000,0.071311,0.000
2026-06-08T15:39:47.306,22.469,rpm,2.000,0.071311,0.000
2026-06-08T15:39:47.333,22.500,rpm,2.000,0.071311,0.000
2026-06-08T15:39:47.345,22.515,rpm,2.000,0.071311,0.000
2026-06-08T15:39:47.380,22.547,rpm,2.000,0.071311,0.000
2026-06-08T15:39:47.396,22.562,torque,2.000,0.071254,0.000
2026-06-08T15:39:47.396,22.562,rpm,2.000,0.071254,0.000
2026-06-08T15:39:47.410,22.578,rpm,2.000,0.071254,0.000
2026-06-08T15:39:47.448,22.609,rpm,2.000,0.071254,0.000
2026-06-08T15:39:47.482,22.640,rpm,2.000,0.071254,0.000
2026-06-08T15:39:47.482,22.640,torque,2.000,0.071052,0.000
2026-06-08T15:39:47.482,22.640,rpm,2.000,0.071052,0.000
2026-06-08T15:39:47.531,22.703,rpm,2.000,0.071052,0.000
2026-06-08T15:39:47.564,22.734,torque,2.000,0.070557,0.000
2026-06-08T15:39:47.564,22.734,rpm,2.000,0.070557,0.000
2026-06-08T15:39:47.567,22.734,rpm,2.000,0.070557,0.000
2026-06-08T15:39:47.589,22.750,rpm,2.000,0.070557,0.000
2026-06-08T15:39:47.621,22.781,rpm,2.000,0.070557,0.000
2026-06-08T15:39:47.633,22.797,rpm,2.000,0.070557,0.000
2026-06-08T15:39:47.647,22.812,torque,2.000,0.070573,0.000
2026-06-08T15:39:47.659,22.828,rpm,2.000,0.070573,0.000
2026-06-08T15:39:47.660,22.828,rpm,2.000,0.070573,0.000
2026-06-08T15:39:47.703,22.859,rpm,2.000,0.070573,0.000
2026-06-08T15:39:47.715,22.875,rpm,2.000,0.070573,0.000
2026-06-08T15:39:47.740,22.906,torque,2.000,0.070606,0.000
2026-06-08T15:39:47.740,22.906,rpm,2.000,0.070606,0.000
2026-06-08T15:39:47.741,22.906,rpm,2.000,0.070606,0.000
2026-06-08T15:39:47.808,22.969,torque,2.000,0.070169,0.000
2026-06-08T15:39:47.808,22.969,rpm,2.000,0.070169,0.000
2026-06-08T15:39:47.831,23.000,rpm,2.000,0.070169,0.000
2026-06-08T15:39:47.856,23.015,rpm,2.000,0.070169,0.000
2026-06-08T15:39:47.857,23.015,rpm,2.000,0.070169,0.000
2026-06-08T15:39:47.894,23.062,torque,2.000,0.069785,0.000
2026-06-08T15:39:47.924,23.094,rpm,2.000,0.069785,0.000
2026-06-08T15:39:47.949,23.109,rpm,2.000,0.069785,0.000
2026-06-08T15:39:47.974,23.140,rpm,2.000,0.069785,0.000
2026-06-08T15:39:47.975,23.140,rpm,2.000,0.069785,0.000
2026-06-08T15:39:47.986,23.156,torque,2.000,0.069636,0.000
2026-06-08T15:39:48.007,23.172,rpm,2.000,0.069636,0.000
2026-06-08T15:39:48.031,23.203,rpm,2.000,0.069636,0.000
2026-06-08T15:39:48.056,23.219,rpm,2.000,0.069636,0.000
2026-06-08T15:39:48.078,23.250,torque,2.000,0.069494,0.000
2026-06-08T15:39:48.079,23.250,rpm,2.000,0.069494,0.000
2026-06-08T15:39:48.105,23.265,rpm,2.000,0.069494,0.000
2026-06-08T15:39:48.147,23.312,rpm,2.000,0.069494,0.000
2026-06-08T15:39:48.148,23.312,rpm,2.000,0.069494,0.000
2026-06-08T15:39:48.166,23.328,torque,2.000,0.069391,0.000
2026-06-08T15:39:48.176,23.344,rpm,2.000,0.069391,0.000
2026-06-08T15:39:48.209,23.375,rpm,2.000,0.069391,0.000
2026-06-08T15:39:48.219,23.390,rpm,2.000,0.069391,0.000
2026-06-08T15:39:48.244,23.406,rpm,2.000,0.069391,0.000
2026-06-08T15:39:48.244,23.406,torque,2.000,0.069324,0.000
2026-06-08T15:39:48.247,23.406,rpm,2.000,0.069324,0.000
2026-06-08T15:39:48.272,23.437,rpm,2.000,0.069324,0.000
2026-06-08T15:39:48.293,23.453,rpm,2.000,0.069324,0.000
2026-06-08T15:39:48.306,23.469,rpm,2.000,0.069324,0.000
2026-06-08T15:39:48.330,23.500,rpm,2.000,0.069324,0.000
2026-06-08T15:39:48.331,23.500,torque,2.000,0.069244,0.000
2026-06-08T15:39:48.368,23.531,rpm,2.000,0.069244,0.000
2026-06-08T15:39:48.399,23.562,rpm,2.000,0.069244,0.000
2026-06-08T15:39:48.400,23.562,rpm,2.000,0.069244,0.000
2026-06-08T15:39:48.429,23.594,torque,2.000,0.069058,0.000
2026-06-08T15:39:48.429,23.594,rpm,2.000,0.069058,0.000
2026-06-08T15:39:48.452,23.609,rpm,2.000,0.069058,0.000
2026-06-08T15:39:48.485,23.656,rpm,2.000,0.069058,0.000
2026-06-08T15:39:48.496,23.656,rpm,2.000,0.069058,0.000
2026-06-08T15:39:48.519,23.687,torque,2.000,0.068993,0.000
2026-06-08T15:39:48.553,23.719,rpm,2.000,0.068993,0.000
2026-06-08T15:39:48.562,23.719,rpm,2.000,0.068993,0.000
2026-06-08T15:39:48.608,23.765,rpm,2.000,0.068993,0.000
2026-06-08T15:39:48.608,23.765,torque,2.000,0.068950,0.000
2026-06-08T15:39:48.608,23.765,rpm,2.000,0.068950,0.000
2026-06-08T15:39:48.635,23.797,rpm,2.000,0.068950,0.000
2026-06-08T15:39:48.687,23.859,torque,2.000,0.068674,0.000
2026-06-08T15:39:48.688,23.859,rpm,2.000,0.068674,0.000
2026-06-08T15:39:48.710,23.875,rpm,2.000,0.068674,0.000
2026-06-08T15:39:48.734,23.890,rpm,2.000,0.068674,0.000
2026-06-08T15:39:48.759,23.922,torque,2.000,0.068369,0.000
2026-06-08T15:39:48.788,23.953,rpm,1.000,0.068369,0.000
2026-06-08T15:39:48.789,23.953,rpm,1.000,0.068369,0.000
2026-06-08T15:39:48.811,23.969,rpm,1.000,0.068369,0.000
2026-06-08T15:39:48.840,24.000,rpm,1.000,0.068369,0.000
2026-06-08T15:39:48.844,24.015,torque,1.000,0.067700,0.000
2026-06-08T15:39:48.870,24.031,rpm,1.000,0.067700,0.000
2026-06-08T15:39:48.881,24.047,rpm,1.000,0.067700,0.000
2026-06-08T15:39:48.908,24.078,rpm,1.000,0.067700,0.000
2026-06-08T15:39:48.929,24.094,rpm,1.000,0.067700,0.000
2026-06-08T15:39:48.931,24.094,torque,1.000,0.066968,0.000
2026-06-08T15:39:48.956,24.125,rpm,1.000,0.066968,0.000
2026-06-08T15:39:48.957,24.125,rpm,1.000,0.066968,0.000
2026-06-08T15:39:48.985,24.156,rpm,1.000,0.066968,0.000
2026-06-08T15:39:49.006,24.172,rpm,1.000,0.066968,0.000
2026-06-08T15:39:49.016,24.187,rpm,1.000,0.066968,0.000
2026-06-08T15:39:49.029,24.187,torque,1.000,0.066626,0.000
2026-06-08T15:39:49.039,24.203,rpm,1.000,0.066626,0.000
2026-06-08T15:39:49.069,24.234,rpm,1.000,0.066626,0.000
2026-06-08T15:39:49.070,24.234,rpm,1.000,0.066626,0.000
2026-06-08T15:39:49.091,24.250,rpm,1.000,0.066626,0.000
2026-06-08T15:39:49.112,24.281,torque,1.000,0.066514,0.000
2026-06-08T15:39:49.132,24.297,rpm,1.000,0.066514,0.000
2026-06-08T15:39:49.163,24.328,rpm,1.000,0.066514,0.000
2026-06-08T15:39:49.194,24.359,torque,1.000,0.066549,0.000
2026-06-08T15:39:49.219,24.390,rpm,1.000,0.066549,0.000
2026-06-08T15:39:49.239,24.406,rpm,1.000,0.066549,0.000
2026-06-08T15:39:49.250,24.406,rpm,1.000,0.066549,0.000
2026-06-08T15:39:49.279,24.437,rpm,1.000,0.066549,0.000
2026-06-08T15:39:49.280,24.437,torque,1.000,0.067190,0.000
2026-06-08T15:39:49.311,24.469,rpm,1.000,0.067190,0.000
2026-06-08T15:39:49.320,24.484,rpm,1.000,0.067190,0.000
2026-06-08T15:39:49.346,24.515,rpm,1.000,0.067190,0.000
2026-06-08T15:39:49.368,24.531,torque,1.000,0.068934,0.000
2026-06-08T15:39:49.396,24.562,rpm,1.000,0.068934,0.000
2026-06-08T15:39:49.416,24.578,rpm,1.000,0.068934,0.000
2026-06-08T15:39:49.438,24.609,rpm,1.000,0.068934,0.000
2026-06-08T15:39:49.463,24.625,torque,1.000,0.069517,0.000
2026-06-08T15:39:49.465,24.625,rpm,1.000,0.069517,0.000
2026-06-08T15:39:49.483,24.640,rpm,1.000,0.069517,0.000
2026-06-08T15:39:49.505,24.672,rpm,1.000,0.069517,0.000
2026-06-08T15:39:49.529,24.687,rpm,1.000,0.069517,0.000
2026-06-08T15:39:49.541,24.703,rpm,1.000,0.069517,0.000
2026-06-08T15:39:49.549,24.719,torque,1.000,0.069288,0.000
2026-06-08T15:39:49.571,24.734,rpm,1.000,0.069288,0.000
2026-06-08T15:39:49.579,24.750,rpm,1.000,0.069288,0.000
2026-06-08T15:39:49.599,24.765,rpm,1.000,0.069288,0.000
2026-06-08T15:39:49.619,24.781,rpm,1.000,0.069288,0.000
2026-06-08T15:39:49.627,24.797,torque,1.000,0.068788,0.000
2026-06-08T15:39:49.648,24.812,rpm,1.000,0.068788,0.000
2026-06-08T15:39:49.666,24.828,rpm,1.000,0.068788,0.000
2026-06-08T15:39:49.676,24.844,rpm,1.000,0.068788,0.000
2026-06-08T15:39:49.703,24.875,rpm,1.000,0.068788,0.000
2026-06-08T15:39:49.712,24.875,torque,1.000,0.068151,0.000
2026-06-08T15:39:49.734,24.890,rpm,1.000,0.068151,0.000
2026-06-08T15:39:49.734,24.890,rpm,1.000,0.068151,0.000
2026-06-08T15:39:49.763,24.922,rpm,1.000,0.068151,0.000
2026-06-08T15:39:49.785,24.953,rpm,1.000,0.068151,0.000
2026-06-08T15:39:49.803,24.969,rpm,1.000,0.068151,0.000
2026-06-08T15:39:49.804,24.969,torque,1.000,0.067767,0.000
2026-06-08T15:39:49.804,24.969,rpm,1.000,0.067767,0.000
2026-06-08T15:39:49.848,25.015,rpm,1.000,0.067767,0.000
2026-06-08T15:39:49.880,25.047,rpm,1.000,0.067767,0.000
2026-06-08T15:39:49.884,25.047,torque,1.000,0.067567,0.000
2026-06-08T15:39:49.887,25.047,rpm,1.000,0.067567,0.000
2026-06-08T15:39:49.925,25.094,rpm,1.000,0.067567,0.000
2026-06-08T15:39:49.926,25.094,rpm,1.000,0.067567,0.000
2026-06-08T15:39:49.959,25.125,rpm,1.000,0.067567,0.000
2026-06-08T15:39:49.970,25.140,rpm,1.000,0.067567,0.000
2026-06-08T15:39:49.971,25.140,torque,1.000,0.067347,0.000
2026-06-08T15:39:49.992,25.156,rpm,1.000,0.067347,0.000
2026-06-08T15:39:50.026,25.187,rpm,1.000,0.067347,0.000
2026-06-08T15:39:50.038,25.203,rpm,1.000,0.067347,0.000
2026-06-08T15:39:50.057,25.219,torque,1.000,0.067049,0.000
2026-06-08T15:39:50.059,25.219,rpm,1.000,0.067049,0.000
2026-06-08T15:39:50.083,25.250,rpm,1.000,0.067049,0.000
2026-06-08T15:39:50.110,25.281,rpm,1.000,0.067049,0.000
2026-06-08T15:39:50.119,25.281,rpm,1.000,0.067049,0.000
2026-06-08T15:39:50.146,25.312,rpm,1.000,0.067049,0.000
2026-06-08T15:39:50.147,25.312,torque,1.000,0.066716,0.000
2026-06-08T15:39:50.168,25.328,rpm,1.000,0.066716,0.000
2026-06-08T15:39:50.189,25.359,rpm,1.000,0.066716,0.000
2026-06-08T15:39:50.210,25.375,rpm,1.000,0.066716,0.000
2026-06-08T15:39:50.231,25.390,rpm,1.000,0.066716,0.000
2026-06-08T15:39:50.233,25.390,rpm,1.000,0.066716,0.000
2026-06-08T15:39:50.233,25.390,torque,1.000,0.066257,0.000
2026-06-08T15:39:50.276,25.437,rpm,1.000,0.066257,0.000
2026-06-08T15:39:50.278,25.437,rpm,1.000,0.066257,0.000
2026-06-08T15:39:50.298,25.469,rpm,1.000,0.066257,0.000
2026-06-08T15:39:50.306,25.469,rpm,1.000,0.066257,0.000
2026-06-08T15:39:50.326,25.484,torque,1.000,0.066109,0.000
2026-06-08T15:39:50.346,25.515,rpm,1.000,0.066109,0.000
2026-06-08T15:39:50.365,25.531,rpm,1.000,0.066109,0.000
2026-06-08T15:39:50.384,25.547,rpm,1.000,0.066109,0.000
2026-06-08T15:39:50.407,25.578,rpm,1.000,0.066109,0.000
2026-06-08T15:39:50.407,25.578,torque,1.000,0.065918,0.000
2026-06-08T15:39:50.438,25.609,rpm,1.000,0.065918,0.000
2026-06-08T15:39:50.447,25.609,rpm,1.000,0.065918,0.000
2026-06-08T15:39:50.457,25.625,rpm,1.000,0.065918,0.000
2026-06-08T15:39:50.481,25.640,rpm,1.000,0.065918,0.000
2026-06-08T15:39:50.503,25.672,torque,1.000,0.065636,0.000
2026-06-08T15:39:50.504,25.672,rpm,1.000,0.065636,0.000
2026-06-08T15:39:50.532,25.703,rpm,1.000,0.065636,0.000
2026-06-08T15:39:50.539,25.703,rpm,1.000,0.065636,0.000
2026-06-08T15:39:50.565,25.734,rpm,1.000,0.065636,0.000
2026-06-08T15:39:50.587,25.750,torque,1.000,0.065729,0.000
2026-06-08T15:39:50.587,25.750,rpm,1.000,0.065729,0.000
2026-06-08T15:39:50.588,25.750,rpm,1.000,0.065729,0.000
2026-06-08T15:39:50.630,25.797,rpm,1.000,0.065729,0.000
2026-06-08T15:39:50.641,25.812,rpm,1.000,0.065729,0.000
2026-06-08T15:39:50.668,25.828,rpm,1.000,0.065729,0.000
2026-06-08T15:39:50.669,25.828,torque,1.000,0.065870,0.000
2026-06-08T15:39:50.669,25.828,rpm,1.000,0.065870,0.000
2026-06-08T15:39:50.719,25.890,rpm,1.000,0.065870,0.000
2026-06-08T15:39:50.719,25.890,rpm,1.000,0.065870,0.000
2026-06-08T15:39:50.742,25.906,rpm,1.000,0.065870,0.000
2026-06-08T15:39:50.760,25.922,torque,1.000,0.065748,0.000
2026-06-08T15:39:50.760,25.922,rpm,1.000,0.065748,0.000
2026-06-08T15:39:50.817,25.984,rpm,1.000,0.065748,0.000
2026-06-08T15:39:50.838,26.000,rpm,1.000,0.065748,0.000
2026-06-08T15:39:50.839,26.000,torque,1.000,0.065369,0.000
2026-06-08T15:39:50.868,26.031,rpm,1.000,0.065369,0.000
2026-06-08T15:39:50.894,26.062,rpm,1.000,0.065369,0.000
2026-06-08T15:39:50.895,26.062,rpm,1.000,0.065369,0.000
2026-06-08T15:39:50.918,26.078,rpm,1.000,0.065369,0.000
2026-06-08T15:39:50.925,26.094,torque,1.000,0.065252,0.000
2026-06-08T15:39:50.956,26.125,rpm,1.000,0.065252,0.000
2026-06-08T15:39:50.973,26.140,rpm,1.000,0.065252,0.000
2026-06-08T15:39:50.996,26.156,rpm,1.000,0.065252,0.000
2026-06-08T15:39:50.998,26.156,rpm,1.000,0.065252,0.000
2026-06-08T15:39:51.016,26.187,torque,1.000,0.065280,0.000
2026-06-08T15:39:51.027,26.187,rpm,1.000,0.065280,0.000
2026-06-08T15:39:51.055,26.219,rpm,1.000,0.065280,0.000
2026-06-08T15:39:51.079,26.250,rpm,1.000,0.065280,0.000
2026-06-08T15:39:51.096,26.265,rpm,1.000,0.065280,0.000
2026-06-08T15:39:51.097,26.265,torque,1.000,0.065215,0.000
2026-06-08T15:39:51.146,26.312,rpm,1.000,0.065215,0.000
2026-06-08T15:39:51.174,26.344,rpm,1.000,0.065215,0.000
2026-06-08T15:39:51.190,26.359,torque,1.000,0.064971,0.000
2026-06-08T15:39:51.192,26.359,rpm,1.000,0.064971,0.000
2026-06-08T15:39:51.209,26.375,rpm,1.000,0.064971,0.000
2026-06-08T15:39:51.231,26.390,rpm,1.000,0.064971,0.000
2026-06-08T15:39:51.255,26.422,rpm,1.000,0.064971,0.000
2026-06-08T15:39:51.270,26.437,rpm,1.000,0.064971,0.000
2026-06-08T15:39:51.271,26.437,torque,1.000,0.064895,0.000
2026-06-08T15:39:51.300,26.469,rpm,1.000,0.064895,0.000
2026-06-08T15:39:51.326,26.484,rpm,1.000,0.064895,0.000
2026-06-08T15:39:51.350,26.515,rpm,1.000,0.064895,0.000
2026-06-08T15:39:51.355,26.515,torque,1.000,0.064906,0.000
2026-06-08T15:39:51.373,26.531,rpm,1.000,0.064906,0.000
2026-06-08T15:39:51.388,26.547,rpm,1.000,0.064906,0.000
2026-06-08T15:39:51.410,26.578,rpm,1.000,0.064906,0.000
2026-06-08T15:39:51.430,26.594,rpm,1.000,0.064906,0.000
2026-06-08T15:39:51.441,26.609,torque,1.000,0.064765,0.000
2026-06-08T15:39:51.472,26.640,rpm,1.000,0.064765,0.000
2026-06-08T15:39:51.496,26.656,rpm,1.000,0.064765,0.000
2026-06-08T15:39:51.513,26.672,rpm,1.000,0.064765,0.000
2026-06-08T15:39:51.529,26.687,rpm,1.000,0.064765,0.000
2026-06-08T15:39:51.540,26.703,torque,1.000,0.064681,0.000
2026-06-08T15:39:51.547,26.719,rpm,1.000,0.064681,0.000
2026-06-08T15:39:51.583,26.750,rpm,1.000,0.064681,0.000
2026-06-08T15:39:51.588,26.750,rpm,1.000,0.064681,0.000
2026-06-08T15:39:51.607,26.765,rpm,1.000,0.064681,0.000
2026-06-08T15:39:51.617,26.781,torque,1.000,0.065554,0.000
2026-06-08T15:39:51.636,26.797,rpm,1.000,0.065554,0.000
2026-06-08T15:39:51.653,26.812,rpm,1.000,0.065554,0.000
2026-06-08T15:39:51.670,26.828,rpm,1.000,0.065554,0.000
2026-06-08T15:39:51.689,26.859,rpm,1.000,0.065554,0.000
2026-06-08T15:39:51.696,26.859,rpm,1.000,0.065554,0.000
2026-06-08T15:39:51.718,26.875,torque,1.000,0.067846,0.000
2026-06-08T15:39:51.736,26.906,rpm,1.000,0.067846,0.000
2026-06-08T15:39:51.737,26.906,rpm,1.000,0.067846,0.000
2026-06-08T15:39:51.784,26.953,rpm,1.000,0.067846,0.000
2026-06-08T15:39:51.789,26.953,torque,1.000,0.065785,0.000
2026-06-08T15:39:51.811,26.969,rpm,1.000,0.065785,0.000
2026-06-08T15:39:51.843,27.000,rpm,1.000,0.065785,0.000
2026-06-08T15:39:51.846,27.015,rpm,1.000,0.065785,0.000
2026-06-08T15:39:51.877,27.047,torque,1.000,0.065054,0.000
2026-06-08T15:39:51.879,27.047,rpm,1.000,0.065054,0.000
2026-06-08T15:39:51.907,27.078,rpm,1.000,0.065054,0.000
2026-06-08T15:39:51.938,27.109,rpm,1.000,0.065054,0.000
2026-06-08T15:39:51.957,27.125,rpm,1.000,0.065054,0.000
2026-06-08T15:39:51.960,27.125,rpm,1.000,0.065054,0.000
2026-06-08T15:39:51.961,27.125,torque,1.000,0.064936,0.000
2026-06-08T15:39:51.997,27.156,rpm,1.000,0.064936,0.000
2026-06-08T15:39:52.005,27.172,rpm,1.000,0.064936,0.000
2026-06-08T15:39:52.029,27.187,rpm,1.000,0.064936,0.000
2026-06-08T15:39:52.055,27.219,torque,1.000,0.064872,0.000
2026-06-08T15:39:52.056,27.219,rpm,1.000,0.064872,0.000
2026-06-08T15:39:52.075,27.234,rpm,1.000,0.064872,0.000
2026-06-08T15:39:52.094,27.265,rpm,1.000,0.064872,0.000
2026-06-08T15:39:52.119,27.281,rpm,1.000,0.064872,0.000
2026-06-08T15:39:52.121,27.281,rpm,1.000,0.064872,0.000
2026-06-08T15:39:52.139,27.297,torque,1.000,0.064842,0.000
2026-06-08T15:39:52.149,27.312,rpm,1.000,0.064842,0.000
2026-06-08T15:39:52.198,27.359,rpm,1.000,0.064842,0.000
2026-06-08T15:39:52.223,27.390,torque,1.000,0.064907,0.000
2026-06-08T15:39:52.237,27.406,rpm,1.000,0.064907,0.000
2026-06-08T15:39:52.247,27.406,rpm,1.000,0.064907,0.000
2026-06-08T15:39:52.308,27.469,rpm,1.000,0.064907,0.000
2026-06-08T15:39:52.310,27.469,torque,1.000,0.065008,0.000
2026-06-08T15:39:52.339,27.500,rpm,1.000,0.065008,0.000
2026-06-08T15:39:52.349,27.515,rpm,1.000,0.065008,0.000
2026-06-08T15:39:52.370,27.531,rpm,1.000,0.065008,0.000
2026-06-08T15:39:52.391,27.562,rpm,1.000,0.065008,0.000
2026-06-08T15:39:52.395,27.562,torque,1.000,0.064968,0.000
2026-06-08T15:39:52.398,27.562,rpm,1.000,0.064968,0.000
2026-06-08T15:39:52.433,27.594,rpm,1.000,0.064968,0.000
2026-06-08T15:39:52.473,27.640,rpm,1.000,0.064968,0.000
2026-06-08T15:39:52.480,27.640,rpm,1.000,0.064968,0.000
2026-06-08T15:39:52.481,27.640,torque,1.000,0.065006,0.000
2026-06-08T15:39:52.526,27.687,rpm,1.000,0.065006,0.000
2026-06-08T15:39:52.558,27.719,rpm,1.000,0.065006,0.000
2026-06-08T15:39:52.581,27.750,torque,1.000,0.065182,0.000
2026-06-08T15:39:52.598,27.765,rpm,1.000,0.065182,0.000
2026-06-08T15:39:52.618,27.781,rpm,1.000,0.065182,0.000
2026-06-08T15:39:52.619,27.781,rpm,1.000,0.065182,0.000
2026-06-08T15:39:52.654,27.812,torque,1.000,0.065138,0.000
2026-06-08T15:39:52.689,27.859,rpm,1.000,0.065138,0.000
2026-06-08T15:39:52.709,27.875,rpm,1.000,0.065138,0.000
2026-06-08T15:39:52.733,27.890,rpm,1.000,0.065138,0.000
2026-06-08T15:39:52.740,27.906,torque,1.000,0.065187,0.000
2026-06-08T15:39:52.759,27.922,rpm,1.000,0.065187,0.000
2026-06-08T15:39:52.774,27.937,rpm,1.000,0.065187,0.000
2026-06-08T15:39:52.790,27.953,rpm,1.000,0.065187,0.000
2026-06-08T15:39:52.808,27.969,rpm,1.000,0.065187,0.000
2026-06-08T15:39:52.825,27.984,rpm,1.000,0.065187,0.000
2026-06-08T15:39:52.829,28.000,torque,1.000,0.065019,0.000
2026-06-08T15:39:52.852,28.015,rpm,1.000,0.065019,0.000
2026-06-08T15:39:52.870,28.031,rpm,1.000,0.065019,0.000
2026-06-08T15:39:52.895,28.062,rpm,1.000,0.065019,0.000
2026-06-08T15:39:52.918,28.078,rpm,1.000,0.065019,0.000
2026-06-08T15:39:52.920,28.078,torque,1.000,0.064940,0.000
2026-06-08T15:39:52.931,28.094,rpm,1.000,0.064940,0.000
2026-06-08T15:39:52.961,28.125,rpm,1.000,0.064940,0.000
2026-06-08T15:39:52.997,28.156,rpm,1.000,0.064940,0.000
2026-06-08T15:39:53.002,28.172,torque,1.000,0.065076,0.000
2026-06-08T15:39:53.039,28.203,rpm,1.000,0.065076,0.000
2026-06-08T15:39:53.060,28.219,rpm,1.000,0.065076,0.000
2026-06-08T15:39:53.072,28.234,rpm,1.000,0.065076,0.000
2026-06-08T15:39:53.080,28.250,rpm,1.000,0.065076,0.000
2026-06-08T15:39:53.095,28.265,torque,1.000,0.065203,0.000
2026-06-08T15:39:53.164,28.328,rpm,1.000,0.065203,0.000
2026-06-08T15:39:53.183,28.344,torque,1.000,0.065166,0.000
2026-06-08T15:39:53.190,28.359,rpm,1.000,0.065166,0.000
2026-06-08T15:39:53.208,28.375,rpm,1.000,0.065166,0.000
2026-06-08T15:39:53.229,28.390,rpm,1.000,0.065166,0.000
2026-06-08T15:39:53.253,28.422,rpm,1.000,0.065166,0.000
2026-06-08T15:39:53.268,28.437,torque,1.000,0.065152,0.000
2026-06-08T15:39:53.268,28.437,rpm,1.000,0.065152,0.000
2026-06-08T15:39:53.292,28.453,rpm,1.000,0.065152,0.000
2026-06-08T15:39:53.312,28.484,rpm,1.000,0.065152,0.000
2026-06-08T15:39:53.316,28.484,rpm,1.000,0.065152,0.000
2026-06-08T15:39:53.340,28.500,rpm,1.000,0.065152,0.000
2026-06-08T15:39:53.345,28.515,torque,1.000,0.065172,0.000
2026-06-08T15:39:53.407,28.578,rpm,1.000,0.065172,0.000
2026-06-08T15:39:53.429,28.594,rpm,1.000,0.065172,0.000
2026-06-08T15:39:53.445,28.609,torque,1.000,0.065147,0.000
2026-06-08T15:39:53.445,28.609,rpm,1.000,0.065147,0.000
2026-06-08T15:39:53.477,28.640,rpm,1.000,0.065147,0.000
2026-06-08T15:39:53.488,28.656,rpm,1.000,0.065147,0.000
2026-06-08T15:39:53.522,28.687,torque,1.000,0.065409,0.000
2026-06-08T15:39:53.540,28.703,rpm,0.000,0.065409,0.000
2026-06-08T15:39:53.540,28.703,rpm,0.000,0.065409,0.000
2026-06-08T15:39:53.566,28.734,rpm,0.000,0.065409,0.000
2026-06-08T15:39:53.589,28.750,rpm,0.000,0.065409,0.000
2026-06-08T15:39:53.608,28.765,rpm,0.000,0.065409,0.000
2026-06-08T15:39:53.608,28.765,torque,0.000,0.065780,0.000
2026-06-08T15:39:53.644,28.812,rpm,0.000,0.065780,0.000
2026-06-08T15:39:53.651,28.812,rpm,0.000,0.065780,0.000
2026-06-08T15:39:53.675,28.844,rpm,0.000,0.065780,0.000
2026-06-08T15:39:53.701,28.859,torque,0.000,0.065797,0.000
2026-06-08T15:39:53.701,28.859,rpm,0.000,0.065797,0.000
2026-06-08T15:39:53.715,28.875,rpm,0.000,0.065797,0.000
2026-06-08T15:39:53.740,28.906,rpm,0.000,0.065797,0.000
2026-06-08T15:39:53.747,28.906,rpm,0.000,0.065797,0.000
2026-06-08T15:39:53.768,28.937,rpm,0.000,0.065797,0.000
2026-06-08T15:39:53.785,28.953,torque,0.000,0.065697,0.000
2026-06-08T15:39:53.788,28.953,rpm,0.000,0.065697,0.000
2026-06-08T15:39:53.812,28.969,rpm,0.000,0.065697,0.000
2026-06-08T15:39:53.843,29.000,rpm,0.000,0.065697,0.000
2026-06-08T15:39:53.856,29.015,rpm,0.000,0.065697,0.000
2026-06-08T15:39:53.864,29.031,rpm,0.000,0.065697,0.000
2026-06-08T15:39:53.877,29.047,torque,0.000,0.065629,0.000
2026-06-08T15:39:53.899,29.062,rpm,0.000,0.065629,0.000
2026-06-08T15:39:53.912,29.078,rpm,0.000,0.065629,0.000
2026-06-08T15:39:53.943,29.109,rpm,0.000,0.065629,0.000
2026-06-08T15:39:53.952,29.109,rpm,0.000,0.065629,0.000
2026-06-08T15:39:53.966,29.125,torque,0.000,0.065632,0.000
2026-06-08T15:39:53.978,29.140,rpm,0.000,0.065632,0.000
2026-06-08T15:39:54.004,29.172,rpm,0.000,0.065632,0.000
2026-06-08T15:39:54.013,29.172,rpm,0.000,0.065632,0.000
2026-06-08T15:39:54.037,29.203,rpm,0.000,0.065632,0.000
2026-06-08T15:39:54.064,29.234,torque,0.000,0.065716,0.000
2026-06-08T15:39:54.064,29.234,rpm,0.000,0.065716,0.000
2026-06-08T15:39:54.074,29.234,rpm,0.000,0.065716,0.000
2026-06-08T15:39:54.111,29.281,rpm,0.000,0.065716,0.000
2026-06-08T15:39:54.125,29.281,rpm,0.000,0.065716,0.000
2026-06-08T15:39:54.140,29.297,rpm,0.000,0.065716,0.000
2026-06-08T15:39:54.154,29.312,torque,0.000,0.065839,0.000
2026-06-08T15:39:54.162,29.328,rpm,0.000,0.065839,0.000
2026-06-08T15:39:54.188,29.359,rpm,0.000,0.065839,0.000
2026-06-08T15:39:54.199,29.359,rpm,0.000,0.065839,0.000
2026-06-08T15:39:54.235,29.406,rpm,0.000,0.065839,0.000
2026-06-08T15:39:54.244,29.406,torque,0.000,0.066033,0.000
2026-06-08T15:39:54.245,29.406,rpm,0.000,0.066033,0.000
2026-06-08T15:39:54.256,29.422,rpm,0.000,0.066033,0.000
2026-06-08T15:39:54.286,29.453,rpm,0.000,0.066033,0.000
2026-06-08T15:39:54.294,29.453,rpm,0.000,0.066033,0.000
2026-06-08T15:39:54.316,29.484,torque,0.000,0.066250,0.000
2026-06-08T15:39:54.339,29.500,rpm,0.000,0.066250,0.000
2026-06-08T15:39:54.340,29.500,rpm,0.000,0.066250,0.000
2026-06-08T15:39:54.359,29.531,rpm,0.000,0.066250,0.000
2026-06-08T15:39:54.385,29.547,rpm,0.000,0.066250,0.000
2026-06-08T15:39:54.396,29.562,torque,0.000,0.066409,0.000
2026-06-08T15:39:54.404,29.562,rpm,0.000,0.066409,0.000
2026-06-08T15:39:54.406,29.578,rpm,0.000,0.066409,0.000
2026-06-08T15:39:54.443,29.609,rpm,0.000,0.066409,0.000
2026-06-08T15:39:54.452,29.609,rpm,0.000,0.066409,0.000
2026-06-08T15:39:54.472,29.640,torque,0.000,0.066537,0.000
2026-06-08T15:39:54.475,29.640,rpm,0.000,0.066537,0.000
2026-06-08T15:39:54.481,29.640,rpm,0.000,0.066537,0.000
2026-06-08T15:39:54.522,29.687,rpm,0.000,0.066537,0.000
2026-06-08T15:39:54.544,29.703,rpm,0.000,0.066537,0.000
2026-06-08T15:39:54.568,29.734,torque,0.000,0.066582,0.000
2026-06-08T15:39:54.582,29.750,rpm,0.000,0.066582,0.000
2026-06-08T15:39:54.593,29.750,rpm,0.000,0.066582,0.000
2026-06-08T15:39:54.624,29.781,rpm,0.000,0.066582,0.000
2026-06-08T15:39:54.630,29.797,rpm,0.000,0.066582,0.000
2026-06-08T15:39:54.652,29.812,torque,0.000,0.066654,0.000
2026-06-08T15:39:54.652,29.812,rpm,0.000,0.066654,0.000
2026-06-08T15:39:54.681,29.844,rpm,0.000,0.066654,0.000
2026-06-08T15:39:54.699,29.859,rpm,0.000,0.066654,0.000
2026-06-08T15:39:54.716,29.875,rpm,0.000,0.066654,0.000
2026-06-08T15:39:54.724,29.890,rpm,0.000,0.066654,0.000
2026-06-08T15:39:54.743,29.906,torque,0.000,0.066724,0.000
2026-06-08T15:39:54.746,29.906,rpm,0.000,0.066724,0.000
2026-06-08T15:39:54.779,29.937,rpm,0.000,0.066724,0.000
2026-06-08T15:39:54.786,29.953,rpm,0.000,0.066724,0.000
2026-06-08T15:39:54.813,29.984,rpm,0.000,0.066724,0.000
2026-06-08T15:39:54.821,29.984,torque,0.000,0.066718,0.000
2026-06-08T15:39:54.836,30.000,rpm,0.000,0.066718,0.000
2026-06-08T15:39:54.855,30.015,rpm,0.000,0.066718,0.000
2026-06-08T15:39:54.880,30.047,rpm,0.000,0.066718,0.000
2026-06-08T15:39:54.893,30.062,rpm,0.000,0.066718,0.000
2026-06-08T15:39:54.913,30.078,torque,0.000,0.066952,0.000
2026-06-08T15:39:54.913,30.078,rpm,0.000,0.066952,0.000
2026-06-08T15:39:54.930,30.094,rpm,0.000,0.066952,0.000
2026-06-08T15:39:54.967,30.125,rpm,0.000,0.066952,0.000
2026-06-08T15:39:54.969,30.140,rpm,0.000,0.066952,0.000
2026-06-08T15:39:55.002,30.172,rpm,0.000,0.066952,0.000
2026-06-08T15:39:55.002,30.172,torque,0.000,0.066863,0.000
2026-06-08T15:39:55.030,30.187,rpm,0.000,0.066863,0.000
2026-06-08T15:39:55.052,30.219,rpm,0.000,0.066863,0.000
2026-06-08T15:39:55.063,30.234,rpm,0.000,0.066863,0.000
2026-06-08T15:39:55.075,30.234,rpm,0.000,0.066863,0.000
2026-06-08T15:39:55.088,30.250,torque,0.000,0.066954,0.000
2026-06-08T15:39:55.088,30.250,rpm,0.000,0.066954,0.000
2026-06-08T15:39:55.124,30.281,rpm,0.000,0.066954,0.000
2026-06-08T15:39:55.156,30.312,rpm,0.000,0.066954,0.000
2026-06-08T15:39:55.165,30.328,rpm,0.000,0.066954,0.000
2026-06-08T15:39:55.167,30.328,torque,0.000,0.067117,0.000
2026-06-08T15:39:55.189,30.359,rpm,0.000,0.067117,0.000
2026-06-08T15:39:55.201,30.359,rpm,0.000,0.067117,0.000
2026-06-08T15:39:55.213,30.375,rpm,0.000,0.067117,0.000
2026-06-08T15:39:55.236,30.406,rpm,0.000,0.067117,0.000
2026-06-08T15:39:55.245,30.406,rpm,0.000,0.067117,0.000
2026-06-08T15:39:55.265,30.422,torque,0.000,0.067019,0.000
2026-06-08T15:39:55.276,30.437,rpm,0.000,0.067019,0.000
2026-06-08T15:39:55.302,30.469,rpm,0.000,0.067019,0.000
2026-06-08T15:39:55.325,30.484,rpm,0.000,0.067019,0.000
2026-06-08T15:39:55.326,30.484,rpm,0.000,0.067019,0.000
2026-06-08T15:39:55.346,30.515,torque,0.000,0.066806,0.000
2026-06-08T15:39:55.355,30.515,rpm,0.000,0.066806,0.000
2026-06-08T15:39:55.413,30.578,rpm,0.000,0.066806,0.000
2026-06-08T15:39:55.434,30.594,torque,0.000,0.066682,0.000
2026-06-08T15:39:55.434,30.594,rpm,0.000,0.066682,0.000
2026-06-08T15:39:55.453,30.625,rpm,0.000,0.066682,0.000
2026-06-08T15:39:55.487,30.656,rpm,0.000,0.066682,0.000
2026-06-08T15:39:55.495,30.656,rpm,0.000,0.066682,0.000
2026-06-08T15:39:55.514,30.672,rpm,0.000,0.066682,0.000
2026-06-08T15:39:55.515,30.672,torque,0.000,0.066544,0.000
2026-06-08T15:39:55.537,30.703,rpm,0.000,0.066544,0.000
2026-06-08T15:39:55.562,30.719,rpm,0.000,0.066544,0.000
2026-06-08T15:39:55.563,30.734,rpm,0.000,0.066544,0.000
2026-06-08T15:39:55.601,30.765,rpm,0.000,0.066544,0.000
2026-06-08T15:39:55.602,30.765,torque,0.000,0.066332,0.000
2026-06-08T15:39:55.602,30.765,rpm,0.000,0.066332,0.000
2026-06-08T15:39:55.639,30.797,rpm,0.000,0.066332,0.000
2026-06-08T15:39:55.648,30.812,rpm,0.000,0.066332,0.000
2026-06-08T15:39:55.678,30.844,rpm,0.000,0.066332,0.000
2026-06-08T15:39:55.684,30.844,torque,0.000,0.066270,0.000
2026-06-08T15:39:55.716,30.875,rpm,0.000,0.066270,0.000
2026-06-08T15:39:55.735,30.906,rpm,0.000,0.066270,0.000
2026-06-08T15:39:55.758,30.922,rpm,0.000,0.066270,0.000
2026-06-08T15:39:55.760,30.922,rpm,0.000,0.066270,0.000
2026-06-08T15:39:55.781,30.937,torque,0.000,0.066269,0.000
2026-06-08T15:39:55.805,30.969,rpm,0.000,0.066269,0.000
2026-06-08T15:39:55.825,30.984,rpm,0.000,0.066269,0.000
2026-06-08T15:39:55.850,31.015,rpm,0.000,0.066269,0.000
2026-06-08T15:39:55.860,31.031,torque,0.000,0.066083,0.000
2026-06-08T15:39:55.899,31.062,rpm,0.000,0.066083,0.000
2026-06-08T15:39:55.907,31.078,rpm,0.000,0.066083,0.000
2026-06-08T15:39:55.946,31.109,torque,0.000,0.065998,0.000
2026-06-08T15:39:55.953,31.109,rpm,0.000,0.065998,0.000
2026-06-08T15:39:55.986,31.156,rpm,0.000,0.065998,0.000
2026-06-08T15:39:55.993,31.156,rpm,0.000,0.065998,0.000
2026-06-08T15:39:56.009,31.172,rpm,0.000,0.065998,0.000
2026-06-08T15:39:56.033,31.203,torque,0.000,0.065853,0.000
2026-06-08T15:39:56.057,31.219,rpm,0.000,0.065853,0.000
2026-06-08T15:39:56.059,31.219,rpm,0.000,0.065853,0.000
2026-06-08T15:39:56.089,31.250,rpm,0.000,0.065853,0.000
2026-06-08T15:39:56.119,31.281,rpm,0.000,0.065853,0.000
2026-06-08T15:39:56.119,31.281,torque,0.000,0.065596,0.000
2026-06-08T15:39:56.129,31.297,rpm,0.000,0.065596,0.000
2026-06-08T15:39:56.163,31.328,rpm,0.000,0.065596,0.000
2026-06-08T15:39:56.182,31.344,rpm,0.000,0.065596,0.000
2026-06-08T15:39:56.182,31.344,rpm,0.000,0.065596,0.000
2026-06-08T15:39:56.205,31.375,torque,0.000,0.065537,0.000
2026-06-08T15:39:56.207,31.375,rpm,0.000,0.065537,0.000
2026-06-08T15:39:56.232,31.390,rpm,0.000,0.065537,0.000
2026-06-08T15:39:56.261,31.422,rpm,0.000,0.065537,0.000
2026-06-08T15:39:56.272,31.437,rpm,0.000,0.065537,0.000
2026-06-08T15:39:56.291,31.453,torque,0.000,0.065436,0.000
2026-06-08T15:39:56.291,31.453,rpm,0.000,0.065436,0.000
2026-06-08T15:39:56.310,31.469,rpm,0.000,0.065436,0.000
