timestamp,elapsed_s,source,rpm,torque_mnm,throttle_pct
2026-06-25T17:19:57.194,0.016,torque,,0.126,
2026-06-25T17:19:57.212,0.032,rpm,0.000,0.126,
2026-06-25T17:19:57.213,0.032,rpm,0.000,0.126,
2026-06-25T17:19:57.213,0.032,rpm,0.000,0.126,
2026-06-25T17:19:57.213,0.032,rpm,0.000,0.126,
2026-06-25T17:19:57.213,0.032,rpm,0.000,0.126,
2026-06-25T17:19:57.214,0.032,torque,0.000,0.253,
2026-06-25T17:19:57.214,0.032,rpm,0.000,0.253,
2026-06-25T17:19:57.255,0.078,rpm,0.000,0.253,
2026-06-25T17:19:57.259,0.078,rpm,0.000,0.253,
2026-06-25T17:19:57.259,0.078,rpm,0.000,0.253,
2026-06-25T17:19:57.299,0.110,rpm,0.000,0.253,
2026-06-25T17:19:57.309,0.125,torque,0.000,0.130,
2026-06-25T17:19:57.331,0.141,rpm,0.000,0.130,
2026-06-25T17:19:57.405,0.219,rpm,0.000,0.130,
2026-06-25T17:19:57.405,0.219,torque,0.000,0.013,
2026-06-25T17:19:57.405,0.219,rpm,0.000,0.013,
2026-06-25T17:19:57.414,0.235,rpm,0.000,0.013,
2026-06-25T17:19:57.449,0.266,rpm,0.000,0.013,
2026-06-25T17:19:57.468,0.282,torque,0.000,0.141,
2026-06-25T17:19:57.468,0.282,rpm,0.000,0.141,
2026-06-25T17:19:57.481,0.297,rpm,0.000,0.141,
2026-06-25T17:19:57.491,0.313,rpm,0.000,0.141,
2026-06-25T17:19:57.547,0.360,rpm,0.000,0.141,
2026-06-25T17:19:57.560,0.375,torque,0.000,0.114,
2026-06-25T17:19:57.560,0.375,rpm,0.000,0.114,
2026-06-25T17:19:57.570,0.391,rpm,0.000,0.114,
2026-06-25T17:19:57.625,0.438,rpm,0.000,0.114,
2026-06-25T17:19:57.637,0.453,rpm,0.000,0.114,
2026-06-25T17:19:57.637,0.453,rpm,0.000,0.114,
2026-06-25T17:19:57.637,0.453,torque,0.000,0.085,
2026-06-25T17:19:57.647,0.469,rpm,0.000,0.085,
2026-06-25T17:19:57.701,0.516,rpm,0.000,0.085,
2026-06-25T17:19:57.715,0.532,rpm,0.000,0.085,
2026-06-25T17:19:57.715,0.532,torque,0.000,-0.030,
2026-06-25T17:19:57.725,0.547,rpm,0.000,-0.030,
2026-06-25T17:19:57.802,0.625,rpm,0.000,-0.030,
2026-06-25T17:19:57.812,0.625,rpm,0.000,-0.030,
2026-06-25T17:19:57.814,0.625,torque,0.000,-0.004,
2026-06-25T17:19:57.815,0.625,rpm,0.000,-0.004,
2026-06-25T17:19:57.815,0.625,rpm,0.000,-0.004,
2026-06-25T17:19:57.840,0.657,rpm,0.000,-0.004,
2026-06-25T17:19:57.894,0.703,rpm,0.000,-0.004,
2026-06-25T17:19:57.903,0.719,torque,0.000,0.193,
2026-06-25T17:19:57.913,0.735,rpm,0.000,0.193,
2026-06-25T17:19:57.964,0.782,rpm,0.000,0.193,
2026-06-25T17:19:57.964,0.782,rpm,0.000,0.193,
2026-06-25T17:19:57.977,0.797,torque,0.000,0.296,
2026-06-25T17:19:57.977,0.797,rpm,0.000,0.296,
2026-06-25T17:19:57.984,0.797,rpm,0.000,0.296,
2026-06-25T17:19:58.028,0.844,rpm,0.000,0.296,
2026-06-25T17:19:58.048,0.860,rpm,0.000,0.296,
2026-06-25T17:19:58.048,0.860,rpm,0.000,0.296,
2026-06-25T17:19:58.061,0.875,torque,0.000,0.421,
2026-06-25T17:19:58.072,0.891,rpm,0.000,0.421,
2026-06-25T17:19:58.083,0.907,rpm,0.000,0.421,
2026-06-25T17:19:58.142,0.953,rpm,0.000,0.421,
2026-06-25T17:19:58.142,0.953,rpm,0.000,0.421,
2026-06-25T17:19:58.157,0.969,rpm,0.000,0.421,
2026-06-25T17:19:58.157,0.969,torque,0.000,0.116,
2026-06-25T17:19:58.189,1.000,rpm,0.000,0.116,
2026-06-25T17:19:58.190,1.000,rpm,0.000,0.116,
2026-06-25T17:19:58.232,1.047,rpm,0.000,0.116,
2026-06-25T17:19:58.232,1.047,torque,0.000,0.061,
2026-06-25T17:19:58.244,1.063,rpm,0.000,0.061,
2026-06-25T17:19:58.292,1.110,rpm,0.000,0.061,
2026-06-25T17:19:58.302,1.125,rpm,0.000,0.061,
2026-06-25T17:19:58.304,1.125,rpm,0.000,0.061,
2026-06-25T17:19:58.316,1.141,torque,0.000,0.144,
2026-06-25T17:19:58.316,1.141,rpm,0.000,0.144,
2026-06-25T17:19:58.326,1.141,rpm,0.000,0.144,
2026-06-25T17:19:58.349,1.172,rpm,0.000,0.144,
2026-06-25T17:19:58.400,1.219,rpm,0.000,0.144,
2026-06-25T17:19:58.411,1.235,rpm,0.000,0.144,
2026-06-25T17:19:58.422,1.235,torque,0.000,0.268,
2026-06-25T17:19:58.423,1.235,rpm,0.000,0.268,
2026-06-25T17:19:58.432,1.250,rpm,0.000,0.268,
2026-06-25T17:19:58.483,1.297,rpm,0.000,0.268,
2026-06-25T17:19:58.491,1.313,torque,0.000,0.281,
2026-06-25T17:19:58.492,1.313,rpm,0.000,0.281,
2026-06-25T17:19:58.492,1.313,rpm,0.000,0.281,
2026-06-25T17:19:58.516,1.328,rpm,0.000,0.281,
2026-06-25T17:19:58.566,1.375,rpm,0.000,0.281,
2026-06-25T17:19:58.575,1.391,rpm,0.000,0.281,
2026-06-25T17:19:58.575,1.391,torque,0.000,0.200,
2026-06-25T17:19:58.577,1.391,rpm,0.000,0.200,
2026-06-25T17:19:58.637,1.453,rpm,0.000,0.200,
2026-06-25T17:19:58.638,1.453,rpm,0.000,0.200,
2026-06-25T17:19:58.646,1.469,rpm,0.000,0.200,
2026-06-25T17:19:58.648,1.469,rpm,0.000,0.200,
2026-06-25T17:19:58.660,1.485,torque,0.000,0.268,
2026-06-25T17:19:58.670,1.485,rpm,0.000,0.268,
2026-06-25T17:19:58.722,1.532,rpm,0.000,0.268,
2026-06-25T17:19:58.732,1.547,rpm,0.000,0.268,
2026-06-25T17:19:58.743,1.563,rpm,0.000,0.268,
2026-06-25T17:19:58.758,1.578,torque,0.000,0.238,
2026-06-25T17:19:58.767,1.578,rpm,0.000,0.238,
2026-06-25T17:19:58.786,1.610,rpm,0.000,0.238,
2026-06-25T17:19:58.808,1.625,rpm,0.000,0.238,
2026-06-25T17:19:58.826,1.641,torque,0.000,0.203,
2026-06-25T17:19:58.845,1.657,rpm,0.000,0.203,
2026-06-25T17:19:58.867,1.688,rpm,0.000,0.203,
2026-06-25T17:19:58.886,1.703,rpm,0.000,0.203,
2026-06-25T17:19:58.905,1.719,rpm,0.000,0.203,
2026-06-25T17:19:58.916,1.735,rpm,0.000,0.203,
2026-06-25T17:19:58.924,1.735,torque,0.000,0.012,
2026-06-25T17:19:58.981,1.797,rpm,0.000,0.012,
2026-06-25T17:19:58.983,1.797,rpm,0.000,0.012,
2026-06-25T17:19:59.005,1.828,rpm,0.000,0.012,
2026-06-25T17:19:59.005,1.828,torque,0.000,0.187,
2026-06-25T17:19:59.047,1.860,rpm,0.000,0.187,
2026-06-25T17:19:59.058,1.875,rpm,0.000,0.187,
2026-06-25T17:19:59.069,1.891,rpm,0.000,0.187,
2026-06-25T17:19:59.079,1.891,rpm,0.000,0.187,
2026-06-25T17:19:59.098,1.922,torque,0.000,0.156,
2026-06-25T17:19:59.098,1.922,rpm,0.000,0.156,
2026-06-25T17:19:59.140,1.953,rpm,0.000,0.156,
2026-06-25T17:19:59.140,1.953,rpm,0.000,0.156,
2026-06-25T17:19:59.161,1.985,rpm,0.000,0.156,
2026-06-25T17:19:59.179,2.000,torque,0.000,0.217,
2026-06-25T17:19:59.214,2.032,rpm,0.000,0.217,
2026-06-25T17:19:59.235,2.047,rpm,0.000,0.217,
2026-06-25T17:19:59.235,2.047,rpm,0.000,0.217,
2026-06-25T17:19:59.263,2.078,torque,0.000,0.305,
2026-06-25T17:19:59.273,2.094,rpm,0.000,0.305,
2026-06-25T17:19:59.312,2.125,rpm,0.000,0.305,
2026-06-25T17:19:59.312,2.125,rpm,0.000,0.305,
2026-06-25T17:19:59.331,2.141,rpm,0.000,0.305,
2026-06-25T17:19:59.343,2.157,rpm,0.000,0.305,
2026-06-25T17:19:59.352,2.172,torque,0.000,0.365,
2026-06-25T17:19:59.352,2.172,rpm,0.000,0.365,
2026-06-25T17:19:59.373,2.188,rpm,0.000,0.365,
2026-06-25T17:19:59.424,2.235,rpm,0.000,0.365,
2026-06-25T17:19:59.433,2.250,rpm,0.000,0.365,
2026-06-25T17:19:59.440,2.250,torque,0.000,0.512,
2026-06-25T17:19:59.497,2.313,rpm,0.000,0.512,
2026-06-25T17:19:59.498,2.313,rpm,0.000,0.512,
2026-06-25T17:19:59.521,2.344,rpm,0.000,0.512,
2026-06-25T17:19:59.521,2.344,torque,0.000,0.576,
2026-06-25T17:19:59.580,2.391,rpm,0.000,0.576,
2026-06-25T17:19:59.580,2.391,rpm,0.000,0.576,
2026-06-25T17:19:59.598,2.422,rpm,0.000,0.576,
2026-06-25T17:19:59.614,2.438,torque,0.000,0.342,
2026-06-25T17:19:59.614,2.438,rpm,0.000,0.342,
2026-06-25T17:19:59.677,2.500,rpm,0.000,0.342,
2026-06-25T17:19:59.677,2.500,rpm,0.000,0.342,
2026-06-25T17:19:59.677,2.500,rpm,0.000,0.342,
2026-06-25T17:19:59.700,2.516,torque,0.000,0.155,
2026-06-25T17:19:59.700,2.516,rpm,0.000,0.155,
2026-06-25T17:19:59.721,2.532,rpm,0.000,0.155,
2026-06-25T17:19:59.763,2.578,rpm,0.000,0.155,
2026-06-25T17:19:59.781,2.594,rpm,0.000,0.155,
2026-06-25T17:19:59.781,2.594,torque,0.000,0.037,
2026-06-25T17:19:59.801,2.625,rpm,0.000,0.037,
2026-06-25T17:19:59.854,2.672,rpm,0.000,0.037,
2026-06-25T17:19:59.865,2.688,rpm,0.000,0.037,
2026-06-25T17:19:59.866,2.688,rpm,0.000,0.037,
2026-06-25T17:19:59.877,2.688,torque,0.000,0.314,
2026-06-25T17:19:59.936,2.750,rpm,0.000,0.314,
2026-06-25T17:19:59.944,2.766,rpm,0.000,0.314,
2026-06-25T17:19:59.944,2.766,rpm,0.000,0.314,
2026-06-25T17:19:59.950,2.766,rpm,0.000,0.314,
2026-06-25T17:19:59.951,2.766,torque,0.000,0.173,
2026-06-25T17:20:00.008,2.828,rpm,0.000,0.173,
2026-06-25T17:20:00.008,2.828,rpm,0.000,0.173,
2026-06-25T17:20:00.030,2.844,rpm,0.000,0.173,
2026-06-25T17:20:00.046,2.860,torque,0.000,0.229,
2026-06-25T17:20:00.047,2.860,rpm,0.000,0.229,
2026-06-25T17:20:00.085,2.907,rpm,0.000,0.229,
2026-06-25T17:20:00.086,2.907,rpm,0.000,0.229,
2026-06-25T17:20:00.104,2.922,rpm,0.000,0.229,
2026-06-25T17:20:00.123,2.938,torque,0.000,0.260,
2026-06-25T17:20:00.133,2.953,rpm,0.000,0.260,
2026-06-25T17:20:00.178,3.000,rpm,0.000,0.260,
2026-06-25T17:20:00.188,3.000,rpm,0.000,0.260,
2026-06-25T17:20:00.197,3.016,rpm,0.000,0.260,
2026-06-25T17:20:00.217,3.032,torque,0.000,0.191,
2026-06-25T17:20:00.229,3.047,rpm,0.000,0.191,
2026-06-25T17:20:00.286,3.110,rpm,0.000,0.191,
2026-06-25T17:20:00.286,3.110,rpm,0.000,0.191,
2026-06-25T17:20:00.294,3.110,rpm,0.000,0.191,
2026-06-25T17:20:00.309,3.125,torque,0.000,0.121,
2026-06-25T17:20:00.366,3.188,rpm,0.000,0.121,
2026-06-25T17:20:00.374,3.188,rpm,0.000,0.121,
2026-06-25T17:20:00.375,3.188,rpm,0.000,0.121,
2026-06-25T17:20:00.396,3.219,torque,0.000,0.438,
2026-06-25T17:20:00.397,3.219,rpm,0.000,0.438,
2026-06-25T17:20:00.426,3.250,rpm,0.000,0.438,
2026-06-25T17:20:00.468,3.282,rpm,0.000,0.438,
2026-06-25T17:20:00.468,3.282,rpm,0.000,0.438,
2026-06-25T17:20:00.488,3.297,torque,0.000,0.491,
2026-06-25T17:20:00.488,3.297,rpm,0.000,0.491,
2026-06-25T17:20:00.509,3.328,rpm,0.000,0.491,
2026-06-25T17:20:00.556,3.375,rpm,0.000,0.491,
2026-06-25T17:20:00.566,3.375,rpm,0.000,0.491,
2026-06-25T17:20:00.567,3.391,rpm,0.000,0.491,
2026-06-25T17:20:00.576,3.391,torque,0.000,0.102,
2026-06-25T17:20:00.615,3.438,rpm,0.000,0.102,
2026-06-25T17:20:00.634,3.453,rpm,0.000,0.102,
2026-06-25T17:20:00.634,3.453,rpm,0.000,0.102,
2026-06-25T17:20:00.647,3.469,rpm,0.000,0.102,
2026-06-25T17:20:00.655,3.469,torque,0.000,0.015,
2026-06-25T17:20:00.688,3.500,rpm,0.000,0.015,
2026-06-25T17:20:00.711,3.532,rpm,0.000,0.015,
2026-06-25T17:20:00.712,3.532,rpm,0.000,0.015,
2026-06-25T17:20:00.731,3.547,rpm,0.000,0.015,
2026-06-25T17:20:00.731,3.547,torque,0.000,0.205,
2026-06-25T17:20:00.760,3.578,rpm,0.000,0.205,
2026-06-25T17:20:00.807,3.625,rpm,0.000,0.205,
2026-06-25T17:20:00.807,3.625,rpm,0.000,0.205,
2026-06-25T17:20:00.808,3.625,rpm,0.000,0.205,
2026-06-25T17:20:00.828,3.641,torque,0.000,0.455,
2026-06-25T17:20:00.828,3.641,rpm,0.000,0.455,
2026-06-25T17:20:00.844,3.657,rpm,0.000,0.455,
2026-06-25T17:20:00.900,3.719,rpm,0.000,0.455,
2026-06-25T17:20:00.912,3.735,rpm,0.000,0.455,
2026-06-25T17:20:00.912,3.735,rpm,0.000,0.455,
2026-06-25T17:20:00.922,3.735,torque,0.000,0.654,
2026-06-25T17:20:00.930,3.750,rpm,0.000,0.654,
2026-06-25T17:20:00.971,3.782,rpm,0.000,0.654,
2026-06-25T17:20:00.983,3.797,rpm,0.000,0.654,
2026-06-25T17:20:01.001,3.813,torque,0.000,0.337,
2026-06-25T17:20:01.001,3.813,rpm,0.000,0.337,
2026-06-25T17:20:01.014,3.828,rpm,0.000,0.337,
2026-06-25T17:20:01.071,3.891,rpm,0.000,0.337,
2026-06-25T17:20:01.071,3.891,rpm,0.000,0.337,
2026-06-25T17:20:01.080,3.891,rpm,0.000,0.337,
2026-06-25T17:20:01.080,3.891,torque,0.000,0.235,
2026-06-25T17:20:01.148,3.969,rpm,0.000,0.235,
2026-06-25T17:20:01.156,3.969,rpm,0.000,0.235,
2026-06-25T17:20:01.158,3.969,rpm,0.000,0.235,
2026-06-25T17:20:01.175,3.985,torque,0.000,-0.109,
2026-06-25T17:20:01.176,4.000,rpm,0.000,-0.109,
2026-06-25T17:20:01.195,4.016,rpm,0.000,-0.109,
2026-06-25T17:20:01.244,4.063,rpm,0.000,-0.109,
2026-06-25T17:20:01.256,4.078,rpm,0.000,-0.109,
2026-06-25T17:20:01.256,4.078,rpm,0.000,-0.109,
2026-06-25T17:20:01.264,4.078,torque,0.000,-0.025,
2026-06-25T17:20:01.275,4.094,rpm,0.000,-0.025,
2026-06-25T17:20:01.321,4.141,rpm,0.000,-0.025,
2026-06-25T17:20:01.321,4.141,rpm,0.000,-0.025,
2026-06-25T17:20:01.333,4.157,rpm,0.000,-0.025,
2026-06-25T17:20:01.343,4.157,torque,0.000,0.099,
2026-06-25T17:20:01.362,4.172,rpm,0.000,0.099,
2026-06-25T17:20:01.409,4.219,rpm,0.000,0.099,
2026-06-25T17:20:01.417,4.235,rpm,0.000,0.099,
2026-06-25T17:20:01.421,4.235,torque,0.000,0.223,
2026-06-25T17:20:01.480,4.297,rpm,0.000,0.223,
2026-06-25T17:20:01.503,4.313,rpm,0.000,0.223,
2026-06-25T17:20:01.519,4.344,torque,0.000,0.195,
2026-06-25T17:20:01.520,4.344,rpm,0.000,0.195,
2026-06-25T17:20:01.538,4.360,rpm,0.000,0.195,
2026-06-25T17:20:01.578,4.391,rpm,0.000,0.195,
2026-06-25T17:20:01.589,4.407,rpm,0.000,0.195,
2026-06-25T17:20:01.599,4.422,torque,0.000,0.422,
2026-06-25T17:20:01.599,4.422,rpm,0.000,0.422,
2026-06-25T17:20:01.652,4.469,rpm,0.000,0.422,
2026-06-25T17:20:01.695,4.516,rpm,0.000,0.422,
2026-06-25T17:20:01.708,4.532,torque,0.000,0.372,
2026-06-25T17:20:01.710,4.532,rpm,0.000,0.372,
2026-06-25T17:20:01.724,4.547,rpm,0.000,0.372,
2026-06-25T17:20:01.769,4.578,rpm,0.000,0.372,
2026-06-25T17:20:01.778,4.594,rpm,0.000,0.372,
2026-06-25T17:20:01.795,4.610,rpm,0.000,0.372,
2026-06-25T17:20:01.795,4.610,torque,0.000,0.173,
2026-06-25T17:20:01.810,4.625,rpm,0.000,0.173,
2026-06-25T17:20:01.820,4.641,rpm,0.000,0.173,
2026-06-25T17:20:01.859,4.672,rpm,0.000,0.173,
2026-06-25T17:20:01.879,4.703,rpm,0.000,0.173,
2026-06-25T17:20:01.890,4.703,torque,0.000,0.330,
2026-06-25T17:20:01.893,4.703,rpm,0.000,0.330,
2026-06-25T17:20:01.906,4.719,rpm,0.000,0.330,
2026-06-25T17:20:01.938,4.750,rpm,0.000,0.330,
2026-06-25T17:20:01.968,4.782,rpm,0.000,0.330,
2026-06-25T17:20:01.981,4.797,torque,0.000,0.498,
2026-06-25T17:20:01.993,4.813,rpm,0.000,0.498,
2026-06-25T17:20:02.009,4.828,rpm,0.000,0.498,
2026-06-25T17:20:02.017,4.828,rpm,0.000,0.498,
2026-06-25T17:20:02.068,4.891,torque,0.000,0.340,
2026-06-25T17:20:02.068,4.891,rpm,0.000,0.340,
2026-06-25T17:20:02.081,4.891,rpm,0.000,0.340,
2026-06-25T17:20:02.082,4.907,rpm,0.000,0.340,
2026-06-25T17:20:02.114,4.938,rpm,0.000,0.340,
2026-06-25T17:20:02.158,4.969,torque,0.000,0.145,
2026-06-25T17:20:02.158,4.969,rpm,0.000,0.145,
2026-06-25T17:20:02.159,4.969,rpm,0.000,0.145,
2026-06-25T17:20:02.168,4.985,rpm,0.000,0.145,
2026-06-25T17:20:02.190,5.000,rpm,0.000,0.145,
2026-06-25T17:20:02.232,5.047,torque,0.000,0.207,
2026-06-25T17:20:02.232,5.047,rpm,0.000,0.207,
2026-06-25T17:20:02.232,5.047,rpm,0.000,0.207,
2026-06-25T17:20:02.276,5.094,rpm,0.000,0.207,
2026-06-25T17:20:02.306,5.125,torque,0.000,0.202,
2026-06-25T17:20:02.306,5.125,rpm,0.000,0.202,
2026-06-25T17:20:02.316,5.125,rpm,0.000,0.202,
2026-06-25T17:20:02.326,5.141,rpm,0.000,0.202,
2026-06-25T17:20:02.377,5.188,rpm,0.000,0.202,
2026-06-25T17:20:02.385,5.203,torque,0.000,0.256,
2026-06-25T17:20:02.385,5.203,rpm,0.000,0.256,
2026-06-25T17:20:02.387,5.203,rpm,0.000,0.256,
2026-06-25T17:20:02.441,5.250,rpm,0.000,0.256,
2026-06-25T17:20:02.454,5.266,rpm,0.000,0.256,
2026-06-25T17:20:02.464,5.282,rpm,0.000,0.256,
2026-06-25T17:20:02.465,5.282,torque,0.000,-0.023,
2026-06-25T17:20:02.465,5.282,rpm,0.000,-0.023,
2026-06-25T17:20:02.488,5.297,rpm,0.000,-0.023,
2026-06-25T17:20:02.543,5.360,rpm,0.000,-0.023,
2026-06-25T17:20:02.551,5.375,rpm,0.000,-0.023,
2026-06-25T17:20:02.553,5.375,rpm,0.000,-0.023,
2026-06-25T17:20:02.553,5.375,torque,0.000,0.219,
2026-06-25T17:20:02.561,5.375,rpm,0.000,0.219,
2026-06-25T17:20:02.621,5.438,rpm,0.000,0.219,
2026-06-25T17:20:02.621,5.438,rpm,0.000,0.219,
2026-06-25T17:20:02.652,5.469,torque,0.000,0.367,
2026-06-25T17:20:02.656,5.469,rpm,0.000,0.367,
2026-06-25T17:20:02.694,5.516,rpm,0.000,0.367,
2026-06-25T17:20:02.694,5.516,rpm,0.000,0.367,
2026-06-25T17:20:02.726,5.547,rpm,0.000,0.367,
2026-06-25T17:20:02.727,5.547,torque,0.000,0.155,
2026-06-25T17:20:02.773,5.594,rpm,0.000,0.155,
2026-06-25T17:20:02.792,5.610,rpm,0.000,0.155,
2026-06-25T17:20:02.802,5.625,rpm,0.000,0.155,
2026-06-25T17:20:02.802,5.625,rpm,0.000,0.155,
2026-06-25T17:20:02.810,5.625,torque,0.000,0.177,
2026-06-25T17:20:02.829,5.641,rpm,0.000,0.177,
2026-06-25T17:20:02.869,5.688,rpm,0.000,0.177,
2026-06-25T17:20:02.900,5.719,rpm,0.000,0.177,
2026-06-25T17:20:02.909,5.719,torque,0.000,0.051,
2026-06-25T17:20:02.930,5.750,rpm,0.000,0.051,
2026-06-25T17:20:02.930,5.750,rpm,0.000,0.051,
2026-06-25T17:20:02.982,5.797,rpm,0.000,0.051,
2026-06-25T17:20:02.993,5.813,torque,0.000,0.041,
2026-06-25T17:20:03.006,5.828,rpm,0.000,0.041,
2026-06-25T17:20:03.034,5.844,rpm,0.000,0.041,
2026-06-25T17:20:03.063,5.875,rpm,0.000,0.041,
2026-06-25T17:20:03.076,5.891,rpm,0.000,0.041,
2026-06-25T17:20:03.087,5.907,torque,0.000,0.184,
2026-06-25T17:20:03.087,5.907,rpm,0.000,0.184,
2026-06-25T17:20:03.099,5.922,rpm,0.000,0.184,
2026-06-25T17:20:03.165,5.985,rpm,0.000,0.184,
2026-06-25T17:20:03.166,5.985,torque,0.000,0.049,
2026-06-25T17:20:03.167,5.985,rpm,0.000,0.049,
2026-06-25T17:20:03.181,6.000,rpm,0.000,0.049,
2026-06-25T17:20:03.245,6.063,rpm,0.000,0.049,
2026-06-25T17:20:03.246,6.063,rpm,0.000,0.049,
2026-06-25T17:20:03.247,6.063,torque,0.000,0.150,
2026-06-25T17:20:03.247,6.063,rpm,0.000,0.150,
2026-06-25T17:20:03.270,6.094,rpm,0.000,0.150,
2026-06-25T17:20:03.311,6.125,rpm,0.000,0.150,
2026-06-25T17:20:03.343,6.157,rpm,0.000,0.150,
2026-06-25T17:20:03.344,6.157,torque,0.000,0.520,
2026-06-25T17:20:03.344,6.157,rpm,0.000,0.520,
2026-06-25T17:20:03.358,6.172,rpm,0.000,0.520,
2026-06-25T17:20:03.368,6.188,rpm,0.000,0.520,
2026-06-25T17:20:03.417,6.235,rpm,0.000,0.520,
2026-06-25T17:20:03.428,6.250,rpm,0.000,0.520,
2026-06-25T17:20:03.442,6.266,rpm,0.000,0.520,
2026-06-25T17:20:03.442,6.266,torque,0.000,0.320,
2026-06-25T17:20:03.453,6.266,rpm,0.000,0.320,
2026-06-25T17:20:03.504,6.313,rpm,0.000,0.320,
2026-06-25T17:20:03.515,6.328,torque,0.000,0.060,
2026-06-25T17:20:03.524,6.344,rpm,0.000,0.060,
2026-06-25T17:20:03.579,6.391,rpm,0.000,0.060,
2026-06-25T17:20:03.579,6.391,rpm,0.000,0.060,
2026-06-25T17:20:03.590,6.407,rpm,0.000,0.060,
2026-06-25T17:20:03.598,6.407,torque,0.000,0.190,
2026-06-25T17:20:03.621,6.438,rpm,0.000,0.190,
2026-06-25T17:20:03.622,6.438,rpm,0.000,0.190,
2026-06-25T17:20:03.662,6.485,rpm,0.000,0.190,
2026-06-25T17:20:03.683,6.500,rpm,0.000,0.190,
2026-06-25T17:20:03.683,6.500,torque,0.000,0.374,
2026-06-25T17:20:03.683,6.500,rpm,0.000,0.374,
2026-06-25T17:20:03.706,6.516,rpm,0.000,0.374,
2026-06-25T17:20:03.757,6.578,rpm,0.000,0.374,
2026-06-25T17:20:03.769,6.578,rpm,0.000,0.374,
2026-06-25T17:20:03.778,6.594,torque,0.000,0.325,
2026-06-25T17:20:03.778,6.594,rpm,0.000,0.325,
2026-06-25T17:20:03.799,6.610,rpm,0.000,0.325,
2026-06-25T17:20:03.799,6.610,rpm,0.000,0.325,
2026-06-25T17:20:03.862,6.672,torque,0.000,0.240,
2026-06-25T17:20:03.872,6.688,rpm,0.000,0.240,
2026-06-25T17:20:03.923,6.735,rpm,0.000,0.240,
2026-06-25T17:20:03.933,6.750,rpm,0.000,0.240,
2026-06-25T17:20:03.933,6.750,rpm,0.000,0.240,
2026-06-25T17:20:03.948,6.766,torque,0.000,0.155,
2026-06-25T17:20:03.955,6.766,rpm,0.000,0.155,
2026-06-25T17:20:03.997,6.813,rpm,0.000,0.155,
2026-06-25T17:20:03.997,6.813,rpm,0.000,0.155,
2026-06-25T17:20:04.035,6.860,torque,0.000,0.023,
2026-06-25T17:20:04.035,6.860,rpm,0.000,0.023,
2026-06-25T17:20:04.054,6.875,rpm,0.000,0.023,
2026-06-25T17:20:04.112,6.922,rpm,0.000,0.023,
2026-06-25T17:20:04.119,6.938,rpm,0.000,0.023,
2026-06-25T17:20:04.119,6.938,torque,0.000,0.029,
2026-06-25T17:20:04.121,6.938,rpm,0.000,0.029,
2026-06-25T17:20:04.183,7.000,rpm,0.000,0.029,
2026-06-25T17:20:04.193,7.016,rpm,0.000,0.029,
2026-06-25T17:20:04.213,7.032,torque,0.000,-0.056,
2026-06-25T17:20:04.213,7.032,rpm,0.000,-0.056,
2026-06-25T17:20:04.281,7.094,rpm,0.000,-0.056,
2026-06-25T17:20:04.282,7.094,rpm,0.000,-0.056,
2026-06-25T17:20:04.283,7.094,rpm,0.000,-0.056,
2026-06-25T17:20:04.297,7.110,torque,0.000,0.097,
2026-06-25T17:20:04.341,7.157,rpm,0.000,0.097,
2026-06-25T17:20:04.360,7.172,rpm,0.000,0.097,
2026-06-25T17:20:04.368,7.188,rpm,0.000,0.097,
2026-06-25T17:20:04.368,7.188,rpm,0.000,0.097,
2026-06-25T17:20:04.393,7.203,torque,0.000,0.086,
2026-06-25T17:20:04.403,7.219,rpm,0.000,0.086,
2026-06-25T17:20:04.403,7.219,rpm,0.000,0.086,
2026-06-25T17:20:04.444,7.266,rpm,0.000,0.086,
2026-06-25T17:20:04.465,7.282,rpm,0.000,0.086,
2026-06-25T17:20:04.465,7.282,rpm,0.000,0.086,
2026-06-25T17:20:04.465,7.282,torque,0.000,0.049,
2026-06-25T17:20:04.507,7.328,rpm,0.000,0.049,
2026-06-25T17:20:04.549,7.360,rpm,0.000,0.049,
2026-06-25T17:20:04.549,7.360,rpm,0.000,0.049,
2026-06-25T17:20:04.558,7.375,torque,0.000,0.391,
2026-06-25T17:20:04.558,7.375,rpm,0.000,0.391,
2026-06-25T17:20:04.581,7.391,rpm,0.000,0.391,
2026-06-25T17:20:04.614,7.438,rpm,0.000,0.391,
2026-06-25T17:20:04.645,7.469,rpm,0.000,0.391,
2026-06-25T17:20:04.646,7.469,rpm,0.000,0.391,
2026-06-25T17:20:04.661,7.485,torque,0.000,0.442,
2026-06-25T17:20:04.671,7.485,rpm,0.000,0.442,
2026-06-25T17:20:04.720,7.532,rpm,0.000,0.442,
2026-06-25T17:20:04.737,7.547,rpm,0.000,0.442,
2026-06-25T17:20:04.738,7.563,rpm,0.000,0.442,
2026-06-25T17:20:04.738,7.563,torque,0.000,0.333,
2026-06-25T17:20:04.761,7.578,rpm,0.000,0.333,
2026-06-25T17:20:04.792,7.610,rpm,0.000,0.333,
2026-06-25T17:20:04.810,7.625,rpm,0.000,0.333,
2026-06-25T17:20:04.811,7.625,torque,0.000,0.274,
2026-06-25T17:20:04.831,7.641,rpm,0.000,0.274,
2026-06-25T17:20:04.881,7.703,rpm,0.000,0.274,
2026-06-25T17:20:04.894,7.703,rpm,0.000,0.274,
2026-06-25T17:20:04.904,7.719,torque,0.000,0.118,
2026-06-25T17:20:04.904,7.719,rpm,0.000,0.118,
2026-06-25T17:20:04.926,7.735,rpm,0.000,0.118,
2026-06-25T17:20:04.975,7.797,rpm,0.000,0.118,
2026-06-25T17:20:04.997,7.813,torque,0.000,-2.384,
2026-06-25T17:20:04.997,7.813,rpm,0.000,-2.384,
2026-06-25T17:20:05.033,7.844,rpm,0.000,-2.384,
2026-06-25T17:20:05.044,7.860,rpm,0.000,-2.384,
2026-06-25T17:20:05.066,7.875,rpm,0.000,-2.384,
2026-06-25T17:20:05.080,7.891,torque,0.000,-14.011,
2026-06-25T17:20:05.090,7.907,rpm,433.000,-14.011,
2026-06-25T17:20:05.119,7.938,rpm,774.000,-14.011,
2026-06-25T17:20:05.152,7.969,rpm,889.000,-14.011,
2026-06-25T17:20:05.152,7.969,rpm,980.000,-14.011,
2026-06-25T17:20:05.169,7.985,torque,980.000,23.159,
2026-06-25T17:20:05.178,8.000,rpm,1155.000,23.159,
2026-06-25T17:20:05.220,8.032,rpm,1220.000,23.159,
2026-06-25T17:20:05.220,8.032,rpm,1220.000,23.159,
2026-06-25T17:20:05.249,8.063,torque,1220.000,57.050,
2026-06-25T17:20:05.259,8.078,rpm,1157.000,57.050,
2026-06-25T17:20:05.298,8.110,rpm,1114.000,57.050,
2026-06-25T17:20:05.311,8.125,rpm,1141.000,57.050,
2026-06-25T17:20:05.344,8.157,rpm,1122.000,57.050,
2026-06-25T17:20:05.361,8.172,torque,1122.000,35.015,
2026-06-25T17:20:05.361,8.172,rpm,1002.000,35.015,
2026-06-25T17:20:05.373,8.188,rpm,1005.000,35.015,
2026-06-25T17:20:05.386,8.203,rpm,1073.000,35.015,
2026-06-25T17:20:05.443,8.266,torque,1073.000,22.124,
2026-06-25T17:20:05.443,8.266,rpm,1245.000,22.124,
2026-06-25T17:20:05.456,8.266,rpm,1353.000,22.124,
2026-06-25T17:20:05.457,8.266,rpm,1353.000,22.124,
2026-06-25T17:20:05.510,8.328,rpm,1441.000,22.124,
2026-06-25T17:20:05.511,8.328,torque,1441.000,33.808,
2026-06-25T17:20:05.519,8.328,rpm,1252.000,33.808,
2026-06-25T17:20:05.552,8.375,rpm,1252.000,33.808,
2026-06-25T17:20:05.580,8.391,rpm,321.000,33.808,
2026-06-25T17:20:05.593,8.407,rpm,170.000,33.808,
2026-06-25T17:20:05.593,8.407,rpm,170.000,33.808,
2026-06-25T17:20:05.593,8.407,torque,170.000,35.791,
2026-06-25T17:20:05.619,8.438,rpm,238.000,35.791,
2026-06-25T17:20:05.669,8.485,rpm,238.000,35.791,
2026-06-25T17:20:05.669,8.485,rpm,211.000,35.791,
2026-06-25T17:20:05.681,8.500,rpm,134.000,35.791,
2026-06-25T17:20:05.681,8.500,torque,134.000,8.381,
2026-06-25T17:20:05.712,8.532,rpm,111.000,8.381,
2026-06-25T17:20:05.712,8.532,rpm,97.000,8.381,
2026-06-25T17:20:05.756,8.578,rpm,70.000,8.381,
2026-06-25T17:20:05.769,8.578,torque,70.000,-14.137,
2026-06-25T17:20:05.769,8.578,rpm,59.000,-14.137,
2026-06-25T17:20:05.785,8.594,rpm,59.000,-14.137,
2026-06-25T17:20:05.798,8.610,rpm,47.000,-14.137,
2026-06-25T17:20:05.846,8.657,rpm,43.000,-14.137,
2026-06-25T17:20:05.846,8.657,rpm,43.000,-14.137,
2026-06-25T17:20:05.860,8.672,torque,43.000,-7.682,
2026-06-25T17:20:05.871,8.688,rpm,102.000,-7.682,
2026-06-25T17:20:05.917,8.735,rpm,115.000,-7.682,
2026-06-25T17:20:05.917,8.735,rpm,115.000,-7.682,
2026-06-25T17:20:05.929,8.750,rpm,115.000,-7.682,
2026-06-25T17:20:05.933,8.750,torque,115.000,-8.667,
2026-06-25T17:20:05.935,8.750,rpm,119.000,-8.667,
2026-06-25T17:20:05.979,8.797,rpm,284.000,-8.667,
2026-06-25T17:20:05.993,8.813,rpm,675.000,-8.667,
2026-06-25T17:20:06.009,8.828,rpm,998.000,-8.667,
2026-06-25T17:20:06.036,8.860,rpm,1171.000,-8.667,
2026-06-25T17:20:06.036,8.860,torque,1171.000,12.832,
2026-06-25T17:20:06.036,8.860,rpm,1191.000,12.832,
2026-06-25T17:20:06.092,8.907,rpm,1058.000,12.832,
2026-06-25T17:20:06.092,8.907,rpm,1058.000,12.832,
2026-06-25T17:20:06.123,8.938,torque,1058.000,20.067,
2026-06-25T17:20:06.124,8.938,rpm,520.000,20.067,
2026-06-25T17:20:06.153,8.969,rpm,522.000,20.067,
2026-06-25T17:20:06.164,8.985,rpm,522.000,20.067,
2026-06-25T17:20:06.191,9.000,rpm,504.000,20.067,
2026-06-25T17:20:06.205,9.016,rpm,430.000,20.067,
2026-06-25T17:20:06.205,9.016,torque,430.000,14.756,
2026-06-25T17:20:06.219,9.032,rpm,292.000,14.756,
2026-06-25T17:20:06.263,9.078,rpm,187.000,14.756,
2026-06-25T17:20:06.276,9.094,rpm,146.000,14.756,
2026-06-25T17:20:06.288,9.110,torque,146.000,6.238,
2026-06-25T17:20:06.288,9.110,rpm,103.000,6.238,
2026-06-25T17:20:06.289,9.110,rpm,102.000,6.238,
2026-06-25T17:20:06.337,9.157,rpm,78.000,6.238,
2026-06-25T17:20:06.360,9.172,rpm,62.000,6.238,
2026-06-25T17:20:06.361,9.172,rpm,61.000,6.238,
2026-06-25T17:20:06.362,9.172,torque,61.000,20.557,
2026-06-25T17:20:06.420,9.235,rpm,42.000,20.557,
2026-06-25T17:20:06.420,9.235,rpm,42.000,20.557,
2026-06-25T17:20:06.447,9.266,rpm,38.000,20.557,
2026-06-25T17:20:06.458,9.282,rpm,35.000,20.557,
2026-06-25T17:20:06.458,9.282,torque,35.000,36.709,
2026-06-25T17:20:06.511,9.328,rpm,31.000,36.709,
2026-06-25T17:20:06.537,9.360,rpm,30.000,36.709,
2026-06-25T17:20:06.553,9.375,torque,30.000,18.137,
2026-06-25T17:20:06.553,9.375,rpm,26.000,18.137,
2026-06-25T17:20:06.570,9.391,rpm,25.000,18.137,
2026-06-25T17:20:06.632,9.453,rpm,22.000,18.137,
2026-06-25T17:20:06.634,9.453,torque,22.000,6.085,
2026-06-25T17:20:06.634,9.453,rpm,21.000,6.085,
2026-06-25T17:20:06.666,9.485,rpm,120.000,6.085,
2026-06-25T17:20:06.703,9.516,rpm,527.000,6.085,
2026-06-25T17:20:06.703,9.516,rpm,1079.000,6.085,
2026-06-25T17:20:06.714,9.532,torque,1079.000,20.500,
2026-06-25T17:20:06.714,9.532,rpm,2453.000,20.500,
2026-06-25T17:20:06.739,9.563,rpm,2810.000,20.500,
2026-06-25T17:20:06.801,9.625,rpm,2961.000,20.500,
2026-06-25T17:20:06.821,9.641,rpm,2862.000,20.500,
2026-06-25T17:20:06.821,9.641,torque,2862.000,27.731,
2026-06-25T17:20:06.837,9.657,rpm,2651.000,27.731,
2026-06-25T17:20:06.837,9.657,rpm,2651.000,27.731,
2026-06-25T17:20:06.880,9.703,rpm,2144.000,27.731,
2026-06-25T17:20:06.908,9.719,rpm,2172.000,27.731,
2026-06-25T17:20:06.908,9.719,torque,2172.000,41.299,
2026-06-25T17:20:06.908,9.719,rpm,2165.000,41.299,
2026-06-25T17:20:06.966,9.782,rpm,2284.000,41.299,
2026-06-25T17:20:06.966,9.782,rpm,2345.000,41.299,
2026-06-25T17:20:06.968,9.782,rpm,2424.000,41.299,
2026-06-25T17:20:06.972,9.782,torque,2424.000,15.156,
2026-06-25T17:20:07.031,9.844,rpm,2512.000,15.156,
2026-06-25T17:20:07.031,9.844,rpm,2463.000,15.156,
2026-06-25T17:20:07.048,9.860,rpm,2205.000,15.156,
2026-06-25T17:20:07.058,9.875,torque,2205.000,33.026,
2026-06-25T17:20:07.058,9.875,rpm,2068.000,33.026,
2026-06-25T17:20:07.087,9.907,rpm,1980.000,33.026,
2026-06-25T17:20:07.127,9.938,rpm,1722.000,33.026,
2026-06-25T17:20:07.157,9.969,torque,1722.000,30.981,
2026-06-25T17:20:07.183,10.000,rpm,691.000,30.981,
2026-06-25T17:20:07.219,10.032,rpm,680.000,30.981,
2026-06-25T17:20:07.246,10.063,torque,680.000,4.685,
2026-06-25T17:20:07.246,10.063,rpm,573.000,4.685,
2026-06-25T17:20:07.247,10.063,rpm,585.000,4.685,
2026-06-25T17:20:07.272,10.094,rpm,609.000,4.685,
2026-06-25T17:20:07.319,10.141,rpm,734.000,4.685,
2026-06-25T17:20:07.319,10.141,rpm,767.000,4.685,
2026-06-25T17:20:07.333,10.157,torque,767.000,8.770,
2026-06-25T17:20:07.333,10.157,rpm,803.000,8.770,
2026-06-25T17:20:07.346,10.157,rpm,829.000,8.770,
2026-06-25T17:20:07.401,10.219,rpm,1293.000,8.770,
2026-06-25T17:20:07.404,10.219,rpm,1293.000,8.770,
2026-06-25T17:20:07.405,10.219,torque,1293.000,35.248,
2026-06-25T17:20:07.455,10.266,rpm,1534.000,35.248,
2026-06-25T17:20:07.465,10.282,rpm,1594.000,35.248,
2026-06-25T17:20:07.491,10.313,rpm,1787.000,35.248,
2026-06-25T17:20:07.491,10.313,rpm,1842.000,35.248,
2026-06-25T17:20:07.491,10.313,torque,1842.000,54.404,
2026-06-25T17:20:07.555,10.375,rpm,1746.000,54.404,
2026-06-25T17:20:07.558,10.375,rpm,1662.000,54.404,
2026-06-25T17:20:07.571,10.391,rpm,1662.000,54.404,
2026-06-25T17:20:07.580,10.391,torque,1662.000,69.046,
2026-06-25T17:20:07.587,10.407,rpm,1275.000,69.046,
2026-06-25T17:20:07.648,10.469,rpm,963.000,69.046,
2026-06-25T17:20:07.649,10.469,rpm,963.000,69.046,
2026-06-25T17:20:07.682,10.500,rpm,988.000,69.046,
2026-06-25T17:20:07.696,10.516,rpm,1002.000,69.046,
2026-06-25T17:20:07.696,10.516,torque,1002.000,33.072,
2026-06-25T17:20:07.725,10.547,rpm,1007.000,33.072,
2026-06-25T17:20:07.726,10.547,rpm,1007.000,33.072,
2026-06-25T17:20:07.769,10.578,torque,1007.000,12.558,
2026-06-25T17:20:07.769,10.578,rpm,835.000,12.558,
2026-06-25T17:20:07.786,10.610,rpm,822.000,12.558,
2026-06-25T17:20:07.829,10.641,rpm,909.000,12.558,
2026-06-25T17:20:07.845,10.657,rpm,1017.000,12.558,
2026-06-25T17:20:07.845,10.657,rpm,1017.000,12.558,
2026-06-25T17:20:07.857,10.672,torque,1017.000,27.434,
2026-06-25T17:20:07.858,10.672,rpm,1088.000,27.434,
2026-06-25T17:20:07.920,10.735,rpm,917.000,27.434,
2026-06-25T17:20:07.920,10.735,rpm,917.000,27.434,
2026-06-25T17:20:07.949,10.766,torque,917.000,31.734,
2026-06-25T17:20:07.961,10.782,rpm,2749.000,31.734,
2026-06-25T17:20:07.961,10.782,rpm,2825.000,31.734,
2026-06-25T17:20:07.998,10.813,rpm,4082.000,31.734,
2026-06-25T17:20:07.998,10.813,rpm,4071.000,31.734,
2026-06-25T17:20:08.025,10.844,torque,4071.000,33.187,
2026-06-25T17:20:08.050,10.860,rpm,4707.000,33.187,
2026-06-25T17:20:08.050,10.860,rpm,4783.000,33.187,
2026-06-25T17:20:08.088,10.907,rpm,5180.000,33.187,
2026-06-25T17:20:08.114,10.938,torque,5180.000,42.116,
2026-06-25T17:20:08.114,10.938,rpm,5655.000,42.116,
2026-06-25T17:20:08.114,10.938,rpm,5655.000,42.116,
2026-06-25T17:20:08.142,10.953,rpm,6021.000,42.116,
2026-06-25T17:20:08.164,10.985,rpm,6185.000,42.116,
2026-06-25T17:20:08.209,11.032,rpm,6969.000,42.116,
2026-06-25T17:20:08.209,11.032,torque,6969.000,78.442,
2026-06-25T17:20:08.222,11.032,rpm,6926.000,78.442,
2026-06-25T17:20:08.270,11.094,rpm,7555.000,78.442,
2026-06-25T17:20:08.287,11.110,rpm,7792.000,78.442,
2026-06-25T17:20:08.287,11.110,rpm,7846.000,78.442,
2026-06-25T17:20:08.287,11.110,torque,7846.000,90.384,
2026-06-25T17:20:08.288,11.110,rpm,8191.000,90.384,
2026-06-25T17:20:08.379,11.188,torque,8191.000,95.517,
2026-06-25T17:20:08.379,11.188,rpm,9011.000,95.517,
2026-06-25T17:20:08.381,11.203,rpm,9310.000,95.517,
2026-06-25T17:20:08.452,11.266,rpm,9591.000,95.517,
2026-06-25T17:20:08.452,11.266,rpm,9578.000,95.517,
2026-06-25T17:20:08.484,11.297,torque,9578.000,100.085,
2026-06-25T17:20:08.484,11.297,rpm,10187.000,100.085,
2026-06-25T17:20:08.500,11.313,rpm,10148.000,100.085,
2026-06-25T17:20:08.520,11.344,rpm,10468.000,100.085,
2026-06-25T17:20:08.536,11.360,rpm,10608.000,100.085,
2026-06-25T17:20:08.563,11.375,torque,10608.000,102.976,
2026-06-25T17:20:08.563,11.375,rpm,10769.000,102.976,
2026-06-25T17:20:08.577,11.391,rpm,10832.000,102.976,
2026-06-25T17:20:08.577,11.391,rpm,10940.000,102.976,
2026-06-25T17:20:08.647,11.469,torque,10940.000,96.557,
2026-06-25T17:20:08.647,11.469,rpm,11097.000,96.557,
2026-06-25T17:20:08.647,11.469,rpm,11178.000,96.557,
2026-06-25T17:20:08.659,11.469,rpm,11188.000,96.557,
2026-06-25T17:20:08.704,11.516,rpm,11212.000,96.557,
2026-06-25T17:20:08.718,11.532,rpm,11277.000,96.557,
2026-06-25T17:20:08.720,11.532,torque,11277.000,84.880,
2026-06-25T17:20:08.746,11.563,rpm,11274.000,84.880,
2026-06-25T17:20:08.746,11.563,rpm,11342.000,84.880,
2026-06-25T17:20:08.776,11.594,rpm,11307.000,84.880,
2026-06-25T17:20:08.777,11.594,rpm,11307.000,84.880,
2026-06-25T17:20:08.804,11.625,torque,11307.000,74.000,
2026-06-25T17:20:08.805,11.625,rpm,11217.000,74.000,
2026-06-25T17:20:08.854,11.672,rpm,11261.000,74.000,
2026-06-25T17:20:08.875,11.688,rpm,11249.000,74.000,
2026-06-25T17:20:08.875,11.688,rpm,11230.000,74.000,
2026-06-25T17:20:08.890,11.703,torque,11230.000,66.209,
2026-06-25T17:20:08.904,11.719,rpm,11211.000,66.209,
2026-06-25T17:20:08.928,11.750,rpm,11191.000,66.209,
2026-06-25T17:20:08.928,11.750,rpm,11146.000,66.209,
2026-06-25T17:20:08.978,11.797,torque,11146.000,68.324,
2026-06-25T17:20:09.001,11.813,rpm,11107.000,68.324,
2026-06-25T17:20:09.035,11.844,rpm,10966.000,68.324,
2026-06-25T17:20:09.035,11.844,rpm,10986.000,68.324,
2026-06-25T17:20:09.058,11.875,torque,10986.000,67.426,
2026-06-25T17:20:09.070,11.891,rpm,10963.000,67.426,
2026-06-25T17:20:09.100,11.922,rpm,10887.000,67.426,
2026-06-25T17:20:09.100,11.922,rpm,10909.000,67.426,
2026-06-25T17:20:09.144,11.953,torque,10909.000,63.677,
2026-06-25T17:20:09.144,11.953,rpm,10786.000,63.677,
2026-06-25T17:20:09.199,12.016,rpm,10828.000,63.677,
2026-06-25T17:20:09.199,12.016,rpm,10748.000,63.677,
2026-06-25T17:20:09.204,12.016,rpm,10717.000,63.677,
2026-06-25T17:20:09.225,12.047,torque,10717.000,62.312,
2026-06-25T17:20:09.237,12.047,rpm,10706.000,62.312,
2026-06-25T17:20:09.266,12.078,rpm,10691.000,62.312,
2026-06-25T17:20:09.290,12.110,rpm,10637.000,62.312,
2026-06-25T17:20:09.302,12.125,rpm,10648.000,62.312,
2026-06-25T17:20:09.312,12.125,torque,10648.000,62.247,
2026-06-25T17:20:09.325,12.141,rpm,10559.000,62.247,
2026-06-25T17:20:09.363,12.172,rpm,10550.000,62.247,
2026-06-25T17:20:09.363,12.172,rpm,10606.000,62.247,
2026-06-25T17:20:09.389,12.203,rpm,10535.000,62.247,
2026-06-25T17:20:09.402,12.219,torque,10535.000,61.845,
2026-06-25T17:20:09.428,12.250,rpm,10492.000,61.845,
2026-06-25T17:20:09.468,12.282,rpm,10429.000,61.845,
2026-06-25T17:20:09.478,12.297,rpm,10458.000,61.845,
2026-06-25T17:20:09.485,12.297,torque,10458.000,61.967,
2026-06-25T17:20:09.487,12.297,rpm,10421.000,61.967,
2026-06-25T17:20:09.537,12.360,rpm,10365.000,61.967,
2026-06-25T17:20:09.551,12.360,rpm,10414.000,61.967,
2026-06-25T17:20:09.565,12.375,rpm,10353.000,61.967,
2026-06-25T17:20:09.575,12.391,torque,10353.000,60.424,
2026-06-25T17:20:09.597,12.407,rpm,10290.000,60.424,
2026-06-25T17:20:09.598,12.407,rpm,10369.000,60.424,
2026-06-25T17:20:09.650,12.469,rpm,10273.000,60.424,
2026-06-25T17:20:09.670,12.485,torque,10273.000,59.833,
2026-06-25T17:20:09.680,12.500,rpm,10282.000,59.833,
2026-06-25T17:20:09.680,12.500,rpm,10266.000,59.833,
2026-06-25T17:20:09.728,12.547,rpm,10216.000,59.833,
2026-06-25T17:20:09.745,12.563,rpm,10267.000,59.833,
2026-06-25T17:20:09.747,12.563,rpm,10193.000,59.833,
2026-06-25T17:20:09.765,12.578,torque,10193.000,59.184,
2026-06-25T17:20:09.781,12.594,rpm,10220.000,59.184,
2026-06-25T17:20:09.828,12.641,rpm,10156.000,59.184,
2026-06-25T17:20:09.842,12.657,rpm,10210.000,59.184,
2026-06-25T17:20:09.855,12.672,torque,10210.000,58.890,
2026-06-25T17:20:09.857,12.672,rpm,10166.000,58.890,
2026-06-25T17:20:09.889,12.703,rpm,10131.000,58.890,
2026-06-25T17:20:09.903,12.719,rpm,10115.000,58.890,
2026-06-25T17:20:09.931,12.750,rpm,10099.000,58.890,
2026-06-25T17:20:09.931,12.750,torque,10099.000,58.228,
2026-06-25T17:20:09.931,12.750,rpm,10075.000,58.228,
2026-06-25T17:20:09.989,12.797,rpm,10102.000,58.228,
2026-06-25T17:20:09.989,12.797,rpm,10050.000,58.228,
2026-06-25T17:20:09.989,12.797,rpm,10043.000,58.228,
2026-06-25T17:20:10.022,12.844,torque,10043.000,57.935,
2026-06-25T17:20:10.056,12.875,rpm,10016.000,57.935,
2026-06-25T17:20:10.056,12.875,rpm,10052.000,57.935,
2026-06-25T17:20:10.088,12.907,torque,10052.000,57.793,
2026-06-25T17:20:10.106,12.922,rpm,9988.000,57.793,
2026-06-25T17:20:10.142,12.953,rpm,10031.000,57.793,
2026-06-25T17:20:10.142,12.953,rpm,10033.000,57.793,
2026-06-25T17:20:10.170,12.985,rpm,9959.000,57.793,
2026-06-25T17:20:10.174,12.985,torque,9959.000,57.674,
2026-06-25T17:20:10.210,13.032,rpm,9933.000,57.674,
2026-06-25T17:20:10.228,13.047,rpm,10007.000,57.674,
2026-06-25T17:20:10.252,13.063,rpm,9949.000,57.674,
2026-06-25T17:20:10.274,13.094,torque,9949.000,57.526,
2026-06-25T17:20:10.301,13.110,rpm,9925.000,57.526,
2026-06-25T17:20:10.333,13.157,rpm,9931.000,57.526,
2026-06-25T17:20:10.357,13.172,torque,9931.000,57.578,
2026-06-25T17:20:10.357,13.172,rpm,9844.000,57.578,
2026-06-25T17:20:10.372,13.188,rpm,9902.000,57.578,
2026-06-25T17:20:10.423,13.235,rpm,9868.000,57.578,
2026-06-25T17:20:10.431,13.250,rpm,9885.000,57.578,
2026-06-25T17:20:10.433,13.250,rpm,9852.000,57.578,
2026-06-25T17:20:10.458,13.282,torque,9852.000,57.577,
2026-06-25T17:20:10.459,13.282,rpm,9862.000,57.577,
2026-06-25T17:20:10.495,13.313,rpm,9826.000,57.577,
2026-06-25T17:20:10.529,13.344,rpm,9770.000,57.577,
2026-06-25T17:20:10.539,13.360,torque,9770.000,57.971,
2026-06-25T17:20:10.539,13.360,rpm,9785.000,57.971,
2026-06-25T17:20:10.540,13.360,rpm,9856.000,57.971,
2026-06-25T17:20:10.612,13.422,rpm,9766.000,57.971,
2026-06-25T17:20:10.613,13.422,torque,9766.000,57.547,
2026-06-25T17:20:10.620,13.438,rpm,9819.000,57.547,
2026-06-25T17:20:10.673,13.485,rpm,9721.000,57.547,
2026-06-25T17:20:10.689,13.500,rpm,9770.000,57.547,
2026-06-25T17:20:10.699,13.516,torque,9770.000,57.414,
2026-06-25T17:20:10.700,13.516,rpm,9824.000,57.414,
2026-06-25T17:20:10.700,13.516,rpm,9743.000,57.414,
2026-06-25T17:20:10.764,13.578,rpm,9755.000,57.414,
2026-06-25T17:20:10.776,13.594,rpm,9780.000,57.414,
2026-06-25T17:20:10.804,13.625,torque,9780.000,57.891,
2026-06-25T17:20:10.805,13.625,rpm,9770.000,57.891,
2026-06-25T17:20:10.809,13.625,rpm,9721.000,57.891,
2026-06-25T17:20:10.851,13.672,rpm,9717.000,57.891,
2026-06-25T17:20:10.851,13.672,rpm,9717.000,57.891,
2026-06-25T17:20:10.884,13.703,rpm,9733.000,57.891,
2026-06-25T17:20:10.885,13.703,torque,9733.000,56.781,
2026-06-25T17:20:10.896,13.719,rpm,9743.000,56.781,
2026-06-25T17:20:10.932,13.750,rpm,9738.000,56.781,
2026-06-25T17:20:10.945,13.766,rpm,9730.000,56.781,
2026-06-25T17:20:10.955,13.766,rpm,9750.000,56.781,
2026-06-25T17:20:10.970,13.782,torque,9750.000,56.381,
2026-06-25T17:20:10.981,13.797,rpm,9709.000,56.381,
2026-06-25T17:20:11.009,13.828,rpm,9741.000,56.381,
2026-06-25T17:20:11.030,13.844,rpm,9680.000,56.381,
2026-06-25T17:20:11.043,13.860,rpm,9742.000,56.381,
2026-06-25T17:20:11.057,13.875,torque,9742.000,55.753,
2026-06-25T17:20:11.068,13.891,rpm,9715.000,55.753,
2026-06-25T17:20:11.070,13.891,rpm,9718.000,55.753,
2026-06-25T17:20:11.107,13.922,rpm,9674.000,55.753,
2026-06-25T17:20:11.117,13.938,rpm,9702.000,55.753,
2026-06-25T17:20:11.143,13.953,torque,9702.000,55.482,
2026-06-25T17:20:11.143,13.953,rpm,9668.000,55.482,
2026-06-25T17:20:11.144,13.953,rpm,9703.000,55.482,
2026-06-25T17:20:11.198,14.016,rpm,9694.000,55.482,
2026-06-25T17:20:11.199,14.016,rpm,9656.000,55.482,
2026-06-25T17:20:11.223,14.032,torque,9656.000,55.513,
2026-06-25T17:20:11.223,14.032,rpm,9636.000,55.513,
2026-06-25T17:20:11.277,14.094,rpm,9622.000,55.513,
2026-06-25T17:20:11.278,14.094,rpm,9598.000,55.513,
2026-06-25T17:20:11.301,14.110,rpm,9617.000,55.513,
2026-06-25T17:20:11.314,14.125,torque,9617.000,56.440,
2026-06-25T17:20:11.314,14.125,rpm,9619.000,56.440,
2026-06-25T17:20:11.325,14.141,rpm,9663.000,56.440,
2026-06-25T17:20:11.372,14.188,rpm,9639.000,56.440,
2026-06-25T17:20:11.386,14.203,rpm,9656.000,56.440,
2026-06-25T17:20:11.397,14.219,rpm,9656.000,56.440,
2026-06-25T17:20:11.398,14.219,torque,9656.000,55.695,
2026-06-25T17:20:11.422,14.235,rpm,9662.000,55.695,
2026-06-25T17:20:11.422,14.235,rpm,9651.000,55.695,
2026-06-25T17:20:11.460,14.282,rpm,9519.000,55.695,
2026-06-25T17:20:11.470,14.282,rpm,9598.000,55.695,
2026-06-25T17:20:11.495,14.313,torque,9598.000,58.178,
2026-06-25T17:20:11.495,14.313,rpm,9583.000,58.178,
2026-06-25T17:20:11.525,14.344,rpm,9566.000,58.178,
2026-06-25T17:20:11.547,14.360,rpm,9641.000,58.178,
2026-06-25T17:20:11.557,14.375,rpm,9642.000,58.178,
2026-06-25T17:20:11.580,14.391,torque,9642.000,56.190,
2026-06-25T17:20:11.580,14.391,rpm,9596.000,56.190,
2026-06-25T17:20:11.595,14.407,rpm,9565.000,56.190,
2026-06-25T17:20:11.638,14.453,rpm,9564.000,56.190,
2026-06-25T17:20:11.649,14.469,rpm,9549.000,56.190,
2026-06-25T17:20:11.651,14.469,rpm,9606.000,56.190,
2026-06-25T17:20:11.652,14.469,torque,9606.000,59.003,
2026-06-25T17:20:11.676,14.500,rpm,9573.000,59.003,
2026-06-25T17:20:11.702,14.516,rpm,9560.000,59.003,
2026-06-25T17:20:11.727,14.547,rpm,9577.000,59.003,
2026-06-25T17:20:11.727,14.547,rpm,9604.000,59.003,
2026-06-25T17:20:11.748,14.563,torque,9604.000,57.359,
2026-06-25T17:20:11.750,14.563,rpm,9619.000,57.359,
2026-06-25T17:20:11.775,14.594,rpm,9594.000,57.359,
2026-06-25T17:20:11.801,14.610,rpm,9555.000,57.359,
2026-06-25T17:20:11.803,14.625,rpm,9534.000,57.359,
2026-06-25T17:20:11.827,14.641,torque,9534.000,59.322,
2026-06-25T17:20:11.838,14.657,rpm,9578.000,59.322,
2026-06-25T17:20:11.855,14.672,rpm,9590.000,59.322,
2026-06-25T17:20:11.877,14.688,rpm,9579.000,59.322,
2026-06-25T17:20:11.888,14.703,rpm,9542.000,59.322,
2026-06-25T17:20:11.924,14.735,rpm,9616.000,59.322,
2026-06-25T17:20:11.924,14.735,torque,9616.000,57.951,
2026-06-25T17:20:11.926,14.735,rpm,9558.000,57.951,
2026-06-25T17:20:11.972,14.782,rpm,9614.000,57.951,
2026-06-25T17:20:11.974,14.797,rpm,9573.000,57.951,
2026-06-25T17:20:11.996,14.813,rpm,9554.000,57.951,
2026-06-25T17:20:12.017,14.828,torque,9554.000,57.309,
2026-06-25T17:20:12.018,14.828,rpm,9576.000,57.309,
2026-06-25T17:20:12.050,14.860,rpm,9589.000,57.309,
2026-06-25T17:20:12.061,14.875,rpm,9534.000,57.309,
2026-06-25T17:20:12.086,14.907,rpm,9537.000,57.309,
2026-06-25T17:20:12.096,14.907,torque,9537.000,55.398,
2026-06-25T17:20:12.129,14.938,rpm,9567.000,55.398,
2026-06-25T17:20:12.169,14.985,torque,9567.000,60.010,
2026-06-25T17:20:12.171,14.985,rpm,9542.000,60.010,
2026-06-25T17:20:12.196,15.016,rpm,9576.000,60.010,
2026-06-25T17:20:12.217,15.032,rpm,9577.000,60.010,
2026-06-25T17:20:12.241,15.063,rpm,9584.000,60.010,
2026-06-25T17:20:12.254,15.063,rpm,9562.000,60.010,
2026-06-25T17:20:12.255,15.078,torque,9562.000,56.938,
2026-06-25T17:20:12.293,15.110,rpm,9529.000,56.938,
2026-06-25T17:20:12.304,15.125,rpm,9585.000,56.938,
2026-06-25T17:20:12.317,15.125,rpm,9504.000,56.938,
2026-06-25T17:20:12.329,15.141,rpm,9536.000,56.938,
2026-06-25T17:20:12.353,15.172,torque,9536.000,56.437,
2026-06-25T17:20:12.353,15.172,rpm,9567.000,56.437,
2026-06-25T17:20:12.377,15.188,rpm,9590.000,56.437,
2026-06-25T17:20:12.402,15.219,rpm,9588.000,56.437,
2026-06-25T17:20:12.421,15.235,rpm,9516.000,56.437,
2026-06-25T17:20:12.428,15.250,rpm,9534.000,56.437,
2026-06-25T17:20:12.431,15.250,torque,9534.000,61.507,
2026-06-25T17:20:12.455,15.266,rpm,9603.000,61.507,
2026-06-25T17:20:12.487,15.297,rpm,9594.000,61.507,
2026-06-25T17:20:12.497,15.313,rpm,9534.000,61.507,
2026-06-25T17:20:12.521,15.344,torque,9534.000,59.154,
2026-06-25T17:20:12.521,15.344,rpm,9508.000,59.154,
2026-06-25T17:20:12.552,15.375,rpm,9508.000,59.154,
2026-06-25T17:20:12.563,15.375,rpm,9566.000,59.154,
2026-06-25T17:20:12.590,15.407,rpm,9352.000,59.154,
2026-06-25T17:20:12.611,15.422,torque,9352.000,58.203,
2026-06-25T17:20:12.612,15.422,rpm,9408.000,58.203,
2026-06-25T17:20:12.641,15.453,rpm,9467.000,58.203,
2026-06-25T17:20:12.654,15.469,rpm,9448.000,58.203,
2026-06-25T17:20:12.682,15.500,rpm,9567.000,58.203,
2026-06-25T17:20:12.701,15.516,torque,9567.000,58.405,
2026-06-25T17:20:12.711,15.532,rpm,9567.000,58.405,
2026-06-25T17:20:12.712,15.532,rpm,9483.000,58.405,
2026-06-25T17:20:12.746,15.563,rpm,9551.000,58.405,
2026-06-25T17:20:12.758,15.578,rpm,9504.000,58.405,
2026-06-25T17:20:12.769,15.578,rpm,9489.000,58.405,
2026-06-25T17:20:12.789,15.610,torque,9489.000,57.839,
2026-06-25T17:20:12.804,15.625,rpm,9493.000,57.839,
2026-06-25T17:20:12.815,15.625,rpm,9500.000,57.839,
2026-06-25T17:20:12.851,15.672,rpm,9421.000,57.839,
2026-06-25T17:20:12.864,15.672,rpm,9496.000,57.839,
2026-06-25T17:20:12.877,15.688,torque,9496.000,59.333,
2026-06-25T17:20:12.878,15.688,rpm,9488.000,59.333,
2026-06-25T17:20:12.925,15.735,rpm,9554.000,59.333,
2026-06-25T17:20:12.935,15.750,rpm,9413.000,59.333,
2026-06-25T17:20:12.958,15.782,torque,9413.000,59.472,
2026-06-25T17:20:12.958,15.782,rpm,9415.000,59.472,
2026-06-25T17:20:12.985,15.797,rpm,9535.000,59.472,
2026-06-25T17:20:12.999,15.813,rpm,9462.000,59.472,
2026-06-25T17:20:13.022,15.844,rpm,9545.000,59.472,
2026-06-25T17:20:13.034,15.844,rpm,9461.000,59.472,
2026-06-25T17:20:13.056,15.875,torque,9461.000,59.939,
2026-06-25T17:20:13.057,15.875,rpm,9451.000,59.939,
2026-06-25T17:20:13.090,15.907,rpm,9457.000,59.939,
2026-06-25T17:20:13.101,15.922,rpm,9509.000,59.939,
2026-06-25T17:20:13.123,15.938,rpm,9537.000,59.939,
2026-06-25T17:20:13.123,15.938,torque,9537.000,60.115,
2026-06-25T17:20:13.136,15.953,rpm,9552.000,60.115,
2026-06-25T17:20:13.171,15.985,rpm,9488.000,60.115,
2026-06-25T17:20:13.195,16.016,rpm,9494.000,60.115,
2026-06-25T17:20:13.224,16.047,torque,9494.000,59.571,
2026-06-25T17:20:13.224,16.047,rpm,9478.000,59.571,
2026-06-25T17:20:13.225,16.047,rpm,9493.000,59.571,
2026-06-25T17:20:13.276,16.094,rpm,9562.000,59.571,
2026-06-25T17:20:13.278,16.094,rpm,9544.000,59.571,
2026-06-25T17:20:13.303,16.125,rpm,9554.000,59.571,
2026-06-25T17:20:13.312,16.125,torque,9554.000,59.900,
2026-06-25T17:20:13.313,16.125,rpm,9481.000,59.900,
2026-06-25T17:20:13.345,16.157,rpm,9419.000,59.900,
2026-06-25T17:20:13.368,16.188,rpm,9516.000,59.900,
2026-06-25T17:20:13.378,16.188,rpm,9548.000,59.900,
2026-06-25T17:20:13.401,16.219,torque,9548.000,60.452,
2026-06-25T17:20:13.401,16.219,rpm,9509.000,60.452,
2026-06-25T17:20:13.427,16.250,rpm,9528.000,60.452,
2026-06-25T17:20:13.440,16.250,rpm,9549.000,60.452,
2026-06-25T17:20:13.452,16.266,rpm,9537.000,60.452,
2026-06-25T17:20:13.475,16.297,torque,9537.000,60.478,
2026-06-25T17:20:13.475,16.297,rpm,9543.000,60.478,
2026-06-25T17:20:13.510,16.328,rpm,9498.000,60.478,
2026-06-25T17:20:13.523,16.344,rpm,9485.000,60.478,
2026-06-25T17:20:13.537,16.360,rpm,9483.000,60.478,
2026-06-25T17:20:13.569,16.391,torque,9483.000,60.533,
2026-06-25T17:20:13.569,16.391,rpm,9494.000,60.533,
2026-06-25T17:20:13.574,16.391,rpm,9482.000,60.533,
2026-06-25T17:20:13.631,16.453,rpm,9477.000,60.533,
2026-06-25T17:20:13.654,16.469,torque,9477.000,60.678,
2026-06-25T17:20:13.654,16.469,rpm,9484.000,60.678,
2026-06-25T17:20:13.689,16.500,rpm,9540.000,60.678,
2026-06-25T17:20:13.690,16.500,rpm,9519.000,60.678,
2026-06-25T17:20:13.713,16.532,rpm,9552.000,60.678,
2026-06-25T17:20:13.724,16.547,rpm,9530.000,60.678,
2026-06-25T17:20:13.751,16.563,torque,9530.000,60.624,
2026-06-25T17:20:13.754,16.563,rpm,9546.000,60.624,
2026-06-25T17:20:13.780,16.594,rpm,9497.000,60.624,
2026-06-25T17:20:13.793,16.610,rpm,9535.000,60.624,
2026-06-25T17:20:13.816,16.625,rpm,9492.000,60.624,
2026-06-25T17:20:13.817,16.625,torque,9492.000,60.951,
2026-06-25T17:20:13.856,16.672,rpm,9551.000,60.951,
2026-06-25T17:20:13.880,16.688,rpm,9557.000,60.951,
2026-06-25T17:20:13.880,16.688,rpm,9488.000,60.951,
2026-06-25T17:20:13.891,16.703,rpm,9532.000,60.951,
2026-06-25T17:20:13.911,16.719,torque,9532.000,60.753,
2026-06-25T17:20:13.914,16.735,rpm,9472.000,60.753,
2026-06-25T17:20:13.937,16.750,rpm,9534.000,60.753,
2026-06-25T17:20:13.979,16.797,rpm,9422.000,60.753,
2026-06-25T17:20:13.980,16.797,rpm,9446.000,60.753,
2026-06-25T17:20:13.986,16.797,rpm,9425.000,60.753,
2026-06-25T17:20:14.010,16.828,torque,9425.000,60.527,
2026-06-25T17:20:14.025,16.844,rpm,9546.000,60.527,
2026-06-25T17:20:14.076,16.891,rpm,9490.000,60.527,
2026-06-25T17:20:14.076,16.891,rpm,9544.000,60.527,
2026-06-25T17:20:14.079,16.891,torque,9544.000,60.936,
2026-06-25T17:20:14.103,16.922,rpm,9474.000,60.936,
2026-06-25T17:20:14.138,16.953,rpm,9550.000,60.936,
2026-06-25T17:20:14.147,16.969,rpm,9562.000,60.936,
2026-06-25T17:20:14.170,16.985,rpm,9551.000,60.936,
2026-06-25T17:20:14.170,16.985,rpm,9551.000,60.936,
2026-06-25T17:20:14.172,16.985,torque,9551.000,61.091,
2026-06-25T17:20:14.209,17.032,rpm,9499.000,61.091,
2026-06-25T17:20:14.218,17.032,rpm,9485.000,61.091,
2026-06-25T17:20:14.245,17.063,rpm,9490.000,61.091,
2026-06-25T17:20:14.250,17.063,torque,9490.000,60.808,
2026-06-25T17:20:14.295,17.110,rpm,9449.000,60.808,
2026-06-25T17:20:14.314,17.125,rpm,9498.000,60.808,
2026-06-25T17:20:14.345,17.157,torque,9498.000,60.653,
2026-06-25T17:20:14.346,17.157,rpm,9540.000,60.653,
2026-06-25T17:20:14.350,17.172,rpm,9451.000,60.653,
2026-06-25T17:20:14.394,17.203,rpm,9542.000,60.653,
2026-06-25T17:20:14.421,17.235,rpm,9524.000,60.653,
2026-06-25T17:20:14.423,17.235,torque,9524.000,60.550,
2026-06-25T17:20:14.450,17.266,rpm,9494.000,60.550,
2026-06-25T17:20:14.471,17.282,rpm,9483.000,60.550,
2026-06-25T17:20:14.485,17.297,rpm,9552.000,60.550,
2026-06-25T17:20:14.504,17.313,rpm,9481.000,60.550,
2026-06-25T17:20:14.511,17.328,torque,9481.000,60.301,
2026-06-25T17:20:14.534,17.344,rpm,9547.000,60.301,
2026-06-25T17:20:14.547,17.360,rpm,9494.000,60.301,
2026-06-25T17:20:14.578,17.391,rpm,9498.000,60.301,
2026-06-25T17:20:14.579,17.391,rpm,9547.000,60.301,
2026-06-25T17:20:14.605,17.422,rpm,9480.000,60.301,
2026-06-25T17:20:14.605,17.422,torque,9480.000,60.444,
2026-06-25T17:20:14.631,17.453,rpm,9533.000,60.444,
2026-06-25T17:20:14.633,17.453,rpm,9471.000,60.444,
2026-06-25T17:20:14.676,17.485,rpm,9468.000,60.444,
2026-06-25T17:20:14.690,17.500,rpm,9479.000,60.444,
2026-06-25T17:20:14.705,17.516,torque,9479.000,60.801,
2026-06-25T17:20:14.705,17.516,rpm,9535.000,60.801,
2026-06-25T17:20:14.719,17.532,rpm,9473.000,60.801,
2026-06-25T17:20:14.756,17.578,rpm,9461.000,60.801,
2026-06-25T17:20:14.769,17.578,rpm,9525.000,60.801,
2026-06-25T17:20:14.783,17.594,torque,9525.000,61.014,
2026-06-25T17:20:14.793,17.610,rpm,9536.000,61.014,
2026-06-25T17:20:14.796,17.610,rpm,9478.000,61.014,
2026-06-25T17:20:14.835,17.657,rpm,9525.000,61.014,
2026-06-25T17:20:14.845,17.657,rpm,9469.000,61.014,
2026-06-25T17:20:14.858,17.672,rpm,9460.000,61.014,
2026-06-25T17:20:14.869,17.688,torque,9460.000,60.988,
2026-06-25T17:20:14.905,17.719,rpm,9482.000,60.988,
2026-06-25T17:20:14.915,17.735,rpm,9493.000,60.988,
2026-06-25T17:20:14.942,17.750,rpm,9498.000,60.988,
2026-06-25T17:20:14.942,17.750,torque,9498.000,61.286,
2026-06-25T17:20:14.970,17.782,rpm,9554.000,61.286,
2026-06-25T17:20:14.986,17.797,rpm,9414.000,61.286,
2026-06-25T17:20:15.029,17.844,torque,9414.000,61.021,
2026-06-25T17:20:15.029,17.844,rpm,9490.000,61.021,
2026-06-25T17:20:15.071,17.891,rpm,9151.000,61.021,
2026-06-25T17:20:15.083,17.891,rpm,9024.000,61.021,
2026-06-25T17:20:15.106,17.922,rpm,9047.000,61.021,
2026-06-25T17:20:15.127,17.938,torque,9047.000,60.887,
2026-06-25T17:20:15.128,17.938,rpm,8969.000,60.887,
2026-06-25T17:20:15.130,17.953,rpm,9055.000,60.887,
2026-06-25T17:20:15.178,18.000,rpm,9064.000,60.887,
2026-06-25T17:20:15.191,18.000,rpm,9001.000,60.887,
2026-06-25T17:20:15.191,18.000,rpm,9052.000,60.887,
2026-06-25T17:20:15.214,18.032,torque,9052.000,62.931,
2026-06-25T17:20:15.230,18.047,rpm,9065.000,62.931,
2026-06-25T17:20:15.242,18.063,rpm,9012.000,62.931,
2026-06-25T17:20:15.275,18.094,rpm,8992.000,62.931,
2026-06-25T17:20:15.301,18.110,torque,8992.000,63.134,
2026-06-25T17:20:15.312,18.125,rpm,9044.000,63.134,
2026-06-25T17:20:15.335,18.157,rpm,9047.000,63.134,
2026-06-25T17:20:15.337,18.157,rpm,9003.000,63.134,
2026-06-25T17:20:15.361,18.172,rpm,9021.000,63.134,
2026-06-25T17:20:15.386,18.203,torque,9021.000,64.323,
2026-06-25T17:20:15.396,18.219,rpm,8981.000,64.323,
2026-06-25T17:20:15.399,18.219,rpm,9049.000,64.323,
2026-06-25T17:20:15.443,18.266,rpm,9024.000,64.323,
2026-06-25T17:20:15.444,18.266,rpm,9005.000,64.323,
2026-06-25T17:20:15.447,18.266,rpm,9025.000,64.323,
2026-06-25T17:20:15.469,18.282,rpm,9033.000,64.323,
2026-06-25T17:20:15.483,18.297,torque,9033.000,67.023,
2026-06-25T17:20:15.520,18.328,rpm,9055.000,67.023,
2026-06-25T17:20:15.539,18.360,rpm,9046.000,67.023,
2026-06-25T17:20:15.554,18.375,rpm,9053.000,67.023,
2026-06-25T17:20:15.567,18.375,rpm,9019.000,67.023,
2026-06-25T17:20:15.567,18.375,torque,9019.000,67.872,
2026-06-25T17:20:15.592,18.407,rpm,9004.000,67.872,
2026-06-25T17:20:15.615,18.438,rpm,9046.000,67.872,
2026-06-25T17:20:15.638,18.453,rpm,9029.000,67.872,
2026-06-25T17:20:15.652,18.469,torque,9029.000,67.750,
2026-06-25T17:20:15.662,18.485,rpm,8963.000,67.750,
2026-06-25T17:20:15.662,18.485,rpm,9025.000,67.750,
2026-06-25T17:20:15.708,18.532,rpm,9032.000,67.750,
2026-06-25T17:20:15.735,18.547,rpm,8972.000,67.750,
2026-06-25T17:20:15.735,18.547,torque,8972.000,68.068,
2026-06-25T17:20:15.760,18.578,rpm,8981.000,68.068,
2026-06-25T17:20:15.772,18.594,rpm,9045.000,68.068,
2026-06-25T17:20:15.784,18.594,rpm,9026.000,68.068,
2026-06-25T17:20:15.809,18.625,rpm,9031.000,68.068,
2026-06-25T17:20:15.831,18.641,torque,9031.000,68.938,
2026-06-25T17:20:15.833,18.641,rpm,9037.000,68.938,
2026-06-25T17:20:15.881,18.703,rpm,9032.000,68.938,
2026-06-25T17:20:15.882,18.703,rpm,9063.000,68.938,
2026-06-25T17:20:15.909,18.719,torque,9063.000,69.025,
2026-06-25T17:20:15.912,18.735,rpm,9044.000,69.025,
2026-06-25T17:20:15.940,18.750,rpm,9017.000,69.025,
2026-06-25T17:20:15.952,18.766,rpm,9016.000,69.025,
2026-06-25T17:20:15.976,18.797,rpm,9021.000,69.025,
2026-06-25T17:20:15.977,18.797,rpm,9010.000,69.025,
2026-06-25T17:20:16.000,18.813,torque,9010.000,68.563,
2026-06-25T17:20:16.000,18.813,rpm,8981.000,68.563,
2026-06-25T17:20:16.060,18.875,rpm,9031.000,68.563,
2026-06-25T17:20:16.072,18.891,rpm,9010.000,68.563,
2026-06-25T17:20:16.073,18.891,torque,9010.000,68.459,
2026-06-25T17:20:16.073,18.891,rpm,9016.000,68.459,
2026-06-25T17:20:16.109,18.922,rpm,8991.000,68.459,
2026-06-25T17:20:16.153,18.969,rpm,9029.000,68.459,
2026-06-25T17:20:16.165,18.985,torque,9029.000,68.617,
2026-06-25T17:20:16.165,18.985,rpm,9019.000,68.617,
2026-06-25T17:20:16.191,19.000,rpm,9037.000,68.617,
2026-06-25T17:20:16.191,19.000,rpm,9036.000,68.617,
2026-06-25T17:20:16.234,19.047,rpm,9052.000,68.617,
2026-06-25T17:20:16.246,19.063,rpm,9043.000,68.617,
2026-06-25T17:20:16.247,19.063,torque,9043.000,68.584,
2026-06-25T17:20:16.272,19.094,rpm,9020.000,68.584,
2026-06-25T17:20:16.305,19.125,rpm,9021.000,68.584,
2026-06-25T17:20:16.317,19.125,rpm,9016.000,68.584,
2026-06-25T17:20:16.317,19.125,rpm,9038.000,68.584,
2026-06-25T17:20:16.340,19.157,torque,9038.000,69.468,
2026-06-25T17:20:16.354,19.172,rpm,9078.000,69.468,
2026-06-25T17:20:16.379,19.188,rpm,9011.000,69.468,
2026-06-25T17:20:16.400,19.219,rpm,9014.000,69.468,
2026-06-25T17:20:16.425,19.235,rpm,9040.000,69.468,
2026-06-25T17:20:16.427,19.250,rpm,9063.000,69.468,
2026-06-25T17:20:16.427,19.250,torque,9063.000,69.857,
2026-06-25T17:20:16.453,19.266,rpm,8960.000,69.857,
2026-06-25T17:20:16.488,19.297,rpm,9018.000,69.857,
2026-06-25T17:20:16.502,19.313,rpm,9033.000,69.857,
2026-06-25T17:20:16.514,19.328,rpm,9009.000,69.857,
2026-06-25T17:20:16.515,19.328,torque,9009.000,70.057,
2026-06-25T17:20:16.552,19.375,rpm,8974.000,70.057,
2026-06-25T17:20:16.561,19.375,rpm,9024.000,70.057,
2026-06-25T17:20:16.575,19.391,rpm,8997.000,70.057,
2026-06-25T17:20:16.600,19.422,rpm,9031.000,70.057,
2026-06-25T17:20:16.600,19.422,torque,9031.000,70.712,
2026-06-25T17:20:16.602,19.422,rpm,9022.000,70.712,
2026-06-25T17:20:16.654,19.469,rpm,9068.000,70.712,
2026-06-25T17:20:16.654,19.469,rpm,9013.000,70.712,
2026-06-25T17:20:16.664,19.485,rpm,9024.000,70.712,
2026-06-25T17:20:16.693,19.516,torque,9024.000,71.848,
2026-06-25T17:20:16.693,19.516,rpm,8972.000,71.848,
2026-06-25T17:20:16.710,19.532,rpm,9019.000,71.848,
2026-06-25T17:20:16.722,19.532,rpm,8968.000,71.848,
2026-06-25T17:20:16.759,19.578,rpm,9047.000,71.848,
2026-06-25T17:20:16.771,19.594,rpm,9068.000,71.848,
2026-06-25T17:20:16.772,19.594,torque,9068.000,71.783,
2026-06-25T17:20:16.799,19.610,rpm,9012.000,71.783,
2026-06-25T17:20:16.830,19.641,rpm,8994.000,71.783,
2026-06-25T17:20:16.844,19.657,rpm,9065.000,71.783,
2026-06-25T17:20:16.858,19.672,rpm,9056.000,71.783,
2026-06-25T17:20:16.870,19.688,torque,9056.000,72.223,
2026-06-25T17:20:16.871,19.688,rpm,9022.000,72.223,
2026-06-25T17:20:16.906,19.719,rpm,9020.000,72.223,
2026-06-25T17:20:16.917,19.735,rpm,9020.000,72.223,
2026-06-25T17:20:16.929,19.750,rpm,8988.000,72.223,
2026-06-25T17:20:16.955,19.766,torque,8988.000,73.411,
2026-06-25T17:20:16.955,19.766,rpm,9057.000,73.411,
2026-06-25T17:20:16.993,19.813,rpm,9023.000,73.411,
2026-06-25T17:20:17.003,19.813,rpm,9018.000,73.411,
2026-06-25T17:20:17.004,19.813,rpm,9002.000,73.411,
2026-06-25T17:20:17.032,19.844,torque,9002.000,74.927,
2026-06-25T17:20:17.033,19.844,rpm,8955.000,74.927,
2026-06-25T17:20:17.059,19.875,rpm,9016.000,74.927,
2026-06-25T17:20:17.084,19.907,rpm,9004.000,74.927,
2026-06-25T17:20:17.085,19.907,rpm,9017.000,74.927,
2026-06-25T17:20:17.122,19.938,rpm,9023.000,74.927,
2026-06-25T17:20:17.122,19.938,torque,9023.000,75.153,
2026-06-25T17:20:17.136,19.953,rpm,9028.000,75.153,
2026-06-25T17:20:17.170,19.985,rpm,9000.000,75.153,
2026-06-25T17:20:17.182,20.000,rpm,9070.000,75.153,
2026-06-25T17:20:17.209,20.032,rpm,9022.000,75.153,
2026-06-25T17:20:17.209,20.032,torque,9022.000,74.887,
2026-06-25T17:20:17.209,20.032,rpm,9027.000,74.887,
2026-06-25T17:20:17.248,20.063,rpm,8963.000,74.887,
2026-06-25T17:20:17.259,20.078,rpm,9038.000,74.887,
2026-06-25T17:20:17.283,20.094,rpm,8953.000,74.887,
2026-06-25T17:20:17.306,20.125,torque,8953.000,76.189,
2026-06-25T17:20:17.307,20.125,rpm,8988.000,76.189,
2026-06-25T17:20:17.309,20.125,rpm,9063.000,76.189,
2026-06-25T17:20:17.346,20.157,rpm,9020.000,76.189,
2026-06-25T17:20:17.367,20.188,rpm,8997.000,76.189,
2026-06-25T17:20:17.381,20.203,rpm,9032.000,76.189,
2026-06-25T17:20:17.381,20.203,torque,9032.000,77.345,
2026-06-25T17:20:17.437,20.250,rpm,9044.000,77.345,
2026-06-25T17:20:17.472,20.282,torque,9044.000,78.553,
2026-06-25T17:20:17.474,20.282,rpm,9009.000,78.553,
2026-06-25T17:20:17.497,20.313,rpm,9035.000,78.553,
2026-06-25T17:20:17.522,20.344,rpm,8983.000,78.553,
2026-06-25T17:20:17.522,20.344,rpm,9053.000,78.553,
2026-06-25T17:20:17.547,20.360,torque,9053.000,79.031,
2026-06-25T17:20:17.591,20.407,rpm,8999.000,79.031,
2026-06-25T17:20:17.621,20.438,rpm,9008.000,79.031,
2026-06-25T17:20:17.645,20.453,rpm,9027.000,79.031,
2026-06-25T17:20:17.645,20.453,torque,9027.000,79.031,
2026-06-25T17:20:17.645,20.453,rpm,9024.000,79.031,
2026-06-25T17:20:17.672,20.485,rpm,9026.000,79.031,
2026-06-25T17:20:17.715,20.532,torque,9026.000,78.994,
2026-06-25T17:20:17.742,20.563,rpm,9034.000,78.994,
2026-06-25T17:20:17.766,20.578,rpm,8994.000,78.994,
2026-06-25T17:20:17.767,20.578,rpm,8996.000,78.994,
2026-06-25T17:20:17.802,20.610,rpm,9051.000,78.994,
2026-06-25T17:20:17.805,20.625,rpm,9023.000,78.994,
2026-06-25T17:20:17.805,20.625,torque,9023.000,79.618,
2026-06-25T17:20:17.833,20.641,rpm,9023.000,79.618,
2026-06-25T17:20:17.854,20.672,rpm,9032.000,79.618,
2026-06-25T17:20:17.879,20.688,rpm,9018.000,79.618,
2026-06-25T17:20:17.891,20.703,rpm,9034.000,79.618,
2026-06-25T17:20:17.892,20.703,torque,9034.000,80.224,
2026-06-25T17:20:17.947,20.766,rpm,9012.000,80.224,
2026-06-25T17:20:17.947,20.766,rpm,9046.000,80.224,
2026-06-25T17:20:17.976,20.797,rpm,9020.000,80.224,
2026-06-25T17:20:17.979,20.797,torque,9020.000,80.408,
2026-06-25T17:20:17.979,20.797,rpm,8953.000,80.408,
2026-06-25T17:20:18.013,20.828,rpm,9022.000,80.408,
2026-06-25T17:20:18.049,20.860,rpm,9027.000,80.408,
2026-06-25T17:20:18.050,20.860,rpm,9058.000,80.408,
2026-06-25T17:20:18.078,20.891,torque,9058.000,81.169,
2026-06-25T17:20:18.089,20.907,rpm,8956.000,81.169,
2026-06-25T17:20:18.089,20.907,rpm,9031.000,81.169,
2026-06-25T17:20:18.132,20.953,rpm,8954.000,81.169,
2026-06-25T17:20:18.144,20.953,rpm,8987.000,81.169,
2026-06-25T17:20:18.168,20.985,torque,8987.000,81.931,
2026-06-25T17:20:18.168,20.985,rpm,9019.000,81.931,
2026-06-25T17:20:18.196,21.016,rpm,9026.000,81.931,
2026-06-25T17:20:18.220,21.032,rpm,9097.000,81.931,
2026-06-25T17:20:18.245,21.063,rpm,8953.000,81.931,
2026-06-25T17:20:18.246,21.063,torque,8953.000,82.604,
2026-06-25T17:20:18.272,21.094,rpm,9022.000,82.604,
2026-06-25T17:20:18.273,21.094,rpm,9022.000,82.604,
2026-06-25T17:20:18.315,21.125,rpm,9026.000,82.604,
2026-06-25T17:20:18.329,21.141,rpm,9025.000,82.604,
2026-06-25T17:20:18.341,21.157,torque,9025.000,83.493,
2026-06-25T17:20:18.342,21.157,rpm,9003.000,83.493,
2026-06-25T17:20:18.379,21.188,rpm,9011.000,83.493,
2026-06-25T17:20:18.401,21.219,rpm,8992.000,83.493,
2026-06-25T17:20:18.401,21.219,rpm,9015.000,83.493,
2026-06-25T17:20:18.428,21.250,rpm,9027.000,83.493,
2026-06-25T17:20:18.428,21.250,torque,9027.000,83.841,
2026-06-25T17:20:18.444,21.266,rpm,9025.000,83.841,
2026-06-25T17:20:18.469,21.282,rpm,9025.000,83.841,
2026-06-25T17:20:18.492,21.313,rpm,9016.000,83.841,
2026-06-25T17:20:18.507,21.328,rpm,9023.000,83.841,
2026-06-25T17:20:18.518,21.328,torque,9023.000,83.983,
2026-06-25T17:20:18.520,21.328,rpm,9029.000,83.983,
2026-06-25T17:20:18.567,21.375,rpm,9018.000,83.983,
2026-06-25T17:20:18.567,21.375,rpm,9009.000,83.983,
2026-06-25T17:20:18.596,21.407,torque,9009.000,85.271,
2026-06-25T17:20:18.609,21.422,rpm,9038.000,85.271,
2026-06-25T17:20:18.645,21.453,rpm,8960.000,85.271,
2026-06-25T17:20:18.645,21.453,rpm,9053.000,85.271,
2026-06-25T17:20:18.672,21.485,rpm,8998.000,85.271,
2026-06-25T17:20:18.672,21.485,torque,8998.000,88.001,
2026-06-25T17:20:18.702,21.516,rpm,9016.000,88.001,
2026-06-25T17:20:18.713,21.532,rpm,8999.000,88.001,
2026-06-25T17:20:18.745,21.563,rpm,9024.000,88.001,
2026-06-25T17:20:18.760,21.578,rpm,9033.000,88.001,
2026-06-25T17:20:18.773,21.594,torque,9033.000,89.581,
2026-06-25T17:20:18.773,21.594,rpm,9056.000,89.581,
2026-06-25T17:20:18.788,21.610,rpm,8982.000,89.581,
2026-06-25T17:20:18.828,21.641,rpm,9022.000,89.581,
2026-06-25T17:20:18.853,21.672,rpm,9039.000,89.581,
2026-06-25T17:20:18.854,21.672,torque,9039.000,91.032,
2026-06-25T17:20:18.873,21.688,rpm,9024.000,91.032,
2026-06-25T17:20:18.886,21.703,rpm,8996.000,91.032,
2026-06-25T17:20:18.904,21.719,rpm,8997.000,91.032,
2026-06-25T17:20:18.934,21.750,rpm,8952.000,91.032,
2026-06-25T17:20:18.950,21.766,torque,8952.000,91.912,
2026-06-25T17:20:18.966,21.782,rpm,9030.000,91.912,
2026-06-25T17:20:19.009,21.828,rpm,9055.000,91.912,
2026-06-25T17:20:19.023,21.844,rpm,8964.000,91.912,
2026-06-25T17:20:19.038,21.860,torque,8964.000,92.783,
2026-06-25T17:20:19.038,21.860,rpm,9014.000,92.783,
2026-06-25T17:20:19.056,21.875,rpm,9026.000,92.783,
2026-06-25T17:20:19.076,21.891,rpm,9016.000,92.783,
2026-06-25T17:20:19.128,21.938,rpm,9013.000,92.783,
2026-06-25T17:20:19.128,21.938,torque,9013.000,92.805,
2026-06-25T17:20:19.140,21.953,rpm,9018.000,92.805,
2026-06-25T17:20:19.182,22.000,rpm,9051.000,92.805,
2026-06-25T17:20:19.194,22.016,rpm,9056.000,92.805,
2026-06-25T17:20:19.195,22.016,torque,9056.000,92.964,
2026-06-25T17:20:19.260,22.078,rpm,9020.000,92.964,
2026-06-25T17:20:19.271,22.094,rpm,8961.000,92.964,
2026-06-25T17:20:19.289,22.110,torque,8961.000,92.197,
2026-06-25T17:20:19.301,22.110,rpm,9011.000,92.197,
2026-06-25T17:20:19.317,22.125,rpm,9020.000,92.197,
2026-06-25T17:20:19.331,22.141,rpm,9007.000,92.197,
2026-06-25T17:20:19.360,22.172,rpm,9022.000,92.197,
2026-06-25T17:20:19.386,22.203,rpm,9056.000,92.197,
2026-06-25T17:20:19.387,22.203,torque,9056.000,90.668,
2026-06-25T17:20:19.406,22.219,rpm,9043.000,90.668,
2026-06-25T17:20:19.417,22.235,rpm,9004.000,90.668,
2026-06-25T17:20:19.460,22.282,rpm,9060.000,90.668,
2026-06-25T17:20:19.473,22.282,rpm,8953.000,90.668,
2026-06-25T17:20:19.474,22.282,torque,8953.000,90.579,
2026-06-25T17:20:19.474,22.282,rpm,9025.000,90.579,
2026-06-25T17:20:19.536,22.344,rpm,9009.000,90.579,
2026-06-25T17:20:19.537,22.360,rpm,9017.000,90.579,
2026-06-25T17:20:19.553,22.375,torque,9017.000,90.249,
2026-06-25T17:20:19.566,22.375,rpm,9014.000,90.249,
2026-06-25T17:20:19.606,22.422,rpm,8991.000,90.249,
2026-06-25T17:20:19.620,22.438,rpm,9006.000,90.249,
2026-06-25T17:20:19.635,22.453,rpm,9022.000,90.249,
2026-06-25T17:20:19.636,22.453,rpm,9010.000,90.249,
2026-06-25T17:20:19.650,22.469,torque,9010.000,89.832,
2026-06-25T17:20:19.651,22.469,rpm,9012.000,89.832,
2026-06-25T17:20:19.704,22.516,rpm,9006.000,89.832,
2026-06-25T17:20:19.704,22.516,rpm,9005.000,89.832,
2026-06-25T17:20:19.731,22.547,torque,9005.000,89.199,
2026-06-25T17:20:19.742,22.563,rpm,8987.000,89.199,
2026-06-25T17:20:19.773,22.594,rpm,9009.000,89.199,
2026-06-25T17:20:19.788,22.610,rpm,8983.000,89.199,
2026-06-25T17:20:19.815,22.625,torque,8983.000,88.837,
2026-06-25T17:20:19.815,22.625,rpm,9058.000,88.837,
2026-06-25T17:20:19.831,22.641,rpm,9012.000,88.837,
2026-06-25T17:20:19.890,22.703,rpm,8990.000,88.837,
2026-06-25T17:20:19.900,22.719,torque,8990.000,88.670,
2026-06-25T17:20:19.901,22.719,rpm,9013.000,88.670,
2026-06-25T17:20:19.932,22.750,rpm,9010.000,88.670,
2026-06-25T17:20:19.949,22.766,rpm,9007.000,88.670,
2026-06-25T17:20:19.977,22.797,rpm,9037.000,88.670,
2026-06-25T17:20:19.990,22.813,rpm,8950.000,88.670,
2026-06-25T17:20:19.991,22.813,torque,8950.000,88.788,
2026-06-25T17:20:20.006,22.828,rpm,8943.000,88.788,
2026-06-25T17:20:20.048,22.860,rpm,8943.000,88.788,
2026-06-25T17:20:20.060,22.875,rpm,8982.000,88.788,
2026-06-25T17:20:20.072,22.891,torque,8982.000,88.919,
2026-06-25T17:20:20.111,22.922,rpm,8994.000,88.919,
2026-06-25T17:20:20.111,22.922,rpm,9006.000,88.919,
2026-06-25T17:20:20.124,22.938,rpm,8934.000,88.919,
2026-06-25T17:20:20.156,22.969,torque,8934.000,88.572,
2026-06-25T17:20:20.156,22.969,rpm,9019.000,88.572,
2026-06-25T17:20:20.173,22.985,rpm,9056.000,88.572,
2026-06-25T17:20:20.235,23.047,rpm,9008.000,88.572,
2026-06-25T17:20:20.237,23.047,rpm,9003.000,88.572,
2026-06-25T17:20:20.237,23.047,torque,9003.000,87.717,
2026-06-25T17:20:20.270,23.078,rpm,8965.000,87.717,
2026-06-25T17:20:20.299,23.110,rpm,8992.000,87.717,
2026-06-25T17:20:20.328,23.141,rpm,8937.000,87.717,
2026-06-25T17:20:20.329,23.141,torque,8937.000,87.840,
2026-06-25T17:20:20.330,23.141,rpm,9027.000,87.840,
2026-06-25T17:20:20.356,23.172,rpm,9012.000,87.840,
2026-06-25T17:20:20.372,23.188,rpm,9005.000,87.840,
2026-06-25T17:20:20.399,23.219,rpm,9068.000,87.840,
2026-06-25T17:20:20.416,23.235,rpm,9004.000,87.840,
2026-06-25T17:20:20.429,23.250,rpm,9006.000,87.840,
2026-06-25T17:20:20.429,23.250,torque,9006.000,87.557,
2026-06-25T17:20:20.448,23.266,rpm,9005.000,87.557,
2026-06-25T17:20:20.476,23.297,rpm,9009.000,87.557,
2026-06-25T17:20:20.503,23.313,rpm,9032.000,87.557,
2026-06-25T17:20:20.504,23.313,rpm,9007.000,87.557,
2026-06-25T17:20:20.504,23.313,torque,9007.000,87.367,
2026-06-25T17:20:20.560,23.375,rpm,9074.000,87.367,
2026-06-25T17:20:20.570,23.391,rpm,9001.000,87.367,
2026-06-25T17:20:20.571,23.391,rpm,9055.000,87.367,
2026-06-25T17:20:20.593,23.407,torque,9055.000,87.507,
2026-06-25T17:20:20.631,23.453,rpm,9008.000,87.507,
2026-06-25T17:20:20.649,23.469,rpm,9009.000,87.507,
2026-06-25T17:20:20.662,23.469,rpm,9010.000,87.507,
2026-06-25T17:20:20.687,23.500,torque,9010.000,87.444,
2026-06-25T17:20:20.687,23.500,rpm,8979.000,87.444,
2026-06-25T17:20:20.722,23.532,rpm,9012.000,87.444,
2026-06-25T17:20:20.737,23.547,rpm,9007.000,87.444,
2026-06-25T17:20:20.775,23.594,rpm,9004.000,87.444,
2026-06-25T17:20:20.775,23.594,torque,9004.000,87.778,
2026-06-25T17:20:20.799,23.610,rpm,9001.000,87.778,
2026-06-25T17:20:20.799,23.610,rpm,8999.000,87.778,
2026-06-25T17:20:20.817,23.625,rpm,9004.000,87.778,
2026-06-25T17:20:20.832,23.641,rpm,9001.000,87.778,
2026-06-25T17:20:20.883,23.703,torque,9001.000,87.862,
2026-06-25T17:20:20.883,23.703,rpm,9025.000,87.862,
2026-06-25T17:20:20.883,23.703,rpm,9025.000,87.862,
2026-06-25T17:20:20.903,23.719,rpm,8991.000,87.862,
2026-06-25T17:20:20.922,23.735,rpm,8987.000,87.862,
2026-06-25T17:20:20.956,23.766,torque,8987.000,87.396,
2026-06-25T17:20:20.973,23.782,rpm,8937.000,87.396,
2026-06-25T17:20:21.004,23.813,rpm,9011.000,87.396,
2026-06-25T17:20:21.019,23.828,rpm,9027.000,87.396,
2026-06-25T17:20:21.019,23.828,rpm,8962.000,87.396,
2026-06-25T17:20:21.020,23.828,rpm,8943.000,87.396,
2026-06-25T17:20:21.020,23.828,torque,8943.000,87.284,
2026-06-25T17:20:21.073,23.891,rpm,9008.000,87.284,
2026-06-25T17:20:21.073,23.891,rpm,9008.000,87.284,
2026-06-25T17:20:21.124,23.938,rpm,8945.000,87.284,
2026-06-25T17:20:21.124,23.938,rpm,9013.000,87.284,
2026-06-25T17:20:21.124,23.938,torque,9013.000,87.301,
2026-06-25T17:20:21.142,23.953,rpm,9002.000,87.301,
2026-06-25T17:20:21.163,23.985,rpm,9008.000,87.301,
2026-06-25T17:20:21.209,24.032,rpm,9014.000,87.301,
2026-06-25T17:20:21.209,24.032,rpm,9006.000,87.301,
2026-06-25T17:20:21.209,24.032,torque,9006.000,87.200,
2026-06-25T17:20:21.228,24.047,rpm,9011.000,87.200,
2026-06-25T17:20:21.269,24.078,rpm,9009.000,87.200,
2026-06-25T17:20:21.269,24.078,rpm,8988.000,87.200,
2026-06-25T17:20:21.315,24.125,rpm,9005.000,87.200,
2026-06-25T17:20:21.315,24.125,torque,9005.000,87.594,
2026-06-25T17:20:21.336,24.157,rpm,9009.000,87.594,
2026-06-25T17:20:21.336,24.157,rpm,9019.000,87.594,
2026-06-25T17:20:21.353,24.172,rpm,9012.000,87.594,
2026-06-25T17:20:21.398,24.219,torque,9012.000,87.863,
2026-06-25T17:20:21.399,24.219,rpm,9003.000,87.863,
2026-06-25T17:20:21.399,24.219,rpm,9004.000,87.863,
2026-06-25T17:20:21.418,24.235,rpm,9007.000,87.863,
2026-06-25T17:20:21.436,24.250,rpm,9004.000,87.863,
2026-06-25T17:20:21.482,24.297,torque,9004.000,87.969,
2026-06-25T17:20:21.502,24.313,rpm,9023.000,87.969,
2026-06-25T17:20:21.502,24.313,rpm,9005.000,87.969,
2026-06-25T17:20:21.519,24.328,rpm,9004.000,87.969,
2026-06-25T17:20:21.535,24.344,rpm,8936.000,87.969,
2026-06-25T17:20:21.568,24.391,torque,8936.000,87.944,
2026-06-25T17:20:21.588,24.407,rpm,9002.000,87.944,
2026-06-25T17:20:21.588,24.407,rpm,9003.000,87.944,
2026-06-25T17:20:21.609,24.422,rpm,9034.000,87.944,
2026-06-25T17:20:21.639,24.453,rpm,8998.000,87.944,
2026-06-25T17:20:21.650,24.469,torque,8998.000,87.959,
2026-06-25T17:20:21.650,24.469,rpm,8964.000,87.959,
2026-06-25T17:20:21.673,24.485,rpm,9005.000,87.959,
2026-06-25T17:20:21.692,24.500,rpm,8999.000,87.959,
2026-06-25T17:20:21.723,24.532,rpm,9003.000,87.959,
2026-06-25T17:20:21.735,24.547,torque,9003.000,88.223,
2026-06-25T17:20:21.736,24.547,rpm,8995.000,88.223,
2026-06-25T17:20:21.757,24.578,rpm,8992.000,88.223,
2026-06-25T17:20:21.791,24.610,rpm,8988.000,88.223,
2026-06-25T17:20:21.821,24.641,rpm,9019.000,88.223,
2026-06-25T17:20:21.821,24.641,torque,9019.000,88.852,
2026-06-25T17:20:21.822,24.641,rpm,8986.000,88.852,
2026-06-25T17:20:21.841,24.657,rpm,9008.000,88.852,
2026-06-25T17:20:21.857,24.672,rpm,8994.000,88.852,
2026-06-25T17:20:21.889,24.703,rpm,9003.000,88.852,
2026-06-25T17:20:21.907,24.719,torque,9003.000,88.842,
2026-06-25T17:20:21.908,24.719,rpm,9005.000,88.842,
2026-06-25T17:20:21.925,24.735,rpm,9004.000,88.842,
2026-06-25T17:20:21.927,24.735,rpm,8979.000,88.842,
2026-06-25T17:20:21.978,24.797,rpm,9019.000,88.842,
2026-06-25T17:20:21.992,24.813,rpm,9008.000,88.842,
2026-06-25T17:20:21.992,24.813,torque,9008.000,88.942,
2026-06-25T17:20:22.009,24.828,rpm,9004.000,88.942,
2026-06-25T17:20:22.034,24.844,rpm,8987.000,88.942,
2026-06-25T17:20:22.065,24.875,rpm,9006.000,88.942,
2026-06-25T17:20:22.078,24.891,rpm,9012.000,88.942,
2026-06-25T17:20:22.079,24.891,torque,9012.000,89.020,
2026-06-25T17:20:22.099,24.907,rpm,9001.000,89.020,
2026-06-25T17:20:22.132,24.953,rpm,8991.000,89.020,
2026-06-25T17:20:22.147,24.969,rpm,8985.000,89.020,
2026-06-25T17:20:22.162,24.985,rpm,9006.000,89.020,
2026-06-25T17:20:22.162,24.985,torque,9006.000,89.472,
2026-06-25T17:20:22.164,24.985,rpm,9005.000,89.472,
2026-06-25T17:20:22.214,25.032,rpm,8953.000,89.472,
2026-06-25T17:20:22.214,25.032,rpm,8953.000,89.472,
2026-06-25T17:20:22.229,25.047,rpm,9010.000,89.472,
2026-06-25T17:20:22.248,25.063,rpm,9037.000,89.472,
2026-06-25T17:20:22.248,25.063,torque,9037.000,89.342,
2026-06-25T17:20:22.269,25.078,rpm,8937.000,89.342,
2026-06-25T17:20:22.286,25.094,rpm,8972.000,89.342,
2026-06-25T17:20:22.334,25.141,rpm,9009.000,89.342,
2026-06-25T17:20:22.352,25.172,rpm,8980.000,89.342,
2026-06-25T17:20:22.352,25.172,torque,8980.000,89.512,
2026-06-25T17:20:22.352,25.172,rpm,8967.000,89.512,
2026-06-25T17:20:22.370,25.188,rpm,8992.000,89.512,
2026-06-25T17:20:22.371,25.188,rpm,8935.000,89.512,
2026-06-25T17:20:22.420,25.235,rpm,8999.000,89.512,
2026-06-25T17:20:22.433,25.250,torque,8999.000,90.030,
2026-06-25T17:20:22.453,25.266,rpm,9010.000,90.030,
2026-06-25T17:20:22.474,25.297,rpm,9073.000,90.030,
2026-06-25T17:20:22.507,25.328,rpm,8986.000,90.030,
2026-06-25T17:20:22.519,25.328,torque,8986.000,90.151,
2026-06-25T17:20:22.520,25.328,rpm,9022.000,90.151,
2026-06-25T17:20:22.541,25.360,rpm,8956.000,90.151,
2026-06-25T17:20:22.564,25.375,rpm,9060.000,90.151,
2026-06-25T17:20:22.581,25.391,rpm,9052.000,90.151,
2026-06-25T17:20:22.598,25.407,rpm,9013.000,90.151,
2026-06-25T17:20:22.610,25.422,torque,9013.000,90.033,
2026-06-25T17:20:22.611,25.422,rpm,9017.000,90.033,
2026-06-25T17:20:22.634,25.453,rpm,8999.000,90.033,
2026-06-25T17:20:22.667,25.485,rpm,9049.000,90.033,
2026-06-25T17:20:22.684,25.500,rpm,8998.000,90.033,
2026-06-25T17:20:22.697,25.516,rpm,9009.000,90.033,
2026-06-25T17:20:22.697,25.516,torque,9009.000,90.047,
2026-06-25T17:20:22.719,25.532,rpm,8989.000,90.047,
2026-06-25T17:20:22.784,25.594,torque,8989.000,90.012,
2026-06-25T17:20:22.800,25.610,rpm,8978.000,90.012,
2026-06-25T17:20:22.801,25.610,rpm,9011.000,90.012,
2026-06-25T17:20:22.829,25.641,rpm,9000.000,90.012,
2026-06-25T17:20:22.853,25.672,torque,9000.000,90.525,
2026-06-25T17:20:22.871,25.688,rpm,9012.000,90.525,
2026-06-25T17:20:22.871,25.688,rpm,9005.000,90.525,
2026-06-25T17:20:22.908,25.719,rpm,8990.000,90.525,
2026-06-25T17:20:22.939,25.750,rpm,8971.000,90.525,
2026-06-25T17:20:22.940,25.750,torque,8971.000,90.070,
2026-06-25T17:20:22.941,25.750,rpm,8989.000,90.070,
2026-06-25T17:20:22.959,25.782,rpm,9009.000,90.070,
2026-06-25T17:20:23.003,25.813,rpm,9011.000,90.070,
2026-06-25T17:20:23.003,25.813,rpm,9006.000,90.070,
2026-06-25T17:20:23.023,25.844,rpm,9011.000,90.070,
2026-06-25T17:20:23.023,25.844,torque,9011.000,89.623,
2026-06-25T17:20:23.063,25.875,rpm,9020.000,89.623,
2026-06-25T17:20:23.063,25.875,rpm,9000.000,89.623,
2026-06-25T17:20:23.096,25.907,rpm,9008.000,89.623,
2026-06-25T17:20:23.125,25.938,torque,9008.000,89.824,
2026-06-25T17:20:23.125,25.938,rpm,9013.000,89.824,
2026-06-25T17:20:23.146,25.953,rpm,9005.000,89.824,
2026-06-25T17:20:23.163,25.985,rpm,9002.000,89.824,
2026-06-25T17:20:23.180,26.000,rpm,9002.000,89.824,
2026-06-25T17:20:23.209,26.032,torque,9002.000,90.342,
2026-06-25T17:20:23.209,26.032,rpm,9043.000,90.342,
2026-06-25T17:20:23.210,26.032,rpm,9036.000,90.342,
2026-06-25T17:20:23.232,26.047,rpm,8972.000,90.342,
2026-06-25T17:20:23.249,26.063,rpm,9003.000,90.342,
2026-06-25T17:20:23.266,26.078,rpm,8996.000,90.342,
2026-06-25T17:20:23.296,26.110,torque,8996.000,90.431,
2026-06-25T17:20:23.297,26.110,rpm,8992.000,90.431,
2026-06-25T17:20:23.316,26.125,rpm,9042.000,90.431,
2026-06-25T17:20:23.337,26.157,rpm,8969.000,90.431,
2026-06-25T17:20:23.369,26.188,rpm,9014.000,90.431,
2026-06-25T17:20:23.381,26.203,rpm,9004.000,90.431,
2026-06-25T17:20:23.381,26.203,torque,9004.000,90.377,
2026-06-25T17:20:23.383,26.203,rpm,9004.000,90.377,
2026-06-25T17:20:23.403,26.219,rpm,8991.000,90.377,
2026-06-25T17:20:23.423,26.235,rpm,8993.000,90.377,
2026-06-25T17:20:23.454,26.266,rpm,9017.000,90.377,
2026-06-25T17:20:23.466,26.282,torque,9017.000,90.292,
2026-06-25T17:20:23.520,26.328,rpm,9014.000,90.292,
2026-06-25T17:20:23.535,26.344,rpm,9026.000,90.292,
2026-06-25T17:20:23.554,26.375,rpm,8998.000,90.292,
2026-06-25T17:20:23.554,26.375,rpm,8998.000,90.292,
2026-06-25T17:20:23.554,26.375,torque,8998.000,90.547,
2026-06-25T17:20:23.572,26.391,rpm,8980.000,90.547,
2026-06-25T17:20:23.574,26.391,rpm,9002.000,90.547,
2026-06-25T17:20:23.621,26.438,rpm,8990.000,90.547,
2026-06-25T17:20:23.634,26.453,rpm,9013.000,90.547,
2026-06-25T17:20:23.654,26.469,torque,9013.000,91.091,
2026-06-25T17:20:23.656,26.469,rpm,9005.000,91.091,
2026-06-25T17:20:23.675,26.485,rpm,8995.000,91.091,
2026-06-25T17:20:23.707,26.516,rpm,8937.000,91.091,
2026-06-25T17:20:23.720,26.532,torque,8937.000,90.720,
2026-06-25T17:20:23.739,26.547,rpm,9001.000,90.720,
2026-06-25T17:20:23.760,26.578,rpm,9003.000,90.720,
2026-06-25T17:20:23.791,26.610,rpm,8967.000,90.720,
2026-06-25T17:20:23.803,26.625,rpm,9064.000,90.720,
2026-06-25T17:20:23.804,26.625,rpm,8999.000,90.720,
2026-06-25T17:20:23.823,26.641,torque,8999.000,89.820,
2026-06-25T17:20:23.845,26.657,rpm,9005.000,89.820,
2026-06-25T17:20:23.874,26.688,rpm,8932.000,89.820,
2026-06-25T17:20:23.886,26.703,rpm,9051.000,89.820,
2026-06-25T17:20:23.905,26.719,torque,9051.000,90.075,
2026-06-25T17:20:23.905,26.719,rpm,9002.000,90.075,
2026-06-25T17:20:23.926,26.735,rpm,9009.000,90.075,
2026-06-25T17:20:23.957,26.766,rpm,9014.000,90.075,
2026-06-25T17:20:23.968,26.782,rpm,8993.000,90.075,
2026-06-25T17:20:23.987,26.797,rpm,9017.000,90.075,
2026-06-25T17:20:23.987,26.797,torque,9017.000,90.772,
2026-06-25T17:20:24.009,26.828,rpm,8984.000,90.772,
2026-06-25T17:20:24.039,26.860,rpm,9011.000,90.772,
2026-06-25T17:20:24.039,26.860,rpm,8937.000,90.772,
2026-06-25T17:20:24.052,26.860,rpm,9027.000,90.772,
2026-06-25T17:20:24.070,26.891,torque,9027.000,90.658,
2026-06-25T17:20:24.070,26.891,rpm,9003.000,90.658,
2026-06-25T17:20:24.108,26.922,rpm,9005.000,90.658,
2026-06-25T17:20:24.108,26.922,rpm,8939.000,90.658,
2026-06-25T17:20:24.151,26.969,rpm,9057.000,90.658,
2026-06-25T17:20:24.151,26.969,torque,9057.000,90.393,
2026-06-25T17:20:24.152,26.969,rpm,8990.000,90.393,
2026-06-25T17:20:24.205,27.016,rpm,9004.000,90.393,
2026-06-25T17:20:24.218,27.032,rpm,8997.000,90.393,
2026-06-25T17:20:24.239,27.047,rpm,8998.000,90.393,
2026-06-25T17:20:24.241,27.063,torque,8998.000,90.685,
2026-06-25T17:20:24.260,27.078,rpm,8992.000,90.685,
2026-06-25T17:20:24.261,27.078,rpm,8939.000,90.685,
2026-06-25T17:20:24.278,27.094,rpm,9003.000,90.685,
2026-06-25T17:20:24.295,27.110,rpm,8934.000,90.685,
2026-06-25T17:20:24.326,27.141,rpm,9012.000,90.685,
2026-06-25T17:20:24.344,27.157,torque,9012.000,91.138,
2026-06-25T17:20:24.344,27.157,rpm,9057.000,91.138,
2026-06-25T17:20:24.365,27.172,rpm,8980.000,91.138,
2026-06-25T17:20:24.367,27.188,rpm,9005.000,91.138,
2026-06-25T17:20:24.419,27.235,rpm,9002.000,91.138,
2026-06-25T17:20:24.432,27.250,torque,9002.000,91.106,
2026-06-25T17:20:24.432,27.250,rpm,8937.000,91.106,
2026-06-25T17:20:24.450,27.266,rpm,9014.000,91.106,
2026-06-25T17:20:24.485,27.297,rpm,9010.000,91.106,
2026-06-25T17:20:24.512,27.328,rpm,9007.000,91.106,
2026-06-25T17:20:24.512,27.328,torque,9007.000,90.815,
2026-06-25T17:20:24.513,27.328,rpm,9010.000,90.815,
2026-06-25T17:20:24.554,27.375,rpm,8995.000,90.815,
2026-06-25T17:20:24.585,27.407,rpm,9001.000,90.815,
2026-06-25T17:20:24.585,27.407,rpm,9007.000,90.815,
2026-06-25T17:20:24.598,27.407,torque,9007.000,90.575,
2026-06-25T17:20:24.599,27.407,rpm,8977.000,90.575,
2026-06-25T17:20:24.640,27.453,rpm,9003.000,90.575,
2026-06-25T17:20:24.640,27.453,rpm,9010.000,90.575,
2026-06-25T17:20:24.673,27.485,rpm,9004.000,90.575,
2026-06-25T17:20:24.685,27.500,torque,9004.000,90.196,
2026-06-25T17:20:24.686,27.500,rpm,9000.000,90.196,
2026-06-25T17:20:24.708,27.516,rpm,9004.000,90.196,
2026-06-25T17:20:24.737,27.547,rpm,9007.000,90.196,
2026-06-25T17:20:24.751,27.563,rpm,8998.000,90.196,
2026-06-25T17:20:24.751,27.563,torque,8998.000,90.491,
2026-06-25T17:20:24.791,27.610,rpm,9000.000,90.491,
2026-06-25T17:20:24.832,27.641,rpm,9003.000,90.491,
2026-06-25T17:20:24.850,27.672,rpm,9023.000,90.491,
2026-06-25T17:20:24.850,27.672,torque,9023.000,90.730,
2026-06-25T17:20:24.873,27.688,rpm,9073.000,90.730,
2026-06-25T17:20:24.905,27.719,rpm,8984.000,90.730,
2026-06-25T17:20:24.918,27.735,rpm,8987.000,90.730,
2026-06-25T17:20:24.938,27.750,rpm,8984.000,90.730,
2026-06-25T17:20:24.939,27.750,torque,8984.000,90.829,
2026-06-25T17:20:24.960,27.782,rpm,9008.000,90.829,
2026-06-25T17:20:24.978,27.797,rpm,8994.000,90.829,
2026-06-25T17:20:25.015,27.828,rpm,9009.000,90.829,
2026-06-25T17:20:25.048,27.860,torque,9009.000,90.822,
2026-06-25T17:20:25.048,27.860,rpm,9001.000,90.822,
2026-06-25T17:20:25.049,27.860,rpm,9010.000,90.822,
2026-06-25T17:20:25.067,27.875,rpm,8941.000,90.822,
2026-06-25T17:20:25.089,27.907,rpm,9006.000,90.822,
2026-06-25T17:20:25.120,27.938,torque,9006.000,91.032,
2026-06-25T17:20:25.120,27.938,rpm,9019.000,91.032,
2026-06-25T17:20:25.134,27.953,rpm,9030.000,91.032,
2026-06-25T17:20:25.153,27.969,rpm,8984.000,91.032,
2026-06-25T17:20:25.188,28.000,torque,8984.000,90.976,
2026-06-25T17:20:25.188,28.000,rpm,8973.000,90.976,
2026-06-25T17:20:25.219,28.032,rpm,9000.000,90.976,
2026-06-25T17:20:25.238,28.047,rpm,9006.000,90.976,
2026-06-25T17:20:25.256,28.063,rpm,9008.000,90.976,
2026-06-25T17:20:25.271,28.078,rpm,9007.000,90.976,
2026-06-25T17:20:25.271,28.078,torque,9007.000,91.155,
2026-06-25T17:20:25.301,28.110,rpm,8979.000,91.155,
2026-06-25T17:20:25.337,28.157,rpm,8992.000,91.155,
2026-06-25T17:20:25.337,28.157,rpm,9016.000,91.155,
2026-06-25T17:20:25.384,28.203,torque,9016.000,90.878,
2026-06-25T17:20:25.384,28.203,rpm,8990.000,90.878,
2026-06-25T17:20:25.405,28.219,rpm,9004.000,90.878,
2026-06-25T17:20:25.422,28.235,rpm,9002.000,90.878,
2026-06-25T17:20:25.438,28.250,rpm,9033.000,90.878,
2026-06-25T17:20:25.468,28.282,torque,9033.000,90.814,
2026-06-25T17:20:25.468,28.282,rpm,9037.000,90.814,
2026-06-25T17:20:25.488,28.297,rpm,9001.000,90.814,
2026-06-25T17:20:25.505,28.313,rpm,9005.000,90.814,
2026-06-25T17:20:25.521,28.344,rpm,9004.000,90.814,
2026-06-25T17:20:25.550,28.360,torque,9004.000,91.017,
2026-06-25T17:20:25.600,28.422,rpm,8983.000,91.017,
2026-06-25T17:20:25.614,28.422,rpm,8981.000,91.017,
2026-06-25T17:20:25.616,28.438,torque,8981.000,90.752,
2026-06-25T17:20:25.616,28.438,rpm,9010.000,90.752,
2026-06-25T17:20:25.670,28.485,rpm,9007.000,90.752,
2026-06-25T17:20:25.670,28.485,rpm,9007.000,90.752,
2026-06-25T17:20:25.697,28.516,rpm,9044.000,90.752,
2026-06-25T17:20:25.717,28.532,rpm,8992.000,90.752,
2026-06-25T17:20:25.717,28.532,torque,8992.000,91.073,
2026-06-25T17:20:25.734,28.547,rpm,9002.000,91.073,
2026-06-25T17:20:25.767,28.578,rpm,8992.000,91.073,
2026-06-25T17:20:25.799,28.610,rpm,9006.000,91.073,
2026-06-25T17:20:25.799,28.610,torque,9006.000,91.353,
2026-06-25T17:20:25.817,28.625,rpm,9001.000,91.353,
2026-06-25T17:20:25.862,28.672,rpm,9007.000,91.353,
2026-06-25T17:20:25.880,28.688,rpm,8951.000,91.353,
2026-06-25T17:20:25.882,28.703,rpm,9041.000,91.353,
2026-06-25T17:20:25.882,28.703,torque,9041.000,91.121,
2026-06-25T17:20:25.900,28.719,rpm,8998.000,91.121,
2026-06-25T17:20:25.948,28.766,rpm,9004.000,91.121,
2026-06-25T17:20:25.948,28.766,rpm,9004.000,91.121,
2026-06-25T17:20:25.982,28.797,rpm,9031.000,91.121,
2026-06-25T17:20:25.983,28.797,torque,9031.000,90.830,
2026-06-25T17:20:25.983,28.797,rpm,9007.000,90.830,
2026-06-25T17:20:26.005,28.813,rpm,8999.000,90.830,
2026-06-25T17:20:26.064,28.875,rpm,9010.000,90.830,
2026-06-25T17:20:26.065,28.875,torque,9010.000,90.989,
2026-06-25T17:20:26.066,28.875,rpm,9013.000,90.989,
2026-06-25T17:20:26.112,28.922,rpm,9011.000,90.989,
2026-06-25T17:20:26.127,28.938,rpm,8992.000,90.989,
2026-06-25T17:20:26.127,28.938,rpm,8959.000,90.989,
2026-06-25T17:20:26.128,28.938,torque,8959.000,91.512,
2026-06-25T17:20:26.136,28.953,rpm,9021.000,91.512,
2026-06-25T17:20:26.174,28.985,rpm,8960.000,91.512,
2026-06-25T17:20:26.221,29.032,rpm,8969.000,91.512,
2026-06-25T17:20:26.240,29.047,rpm,9009.000,91.512,
2026-06-25T17:20:26.240,29.047,torque,9009.000,91.853,
2026-06-25T17:20:26.257,29.078,rpm,9044.000,91.853,
2026-06-25T17:20:26.258,29.078,rpm,8997.000,91.853,
2026-06-25T17:20:26.319,29.141,rpm,9001.000,91.853,
2026-06-25T17:20:26.320,29.141,torque,9001.000,91.717,
2026-06-25T17:20:26.320,29.141,rpm,9014.000,91.717,
2026-06-25T17:20:26.389,29.203,rpm,8935.000,91.717,
2026-06-25T17:20:26.402,29.219,rpm,9002.000,91.717,
2026-06-25T17:20:26.402,29.219,torque,9002.000,91.490,
2026-06-25T17:20:26.402,29.219,rpm,9000.000,91.490,
2026-06-25T17:20:26.464,29.282,rpm,8998.000,91.490,
2026-06-25T17:20:26.465,29.282,rpm,9006.000,91.490,
2026-06-25T17:20:26.466,29.282,rpm,9018.000,91.490,
2026-06-25T17:20:26.467,29.282,rpm,9004.000,91.490,
2026-06-25T17:20:26.488,29.297,torque,9004.000,91.808,
2026-06-25T17:20:26.505,29.313,rpm,9007.000,91.808,
2026-06-25T17:20:26.548,29.360,rpm,8936.000,91.808,
2026-06-25T17:20:26.548,29.360,rpm,8986.000,91.808,
2026-06-25T17:20:26.588,29.407,rpm,9005.000,91.808,
2026-06-25T17:20:26.588,29.407,torque,9005.000,91.693,
2026-06-25T17:20:26.589,29.407,rpm,9010.000,91.693,
2026-06-25T17:20:26.589,29.407,rpm,9010.000,91.693,
2026-06-25T17:20:26.627,29.438,rpm,8993.000,91.693,
2026-06-25T17:20:26.673,29.485,rpm,9008.000,91.693,
2026-06-25T17:20:26.673,29.485,torque,9008.000,91.386,
2026-06-25T17:20:26.693,29.500,rpm,9005.000,91.386,
2026-06-25T17:20:26.710,29.532,rpm,8964.000,91.386,
2026-06-25T17:20:26.726,29.547,rpm,9006.000,91.386,
2026-06-25T17:20:26.757,29.578,rpm,9003.000,91.386,
2026-06-25T17:20:26.775,29.594,rpm,9000.000,91.386,
2026-06-25T17:20:26.775,29.594,torque,9000.000,91.984,
2026-06-25T17:20:26.776,29.594,rpm,9004.000,91.984,
2026-06-25T17:20:26.794,29.610,rpm,8983.000,91.984,
2026-06-25T17:20:26.796,29.610,rpm,9011.000,91.984,
2026-06-25T17:20:26.847,29.657,rpm,9045.000,91.984,
2026-06-25T17:20:26.847,29.657,torque,9045.000,91.876,
2026-06-25T17:20:26.863,29.672,rpm,9002.000,91.876,
2026-06-25T17:20:26.882,29.703,rpm,8952.000,91.876,
2026-06-25T17:20:26.916,29.735,rpm,9022.000,91.876,
2026-06-25T17:20:26.948,29.766,rpm,8937.000,91.876,
2026-06-25T17:20:26.948,29.766,torque,8937.000,91.451,
2026-06-25T17:20:26.949,29.766,rpm,8960.000,91.451,
2026-06-25T17:20:26.967,29.782,rpm,8998.000,91.451,
2026-06-25T17:20:26.982,29.797,rpm,9020.000,91.451,
2026-06-25T17:20:27.014,29.828,rpm,9021.000,91.451,
2026-06-25T17:20:27.031,29.844,torque,9021.000,91.126,
2026-06-25T17:20:27.032,29.844,rpm,8975.000,91.126,
2026-06-25T17:20:27.050,29.860,rpm,9004.000,91.126,
2026-06-25T17:20:27.052,29.860,rpm,8983.000,91.126,
2026-06-25T17:20:27.100,29.922,rpm,9008.000,91.126,
2026-06-25T17:20:27.115,29.922,rpm,8989.000,91.126,
2026-06-25T17:20:27.115,29.922,torque,8989.000,91.553,
2026-06-25T17:20:27.135,29.953,rpm,9005.000,91.553,
2026-06-25T17:20:27.156,29.969,rpm,8990.000,91.553,
2026-06-25T17:20:27.189,30.000,rpm,9010.000,91.553,
2026-06-25T17:20:27.203,30.016,torque,9010.000,91.716,
2026-06-25T17:20:27.203,30.016,rpm,8922.000,91.716,
2026-06-25T17:20:27.221,30.032,rpm,9008.000,91.716,
2026-06-25T17:20:27.239,30.047,rpm,9001.000,91.716,
2026-06-25T17:20:27.256,30.078,rpm,9011.000,91.716,
2026-06-25T17:20:27.288,30.110,torque,9011.000,91.990,
2026-06-25T17:20:27.288,30.110,rpm,9021.000,91.990,
2026-06-25T17:20:27.308,30.125,rpm,9014.000,91.990,
2026-06-25T17:20:27.309,30.125,rpm,9051.000,91.990,
2026-06-25T17:20:27.342,30.157,rpm,8995.000,91.990,
2026-06-25T17:20:27.342,30.157,rpm,8961.000,91.990,
2026-06-25T17:20:27.373,30.188,rpm,9002.000,91.990,
2026-06-25T17:20:27.374,30.188,torque,9002.000,92.235,
2026-06-25T17:20:27.458,30.266,torque,9002.000,92.003,
2026-06-25T17:20:27.475,30.297,rpm,9002.000,92.003,
2026-06-25T17:20:27.475,30.297,rpm,9004.000,92.003,
2026-06-25T17:20:27.476,30.297,rpm,8979.000,92.003,
2026-06-25T17:20:27.539,30.360,torque,8979.000,91.971,
2026-06-25T17:20:27.540,30.360,rpm,9008.000,91.971,
2026-06-25T17:20:27.540,30.360,rpm,9008.000,91.971,
2026-06-25T17:20:27.556,30.375,rpm,9003.000,91.971,
2026-06-25T17:20:27.557,30.375,rpm,9024.000,91.971,
2026-06-25T17:20:27.600,30.407,rpm,9009.000,91.971,
2026-06-25T17:20:27.619,30.438,rpm,9002.000,91.971,
2026-06-25T17:20:27.619,30.438,torque,9002.000,92.052,
2026-06-25T17:20:27.656,30.469,rpm,9014.000,92.052,
2026-06-25T17:20:27.703,30.516,rpm,8933.000,92.052,
2026-06-25T17:20:27.723,30.532,rpm,8980.000,92.052,
2026-06-25T17:20:27.723,30.532,torque,8980.000,91.692,
2026-06-25T17:20:27.742,30.563,rpm,8980.000,91.692,
2026-06-25T17:20:27.743,30.563,rpm,9001.000,91.692,
2026-06-25T17:20:27.795,30.610,rpm,9000.000,91.692,
2026-06-25T17:20:27.795,30.610,rpm,9000.000,91.692,
2026-06-25T17:20:27.807,30.625,torque,9000.000,91.514,
2026-06-25T17:20:27.822,30.641,rpm,9008.000,91.514,
2026-06-25T17:20:27.824,30.641,rpm,9017.000,91.514,
2026-06-25T17:20:27.824,30.641,rpm,9010.000,91.514,
2026-06-25T17:20:27.876,30.688,rpm,9012.000,91.514,
2026-06-25T17:20:27.889,30.703,torque,9012.000,91.718,
2026-06-25T17:20:27.906,30.719,rpm,9003.000,91.718,
2026-06-25T17:20:27.926,30.735,rpm,8973.000,91.718,
2026-06-25T17:20:27.958,30.766,rpm,9061.000,91.718,
2026-06-25T17:20:27.972,30.782,torque,9061.000,91.865,
2026-06-25T17:20:27.991,30.813,rpm,8981.000,91.865,
2026-06-25T17:20:27.992,30.813,rpm,9001.000,91.865,
2026-06-25T17:20:28.011,30.828,rpm,8984.000,91.865,
2026-06-25T17:20:28.046,30.860,rpm,9032.000,91.865,
2026-06-25T17:20:28.058,30.875,rpm,9010.000,91.865,
2026-06-25T17:20:28.058,30.875,torque,9010.000,91.548,
2026-06-25T17:20:28.059,30.875,rpm,9007.000,91.548,
2026-06-25T17:20:28.099,30.907,rpm,8991.000,91.548,
2026-06-25T17:20:28.119,30.938,rpm,9084.000,91.548,
2026-06-25T17:20:28.150,30.969,torque,9084.000,91.856,
2026-06-25T17:20:28.150,30.969,rpm,9022.000,91.856,
2026-06-25T17:20:28.163,30.985,rpm,8965.000,91.856,
2026-06-25T17:20:28.233,31.047,rpm,9005.000,91.856,
2026-06-25T17:20:28.247,31.063,torque,9005.000,92.154,
2026-06-25T17:20:28.247,31.063,rpm,9005.000,92.154,
2026-06-25T17:20:28.247,31.063,rpm,9006.000,92.154,
2026-06-25T17:20:28.250,31.063,rpm,9013.000,92.154,
2026-06-25T17:20:28.318,31.125,rpm,8982.000,92.154,
2026-06-25T17:20:28.319,31.141,torque,8982.000,91.650,
2026-06-25T17:20:28.319,31.141,rpm,8936.000,91.650,
2026-06-25T17:20:28.335,31.157,rpm,9013.000,91.650,
2026-06-25T17:20:28.353,31.172,rpm,8997.000,91.650,
2026-06-25T17:20:28.383,31.203,rpm,9008.000,91.650,
2026-06-25T17:20:28.399,31.219,rpm,9006.000,91.650,
2026-06-25T17:20:28.400,31.219,torque,9006.000,91.658,
2026-06-25T17:20:28.400,31.219,rpm,8999.000,91.658,
2026-06-25T17:20:28.417,31.235,rpm,9011.000,91.658,
2026-06-25T17:20:28.499,31.313,rpm,9011.000,91.658,
2026-06-25T17:20:28.500,31.313,torque,9011.000,92.092,
2026-06-25T17:20:28.521,31.328,rpm,9043.000,92.092,
2026-06-25T17:20:28.549,31.360,rpm,8995.000,92.092,
2026-06-25T17:20:28.563,31.375,rpm,9006.000,92.092,
2026-06-25T17:20:28.563,31.375,torque,9006.000,91.807,
2026-06-25T17:20:28.582,31.391,rpm,9000.000,91.807,
2026-06-25T17:20:28.602,31.422,rpm,9041.000,91.807,
2026-06-25T17:20:28.634,31.453,rpm,9002.000,91.807,
2026-06-25T17:20:28.634,31.453,rpm,8999.000,91.807,
2026-06-25T17:20:28.665,31.485,rpm,9014.000,91.807,
2026-06-25T17:20:28.666,31.485,torque,9014.000,91.806,
2026-06-25T17:20:28.667,31.485,rpm,8936.000,91.806,
2026-06-25T17:20:28.720,31.532,rpm,8945.000,91.806,
2026-06-25T17:20:28.733,31.547,rpm,8971.000,91.806,
2026-06-25T17:20:28.733,31.547,rpm,8998.000,91.806,
2026-06-25T17:20:28.750,31.563,torque,8998.000,91.749,
2026-06-25T17:20:28.755,31.563,rpm,9051.000,91.749,
2026-06-25T17:20:28.805,31.625,rpm,8921.000,91.749,
2026-06-25T17:20:28.819,31.641,rpm,8969.000,91.749,
2026-06-25T17:20:28.837,31.657,rpm,9006.000,91.749,
2026-06-25T17:20:28.838,31.657,torque,9006.000,92.132,
2026-06-25T17:20:28.856,31.672,rpm,9002.000,92.132,
2026-06-25T17:20:28.858,31.672,rpm,9035.000,92.132,
2026-06-25T17:20:28.904,31.719,rpm,9181.000,92.132,
2026-06-25T17:20:28.918,31.735,rpm,9335.000,92.132,
2026-06-25T17:20:28.918,31.735,torque,9335.000,91.739,
2026-06-25T17:20:28.937,31.750,rpm,9666.000,91.739,
2026-06-25T17:20:28.959,31.766,rpm,9864.000,91.739,
2026-06-25T17:20:29.024,31.844,torque,9864.000,91.833,
2026-06-25T17:20:29.024,31.844,rpm,10403.000,91.833,
2026-06-25T17:20:29.056,31.875,rpm,10647.000,91.833,
2026-06-25T17:20:29.087,31.907,rpm,10683.000,91.833,
2026-06-25T17:20:29.101,31.922,torque,10683.000,90.501,
2026-06-25T17:20:29.101,31.922,rpm,10915.000,90.501,
2026-06-25T17:20:29.101,31.922,rpm,10914.000,90.501,
2026-06-25T17:20:29.134,31.953,rpm,11016.000,90.501,
2026-06-25T17:20:29.168,31.985,rpm,11157.000,90.501,
2026-06-25T17:20:29.188,32.000,rpm,11121.000,90.501,
2026-06-25T17:20:29.201,32.016,torque,11121.000,86.397,
2026-06-25T17:20:29.201,32.016,rpm,11141.000,86.397,
2026-06-25T17:20:29.218,32.032,rpm,11191.000,86.397,
2026-06-25T17:20:29.219,32.032,rpm,11263.000,86.397,
2026-06-25T17:20:29.264,32.078,rpm,11262.000,86.397,
2026-06-25T17:20:29.277,32.094,torque,11262.000,82.624,
2026-06-25T17:20:29.278,32.094,rpm,11202.000,82.624,
2026-06-25T17:20:29.298,32.110,rpm,11276.000,82.624,
2026-06-25T17:20:29.314,32.125,rpm,11210.000,82.624,
2026-06-25T17:20:29.332,32.141,rpm,11215.000,82.624,
2026-06-25T17:20:29.364,32.172,torque,11215.000,73.061,
2026-06-25T17:20:29.364,32.172,rpm,11168.000,73.061,
2026-06-25T17:20:29.410,32.219,rpm,11111.000,73.061,
2026-06-25T17:20:29.455,32.266,torque,11111.000,70.335,
2026-06-25T17:20:29.455,32.266,rpm,11081.000,70.335,
2026-06-25T17:20:29.470,32.282,rpm,11075.000,70.335,
2026-06-25T17:20:29.504,32.313,rpm,11086.000,70.335,
2026-06-25T17:20:29.531,32.344,rpm,11070.000,70.335,
2026-06-25T17:20:29.531,32.344,torque,11070.000,68.291,
2026-06-25T17:20:29.549,32.360,rpm,11003.000,68.291,
2026-06-25T17:20:29.579,32.391,rpm,10998.000,68.291,
2026-06-25T17:20:29.611,32.422,rpm,10941.000,68.291,
2026-06-25T17:20:29.629,32.438,torque,10941.000,66.792,
2026-06-25T17:20:29.629,32.438,rpm,10891.000,66.792,
2026-06-25T17:20:29.644,32.453,rpm,10824.000,66.792,
2026-06-25T17:20:29.662,32.485,rpm,10818.000,66.792,
2026-06-25T17:20:29.690,32.500,rpm,10846.000,66.792,
2026-06-25T17:20:29.705,32.516,torque,10846.000,65.848,
2026-06-25T17:20:29.705,32.516,rpm,10802.000,65.848,
2026-06-25T17:20:29.706,32.516,rpm,10752.000,65.848,
2026-06-25T17:20:29.723,32.532,rpm,10773.000,65.848,
2026-06-25T17:20:29.765,32.578,rpm,10704.000,65.848,
2026-06-25T17:20:29.781,32.594,rpm,10695.000,65.848,
2026-06-25T17:20:29.781,32.594,torque,10695.000,65.103,
2026-06-25T17:20:29.849,32.657,rpm,10669.000,65.103,
2026-06-25T17:20:29.851,32.672,rpm,10636.000,65.103,
2026-06-25T17:20:29.853,32.672,rpm,10550.000,65.103,
2026-06-25T17:20:29.853,32.672,torque,10550.000,64.404,
2026-06-25T17:20:29.917,32.735,rpm,10557.000,64.404,
2026-06-25T17:20:29.932,32.750,rpm,10474.000,64.404,
2026-06-25T17:20:29.932,32.750,rpm,10526.000,64.404,
2026-06-25T17:20:29.964,32.782,torque,10526.000,63.941,
2026-06-25T17:20:29.964,32.782,rpm,10509.000,63.941,
2026-06-25T17:20:29.997,32.813,rpm,10460.000,63.941,
2026-06-25T17:20:29.998,32.813,rpm,10380.000,63.941,
2026-06-25T17:20:30.043,32.860,rpm,10465.000,63.941,
2026-06-25T17:20:30.055,32.875,torque,10465.000,63.306,
2026-06-25T17:20:30.056,32.875,rpm,10404.000,63.306,
2026-06-25T17:20:30.074,32.891,rpm,10353.000,63.306,
2026-06-25T17:20:30.091,32.907,rpm,10374.000,63.306,
2026-06-25T17:20:30.120,32.938,rpm,10398.000,63.306,
2026-06-25T17:20:30.134,32.953,rpm,10354.000,63.306,
2026-06-25T17:20:30.134,32.953,torque,10354.000,62.998,
2026-06-25T17:20:30.155,32.969,rpm,10355.000,62.998,
2026-06-25T17:20:30.173,32.985,rpm,10317.000,62.998,
2026-06-25T17:20:30.201,33.016,rpm,10331.000,62.998,
2026-06-25T17:20:30.230,33.047,torque,10331.000,61.968,
2026-06-25T17:20:30.230,33.047,rpm,10248.000,61.968,
2026-06-25T17:20:30.231,33.047,rpm,10319.000,61.968,
2026-06-25T17:20:30.264,33.078,rpm,10271.000,61.968,
2026-06-25T17:20:30.307,33.125,rpm,10192.000,61.968,
2026-06-25T17:20:30.308,33.125,torque,10192.000,60.508,
2026-06-25T17:20:30.326,33.141,rpm,10238.000,60.508,
2026-06-25T17:20:30.341,33.157,rpm,10163.000,60.508,
2026-06-25T17:20:30.356,33.172,rpm,10202.000,60.508,
2026-06-25T17:20:30.403,33.219,torque,10202.000,59.748,
2026-06-25T17:20:30.403,33.219,rpm,10178.000,59.748,
2026-06-25T17:20:30.422,33.235,rpm,10163.000,59.748,
2026-06-25T17:20:30.478,33.297,rpm,10080.000,59.748,
2026-06-25T17:20:30.491,33.313,torque,10080.000,59.436,
2026-06-25T17:20:30.492,33.313,rpm,10066.000,59.436,
2026-06-25T17:20:30.493,33.313,rpm,10113.000,59.436,
2026-06-25T17:20:30.552,33.360,rpm,10135.000,59.436,
2026-06-25T17:20:30.553,33.360,rpm,10047.000,59.436,
2026-06-25T17:20:30.553,33.360,torque,10047.000,58.463,
2026-06-25T17:20:30.553,33.360,rpm,10088.000,58.463,
2026-06-25T17:20:30.587,33.407,rpm,10082.000,58.463,
2026-06-25T17:20:30.645,33.453,rpm,9938.000,58.463,
2026-06-25T17:20:30.645,33.453,rpm,9966.000,58.463,
2026-06-25T17:20:30.645,33.453,torque,9966.000,58.807,
2026-06-25T17:20:30.661,33.469,rpm,9971.000,58.807,
2026-06-25T17:20:30.705,33.516,rpm,10016.000,58.807,
2026-06-25T17:20:30.719,33.532,rpm,9946.000,58.807,
2026-06-25T17:20:30.735,33.547,torque,9946.000,59.127,
2026-06-25T17:20:30.735,33.547,rpm,9973.000,59.127,
2026-06-25T17:20:30.755,33.563,rpm,9909.000,59.127,
2026-06-25T17:20:30.768,33.578,rpm,9892.000,59.127,
2026-06-25T17:20:30.814,33.625,rpm,9913.000,59.127,
2026-06-25T17:20:30.830,33.641,torque,9913.000,57.778,
2026-06-25T17:20:30.846,33.657,rpm,9913.000,57.778,
2026-06-25T17:20:30.848,33.657,rpm,9873.000,57.778,
2026-06-25T17:20:30.896,33.703,rpm,9876.000,57.778,
2026-06-25T17:20:30.923,33.735,torque,9876.000,59.165,
2026-06-25T17:20:30.923,33.735,rpm,9840.000,59.165,
2026-06-25T17:20:30.940,33.750,rpm,9844.000,59.165,
2026-06-25T17:20:30.955,33.766,rpm,9876.000,59.165,
2026-06-25T17:20:30.999,33.813,rpm,9811.000,59.165,
2026-06-25T17:20:30.999,33.813,torque,9811.000,59.278,
2026-06-25T17:20:31.014,33.828,rpm,9807.000,59.278,
2026-06-25T17:20:31.017,33.828,rpm,9839.000,59.278,
2026-06-25T17:20:31.063,33.875,rpm,9797.000,59.278,
2026-06-25T17:20:31.076,33.891,rpm,9829.000,59.278,
2026-06-25T17:20:31.093,33.907,torque,9829.000,59.480,
2026-06-25T17:20:31.095,33.907,rpm,9788.000,59.480,
2026-06-25T17:20:31.113,33.922,rpm,9816.000,59.480,
2026-06-25T17:20:31.141,33.953,rpm,9748.000,59.480,
2026-06-25T17:20:31.169,33.985,rpm,9736.000,59.480,
2026-06-25T17:20:31.170,33.985,torque,9736.000,60.104,
2026-06-25T17:20:31.170,33.985,rpm,9747.000,60.104,
2026-06-25T17:20:31.203,34.016,rpm,9787.000,60.104,
2026-06-25T17:20:31.203,34.016,rpm,9776.000,60.104,
2026-06-25T17:20:31.246,34.063,rpm,9799.000,60.104,
2026-06-25T17:20:31.261,34.078,rpm,9757.000,60.104,
2026-06-25T17:20:31.262,34.078,torque,9757.000,60.437,
2026-06-25T17:20:31.276,34.094,rpm,9706.000,60.437,
2026-06-25T17:20:31.278,34.094,rpm,9715.000,60.437,
2026-06-25T17:20:31.323,34.141,rpm,9753.000,60.437,
2026-06-25T17:20:31.336,34.157,rpm,9707.000,60.437,
2026-06-25T17:20:31.336,34.157,torque,9707.000,60.814,
2026-06-25T17:20:31.354,34.172,rpm,9668.000,60.814,
2026-06-25T17:20:31.373,34.188,rpm,9752.000,60.814,
2026-06-25T17:20:31.402,34.219,rpm,9690.000,60.814,
2026-06-25T17:20:31.416,34.235,rpm,9731.000,60.814,
2026-06-25T17:20:31.432,34.250,torque,9731.000,60.969,
2026-06-25T17:20:31.432,34.250,rpm,9701.000,60.969,
2026-06-25T17:20:31.449,34.266,rpm,9627.000,60.969,
2026-06-25T17:20:31.466,34.282,rpm,9698.000,60.969,
2026-06-25T17:20:31.523,34.344,rpm,9666.000,60.969,
2026-06-25T17:20:31.524,34.344,torque,9666.000,61.154,
2026-06-25T17:20:31.524,34.344,rpm,9716.000,61.154,
2026-06-25T17:20:31.540,34.360,rpm,9649.000,61.154,
2026-06-25T17:20:31.595,34.407,rpm,9642.000,61.154,
2026-06-25T17:20:31.596,34.407,rpm,9718.000,61.154,
2026-06-25T17:20:31.611,34.422,torque,9718.000,61.182,
2026-06-25T17:20:31.611,34.422,rpm,9642.000,61.182,
2026-06-25T17:20:31.658,34.469,rpm,9640.000,61.182,
2026-06-25T17:20:31.672,34.485,rpm,9697.000,61.182,
2026-06-25T17:20:31.688,34.500,torque,9697.000,61.027,
2026-06-25T17:20:31.689,34.500,rpm,9682.000,61.027,
2026-06-25T17:20:31.709,34.516,rpm,9663.000,61.027,
2026-06-25T17:20:31.763,34.578,rpm,9682.000,61.027,
2026-06-25T17:20:31.779,34.594,rpm,9638.000,61.027,
2026-06-25T17:20:31.779,34.594,rpm,9619.000,61.027,
2026-06-25T17:20:31.779,34.594,torque,9619.000,60.761,
2026-06-25T17:20:31.804,34.625,rpm,9629.000,60.761,
2026-06-25T17:20:31.826,34.641,rpm,9607.000,60.761,
2026-06-25T17:20:31.857,34.672,rpm,9613.000,60.761,
2026-06-25T17:20:31.872,34.688,torque,9613.000,60.583,
2026-06-25T17:20:31.872,34.688,rpm,9609.000,60.583,
2026-06-25T17:20:31.891,34.703,rpm,9617.000,60.583,
2026-06-25T17:20:31.891,34.703,rpm,9636.000,60.583,
2026-06-25T17:20:31.924,34.735,rpm,9523.000,60.583,
2026-06-25T17:20:31.969,34.782,torque,9523.000,60.183,
2026-06-25T17:20:31.969,34.782,rpm,9644.000,60.183,
2026-06-25T17:20:31.969,34.782,rpm,9580.000,60.183,
2026-06-25T17:20:32.003,34.813,rpm,9574.000,60.183,
2026-06-25T17:20:32.048,34.860,torque,9574.000,60.377,
2026-06-25T17:20:32.049,34.860,rpm,9591.000,60.377,
2026-06-25T17:20:32.066,34.875,rpm,9622.000,60.377,
2026-06-25T17:20:32.099,34.907,rpm,9458.000,60.377,
2026-06-25T17:20:32.115,34.922,rpm,9613.000,60.377,
2026-06-25T17:20:32.130,34.938,torque,9613.000,60.280,
2026-06-25T17:20:32.130,34.938,rpm,9548.000,60.280,
2026-06-25T17:20:32.130,34.938,rpm,9634.000,60.280,
2026-06-25T17:20:32.164,34.985,rpm,9627.000,60.280,
2026-06-25T17:20:32.212,35.032,rpm,9578.000,60.280,
2026-06-25T17:20:32.212,35.032,rpm,9601.000,60.280,
2026-06-25T17:20:32.225,35.047,torque,9601.000,59.867,
2026-06-25T17:20:32.225,35.047,rpm,9548.000,59.867,
2026-06-25T17:20:32.263,35.078,rpm,9592.000,59.867,
2026-06-25T17:20:32.263,35.078,rpm,9592.000,59.867,
2026-06-25T17:20:32.307,35.125,torque,9592.000,59.791,
2026-06-25T17:20:32.307,35.125,rpm,9591.000,59.791,
2026-06-25T17:20:32.329,35.141,rpm,9607.000,59.791,
2026-06-25T17:20:32.346,35.157,rpm,9547.000,59.791,
2026-06-25T17:20:32.364,35.172,rpm,9531.000,59.791,
2026-06-25T17:20:32.395,35.203,torque,9531.000,59.309,
2026-06-25T17:20:32.395,35.203,rpm,9598.000,59.309,
2026-06-25T17:20:32.412,35.219,rpm,9613.000,59.309,
2026-06-25T17:20:32.413,35.235,rpm,9563.000,59.309,
2026-06-25T17:20:32.460,35.282,rpm,9605.000,59.309,
2026-06-25T17:20:32.460,35.282,rpm,9545.000,59.309,
2026-06-25T17:20:32.475,35.297,torque,9545.000,58.579,
2026-06-25T17:20:32.475,35.297,rpm,9547.000,58.579,
2026-06-25T17:20:32.536,35.344,rpm,9599.000,58.579,
2026-06-25T17:20:32.550,35.360,torque,9599.000,58.911,
2026-06-25T17:20:32.582,35.391,rpm,9479.000,58.911,
2026-06-25T17:20:32.598,35.407,rpm,9463.000,58.911,
2026-06-25T17:20:32.614,35.422,rpm,9312.000,58.911,
2026-06-25T17:20:32.646,35.453,torque,9312.000,58.474,
2026-06-25T17:20:32.646,35.453,rpm,9413.000,58.474,
2026-06-25T17:20:32.679,35.500,rpm,9501.000,58.474,
2026-06-25T17:20:32.739,35.547,torque,9501.000,57.982,
2026-06-25T17:20:32.757,35.578,rpm,9569.000,57.982,
2026-06-25T17:20:32.800,35.610,rpm,9535.000,57.982,
2026-06-25T17:20:32.816,35.625,rpm,9562.000,57.982,
2026-06-25T17:20:32.817,35.625,torque,9562.000,58.614,
2026-06-25T17:20:32.851,35.672,rpm,9508.000,58.614,
2026-06-25T17:20:32.869,35.688,rpm,9567.000,58.614,
2026-06-25T17:20:32.884,35.703,rpm,9537.000,58.614,
2026-06-25T17:20:32.884,35.703,torque,9537.000,58.710,
2026-06-25T17:20:32.915,35.735,rpm,9512.000,58.710,
2026-06-25T17:20:32.930,35.750,rpm,9554.000,58.710,
2026-06-25T17:20:32.976,35.797,rpm,9530.000,58.710,
2026-06-25T17:20:32.976,35.797,rpm,9552.000,58.710,
2026-06-25T17:20:32.991,35.813,torque,9552.000,58.569,
2026-06-25T17:20:32.992,35.813,rpm,9566.000,58.569,
2026-06-25T17:20:33.029,35.844,rpm,9559.000,58.569,
2026-06-25T17:20:33.059,35.875,rpm,9530.000,58.569,
2026-06-25T17:20:33.074,35.891,rpm,9545.000,58.569,
2026-06-25T17:20:33.091,35.907,rpm,9586.000,58.569,
2026-06-25T17:20:33.091,35.907,torque,9586.000,58.649,
2026-06-25T17:20:33.109,35.922,rpm,9517.000,58.649,
2026-06-25T17:20:33.151,35.969,rpm,9586.000,58.649,
2026-06-25T17:20:33.168,35.985,torque,9586.000,58.757,
2026-06-25T17:20:33.168,35.985,rpm,9529.000,58.757,
2026-06-25T17:20:33.184,36.000,rpm,9556.000,58.757,
2026-06-25T17:20:33.200,36.016,rpm,9531.000,58.757,
2026-06-25T17:20:33.201,36.016,rpm,9499.000,58.757,
2026-06-25T17:20:33.261,36.078,torque,9499.000,58.415,
2026-06-25T17:20:33.262,36.078,rpm,9571.000,58.415,
2026-06-25T17:20:33.263,36.078,rpm,9486.000,58.415,
2026-06-25T17:20:33.280,36.094,rpm,9508.000,58.415,
2026-06-25T17:20:33.326,36.141,rpm,9515.000,58.415,
2026-06-25T17:20:33.326,36.141,rpm,9544.000,58.415,
2026-06-25T17:20:33.343,36.157,torque,9544.000,58.937,
2026-06-25T17:20:33.411,36.219,rpm,9501.000,58.937,
2026-06-25T17:20:33.411,36.219,rpm,9561.000,58.937,
2026-06-25T17:20:33.412,36.219,torque,9561.000,58.546,
2026-06-25T17:20:33.412,36.219,rpm,9549.000,58.546,
2026-06-25T17:20:33.443,36.250,rpm,9525.000,58.546,
2026-06-25T17:20:33.487,36.297,rpm,9571.000,58.546,
2026-06-25T17:20:33.504,36.313,rpm,9568.000,58.546,
2026-06-25T17:20:33.505,36.313,torque,9568.000,58.765,
2026-06-25T17:20:33.519,36.328,rpm,9502.000,58.765,
2026-06-25T17:20:33.520,36.328,rpm,9496.000,58.765,
2026-06-25T17:20:33.572,36.391,rpm,9553.000,58.765,
2026-06-25T17:20:33.586,36.407,rpm,9485.000,58.765,
2026-06-25T17:20:33.588,36.407,rpm,9546.000,58.765,
2026-06-25T17:20:33.602,36.422,torque,9546.000,59.215,
2026-06-25T17:20:33.615,36.422,rpm,9539.000,59.215,
2026-06-25T17:20:33.658,36.469,rpm,9549.000,59.215,
2026-06-25T17:20:33.673,36.485,rpm,9559.000,59.215,
2026-06-25T17:20:33.684,36.500,torque,9559.000,59.147,
2026-06-25T17:20:33.684,36.500,rpm,9489.000,59.147,
2026-06-25T17:20:33.730,36.547,rpm,9396.000,59.147,
2026-06-25T17:20:33.754,36.563,rpm,9532.000,59.147,
2026-06-25T17:20:33.755,36.563,torque,9532.000,58.469,
2026-06-25T17:20:33.755,36.563,rpm,9203.000,58.469,
2026-06-25T17:20:33.781,36.594,rpm,8872.000,58.469,
2026-06-25T17:20:33.823,36.641,rpm,8169.000,58.469,
2026-06-25T17:20:33.840,36.657,rpm,7847.000,58.469,
2026-06-25T17:20:33.860,36.672,rpm,7568.000,58.469,
2026-06-25T17:20:33.860,36.672,torque,7568.000,56.295,
2026-06-25T17:20:33.860,36.672,rpm,7216.000,56.295,
2026-06-25T17:20:33.879,36.688,rpm,6610.000,56.295,
2026-06-25T17:20:33.924,36.735,rpm,6092.000,56.295,
2026-06-25T17:20:33.938,36.750,torque,6092.000,6.772,
2026-06-25T17:20:33.938,36.750,rpm,5623.000,6.772,
2026-06-25T17:20:33.954,36.766,rpm,5420.000,6.772,
2026-06-25T17:20:33.970,36.782,rpm,5162.000,6.772,
2026-06-25T17:20:34.012,36.828,rpm,4533.000,6.772,
2026-06-25T17:20:34.013,36.828,rpm,4445.000,6.772,
2026-06-25T17:20:34.029,36.844,torque,4445.000,-15.705,
2026-06-25T17:20:34.029,36.844,rpm,4245.000,-15.705,
2026-06-25T17:20:34.044,36.860,rpm,4034.000,-15.705,
2026-06-25T17:20:34.096,36.907,rpm,3435.000,-15.705,
2026-06-25T17:20:34.106,36.922,rpm,3244.000,-15.705,
2026-06-25T17:20:34.106,36.922,torque,3244.000,-7.084,
2026-06-25T17:20:34.108,36.922,rpm,3033.000,-7.084,
2026-06-25T17:20:34.166,36.985,rpm,2635.000,-7.084,
2026-06-25T17:20:34.167,36.985,rpm,2501.000,-7.084,
2026-06-25T17:20:34.181,37.000,rpm,2309.000,-7.084,
2026-06-25T17:20:34.212,37.032,torque,2309.000,-2.845,
2026-06-25T17:20:34.212,37.032,rpm,1963.000,-2.845,
2026-06-25T17:20:34.213,37.032,rpm,1863.000,-2.845,
2026-06-25T17:20:34.248,37.063,rpm,1756.000,-2.845,
2026-06-25T17:20:34.250,37.063,rpm,1593.000,-2.845,
2026-06-25T17:20:34.288,37.110,rpm,1387.000,-2.845,
2026-06-25T17:20:34.301,37.110,torque,1387.000,-0.095,
2026-06-25T17:20:34.303,37.125,rpm,1207.000,-0.095,
2026-06-25T17:20:34.340,37.157,rpm,959.000,-0.095,
2026-06-25T17:20:34.350,37.172,rpm,841.000,-0.095,
2026-06-25T17:20:34.351,37.172,rpm,721.000,-0.095,
2026-06-25T17:20:34.381,37.188,torque,721.000,0.353,
2026-06-25T17:20:34.391,37.203,rpm,363.000,0.353,
2026-06-25T17:20:34.393,37.203,rpm,262.000,0.353,
2026-06-25T17:20:34.421,37.235,rpm,174.000,0.353,
2026-06-25T17:20:34.467,37.282,torque,174.000,0.326,
2026-06-25T17:20:34.476,37.297,rpm,83.000,0.326,
2026-06-25T17:20:34.515,37.328,rpm,68.000,0.326,
2026-06-25T17:20:34.525,37.344,rpm,61.000,0.326,
2026-06-25T17:20:34.526,37.344,rpm,55.000,0.326,
2026-06-25T17:20:34.552,37.360,torque,55.000,0.214,
2026-06-25T17:20:34.552,37.360,rpm,50.000,0.214,
2026-06-25T17:20:34.579,37.391,rpm,44.000,0.214,
2026-06-25T17:20:34.615,37.422,rpm,39.000,0.214,
2026-06-25T17:20:34.630,37.438,rpm,37.000,0.214,
2026-06-25T17:20:34.631,37.438,torque,37.000,0.115,
2026-06-25T17:20:34.644,37.453,rpm,34.000,0.115,
2026-06-25T17:20:34.681,37.500,rpm,31.000,0.115,
2026-06-25T17:20:34.696,37.516,rpm,29.000,0.115,
2026-06-25T17:20:34.708,37.516,rpm,27.000,0.115,
2026-06-25T17:20:34.709,37.516,torque,27.000,0.148,
2026-06-25T17:20:34.738,37.547,rpm,25.000,0.148,
2026-06-25T17:20:34.739,37.547,rpm,24.000,0.148,
2026-06-25T17:20:34.773,37.594,rpm,23.000,0.148,
2026-06-25T17:20:34.812,37.625,torque,23.000,0.506,
2026-06-25T17:20:34.812,37.625,rpm,21.000,0.506,
2026-06-25T17:20:34.813,37.625,rpm,20.000,0.506,
2026-06-25T17:20:34.858,37.672,rpm,19.000,0.506,
2026-06-25T17:20:34.878,37.688,rpm,18.000,0.506,
2026-06-25T17:20:34.879,37.688,rpm,18.000,0.506,
2026-06-25T17:20:34.894,37.703,torque,18.000,0.604,
2026-06-25T17:20:34.895,37.703,rpm,18.000,0.604,
2026-06-25T17:20:34.943,37.750,rpm,16.000,0.604,
2026-06-25T17:20:34.954,37.766,rpm,16.000,0.604,
2026-06-25T17:20:34.955,37.766,rpm,16.000,0.604,
2026-06-25T17:20:34.984,37.797,rpm,15.000,0.604,
2026-06-25T17:20:34.984,37.797,torque,15.000,0.462,
2026-06-25T17:20:35.009,37.828,rpm,14.000,0.462,
2026-06-25T17:20:35.011,37.828,rpm,14.000,0.462,
2026-06-25T17:20:35.045,37.860,rpm,14.000,0.462,
2026-06-25T17:20:35.056,37.875,torque,14.000,0.372,
2026-06-25T17:20:35.056,37.875,rpm,13.000,0.372,
2026-06-25T17:20:35.087,37.907,rpm,13.000,0.372,
2026-06-25T17:20:35.111,37.922,rpm,12.000,0.372,
2026-06-25T17:20:35.122,37.938,rpm,12.000,0.372,
2026-06-25T17:20:35.143,37.953,rpm,12.000,0.372,
2026-06-25T17:20:35.154,37.969,torque,12.000,0.432,
2026-06-25T17:20:35.156,37.969,rpm,11.000,0.432,
2026-06-25T17:20:35.183,38.000,rpm,11.000,0.432,
2026-06-25T17:20:35.210,38.032,rpm,11.000,0.432,
2026-06-25T17:20:35.232,38.047,rpm,11.000,0.432,
2026-06-25T17:20:35.243,38.063,torque,11.000,0.214,
2026-06-25T17:20:35.245,38.063,rpm,10.000,0.214,
2026-06-25T17:20:35.261,38.078,rpm,10.000,0.214,
2026-06-25T17:20:35.284,38.094,rpm,10.000,0.214,
2026-06-25T17:20:35.307,38.125,rpm,10.000,0.214,
2026-06-25T17:20:35.321,38.141,rpm,9.000,0.214,
2026-06-25T17:20:35.332,38.141,torque,9.000,0.110,
2026-06-25T17:20:35.335,38.141,rpm,9.000,0.110,
2026-06-25T17:20:35.375,38.188,rpm,9.000,0.110,
2026-06-25T17:20:35.396,38.203,rpm,9.000,0.110,
2026-06-25T17:20:35.412,38.219,rpm,9.000,0.110,
2026-06-25T17:20:35.412,38.219,torque,9.000,0.414,
2026-06-25T17:20:35.473,38.282,rpm,8.000,0.414,
2026-06-25T17:20:35.477,38.297,rpm,8.000,0.414,
2026-06-25T17:20:35.504,38.313,torque,8.000,0.290,
2026-06-25T17:20:35.505,38.313,rpm,8.000,0.290,
2026-06-25T17:20:35.553,38.360,rpm,8.000,0.290,
2026-06-25T17:20:35.563,38.375,rpm,7.000,0.290,
2026-06-25T17:20:35.576,38.391,rpm,7.000,0.290,
2026-06-25T17:20:35.587,38.407,torque,7.000,0.399,
2026-06-25T17:20:35.587,38.407,rpm,7.000,0.399,
2026-06-25T17:20:35.615,38.422,rpm,7.000,0.399,
2026-06-25T17:20:35.651,38.469,rpm,7.000,0.399,
2026-06-25T17:20:35.665,38.485,rpm,7.000,0.399,
2026-06-25T17:20:35.680,38.500,torque,7.000,0.604,
2026-06-25T17:20:35.680,38.500,rpm,7.000,0.604,
2026-06-25T17:20:35.695,38.516,rpm,7.000,0.604,
2026-06-25T17:20:35.734,38.547,rpm,6.000,0.604,
2026-06-25T17:20:35.735,38.547,rpm,6.000,0.604,
2026-06-25T17:20:35.746,38.563,rpm,6.000,0.604,
2026-06-25T17:20:35.746,38.563,torque,6.000,0.712,
2026-06-25T17:20:35.770,38.578,rpm,6.000,0.712,
2026-06-25T17:20:35.791,38.610,rpm,6.000,0.712,
2026-06-25T17:20:35.825,38.641,rpm,6.000,0.712,
2026-06-25T17:20:35.832,38.641,torque,6.000,0.580,
2026-06-25T17:20:35.859,38.672,rpm,6.000,0.580,
2026-06-25T17:20:35.881,38.688,rpm,6.000,0.580,
2026-06-25T17:20:35.896,38.703,rpm,6.000,0.580,
2026-06-25T17:20:35.907,38.719,rpm,6.000,0.580,
2026-06-25T17:20:35.931,38.750,torque,6.000,0.505,
2026-06-25T17:20:35.932,38.750,rpm,6.000,0.505,
2026-06-25T17:20:35.958,38.766,rpm,5.000,0.505,
2026-06-25T17:20:35.990,38.797,rpm,5.000,0.505,
2026-06-25T17:20:36.007,38.828,rpm,5.000,0.505,
2026-06-25T17:20:36.020,38.828,torque,5.000,0.224,
2026-06-25T17:20:36.054,38.875,rpm,5.000,0.224,
2026-06-25T17:20:36.062,38.875,rpm,5.000,0.224,
2026-06-25T17:20:36.064,38.875,rpm,5.000,0.224,
2026-06-25T17:20:36.089,38.907,rpm,5.000,0.224,
2026-06-25T17:20:36.091,38.907,torque,5.000,0.197,
2026-06-25T17:20:36.118,38.938,rpm,5.000,0.197,
2026-06-25T17:20:36.144,38.953,rpm,5.000,0.197,
2026-06-25T17:20:36.153,38.969,rpm,5.000,0.197,
2026-06-25T17:20:36.176,38.985,rpm,5.000,0.197,
2026-06-25T17:20:36.190,39.000,torque,5.000,0.389,
2026-06-25T17:20:36.206,39.016,rpm,5.000,0.389,
2026-06-25T17:20:36.228,39.047,rpm,5.000,0.389,
2026-06-25T17:20:36.250,39.063,rpm,5.000,0.389,
2026-06-25T17:20:36.263,39.078,rpm,5.000,0.389,
2026-06-25T17:20:36.274,39.094,torque,5.000,0.203,
2026-06-25T17:20:36.275,39.094,rpm,4.000,0.203,
2026-06-25T17:20:36.299,39.110,rpm,4.000,0.203,
2026-06-25T17:20:36.336,39.157,rpm,4.000,0.203,
2026-06-25T17:20:36.346,39.157,rpm,4.000,0.203,
2026-06-25T17:20:36.362,39.172,torque,4.000,0.138,
2026-06-25T17:20:36.396,39.203,rpm,4.000,0.138,
2026-06-25T17:20:36.404,39.219,rpm,4.000,0.138,
2026-06-25T17:20:36.449,39.266,torque,4.000,0.121,
2026-06-25T17:20:36.475,39.282,rpm,4.000,0.121,
2026-06-25T17:20:36.496,39.313,rpm,4.000,0.121,
2026-06-25T17:20:36.516,39.328,rpm,4.000,0.121,
2026-06-25T17:20:36.527,39.344,torque,4.000,0.340,
2026-06-25T17:20:36.549,39.360,rpm,4.000,0.340,
2026-06-25T17:20:36.549,39.360,rpm,4.000,0.340,
2026-06-25T17:20:36.573,39.391,rpm,4.000,0.340,
2026-06-25T17:20:36.608,39.422,rpm,4.000,0.340,
2026-06-25T17:20:36.619,39.438,torque,4.000,0.565,
2026-06-25T17:20:36.619,39.438,rpm,4.000,0.565,
2026-06-25T17:20:36.645,39.453,rpm,4.000,0.565,
2026-06-25T17:20:36.678,39.485,rpm,4.000,0.565,
2026-06-25T17:20:36.689,39.500,rpm,4.000,0.565,
2026-06-25T17:20:36.713,39.532,rpm,4.000,0.565,
2026-06-25T17:20:36.714,39.532,torque,4.000,0.571,
2026-06-25T17:20:36.715,39.532,rpm,4.000,0.571,
2026-06-25T17:20:36.739,39.547,rpm,4.000,0.571,
2026-06-25T17:20:36.769,39.578,rpm,3.000,0.571,
2026-06-25T17:20:36.780,39.594,rpm,3.000,0.571,
2026-06-25T17:20:36.803,39.610,torque,3.000,0.601,
2026-06-25T17:20:36.804,39.625,rpm,3.000,0.601,
2026-06-25T17:20:36.826,39.641,rpm,3.000,0.601,
2026-06-25T17:20:36.859,39.672,rpm,3.000,0.601,
2026-06-25T17:20:36.869,39.688,rpm,3.000,0.601,
2026-06-25T17:20:36.883,39.703,torque,3.000,0.476,
2026-06-25T17:20:36.895,39.703,rpm,3.000,0.476,
2026-06-25T17:20:36.929,39.750,rpm,3.000,0.476,
2026-06-25T17:20:36.944,39.750,rpm,3.000,0.476,
2026-06-25T17:20:36.958,39.766,rpm,3.000,0.476,
2026-06-25T17:20:36.972,39.782,torque,3.000,0.359,
2026-06-25T17:20:36.986,39.797,rpm,3.000,0.359,
2026-06-25T17:20:37.010,39.828,rpm,3.000,0.359,
2026-06-25T17:20:37.012,39.828,rpm,3.000,0.359,
2026-06-25T17:20:37.033,39.844,rpm,3.000,0.359,
2026-06-25T17:20:37.057,39.875,torque,3.000,0.224,
2026-06-25T17:20:37.082,39.891,rpm,3.000,0.224,
2026-06-25T17:20:37.103,39.922,rpm,3.000,0.224,
2026-06-25T17:20:37.128,39.938,rpm,3.000,0.224,
2026-06-25T17:20:37.130,39.938,rpm,3.000,0.224,
2026-06-25T17:20:37.141,39.953,torque,3.000,0.384,
2026-06-25T17:20:37.173,39.985,rpm,3.000,0.384,
2026-06-25T17:20:37.184,40.000,rpm,3.000,0.384,
2026-06-25T17:20:37.212,40.032,rpm,3.000,0.384,
2026-06-25T17:20:37.222,40.032,rpm,3.000,0.384,
2026-06-25T17:20:37.223,40.032,torque,3.000,0.531,
2026-06-25T17:20:37.223,40.032,rpm,3.000,0.531,
2026-06-25T17:20:37.289,40.110,rpm,3.000,0.531,
2026-06-25T17:20:37.289,40.110,rpm,3.000,0.531,
2026-06-25T17:20:37.315,40.125,torque,3.000,0.210,
2026-06-25T17:20:37.315,40.125,rpm,3.000,0.210,
2026-06-25T17:20:37.315,40.125,rpm,3.000,0.210,
2026-06-25T17:20:37.339,40.157,rpm,3.000,0.210,
2026-06-25T17:20:37.362,40.172,rpm,3.000,0.210,
2026-06-25T17:20:37.386,40.203,rpm,3.000,0.210,
2026-06-25T17:20:37.401,40.219,rpm,3.000,0.210,
2026-06-25T17:20:37.413,40.219,torque,3.000,0.454,
2026-06-25T17:20:37.414,40.235,rpm,3.000,0.454,
2026-06-25T17:20:37.463,40.282,rpm,3.000,0.454,
2026-06-25T17:20:37.485,40.297,rpm,3.000,0.454,
2026-06-25T17:20:37.499,40.313,torque,3.000,0.197,
2026-06-25T17:20:37.530,40.344,rpm,3.000,0.197,
