timestamp,elapsed_s,source,rpm,torque_mnm,throttle_pct
2026-06-25T17:07:25.618,0.032,rpm,0.000,,
2026-06-25T17:07:25.618,0.032,rpm,0.000,,
2026-06-25T17:07:25.618,0.032,rpm,0.000,,
2026-06-25T17:07:25.618,0.032,rpm,0.000,,
2026-06-25T17:07:25.618,0.032,torque,0.000,-0.841,
2026-06-25T17:07:25.618,0.032,rpm,0.000,-0.841,
2026-06-25T17:07:25.618,0.032,rpm,0.000,-0.841,
2026-06-25T17:07:25.629,0.032,rpm,0.000,-0.841,
2026-06-25T17:07:25.652,0.063,rpm,0.000,-0.841,
2026-06-25T17:07:25.672,0.079,torque,0.000,-0.831,
2026-06-25T17:07:25.689,0.094,rpm,0.000,-0.831,
2026-06-25T17:07:25.690,0.094,rpm,0.000,-0.831,
2026-06-25T17:07:25.726,0.125,rpm,0.000,-0.831,
2026-06-25T17:07:25.741,0.141,rpm,0.000,-0.831,
2026-06-25T17:07:25.751,0.157,torque,0.000,-0.735,
2026-06-25T17:07:25.751,0.157,rpm,0.000,-0.735,
2026-06-25T17:07:25.771,0.172,rpm,0.000,-0.735,
2026-06-25T17:07:25.820,0.219,rpm,0.000,-0.735,
2026-06-25T17:07:25.831,0.235,rpm,0.000,-0.735,
2026-06-25T17:07:25.840,0.250,torque,0.000,-0.599,
2026-06-25T17:07:25.840,0.250,rpm,0.000,-0.599,
2026-06-25T17:07:25.852,0.266,rpm,0.000,-0.599,
2026-06-25T17:07:25.862,0.266,rpm,0.000,-0.599,
2026-06-25T17:07:25.918,0.329,rpm,0.000,-0.599,
2026-06-25T17:07:25.919,0.329,torque,0.000,-0.602,
2026-06-25T17:07:25.919,0.329,rpm,0.000,-0.602,
2026-06-25T17:07:25.919,0.329,rpm,0.000,-0.602,
2026-06-25T17:07:25.957,0.360,rpm,0.000,-0.602,
2026-06-25T17:07:26.023,0.438,rpm,0.000,-0.602,
2026-06-25T17:07:26.023,0.438,rpm,0.000,-0.602,
2026-06-25T17:07:26.023,0.438,torque,0.000,-0.604,
2026-06-25T17:07:26.025,0.438,rpm,0.000,-0.604,
2026-06-25T17:07:26.068,0.469,rpm,0.000,-0.604,
2026-06-25T17:07:26.084,0.485,rpm,0.000,-0.604,
2026-06-25T17:07:26.093,0.500,rpm,0.000,-0.604,
2026-06-25T17:07:26.094,0.500,torque,0.000,-0.579,
2026-06-25T17:07:26.132,0.532,rpm,0.000,-0.579,
2026-06-25T17:07:26.152,0.563,rpm,0.000,-0.579,
2026-06-25T17:07:26.165,0.579,rpm,0.000,-0.579,
2026-06-25T17:07:26.177,0.579,rpm,0.000,-0.579,
2026-06-25T17:07:26.184,0.594,torque,0.000,-0.619,
2026-06-25T17:07:26.205,0.610,rpm,0.000,-0.619,
2026-06-25T17:07:26.205,0.610,rpm,0.000,-0.619,
2026-06-25T17:07:26.241,0.641,rpm,0.000,-0.619,
2026-06-25T17:07:26.257,0.672,rpm,0.000,-0.619,
2026-06-25T17:07:26.257,0.672,torque,0.000,-0.626,
2026-06-25T17:07:26.285,0.688,rpm,0.000,-0.626,
2026-06-25T17:07:26.285,0.688,rpm,0.000,-0.626,
2026-06-25T17:07:26.337,0.750,rpm,0.000,-0.626,
2026-06-25T17:07:26.349,0.750,rpm,0.000,-0.626,
2026-06-25T17:07:26.357,0.766,torque,0.000,-0.749,
2026-06-25T17:07:26.401,0.813,rpm,0.000,-0.749,
2026-06-25T17:07:26.401,0.813,rpm,0.000,-0.749,
2026-06-25T17:07:26.422,0.829,rpm,0.000,-0.749,
2026-06-25T17:07:26.428,0.829,torque,0.000,-0.702,
2026-06-25T17:07:26.465,0.875,rpm,0.000,-0.702,
2026-06-25T17:07:26.474,0.875,rpm,0.000,-0.702,
2026-06-25T17:07:26.496,0.907,rpm,0.000,-0.702,
2026-06-25T17:07:26.514,0.922,rpm,0.000,-0.702,
2026-06-25T17:07:26.515,0.922,torque,0.000,-0.669,
2026-06-25T17:07:26.559,0.969,rpm,0.000,-0.669,
2026-06-25T17:07:26.568,0.969,rpm,0.000,-0.669,
2026-06-25T17:07:26.590,1.000,rpm,0.000,-0.669,
2026-06-25T17:07:26.611,1.016,torque,0.000,-0.683,
2026-06-25T17:07:26.611,1.016,rpm,0.000,-0.683,
2026-06-25T17:07:26.661,1.063,rpm,0.000,-0.683,
2026-06-25T17:07:26.662,1.063,rpm,0.000,-0.683,
2026-06-25T17:07:26.679,1.094,rpm,0.000,-0.683,
2026-06-25T17:07:26.699,1.110,torque,0.000,-0.304,
2026-06-25T17:07:26.699,1.110,rpm,0.000,-0.304,
2026-06-25T17:07:26.739,1.141,rpm,0.000,-0.304,
2026-06-25T17:07:26.739,1.141,rpm,0.000,-0.304,
2026-06-25T17:07:26.759,1.172,rpm,0.000,-0.304,
2026-06-25T17:07:26.777,1.188,rpm,0.000,-0.304,
2026-06-25T17:07:26.777,1.188,torque,0.000,-0.482,
2026-06-25T17:07:26.819,1.219,rpm,0.000,-0.482,
2026-06-25T17:07:26.831,1.235,rpm,0.000,-0.482,
2026-06-25T17:07:26.838,1.250,rpm,0.000,-0.482,
2026-06-25T17:07:26.857,1.266,rpm,0.000,-0.482,
2026-06-25T17:07:26.862,1.266,torque,0.000,-0.494,
2026-06-25T17:07:26.881,1.282,rpm,0.000,-0.494,
2026-06-25T17:07:26.935,1.344,rpm,0.000,-0.494,
2026-06-25T17:07:26.935,1.344,rpm,0.000,-0.494,
2026-06-25T17:07:26.936,1.344,rpm,0.000,-0.494,
2026-06-25T17:07:26.956,1.360,rpm,0.000,-0.494,
2026-06-25T17:07:26.956,1.360,torque,0.000,-0.385,
2026-06-25T17:07:27.004,1.407,rpm,0.000,-0.385,
2026-06-25T17:07:27.029,1.438,rpm,0.000,-0.385,
2026-06-25T17:07:27.030,1.438,rpm,0.000,-0.385,
2026-06-25T17:07:27.037,1.438,torque,0.000,-0.703,
2026-06-25T17:07:27.037,1.438,rpm,0.000,-0.703,
2026-06-25T17:07:27.075,1.485,rpm,0.000,-0.703,
2026-06-25T17:07:27.103,1.516,rpm,0.000,-0.703,
2026-06-25T17:07:27.116,1.516,rpm,0.000,-0.703,
2026-06-25T17:07:27.116,1.516,rpm,0.000,-0.703,
2026-06-25T17:07:27.124,1.532,torque,0.000,-0.664,
2026-06-25T17:07:27.135,1.547,rpm,0.000,-0.664,
2026-06-25T17:07:27.193,1.594,rpm,0.000,-0.664,
2026-06-25T17:07:27.193,1.594,rpm,0.000,-0.664,
2026-06-25T17:07:27.218,1.625,torque,0.000,-0.347,
2026-06-25T17:07:27.220,1.625,rpm,0.000,-0.347,
2026-06-25T17:07:27.257,1.657,rpm,0.000,-0.347,
2026-06-25T17:07:27.267,1.672,rpm,0.000,-0.347,
2026-06-25T17:07:27.276,1.688,rpm,0.000,-0.347,
2026-06-25T17:07:27.300,1.704,rpm,0.000,-0.347,
2026-06-25T17:07:27.300,1.704,torque,0.000,-0.826,
2026-06-25T17:07:27.345,1.750,rpm,0.000,-0.826,
2026-06-25T17:07:27.357,1.766,rpm,0.000,-0.826,
2026-06-25T17:07:27.366,1.766,rpm,0.000,-0.826,
2026-06-25T17:07:27.389,1.797,torque,0.000,-1.029,
2026-06-25T17:07:27.423,1.829,rpm,0.000,-1.029,
2026-06-25T17:07:27.445,1.860,rpm,0.000,-1.029,
2026-06-25T17:07:27.458,1.860,rpm,0.000,-1.029,
2026-06-25T17:07:27.474,1.875,torque,0.000,-0.661,
2026-06-25T17:07:27.492,1.907,rpm,0.000,-0.661,
2026-06-25T17:07:27.506,1.907,rpm,0.000,-0.661,
2026-06-25T17:07:27.516,1.922,rpm,0.000,-0.661,
2026-06-25T17:07:27.555,1.969,torque,0.000,-0.529,
2026-06-25T17:07:27.593,2.000,rpm,0.000,-0.529,
2026-06-25T17:07:27.593,2.000,rpm,0.000,-0.529,
2026-06-25T17:07:27.618,2.032,rpm,0.000,-0.529,
2026-06-25T17:07:27.638,2.047,rpm,0.000,-0.529,
2026-06-25T17:07:27.641,2.047,torque,0.000,-0.760,
2026-06-25T17:07:27.673,2.079,rpm,0.000,-0.760,
2026-06-25T17:07:27.688,2.094,rpm,0.000,-0.760,
2026-06-25T17:07:27.712,2.125,rpm,0.000,-0.760,
2026-06-25T17:07:27.731,2.141,rpm,0.000,-0.760,
2026-06-25T17:07:27.733,2.141,torque,0.000,-0.773,
2026-06-25T17:07:27.769,2.172,rpm,0.000,-0.773,
2026-06-25T17:07:27.770,2.172,rpm,0.000,-0.773,
2026-06-25T17:07:27.795,2.204,rpm,0.000,-0.773,
2026-06-25T17:07:27.810,2.219,rpm,0.000,-0.773,
2026-06-25T17:07:27.828,2.235,torque,0.000,-0.600,
2026-06-25T17:07:27.855,2.266,rpm,0.000,-0.600,
2026-06-25T17:07:27.874,2.282,rpm,0.000,-0.600,
2026-06-25T17:07:27.883,2.297,rpm,0.000,-0.600,
2026-06-25T17:07:27.907,2.313,torque,0.000,-0.671,
2026-06-25T17:07:27.924,2.329,rpm,0.000,-0.671,
2026-06-25T17:07:27.937,2.344,rpm,0.000,-0.671,
2026-06-25T17:07:27.956,2.360,rpm,0.000,-0.671,
2026-06-25T17:07:27.974,2.375,rpm,0.000,-0.671,
2026-06-25T17:07:27.990,2.391,torque,0.000,-0.753,
2026-06-25T17:07:28.009,2.422,rpm,0.000,-0.753,
2026-06-25T17:07:28.051,2.454,rpm,0.000,-0.753,
2026-06-25T17:07:28.051,2.454,rpm,0.000,-0.753,
2026-06-25T17:07:28.053,2.454,rpm,0.000,-0.753,
2026-06-25T17:07:28.087,2.500,torque,0.000,-0.929,
2026-06-25T17:07:28.087,2.500,rpm,0.000,-0.929,
2026-06-25T17:07:28.107,2.516,rpm,0.000,-0.929,
2026-06-25T17:07:28.135,2.547,rpm,0.000,-0.929,
2026-06-25T17:07:28.135,2.547,rpm,0.000,-0.929,
2026-06-25T17:07:28.170,2.579,torque,0.000,-0.871,
2026-06-25T17:07:28.171,2.579,rpm,0.000,-0.871,
2026-06-25T17:07:28.210,2.610,rpm,0.000,-0.871,
2026-06-25T17:07:28.225,2.625,rpm,0.000,-0.871,
2026-06-25T17:07:28.246,2.657,rpm,0.000,-0.871,
2026-06-25T17:07:28.256,2.657,torque,0.000,-0.563,
2026-06-25T17:07:28.264,2.672,rpm,0.000,-0.563,
2026-06-25T17:07:28.298,2.704,rpm,0.000,-0.563,
2026-06-25T17:07:28.309,2.719,rpm,0.000,-0.563,
2026-06-25T17:07:28.318,2.719,rpm,0.000,-0.563,
2026-06-25T17:07:28.336,2.750,torque,0.000,-0.571,
2026-06-25T17:07:28.352,2.766,rpm,0.000,-0.571,
2026-06-25T17:07:28.370,2.782,rpm,0.000,-0.571,
2026-06-25T17:07:28.391,2.797,rpm,0.000,-0.571,
2026-06-25T17:07:28.405,2.813,rpm,0.000,-0.571,
2026-06-25T17:07:28.428,2.829,torque,0.000,-0.598,
2026-06-25T17:07:28.428,2.829,rpm,0.000,-0.598,
2026-06-25T17:07:28.457,2.860,rpm,0.000,-0.598,
2026-06-25T17:07:28.457,2.860,rpm,0.000,-0.598,
2026-06-25T17:07:28.472,2.875,rpm,0.000,-0.598,
2026-06-25T17:07:28.505,2.907,rpm,0.000,-0.598,
2026-06-25T17:07:28.509,2.922,torque,0.000,-0.694,
2026-06-25T17:07:28.539,2.954,rpm,0.000,-0.694,
2026-06-25T17:07:28.539,2.954,rpm,0.000,-0.694,
2026-06-25T17:07:28.573,2.985,rpm,0.000,-0.694,
2026-06-25T17:07:28.575,2.985,rpm,0.000,-0.694,
2026-06-25T17:07:28.595,3.000,torque,0.000,-0.565,
2026-06-25T17:07:28.596,3.000,rpm,0.000,-0.565,
2026-06-25T17:07:28.634,3.047,rpm,0.000,-0.565,
2026-06-25T17:07:28.652,3.063,rpm,0.000,-0.565,
2026-06-25T17:07:28.677,3.079,rpm,0.000,-0.565,
2026-06-25T17:07:28.697,3.110,rpm,0.000,-0.565,
2026-06-25T17:07:28.697,3.110,torque,0.000,-0.398,
2026-06-25T17:07:28.719,3.125,rpm,0.000,-0.398,
2026-06-25T17:07:28.737,3.141,rpm,0.000,-0.398,
2026-06-25T17:07:28.753,3.157,rpm,0.000,-0.398,
2026-06-25T17:07:28.774,3.188,rpm,0.000,-0.398,
2026-06-25T17:07:28.774,3.188,torque,0.000,-0.427,
2026-06-25T17:07:28.790,3.204,rpm,0.000,-0.427,
2026-06-25T17:07:28.826,3.235,rpm,0.000,-0.427,
2026-06-25T17:07:28.833,3.235,rpm,0.000,-0.427,
2026-06-25T17:07:28.852,3.266,rpm,0.000,-0.427,
2026-06-25T17:07:28.854,3.266,torque,0.000,-0.676,
2026-06-25T17:07:28.889,3.297,rpm,0.000,-0.676,
2026-06-25T17:07:28.899,3.313,rpm,0.000,-0.676,
2026-06-25T17:07:28.922,3.329,rpm,0.000,-0.676,
2026-06-25T17:07:28.942,3.344,rpm,0.000,-0.676,
2026-06-25T17:07:28.950,3.360,torque,0.000,-0.833,
2026-06-25T17:07:28.951,3.360,rpm,0.000,-0.833,
2026-06-25T17:07:28.984,3.391,rpm,0.000,-0.833,
2026-06-25T17:07:29.018,3.422,rpm,0.000,-0.833,
2026-06-25T17:07:29.019,3.422,rpm,0.000,-0.833,
2026-06-25T17:07:29.028,3.438,rpm,0.000,-0.833,
2026-06-25T17:07:29.045,3.454,torque,0.000,-0.702,
2026-06-25T17:07:29.074,3.485,rpm,0.000,-0.702,
2026-06-25T17:07:29.074,3.485,rpm,0.000,-0.702,
2026-06-25T17:07:29.088,3.500,rpm,0.000,-0.702,
2026-06-25T17:07:29.109,3.516,rpm,0.000,-0.702,
2026-06-25T17:07:29.115,3.516,torque,0.000,-0.568,
2026-06-25T17:07:29.146,3.547,rpm,0.000,-0.568,
2026-06-25T17:07:29.162,3.563,rpm,0.000,-0.568,
2026-06-25T17:07:29.178,3.579,rpm,0.000,-0.568,
2026-06-25T17:07:29.210,3.610,torque,0.000,-0.561,
2026-06-25T17:07:29.211,3.625,rpm,0.000,-0.561,
2026-06-25T17:07:29.214,3.625,rpm,0.000,-0.561,
2026-06-25T17:07:29.244,3.657,rpm,0.000,-0.561,
2026-06-25T17:07:29.260,3.672,rpm,0.000,-0.561,
2026-06-25T17:07:29.294,3.704,torque,0.000,-0.658,
2026-06-25T17:07:29.294,3.704,rpm,0.000,-0.658,
2026-06-25T17:07:29.328,3.735,rpm,0.000,-0.658,
2026-06-25T17:07:29.349,3.750,rpm,0.000,-0.658,
2026-06-25T17:07:29.359,3.766,rpm,0.000,-0.658,
2026-06-25T17:07:29.389,3.797,torque,0.000,-0.580,
2026-06-25T17:07:29.391,3.797,rpm,0.000,-0.580,
2026-06-25T17:07:29.422,3.829,rpm,0.000,-0.580,
2026-06-25T17:07:29.440,3.844,rpm,0.000,-0.580,
2026-06-25T17:07:29.465,3.875,torque,0.000,-0.787,
2026-06-25T17:07:29.500,3.907,rpm,0.000,-0.787,
2026-06-25T17:07:29.501,3.907,rpm,0.000,-0.787,
2026-06-25T17:07:29.522,3.922,rpm,0.000,-0.787,
2026-06-25T17:07:29.539,3.954,rpm,0.000,-0.787,
2026-06-25T17:07:29.559,3.969,torque,0.000,-0.716,
2026-06-25T17:07:29.598,4.000,rpm,0.000,-0.716,
2026-06-25T17:07:29.619,4.032,rpm,0.000,-0.716,
2026-06-25T17:07:29.625,4.032,rpm,0.000,-0.716,
2026-06-25T17:07:29.651,4.063,torque,0.000,-0.516,
2026-06-25T17:07:29.670,4.079,rpm,0.000,-0.516,
2026-06-25T17:07:29.685,4.094,rpm,0.000,-0.516,
2026-06-25T17:07:29.706,4.110,rpm,0.000,-0.516,
2026-06-25T17:07:29.707,4.110,rpm,0.000,-0.516,
2026-06-25T17:07:29.726,4.125,torque,0.000,-0.547,
2026-06-25T17:07:29.736,4.141,rpm,0.000,-0.547,
2026-06-25T17:07:29.766,4.172,rpm,0.000,-0.547,
2026-06-25T17:07:29.783,4.188,rpm,0.000,-0.547,
2026-06-25T17:07:29.796,4.204,rpm,0.000,-0.547,
2026-06-25T17:07:29.813,4.219,torque,0.000,-0.548,
2026-06-25T17:07:29.818,4.219,rpm,0.000,-0.548,
2026-06-25T17:07:29.852,4.266,rpm,0.000,-0.548,
2026-06-25T17:07:29.853,4.266,rpm,0.000,-0.548,
2026-06-25T17:07:29.889,4.297,rpm,0.000,-0.548,
2026-06-25T17:07:29.903,4.313,torque,0.000,-0.604,
2026-06-25T17:07:29.912,4.313,rpm,0.000,-0.604,
2026-06-25T17:07:29.913,4.313,rpm,0.000,-0.604,
2026-06-25T17:07:29.958,4.360,rpm,0.000,-0.604,
2026-06-25T17:07:29.960,4.360,rpm,0.000,-0.604,
2026-06-25T17:07:29.980,4.391,rpm,0.000,-0.604,
2026-06-25T17:07:29.992,4.407,torque,0.000,-0.892,
2026-06-25T17:07:30.002,4.407,rpm,0.000,-0.892,
2026-06-25T17:07:30.049,4.454,rpm,0.000,-0.892,
2026-06-25T17:07:30.050,4.454,rpm,0.000,-0.892,
2026-06-25T17:07:30.050,4.454,rpm,0.000,-0.892,
2026-06-25T17:07:30.078,4.485,torque,0.000,-0.825,
2026-06-25T17:07:30.082,4.485,rpm,0.000,-0.825,
2026-06-25T17:07:30.108,4.516,rpm,0.000,-0.825,
2026-06-25T17:07:30.156,4.563,rpm,0.000,-0.825,
2026-06-25T17:07:30.156,4.563,torque,0.000,-0.720,
2026-06-25T17:07:30.186,4.594,rpm,0.000,-0.720,
2026-06-25T17:07:30.204,4.610,rpm,0.000,-0.720,
2026-06-25T17:07:30.220,4.625,rpm,0.000,-0.720,
2026-06-25T17:07:30.254,4.657,torque,0.000,-0.711,
2026-06-25T17:07:30.255,4.657,rpm,0.000,-0.711,
2026-06-25T17:07:30.295,4.704,rpm,0.000,-0.711,
2026-06-25T17:07:30.304,4.704,rpm,0.000,-0.711,
2026-06-25T17:07:30.322,4.735,rpm,0.000,-0.711,
2026-06-25T17:07:30.341,4.750,torque,0.000,-0.718,
2026-06-25T17:07:30.341,4.750,rpm,0.000,-0.718,
2026-06-25T17:07:30.388,4.797,rpm,0.000,-0.718,
2026-06-25T17:07:30.418,4.829,torque,0.000,-0.746,
2026-06-25T17:07:30.456,4.860,rpm,0.000,-0.746,
2026-06-25T17:07:30.457,4.860,rpm,0.000,-0.746,
2026-06-25T17:07:30.484,4.891,rpm,0.000,-0.746,
2026-06-25T17:07:30.494,4.907,rpm,0.000,-0.746,
2026-06-25T17:07:30.513,4.922,torque,0.000,-1.033,
2026-06-25T17:07:30.515,4.922,rpm,0.000,-1.033,
2026-06-25T17:07:30.552,4.954,rpm,0.000,-1.033,
2026-06-25T17:07:30.561,4.969,rpm,0.000,-1.033,
2026-06-25T17:07:30.586,5.000,rpm,0.000,-1.033,
2026-06-25T17:07:30.589,5.000,torque,0.000,-0.918,
2026-06-25T17:07:30.622,5.032,rpm,0.000,-0.918,
2026-06-25T17:07:30.639,5.047,rpm,0.000,-0.918,
2026-06-25T17:07:30.655,5.063,rpm,0.000,-0.918,
2026-06-25T17:07:30.678,5.079,torque,0.000,-0.616,
2026-06-25T17:07:30.713,5.125,rpm,0.000,-0.616,
2026-06-25T17:07:30.719,5.125,rpm,0.000,-0.616,
2026-06-25T17:07:30.739,5.141,rpm,0.000,-0.616,
2026-06-25T17:07:30.771,5.172,torque,0.000,-0.484,
2026-06-25T17:07:30.772,5.172,rpm,0.000,-0.484,
2026-06-25T17:07:30.810,5.219,rpm,0.000,-0.484,
2026-06-25T17:07:30.817,5.219,rpm,0.000,-0.484,
2026-06-25T17:07:30.831,5.235,rpm,0.000,-0.484,
2026-06-25T17:07:30.839,5.250,rpm,0.000,-0.484,
2026-06-25T17:07:30.859,5.266,torque,0.000,-0.452,
2026-06-25T17:07:30.891,5.297,rpm,0.000,-0.452,
2026-06-25T17:07:30.891,5.297,rpm,0.000,-0.452,
2026-06-25T17:07:30.912,5.313,rpm,0.000,-0.452,
2026-06-25T17:07:30.931,5.344,rpm,0.000,-0.452,
2026-06-25T17:07:30.932,5.344,rpm,0.000,-0.452,
2026-06-25T17:07:30.933,5.344,torque,0.000,-0.569,
2026-06-25T17:07:30.984,5.391,rpm,0.000,-0.569,
2026-06-25T17:07:31.010,5.422,rpm,0.000,-0.569,
2026-06-25T17:07:31.014,5.422,rpm,0.000,-0.569,
2026-06-25T17:07:31.020,5.422,torque,0.000,-0.659,
2026-06-25T17:07:31.051,5.454,rpm,0.000,-0.659,
2026-06-25T17:07:31.076,5.485,rpm,0.000,-0.659,
2026-06-25T17:07:31.101,5.500,rpm,0.000,-0.659,
2026-06-25T17:07:31.101,5.500,rpm,0.000,-0.659,
2026-06-25T17:07:31.122,5.532,torque,0.000,-0.582,
2026-06-25T17:07:31.150,5.563,rpm,0.000,-0.582,
2026-06-25T17:07:31.152,5.563,rpm,0.000,-0.582,
2026-06-25T17:07:31.170,5.579,rpm,0.000,-0.582,
2026-06-25T17:07:31.186,5.594,rpm,0.000,-0.582,
2026-06-25T17:07:31.203,5.610,torque,0.000,-0.566,
2026-06-25T17:07:31.231,5.641,rpm,0.000,-0.566,
2026-06-25T17:07:31.248,5.657,rpm,0.000,-0.566,
2026-06-25T17:07:31.267,5.672,rpm,0.000,-0.566,
2026-06-25T17:07:31.284,5.688,rpm,0.000,-0.566,
2026-06-25T17:07:31.284,5.688,torque,0.000,-0.602,
2026-06-25T17:07:31.321,5.735,rpm,0.000,-0.602,
2026-06-25T17:07:31.336,5.750,rpm,0.000,-0.602,
2026-06-25T17:07:31.353,5.766,rpm,0.000,-0.602,
2026-06-25T17:07:31.378,5.782,rpm,0.000,-0.602,
2026-06-25T17:07:31.378,5.782,torque,0.000,-0.660,
2026-06-25T17:07:31.399,5.813,rpm,0.000,-0.660,
2026-06-25T17:07:31.439,5.844,rpm,0.000,-0.660,
2026-06-25T17:07:31.440,5.844,rpm,0.000,-0.660,
2026-06-25T17:07:31.448,5.860,rpm,0.000,-0.660,
2026-06-25T17:07:31.463,5.875,torque,0.000,-0.481,
2026-06-25T17:07:31.463,5.875,rpm,0.000,-0.481,
2026-06-25T17:07:31.511,5.922,rpm,0.000,-0.481,
2026-06-25T17:07:31.511,5.922,rpm,0.000,-0.481,
2026-06-25T17:07:31.518,5.922,rpm,0.000,-0.481,
2026-06-25T17:07:31.540,5.954,torque,0.000,-0.473,
2026-06-25T17:07:31.548,5.954,rpm,0.000,-0.473,
2026-06-25T17:07:31.584,5.985,rpm,0.000,-0.473,
2026-06-25T17:07:31.592,6.000,rpm,0.000,-0.473,
2026-06-25T17:07:31.611,6.016,rpm,0.000,-0.473,
2026-06-25T17:07:31.635,6.047,torque,0.000,-0.415,
2026-06-25T17:07:31.635,6.047,rpm,0.000,-0.415,
2026-06-25T17:07:31.661,6.063,rpm,0.000,-0.415,
2026-06-25T17:07:31.663,6.063,rpm,0.000,-0.415,
2026-06-25T17:07:31.690,6.094,rpm,0.000,-0.415,
2026-06-25T17:07:31.714,6.125,rpm,0.000,-0.415,
2026-06-25T17:07:31.716,6.125,torque,0.000,-0.786,
2026-06-25T17:07:31.721,6.125,rpm,0.000,-0.786,
2026-06-25T17:07:31.760,6.172,rpm,0.000,-0.786,
2026-06-25T17:07:31.767,6.172,rpm,0.000,-0.786,
2026-06-25T17:07:31.801,6.204,rpm,0.000,-0.786,
2026-06-25T17:07:31.802,6.204,rpm,0.000,-0.786,
2026-06-25T17:07:31.814,6.219,torque,0.000,-0.829,
2026-06-25T17:07:31.854,6.266,rpm,0.000,-0.829,
2026-06-25T17:07:31.855,6.266,rpm,0.000,-0.829,
2026-06-25T17:07:31.875,6.282,rpm,0.000,-0.829,
2026-06-25T17:07:31.891,6.297,rpm,0.000,-0.829,
2026-06-25T17:07:31.893,6.297,torque,0.000,-0.803,
2026-06-25T17:07:31.909,6.313,rpm,0.000,-0.803,
2026-06-25T17:07:31.946,6.360,rpm,0.000,-0.803,
2026-06-25T17:07:31.953,6.360,rpm,0.000,-0.803,
2026-06-25T17:07:31.971,6.375,rpm,0.000,-0.803,
2026-06-25T17:07:31.985,6.391,torque,0.000,-0.655,
2026-06-25T17:07:31.993,6.407,rpm,0.000,-0.655,
2026-06-25T17:07:32.029,6.438,rpm,0.000,-0.655,
2026-06-25T17:07:32.036,6.438,rpm,0.000,-0.655,
2026-06-25T17:07:32.055,6.469,rpm,0.000,-0.655,
2026-06-25T17:07:32.073,6.485,torque,0.000,-0.448,
2026-06-25T17:07:32.073,6.485,rpm,0.000,-0.448,
2026-06-25T17:07:32.105,6.516,rpm,0.000,-0.448,
2026-06-25T17:07:32.115,6.516,rpm,0.000,-0.448,
2026-06-25T17:07:32.131,6.532,rpm,0.000,-0.448,
2026-06-25T17:07:32.153,6.563,torque,0.000,-0.721,
2026-06-25T17:07:32.153,6.563,rpm,0.000,-0.721,
2026-06-25T17:07:32.185,6.594,rpm,0.000,-0.721,
2026-06-25T17:07:32.193,6.594,rpm,0.000,-0.721,
2026-06-25T17:07:32.214,6.625,rpm,0.000,-0.721,
2026-06-25T17:07:32.225,6.625,rpm,0.000,-0.721,
2026-06-25T17:07:32.242,6.657,torque,0.000,-0.750,
2026-06-25T17:07:32.271,6.672,rpm,0.000,-0.750,
2026-06-25T17:07:32.301,6.704,rpm,0.000,-0.750,
2026-06-25T17:07:32.323,6.735,torque,0.000,-0.559,
2026-06-25T17:07:32.334,6.735,rpm,0.000,-0.559,
2026-06-25T17:07:32.371,6.782,rpm,0.000,-0.559,
2026-06-25T17:07:32.379,6.782,rpm,0.000,-0.559,
2026-06-25T17:07:32.404,6.813,rpm,0.000,-0.559,
2026-06-25T17:07:32.412,6.813,torque,0.000,-0.360,
2026-06-25T17:07:32.428,6.829,rpm,0.000,-0.360,
2026-06-25T17:07:32.429,6.829,rpm,0.000,-0.360,
2026-06-25T17:07:32.468,6.875,rpm,0.000,-0.360,
2026-06-25T17:07:32.476,6.891,rpm,0.000,-0.360,
2026-06-25T17:07:32.507,6.907,torque,0.000,-0.287,
2026-06-25T17:07:32.507,6.907,rpm,0.000,-0.287,
2026-06-25T17:07:32.574,6.985,rpm,0.000,-0.287,
2026-06-25T17:07:32.596,7.000,torque,0.000,-0.451,
2026-06-25T17:07:32.597,7.000,rpm,0.000,-0.451,
2026-06-25T17:07:32.626,7.032,rpm,0.000,-0.451,
2026-06-25T17:07:32.648,7.063,rpm,0.000,-0.451,
2026-06-25T17:07:32.656,7.063,rpm,0.000,-0.451,
2026-06-25T17:07:32.673,7.079,torque,0.000,-0.539,
2026-06-25T17:07:32.697,7.110,rpm,0.000,-0.539,
2026-06-25T17:07:32.712,7.125,rpm,0.000,-0.539,
2026-06-25T17:07:32.712,7.125,rpm,0.000,-0.539,
2026-06-25T17:07:32.749,7.157,rpm,0.000,-0.539,
2026-06-25T17:07:32.767,7.172,torque,0.000,-0.298,
2026-06-25T17:07:32.777,7.188,rpm,0.000,-0.298,
2026-06-25T17:07:32.778,7.188,rpm,0.000,-0.298,
2026-06-25T17:07:32.814,7.219,rpm,0.000,-0.298,
2026-06-25T17:07:32.823,7.235,rpm,0.000,-0.298,
2026-06-25T17:07:32.850,7.250,torque,0.000,-0.992,
2026-06-25T17:07:32.868,7.282,rpm,0.000,-0.992,
2026-06-25T17:07:32.881,7.282,rpm,0.000,-0.992,
2026-06-25T17:07:32.885,7.297,rpm,0.000,-0.992,
2026-06-25T17:07:32.926,7.329,rpm,0.000,-0.992,
2026-06-25T17:07:32.928,7.329,torque,0.000,-1.438,
2026-06-25T17:07:32.976,7.391,rpm,0.000,-1.438,
2026-06-25T17:07:32.976,7.391,rpm,0.000,-1.438,
2026-06-25T17:07:32.995,7.407,rpm,0.000,-1.438,
2026-06-25T17:07:33.014,7.422,torque,0.000,-0.886,
2026-06-25T17:07:33.047,7.454,rpm,0.000,-0.886,
2026-06-25T17:07:33.050,7.454,rpm,0.000,-0.886,
2026-06-25T17:07:33.075,7.485,rpm,0.000,-0.886,
2026-06-25T17:07:33.087,7.500,rpm,0.000,-0.886,
2026-06-25T17:07:33.105,7.516,torque,0.000,-0.826,
2026-06-25T17:07:33.134,7.547,rpm,0.000,-0.826,
2026-06-25T17:07:33.154,7.563,rpm,0.000,-0.826,
2026-06-25T17:07:33.169,7.579,rpm,0.000,-0.826,
2026-06-25T17:07:33.186,7.594,torque,0.000,-1.172,
2026-06-25T17:07:33.188,7.594,rpm,0.000,-1.172,
2026-06-25T17:07:33.223,7.625,rpm,0.000,-1.172,
2026-06-25T17:07:33.238,7.641,rpm,0.000,-1.172,
2026-06-25T17:07:33.254,7.657,rpm,0.000,-1.172,
2026-06-25T17:07:33.283,7.688,torque,0.000,-1.388,
2026-06-25T17:07:33.283,7.688,rpm,0.000,-1.388,
2026-06-25T17:07:33.319,7.719,rpm,0.000,-1.388,
2026-06-25T17:07:33.329,7.735,rpm,0.000,-1.388,
2026-06-25T17:07:33.348,7.750,rpm,0.000,-1.388,
2026-06-25T17:07:33.373,7.782,torque,0.000,-0.857,
2026-06-25T17:07:33.403,7.813,rpm,0.000,-0.857,
2026-06-25T17:07:33.426,7.829,rpm,0.000,-0.857,
2026-06-25T17:07:33.442,7.844,rpm,0.000,-0.857,
2026-06-25T17:07:33.458,7.860,torque,0.000,-0.841,
2026-06-25T17:07:33.459,7.860,rpm,0.000,-0.841,
2026-06-25T17:07:33.489,7.891,rpm,0.000,-0.841,
2026-06-25T17:07:33.489,7.891,rpm,0.000,-0.841,
2026-06-25T17:07:33.522,7.922,rpm,0.000,-0.841,
2026-06-25T17:07:33.541,7.954,rpm,0.000,-0.841,
2026-06-25T17:07:33.542,7.954,torque,0.000,-0.725,
2026-06-25T17:07:33.573,7.985,rpm,0.000,-0.725,
2026-06-25T17:07:33.586,8.000,rpm,0.000,-0.725,
2026-06-25T17:07:33.598,8.000,rpm,0.000,-0.725,
2026-06-25T17:07:33.617,8.032,rpm,0.000,-0.725,
2026-06-25T17:07:33.634,8.047,torque,0.000,-0.207,
2026-06-25T17:07:33.635,8.047,rpm,0.000,-0.207,
2026-06-25T17:07:33.670,8.079,rpm,0.000,-0.207,
2026-06-25T17:07:33.671,8.079,rpm,0.000,-0.207,
2026-06-25T17:07:33.698,8.110,rpm,0.000,-0.207,
2026-06-25T17:07:33.715,8.125,torque,0.000,-0.468,
2026-06-25T17:07:33.716,8.125,rpm,0.000,-0.468,
2026-06-25T17:07:33.755,8.157,rpm,0.000,-0.468,
2026-06-25T17:07:33.759,8.172,rpm,0.000,-0.468,
2026-06-25T17:07:33.797,8.204,torque,0.000,-0.739,
2026-06-25T17:07:33.802,8.204,rpm,0.000,-0.739,
2026-06-25T17:07:33.840,8.250,rpm,0.000,-0.739,
2026-06-25T17:07:33.862,8.266,rpm,0.000,-0.739,
2026-06-25T17:07:33.890,8.297,torque,0.000,-0.754,
2026-06-25T17:07:33.890,8.297,rpm,0.000,-0.754,
2026-06-25T17:07:33.935,8.344,rpm,0.000,-0.754,
2026-06-25T17:07:33.956,8.360,rpm,0.000,-0.754,
2026-06-25T17:07:33.970,8.375,torque,0.000,-0.673,
2026-06-25T17:07:33.988,8.391,rpm,0.000,-0.673,
2026-06-25T17:07:34.024,8.438,rpm,0.000,-0.673,
2026-06-25T17:07:34.030,8.438,rpm,0.000,-0.673,
2026-06-25T17:07:34.032,8.438,rpm,0.000,-0.673,
2026-06-25T17:07:34.054,8.469,rpm,0.000,-0.673,
2026-06-25T17:07:34.054,8.469,torque,0.000,-0.413,
2026-06-25T17:07:34.087,8.500,rpm,0.000,-0.413,
2026-06-25T17:07:34.096,8.500,rpm,0.000,-0.413,
2026-06-25T17:07:34.120,8.532,rpm,0.000,-0.413,
2026-06-25T17:07:34.141,8.547,torque,0.000,-0.365,
2026-06-25T17:07:34.170,8.579,rpm,0.000,-0.365,
2026-06-25T17:07:34.176,8.579,rpm,0.000,-0.365,
2026-06-25T17:07:34.199,8.610,rpm,0.000,-0.365,
2026-06-25T17:07:34.220,8.625,rpm,0.000,-0.365,
2026-06-25T17:07:34.227,8.641,torque,0.000,-0.692,
2026-06-25T17:07:34.237,8.641,rpm,0.000,-0.692,
2026-06-25T17:07:34.280,8.688,rpm,0.000,-0.692,
2026-06-25T17:07:34.286,8.688,rpm,0.000,-0.692,
2026-06-25T17:07:34.405,8.813,rpm,0.000,-0.692,
2026-06-25T17:07:34.405,8.813,rpm,0.000,-0.692,
2026-06-25T17:07:34.405,8.813,torque,0.000,-0.657,
2026-06-25T17:07:34.405,8.813,rpm,0.000,-0.657,
2026-06-25T17:07:34.405,8.813,rpm,0.000,-0.657,
2026-06-25T17:07:34.405,8.813,rpm,0.000,-0.657,
2026-06-25T17:07:34.405,8.813,rpm,0.000,-0.657,
2026-06-25T17:07:34.405,8.813,torque,0.000,-0.764,
2026-06-25T17:07:34.439,8.844,rpm,0.000,-0.764,
2026-06-25T17:07:34.469,8.875,rpm,0.000,-0.764,
2026-06-25T17:07:34.495,8.907,rpm,0.000,-0.764,
2026-06-25T17:07:34.496,8.907,torque,0.000,-0.510,
2026-06-25T17:07:34.499,8.907,rpm,0.000,-0.510,
2026-06-25T17:07:34.533,8.938,rpm,0.000,-0.510,
2026-06-25T17:07:34.547,8.954,rpm,0.000,-0.510,
2026-06-25T17:07:34.566,8.969,rpm,0.000,-0.510,
2026-06-25T17:07:34.574,8.985,rpm,0.000,-0.510,
2026-06-25T17:07:34.590,9.000,torque,0.000,-0.377,
2026-06-25T17:07:34.601,9.000,rpm,0.000,-0.377,
2026-06-25T17:07:34.642,9.047,rpm,0.000,-0.377,
2026-06-25T17:07:34.649,9.063,rpm,0.000,-0.377,
2026-06-25T17:07:34.667,9.079,rpm,0.000,-0.377,
2026-06-25T17:07:34.667,9.079,torque,0.000,-0.588,
2026-06-25T17:07:34.701,9.110,rpm,0.000,-0.588,
2026-06-25T17:07:34.701,9.110,rpm,0.000,-0.588,
2026-06-25T17:07:34.717,9.125,rpm,0.000,-0.588,
2026-06-25T17:07:34.747,9.157,rpm,0.000,-0.588,
2026-06-25T17:07:34.748,9.157,torque,0.000,-0.622,
2026-06-25T17:07:34.777,9.188,rpm,0.000,-0.622,
2026-06-25T17:07:34.786,9.188,rpm,0.000,-0.622,
2026-06-25T17:07:34.808,9.219,rpm,0.000,-0.622,
2026-06-25T17:07:34.830,9.235,rpm,0.000,-0.622,
2026-06-25T17:07:34.837,9.250,torque,0.000,-0.707,
2026-06-25T17:07:34.845,9.250,rpm,0.000,-0.707,
2026-06-25T17:07:34.875,9.282,rpm,0.000,-0.707,
2026-06-25T17:07:34.898,9.313,rpm,0.000,-0.707,
2026-06-25T17:07:34.905,9.313,rpm,0.000,-0.707,
2026-06-25T17:07:34.931,9.344,rpm,0.000,-0.707,
2026-06-25T17:07:34.937,9.344,torque,0.000,-0.899,
2026-06-25T17:07:34.957,9.360,rpm,0.000,-0.899,
2026-06-25T17:07:34.987,9.391,rpm,0.000,-0.899,
2026-06-25T17:07:34.988,9.391,rpm,0.000,-0.899,
2026-06-25T17:07:35.021,9.422,torque,0.000,-0.560,
2026-06-25T17:07:35.052,9.454,rpm,0.000,-0.560,
2026-06-25T17:07:35.052,9.454,rpm,0.000,-0.560,
2026-06-25T17:07:35.076,9.485,rpm,0.000,-0.560,
2026-06-25T17:07:35.088,9.500,rpm,0.000,-0.560,
2026-06-25T17:07:35.106,9.516,torque,0.000,-0.580,
2026-06-25T17:07:35.108,9.516,rpm,0.000,-0.580,
2026-06-25T17:07:35.144,9.547,rpm,0.000,-0.580,
2026-06-25T17:07:35.152,9.563,rpm,0.000,-0.580,
2026-06-25T17:07:35.176,9.579,rpm,0.000,-0.580,
2026-06-25T17:07:35.180,9.594,torque,0.000,-0.860,
2026-06-25T17:07:35.212,9.625,rpm,0.000,-0.860,
2026-06-25T17:07:35.212,9.625,rpm,0.000,-0.860,
2026-06-25T17:07:35.244,9.657,rpm,0.000,-0.860,
2026-06-25T17:07:35.268,9.672,rpm,0.000,-0.860,
2026-06-25T17:07:35.268,9.672,torque,0.000,-0.938,
2026-06-25T17:07:35.285,9.688,rpm,0.000,-0.938,
2026-06-25T17:07:35.301,9.704,rpm,0.000,-0.938,
2026-06-25T17:07:35.328,9.735,rpm,0.000,-0.938,
2026-06-25T17:07:35.329,9.735,rpm,0.000,-0.938,
2026-06-25T17:07:35.350,9.750,rpm,0.000,-0.938,
2026-06-25T17:07:35.357,9.766,torque,0.000,-0.805,
2026-06-25T17:07:35.389,9.797,rpm,0.000,-0.805,
2026-06-25T17:07:35.389,9.797,rpm,0.000,-0.805,
2026-06-25T17:07:35.421,9.829,rpm,0.000,-0.805,
2026-06-25T17:07:35.426,9.829,rpm,0.000,-0.805,
2026-06-25T17:07:35.442,9.844,torque,0.000,-0.786,
2026-06-25T17:07:35.481,9.891,rpm,0.000,-0.786,
2026-06-25T17:07:35.482,9.891,rpm,0.000,-0.786,
2026-06-25T17:07:35.489,9.891,rpm,0.000,-0.786,
2026-06-25T17:07:35.517,9.922,rpm,0.000,-0.786,
2026-06-25T17:07:35.538,9.938,torque,0.000,-0.510,
2026-06-25T17:07:35.567,9.969,rpm,0.000,-0.510,
2026-06-25T17:07:35.588,10.000,rpm,0.000,-0.510,
2026-06-25T17:07:35.589,10.000,rpm,0.000,-0.510,
2026-06-25T17:07:35.618,10.032,rpm,0.000,-0.510,
2026-06-25T17:07:35.619,10.032,torque,0.000,-0.493,
2026-06-25T17:07:35.635,10.047,rpm,0.000,-0.493,
2026-06-25T17:07:35.670,10.079,rpm,0.000,-0.493,
2026-06-25T17:07:35.674,10.079,rpm,0.000,-0.493,
2026-06-25T17:07:35.699,10.110,rpm,0.000,-0.493,
2026-06-25T17:07:35.701,10.110,torque,0.000,-0.704,
2026-06-25T17:07:35.712,10.125,rpm,0.000,-0.704,
2026-06-25T17:07:35.748,10.157,rpm,0.000,-0.704,
2026-06-25T17:07:35.788,10.188,torque,0.000,-0.726,
2026-06-25T17:07:35.791,10.204,rpm,0.000,-0.726,
2026-06-25T17:07:35.825,10.235,rpm,0.000,-0.726,
2026-06-25T17:07:35.855,10.266,rpm,0.000,-0.726,
2026-06-25T17:07:35.874,10.282,torque,0.000,-0.568,
2026-06-25T17:07:35.876,10.282,rpm,0.000,-0.568,
2026-06-25T17:07:35.909,10.313,rpm,0.000,-0.568,
2026-06-25T17:07:35.922,10.329,rpm,0.000,-0.568,
2026-06-25T17:07:35.951,10.360,rpm,0.000,-0.568,
2026-06-25T17:07:35.971,10.375,torque,0.000,-0.447,
2026-06-25T17:07:35.971,10.375,rpm,0.000,-0.447,
2026-06-25T17:07:35.989,10.391,rpm,0.000,-0.447,
2026-06-25T17:07:36.018,10.422,rpm,0.000,-0.447,
2026-06-25T17:07:36.018,10.422,rpm,0.000,-0.447,
2026-06-25T17:07:36.040,10.454,rpm,0.000,-0.447,
2026-06-25T17:07:36.049,10.454,torque,0.000,-0.654,
2026-06-25T17:07:36.070,10.485,rpm,0.000,-0.654,
2026-06-25T17:07:36.099,10.500,rpm,0.000,-0.654,
2026-06-25T17:07:36.118,10.532,rpm,0.000,-0.654,
2026-06-25T17:07:36.126,10.532,rpm,0.000,-0.654,
2026-06-25T17:07:36.143,10.547,rpm,0.000,-0.654,
2026-06-25T17:07:36.143,10.547,torque,0.000,-0.757,
2026-06-25T17:07:36.163,10.563,rpm,0.000,-0.757,
2026-06-25T17:07:36.200,10.610,rpm,0.000,-0.757,
2026-06-25T17:07:36.223,10.625,rpm,0.000,-0.757,
2026-06-25T17:07:36.230,10.641,rpm,0.000,-0.757,
2026-06-25T17:07:36.231,10.641,torque,0.000,-0.634,
2026-06-25T17:07:36.253,10.657,rpm,0.000,-0.634,
2026-06-25T17:07:36.253,10.657,rpm,0.000,-0.634,
2026-06-25T17:07:36.284,10.688,rpm,0.000,-0.634,
2026-06-25T17:07:36.311,10.719,rpm,0.000,-0.634,
2026-06-25T17:07:36.318,10.719,torque,0.000,-0.741,
2026-06-25T17:07:36.337,10.750,rpm,0.000,-0.741,
2026-06-25T17:07:36.352,10.766,rpm,0.000,-0.741,
2026-06-25T17:07:36.366,10.766,rpm,0.000,-0.741,
2026-06-25T17:07:36.384,10.797,rpm,0.000,-0.741,
2026-06-25T17:07:36.404,10.813,torque,0.000,-0.603,
2026-06-25T17:07:36.415,10.829,rpm,0.000,-0.603,
2026-06-25T17:07:36.442,10.844,rpm,0.000,-0.603,
2026-06-25T17:07:36.459,10.860,rpm,0.000,-0.603,
2026-06-25T17:07:36.460,10.860,rpm,0.000,-0.603,
2026-06-25T17:07:36.492,10.907,torque,0.000,-0.420,
2026-06-25T17:07:36.492,10.907,rpm,0.000,-0.420,
2026-06-25T17:07:36.527,10.938,rpm,0.000,-0.420,
2026-06-25T17:07:36.537,10.938,rpm,0.000,-0.420,
2026-06-25T17:07:36.548,10.954,rpm,0.000,-0.420,
2026-06-25T17:07:36.569,10.969,rpm,0.000,-0.420,
2026-06-25T17:07:36.571,10.985,torque,0.000,-0.163,
2026-06-25T17:07:36.601,11.000,rpm,0.000,-0.163,
2026-06-25T17:07:36.616,11.016,rpm,0.000,-0.163,
2026-06-25T17:07:36.631,11.032,rpm,0.000,-0.163,
2026-06-25T17:07:36.648,11.047,rpm,0.000,-0.163,
2026-06-25T17:07:36.665,11.079,torque,0.000,-0.633,
2026-06-25T17:07:36.666,11.079,rpm,0.000,-0.633,
2026-06-25T17:07:36.699,11.110,rpm,0.000,-0.633,
2026-06-25T17:07:36.708,11.110,rpm,0.000,-0.633,
2026-06-25T17:07:36.741,11.141,torque,0.000,-0.891,
2026-06-25T17:07:36.779,11.188,rpm,0.000,-0.891,
2026-06-25T17:07:36.779,11.188,rpm,0.000,-0.891,
2026-06-25T17:07:36.783,11.188,rpm,0.000,-0.891,
2026-06-25T17:07:36.807,11.219,rpm,0.000,-0.891,
2026-06-25T17:07:36.838,11.250,rpm,0.000,-0.891,
2026-06-25T17:07:36.838,11.250,torque,0.000,-0.317,
2026-06-25T17:07:36.889,11.297,rpm,0.000,-0.317,
2026-06-25T17:07:36.893,11.297,rpm,0.000,-0.317,
2026-06-25T17:07:36.915,11.329,rpm,0.000,-0.317,
2026-06-25T17:07:36.915,11.329,torque,0.000,-0.458,
2026-06-25T17:07:36.927,11.329,rpm,0.000,-0.458,
2026-06-25T17:07:36.973,11.375,rpm,0.000,-0.458,
2026-06-25T17:07:36.979,11.391,rpm,0.000,-0.458,
2026-06-25T17:07:36.998,11.407,rpm,0.000,-0.458,
2026-06-25T17:07:37.016,11.422,torque,0.000,-0.534,
2026-06-25T17:07:37.017,11.422,rpm,0.000,-0.534,
2026-06-25T17:07:37.051,11.454,rpm,0.000,-0.534,
2026-06-25T17:07:37.061,11.469,rpm,0.000,-0.534,
2026-06-25T17:07:37.089,11.500,torque,0.000,-0.434,
2026-06-25T17:07:37.128,11.532,rpm,0.000,-0.434,
2026-06-25T17:07:37.132,11.532,rpm,0.000,-0.434,
2026-06-25T17:07:37.156,11.563,rpm,0.000,-0.434,
2026-06-25T17:07:37.169,11.579,rpm,0.000,-0.434,
2026-06-25T17:07:37.188,11.594,torque,0.000,-0.372,
2026-06-25T17:07:37.189,11.594,rpm,0.000,-0.372,
2026-06-25T17:07:37.225,11.625,rpm,0.000,-0.372,
2026-06-25T17:07:37.247,11.657,rpm,0.000,-0.372,
2026-06-25T17:07:37.282,11.688,rpm,0.000,-0.372,
2026-06-25T17:07:37.282,11.688,torque,0.000,-0.678,
2026-06-25T17:07:37.296,11.704,rpm,0.000,-0.678,
2026-06-25T17:07:37.323,11.735,rpm,0.000,-0.678,
2026-06-25T17:07:37.337,11.750,rpm,0.000,-0.678,
2026-06-25T17:07:37.349,11.750,rpm,0.000,-0.678,
2026-06-25T17:07:37.359,11.766,torque,0.000,-0.678,
2026-06-25T17:07:37.370,11.782,rpm,0.000,-0.678,
2026-06-25T17:07:37.416,11.829,rpm,0.000,-0.678,
2026-06-25T17:07:37.428,11.829,rpm,0.000,-0.678,
2026-06-25T17:07:37.443,11.844,rpm,0.000,-0.678,
2026-06-25T17:07:37.455,11.860,torque,0.000,-0.897,
2026-06-25T17:07:37.468,11.875,rpm,0.000,-0.897,
2026-06-25T17:07:37.468,11.875,rpm,0.000,-0.897,
2026-06-25T17:07:37.502,11.907,rpm,0.000,-0.897,
2026-06-25T17:07:37.526,11.938,rpm,0.000,-0.897,
2026-06-25T17:07:37.526,11.938,rpm,0.000,-0.897,
2026-06-25T17:07:37.526,11.938,torque,0.000,-0.707,
2026-06-25T17:07:37.548,11.954,rpm,0.000,-0.707,
2026-06-25T17:07:37.604,12.016,rpm,0.000,-0.707,
2026-06-25T17:07:37.613,12.016,rpm,0.000,-0.707,
2026-06-25T17:07:37.613,12.016,torque,0.000,-0.544,
2026-06-25T17:07:37.636,12.047,rpm,0.000,-0.544,
2026-06-25T17:07:37.675,12.079,rpm,0.000,-0.544,
2026-06-25T17:07:37.690,12.094,rpm,0.000,-0.544,
2026-06-25T17:07:37.703,12.110,rpm,0.000,-0.544,
2026-06-25T17:07:37.717,12.125,torque,0.000,-0.732,
2026-06-25T17:07:37.727,12.141,rpm,0.000,-0.732,
2026-06-25T17:07:37.727,12.141,rpm,0.000,-0.732,
2026-06-25T17:07:37.793,12.204,torque,0.000,-0.698,
2026-06-25T17:07:37.796,12.204,rpm,0.000,-0.698,
2026-06-25T17:07:37.835,12.235,rpm,0.000,-0.698,
2026-06-25T17:07:37.862,12.266,rpm,0.000,-0.698,
2026-06-25T17:07:37.862,12.266,rpm,0.000,-0.698,
2026-06-25T17:07:37.885,12.297,torque,0.000,-0.680,
2026-06-25T17:07:37.888,12.297,rpm,0.000,-0.680,
2026-06-25T17:07:37.889,12.297,rpm,0.000,-0.680,
2026-06-25T17:07:37.946,12.360,rpm,0.000,-0.680,
2026-06-25T17:07:37.948,12.360,rpm,0.000,-0.680,
2026-06-25T17:07:37.960,12.360,rpm,0.000,-0.680,
2026-06-25T17:07:37.969,12.375,torque,0.000,-0.824,
2026-06-25T17:07:37.990,12.391,rpm,0.000,-0.824,
2026-06-25T17:07:38.033,12.438,rpm,0.000,-0.824,
2026-06-25T17:07:38.042,12.454,rpm,0.000,-0.824,
2026-06-25T17:07:38.055,12.469,torque,0.000,-0.793,
2026-06-25T17:07:38.065,12.469,rpm,0.000,-0.793,
2026-06-25T17:07:38.065,12.469,rpm,0.000,-0.793,
2026-06-25T17:07:38.099,12.500,rpm,0.000,-0.793,
2026-06-25T17:07:38.132,12.547,rpm,0.000,-0.793,
2026-06-25T17:07:38.141,12.547,rpm,0.000,-0.793,
2026-06-25T17:07:38.141,12.547,torque,0.000,-0.791,
2026-06-25T17:07:38.194,12.594,rpm,0.000,-0.791,
2026-06-25T17:07:38.194,12.594,rpm,0.000,-0.791,
2026-06-25T17:07:38.217,12.625,torque,0.000,-0.892,
2026-06-25T17:07:38.217,12.625,rpm,0.000,-0.892,
2026-06-25T17:07:38.271,12.672,rpm,0.000,-0.892,
2026-06-25T17:07:38.271,12.672,rpm,0.000,-0.892,
2026-06-25T17:07:38.301,12.704,torque,0.000,-0.773,
2026-06-25T17:07:38.304,12.719,rpm,0.000,-0.773,
2026-06-25T17:07:38.335,12.735,rpm,0.000,-0.773,
2026-06-25T17:07:38.335,12.735,rpm,0.000,-0.773,
2026-06-25T17:07:38.365,12.766,rpm,0.000,-0.773,
2026-06-25T17:07:38.394,12.797,torque,0.000,-0.594,
2026-06-25T17:07:38.432,12.844,rpm,0.000,-0.594,
2026-06-25T17:07:38.432,12.844,rpm,0.000,-0.594,
2026-06-25T17:07:38.462,12.875,rpm,0.000,-0.594,
2026-06-25T17:07:38.482,12.891,torque,0.000,-0.531,
2026-06-25T17:07:38.482,12.891,rpm,0.000,-0.531,
2026-06-25T17:07:38.535,12.938,rpm,0.000,-0.531,
2026-06-25T17:07:38.543,12.954,rpm,0.000,-0.531,
2026-06-25T17:07:38.564,12.969,rpm,0.000,-0.531,
2026-06-25T17:07:38.570,12.985,torque,0.000,-0.589,
2026-06-25T17:07:38.575,12.985,rpm,0.000,-0.589,
2026-06-25T17:07:38.593,13.000,rpm,0.000,-0.589,
2026-06-25T17:07:38.632,13.032,rpm,0.000,-0.589,
2026-06-25T17:07:38.632,13.032,rpm,0.000,-0.589,
2026-06-25T17:07:38.661,13.063,torque,0.000,-0.882,
2026-06-25T17:07:38.661,13.063,rpm,0.000,-0.882,
2026-06-25T17:07:38.694,13.094,rpm,0.000,-0.882,
2026-06-25T17:07:38.733,13.141,rpm,0.000,-0.882,
2026-06-25T17:07:38.747,13.157,rpm,0.000,-0.882,
2026-06-25T17:07:38.755,13.157,torque,0.000,-0.750,
2026-06-25T17:07:38.755,13.157,rpm,0.000,-0.750,
2026-06-25T17:07:38.755,13.157,rpm,0.000,-0.750,
2026-06-25T17:07:38.816,13.219,rpm,0.000,-0.750,
2026-06-25T17:07:38.831,13.235,rpm,0.000,-0.750,
2026-06-25T17:07:38.832,13.235,rpm,0.000,-0.750,
2026-06-25T17:07:38.833,13.235,torque,0.000,-0.776,
2026-06-25T17:07:38.860,13.266,rpm,0.000,-0.776,
2026-06-25T17:07:38.894,13.297,rpm,0.000,-0.776,
2026-06-25T17:07:38.907,13.313,rpm,0.000,-0.776,
2026-06-25T17:07:38.916,13.329,rpm,0.000,-0.776,
2026-06-25T17:07:38.917,13.329,torque,0.000,-0.491,
2026-06-25T17:07:38.939,13.344,rpm,0.000,-0.491,
2026-06-25T17:07:38.985,13.391,rpm,0.000,-0.491,
2026-06-25T17:07:39.000,13.407,rpm,0.000,-0.491,
2026-06-25T17:07:39.000,13.407,rpm,0.000,-0.491,
2026-06-25T17:07:39.008,13.422,torque,0.000,-0.604,
2026-06-25T17:07:39.056,13.469,rpm,0.000,-0.604,
2026-06-25T17:07:39.056,13.469,rpm,0.000,-0.604,
2026-06-25T17:07:39.065,13.469,rpm,0.000,-0.604,
2026-06-25T17:07:39.090,13.500,rpm,0.000,-0.604,
2026-06-25T17:07:39.090,13.500,torque,0.000,-0.504,
2026-06-25T17:07:39.147,13.547,rpm,0.000,-0.504,
2026-06-25T17:07:39.163,13.563,rpm,0.000,-0.504,
2026-06-25T17:07:39.175,13.579,rpm,0.000,-0.504,
2026-06-25T17:07:39.183,13.594,rpm,0.000,-0.504,
2026-06-25T17:07:39.186,13.594,torque,0.000,-0.666,
2026-06-25T17:07:39.186,13.594,rpm,0.000,-0.666,
2026-06-25T17:07:39.267,13.672,rpm,0.000,-0.666,
2026-06-25T17:07:39.268,13.672,rpm,0.000,-0.666,
2026-06-25T17:07:39.269,13.672,torque,0.000,-0.571,
2026-06-25T17:07:39.294,13.704,rpm,0.000,-0.571,
2026-06-25T17:07:39.332,13.735,rpm,0.000,-0.571,
2026-06-25T17:07:39.332,13.735,rpm,0.000,-0.571,
2026-06-25T17:07:39.353,13.766,torque,0.000,-0.317,
2026-06-25T17:07:39.353,13.766,rpm,0.000,-0.317,
2026-06-25T17:07:39.375,13.782,rpm,0.000,-0.317,
2026-06-25T17:07:39.421,13.829,rpm,0.000,-0.317,
2026-06-25T17:07:39.436,13.844,rpm,0.000,-0.317,
2026-06-25T17:07:39.436,13.844,rpm,0.000,-0.317,
2026-06-25T17:07:39.445,13.860,torque,0.000,-0.721,
2026-06-25T17:07:39.468,13.875,rpm,0.000,-0.721,
2026-06-25T17:07:39.468,13.875,rpm,0.000,-0.721,
2026-06-25T17:07:39.500,13.907,rpm,0.000,-0.721,
2026-06-25T17:07:39.522,13.922,rpm,0.000,-0.721,
2026-06-25T17:07:39.522,13.922,rpm,0.000,-0.721,
2026-06-25T17:07:39.522,13.922,torque,0.000,-0.831,
2026-06-25T17:07:39.580,13.985,rpm,0.000,-0.831,
2026-06-25T17:07:39.580,13.985,rpm,0.000,-0.831,
2026-06-25T17:07:39.590,14.000,rpm,0.000,-0.831,
2026-06-25T17:07:39.608,14.016,torque,0.000,-0.628,
2026-06-25T17:07:39.614,14.016,rpm,0.000,-0.628,
2026-06-25T17:07:39.665,14.079,rpm,0.000,-0.628,
2026-06-25T17:07:39.665,14.079,rpm,0.000,-0.628,
2026-06-25T17:07:39.674,14.079,rpm,0.000,-0.628,
2026-06-25T17:07:39.693,14.094,torque,0.000,-0.580,
2026-06-25T17:07:39.743,14.157,rpm,0.000,-0.580,
2026-06-25T17:07:39.743,14.157,rpm,0.000,-0.580,
2026-06-25T17:07:39.773,14.188,rpm,0.000,-0.580,
2026-06-25T17:07:39.776,14.188,torque,0.000,-1.290,
2026-06-25T17:07:39.807,14.219,rpm,0.000,-1.290,
2026-06-25T17:07:39.843,14.250,rpm,0.000,-1.290,
2026-06-25T17:07:39.844,14.250,rpm,0.000,-1.290,
2026-06-25T17:07:39.870,14.282,torque,0.000,-10.302,
2026-06-25T17:07:39.874,14.282,rpm,71.000,-10.302,
2026-06-25T17:07:39.900,14.313,rpm,250.000,-10.302,
2026-06-25T17:07:39.934,14.344,rpm,462.000,-10.302,
2026-06-25T17:07:39.963,14.375,torque,462.000,-9.106,
2026-06-25T17:07:39.964,14.375,rpm,508.000,-9.106,
2026-06-25T17:07:39.993,14.407,rpm,498.000,-9.106,
2026-06-25T17:07:39.993,14.407,rpm,491.000,-9.106,
2026-06-25T17:07:40.034,14.438,rpm,469.000,-9.106,
2026-06-25T17:07:40.048,14.454,rpm,455.000,-9.106,
2026-06-25T17:07:40.060,14.469,torque,455.000,24.120,
2026-06-25T17:07:40.063,14.469,rpm,244.000,24.120,
2026-06-25T17:07:40.098,14.500,rpm,174.000,24.120,
2026-06-25T17:07:40.129,14.532,rpm,489.000,24.120,
2026-06-25T17:07:40.146,14.547,torque,489.000,33.196,
2026-06-25T17:07:40.158,14.563,rpm,148.000,33.196,
2026-06-25T17:07:40.206,14.610,rpm,100.000,33.196,
2026-06-25T17:07:40.221,14.625,rpm,75.000,33.196,
2026-06-25T17:07:40.239,14.641,torque,75.000,-2.029,
2026-06-25T17:07:40.239,14.641,rpm,67.000,-2.029,
2026-06-25T17:07:40.254,14.657,rpm,67.000,-2.029,
2026-06-25T17:07:40.268,14.672,rpm,67.000,-2.029,
2026-06-25T17:07:40.312,14.719,rpm,67.000,-2.029,
2026-06-25T17:07:40.324,14.735,torque,67.000,5.044,
2026-06-25T17:07:40.324,14.735,rpm,67.000,5.044,
2026-06-25T17:07:40.327,14.735,rpm,67.000,5.044,
2026-06-25T17:07:40.341,14.750,rpm,67.000,5.044,
2026-06-25T17:07:40.385,14.797,rpm,772.000,5.044,
2026-06-25T17:07:40.400,14.813,rpm,799.000,5.044,
2026-06-25T17:07:40.400,14.813,torque,799.000,0.618,
2026-06-25T17:07:40.420,14.829,rpm,992.000,0.618,
2026-06-25T17:07:40.436,14.844,rpm,1252.000,0.618,
2026-06-25T17:07:40.438,14.844,rpm,1424.000,0.618,
2026-06-25T17:07:40.484,14.891,rpm,1572.000,0.618,
2026-06-25T17:07:40.500,14.907,torque,1572.000,10.281,
2026-06-25T17:07:40.501,14.907,rpm,1685.000,10.281,
2026-06-25T17:07:40.522,14.922,rpm,1759.000,10.281,
2026-06-25T17:07:40.544,14.954,rpm,1846.000,10.281,
2026-06-25T17:07:40.584,14.985,rpm,1921.000,10.281,
2026-06-25T17:07:40.584,14.985,rpm,1921.000,10.281,
2026-06-25T17:07:40.598,15.000,torque,1921.000,56.685,
2026-06-25T17:07:40.613,15.016,rpm,1753.000,56.685,
2026-06-25T17:07:40.614,15.016,rpm,1733.000,56.685,
2026-06-25T17:07:40.614,15.016,rpm,1723.000,56.685,
2026-06-25T17:07:40.672,15.079,rpm,1267.000,56.685,
2026-06-25T17:07:40.688,15.094,torque,1267.000,76.066,
2026-06-25T17:07:40.701,15.110,rpm,940.000,76.066,
2026-06-25T17:07:40.703,15.110,rpm,919.000,76.066,
2026-06-25T17:07:40.767,15.172,rpm,919.000,76.066,
2026-06-25T17:07:40.767,15.172,rpm,905.000,76.066,
2026-06-25T17:07:40.767,15.172,torque,905.000,26.821,
2026-06-25T17:07:40.783,15.188,rpm,874.000,26.821,
2026-06-25T17:07:40.839,15.250,rpm,736.000,26.821,
2026-06-25T17:07:40.839,15.250,rpm,736.000,26.821,
2026-06-25T17:07:40.855,15.266,torque,736.000,6.760,
2026-06-25T17:07:40.875,15.282,rpm,862.000,6.760,
2026-06-25T17:07:40.892,15.297,rpm,1911.000,6.760,
2026-06-25T17:07:40.892,15.297,rpm,1993.000,6.760,
2026-06-25T17:07:40.926,15.329,torque,1993.000,13.003,
2026-06-25T17:07:40.956,15.360,rpm,2258.000,13.003,
2026-06-25T17:07:40.981,15.391,rpm,1994.000,13.003,
2026-06-25T17:07:40.999,15.407,rpm,1906.000,13.003,
2026-06-25T17:07:41.000,15.407,rpm,1906.000,13.003,
2026-06-25T17:07:41.000,15.407,torque,1906.000,11.201,
2026-06-25T17:07:41.026,15.438,rpm,1928.000,11.201,
2026-06-25T17:07:41.071,15.485,rpm,2059.000,11.201,
2026-06-25T17:07:41.071,15.485,rpm,2059.000,11.201,
2026-06-25T17:07:41.091,15.500,torque,2059.000,-5.043,
2026-06-25T17:07:41.092,15.500,rpm,1962.000,-5.043,
2026-06-25T17:07:41.117,15.532,rpm,1928.000,-5.043,
2026-06-25T17:07:41.117,15.532,rpm,1856.000,-5.043,
2026-06-25T17:07:41.170,15.579,rpm,789.000,-5.043,
2026-06-25T17:07:41.170,15.579,rpm,667.000,-5.043,
2026-06-25T17:07:41.181,15.594,torque,667.000,25.671,
2026-06-25T17:07:41.205,15.610,rpm,609.000,25.671,
2026-06-25T17:07:41.249,15.657,rpm,504.000,25.671,
2026-06-25T17:07:41.264,15.672,torque,504.000,-1.415,
2026-06-25T17:07:41.275,15.688,rpm,317.000,-1.415,
2026-06-25T17:07:41.306,15.719,rpm,410.000,-1.415,
2026-06-25T17:07:41.364,15.766,rpm,270.000,-1.415,
2026-06-25T17:07:41.364,15.766,rpm,176.000,-1.415,
2026-06-25T17:07:41.375,15.782,torque,176.000,-1.008,
2026-06-25T17:07:41.375,15.782,rpm,121.000,-1.008,
2026-06-25T17:07:41.402,15.813,rpm,121.000,-1.008,
2026-06-25T17:07:41.402,15.813,rpm,121.000,-1.008,
2026-06-25T17:07:41.458,15.860,torque,121.000,13.707,
2026-06-25T17:07:41.473,15.875,rpm,100.000,13.707,
2026-06-25T17:07:41.473,15.875,rpm,100.000,13.707,
2026-06-25T17:07:41.539,15.954,rpm,116.000,13.707,
2026-06-25T17:07:41.548,15.954,rpm,116.000,13.707,
2026-06-25T17:07:41.549,15.954,torque,116.000,18.024,
2026-06-25T17:07:41.550,15.954,rpm,116.000,18.024,
2026-06-25T17:07:41.550,15.954,rpm,116.000,18.024,
2026-06-25T17:07:41.606,16.016,rpm,518.000,18.024,
2026-06-25T17:07:41.616,16.016,torque,518.000,12.832,
2026-06-25T17:07:41.616,16.016,rpm,230.000,12.832,
2026-06-25T17:07:41.616,16.016,rpm,225.000,12.832,
2026-06-25T17:07:41.681,16.094,rpm,103.000,12.832,
2026-06-25T17:07:41.682,16.094,rpm,94.000,12.832,
2026-06-25T17:07:41.683,16.094,torque,94.000,-2.493,
2026-06-25T17:07:41.683,16.094,rpm,80.000,-2.493,
2026-06-25T17:07:41.714,16.125,rpm,64.000,-2.493,
2026-06-25T17:07:41.773,16.188,rpm,396.000,-2.493,
2026-06-25T17:07:41.786,16.188,rpm,609.000,-2.493,
2026-06-25T17:07:41.787,16.188,torque,609.000,5.197,
2026-06-25T17:07:41.814,16.219,rpm,3000.000,5.197,
2026-06-25T17:07:41.814,16.219,rpm,3515.000,5.197,
2026-06-25T17:07:41.882,16.282,torque,3515.000,13.973,
2026-06-25T17:07:41.883,16.297,rpm,3365.000,13.973,
2026-06-25T17:07:41.919,16.329,rpm,3322.000,13.973,
2026-06-25T17:07:41.966,16.375,rpm,3012.000,13.973,
2026-06-25T17:07:41.966,16.375,rpm,2955.000,13.973,
2026-06-25T17:07:41.966,16.375,rpm,2909.000,13.973,
2026-06-25T17:07:41.966,16.375,torque,2909.000,31.472,
2026-06-25T17:07:41.983,16.391,rpm,3014.000,31.472,
2026-06-25T17:07:41.983,16.391,rpm,3007.000,31.472,
2026-06-25T17:07:42.052,16.454,rpm,3322.000,31.472,
2026-06-25T17:07:42.052,16.454,rpm,3743.000,31.472,
2026-06-25T17:07:42.053,16.454,torque,3743.000,15.383,
2026-06-25T17:07:42.122,16.532,rpm,4216.000,15.383,
2026-06-25T17:07:42.134,16.547,torque,4216.000,34.157,
2026-06-25T17:07:42.165,16.579,rpm,5540.000,34.157,
2026-06-25T17:07:42.165,16.579,rpm,5540.000,34.157,
2026-06-25T17:07:42.206,16.610,torque,5540.000,82.131,
2026-06-25T17:07:42.207,16.610,rpm,6276.000,82.131,
2026-06-25T17:07:42.226,16.641,rpm,6276.000,82.131,
2026-06-25T17:07:42.275,16.688,rpm,6764.000,82.131,
2026-06-25T17:07:42.276,16.688,rpm,6812.000,82.131,
2026-06-25T17:07:42.297,16.704,rpm,7249.000,82.131,
2026-06-25T17:07:42.301,16.704,torque,7249.000,97.299,
2026-06-25T17:07:42.319,16.719,rpm,7594.000,97.299,
2026-06-25T17:07:42.347,16.750,rpm,7804.000,97.299,
2026-06-25T17:07:42.377,16.782,rpm,8170.000,97.299,
2026-06-25T17:07:42.407,16.813,rpm,8322.000,97.299,
2026-06-25T17:07:42.409,16.813,torque,8322.000,96.449,
2026-06-25T17:07:42.409,16.813,rpm,8503.000,96.449,
2026-06-25T17:07:42.437,16.844,rpm,8880.000,96.449,
2026-06-25T17:07:42.454,16.860,rpm,9119.000,96.449,
2026-06-25T17:07:42.491,16.891,torque,9119.000,99.732,
2026-06-25T17:07:42.543,16.954,rpm,10196.000,99.732,
2026-06-25T17:07:42.563,16.969,rpm,10378.000,99.732,
2026-06-25T17:07:42.564,16.969,rpm,10415.000,99.732,
2026-06-25T17:07:42.565,16.969,torque,10415.000,103.513,
2026-06-25T17:07:42.599,17.000,rpm,10713.000,103.513,
2026-06-25T17:07:42.599,17.000,rpm,10752.000,103.513,
2026-06-25T17:07:42.667,17.079,torque,10752.000,99.519,
2026-06-25T17:07:42.668,17.079,rpm,10929.000,99.519,
2026-06-25T17:07:42.681,17.094,rpm,11119.000,99.519,
2026-06-25T17:07:42.725,17.125,rpm,11110.000,99.519,
2026-06-25T17:07:42.725,17.125,rpm,11188.000,99.519,
2026-06-25T17:07:42.740,17.141,torque,11188.000,91.640,
2026-06-25T17:07:42.756,17.157,rpm,11176.000,91.640,
2026-06-25T17:07:42.787,17.188,rpm,11231.000,91.640,
2026-06-25T17:07:42.787,17.188,rpm,11217.000,91.640,
2026-06-25T17:07:42.847,17.250,torque,11217.000,80.124,
2026-06-25T17:07:42.858,17.266,rpm,11188.000,80.124,
2026-06-25T17:07:42.858,17.266,rpm,11259.000,80.124,
2026-06-25T17:07:42.898,17.297,rpm,11252.000,80.124,
2026-06-25T17:07:42.914,17.329,torque,11252.000,69.148,
2026-06-25T17:07:42.925,17.329,rpm,11224.000,69.148,
2026-06-25T17:07:42.925,17.329,rpm,11177.000,69.148,
2026-06-25T17:07:42.983,17.391,rpm,11145.000,69.148,
2026-06-25T17:07:42.983,17.391,rpm,11180.000,69.148,
2026-06-25T17:07:42.991,17.391,rpm,11102.000,69.148,
2026-06-25T17:07:42.992,17.407,torque,11102.000,63.076,
2026-06-25T17:07:43.019,17.422,rpm,11122.000,63.076,
2026-06-25T17:07:43.064,17.469,rpm,11085.000,63.076,
2026-06-25T17:07:43.079,17.485,rpm,11034.000,63.076,
2026-06-25T17:07:43.080,17.485,rpm,10982.000,63.076,
2026-06-25T17:07:43.091,17.500,torque,10982.000,57.508,
2026-06-25T17:07:43.092,17.500,rpm,10947.000,57.508,
2026-06-25T17:07:43.122,17.532,rpm,10979.000,57.508,
2026-06-25T17:07:43.123,17.532,rpm,10974.000,57.508,
2026-06-25T17:07:43.164,17.579,rpm,10943.000,57.508,
2026-06-25T17:07:43.179,17.579,rpm,10892.000,57.508,
2026-06-25T17:07:43.179,17.579,torque,10892.000,54.833,
2026-06-25T17:07:43.210,17.610,rpm,10849.000,54.833,
2026-06-25T17:07:43.252,17.657,rpm,10822.000,54.833,
2026-06-25T17:07:43.253,17.657,rpm,10815.000,54.833,
2026-06-25T17:07:43.267,17.672,torque,10815.000,53.478,
2026-06-25T17:07:43.280,17.688,rpm,10742.000,53.478,
2026-06-25T17:07:43.315,17.719,rpm,10733.000,53.478,
2026-06-25T17:07:43.341,17.750,torque,10733.000,53.158,
2026-06-25T17:07:43.341,17.750,rpm,10648.000,53.158,
2026-06-25T17:07:43.368,17.782,rpm,10606.000,53.158,
2026-06-25T17:07:43.414,17.829,rpm,10563.000,53.158,
2026-06-25T17:07:43.444,17.844,torque,10563.000,53.442,
2026-06-25T17:07:43.444,17.844,rpm,10543.000,53.442,
2026-06-25T17:07:43.459,17.860,rpm,10504.000,53.442,
2026-06-25T17:07:43.504,17.907,rpm,10489.000,53.442,
2026-06-25T17:07:43.520,17.922,rpm,10495.000,53.442,
2026-06-25T17:07:43.534,17.938,rpm,10456.000,53.442,
2026-06-25T17:07:43.534,17.938,torque,10456.000,53.839,
2026-06-25T17:07:43.563,17.969,rpm,10436.000,53.839,
2026-06-25T17:07:43.601,18.000,rpm,10351.000,53.839,
2026-06-25T17:07:43.602,18.016,torque,10351.000,54.411,
2026-06-25T17:07:43.602,18.016,rpm,10404.000,54.411,
2026-06-25T17:07:43.634,18.047,rpm,10299.000,54.411,
2026-06-25T17:07:43.634,18.047,rpm,10381.000,54.411,
2026-06-25T17:07:43.687,18.094,rpm,10325.000,54.411,
2026-06-25T17:07:43.689,18.094,torque,10325.000,53.707,
2026-06-25T17:07:43.700,18.110,rpm,10307.000,53.707,
2026-06-25T17:07:43.700,18.110,rpm,10229.000,53.707,
2026-06-25T17:07:43.740,18.141,rpm,10271.000,53.707,
2026-06-25T17:07:43.750,18.157,rpm,10259.000,53.707,
2026-06-25T17:07:43.775,18.188,torque,10259.000,54.075,
2026-06-25T17:07:43.775,18.188,rpm,10256.000,54.075,
2026-06-25T17:07:43.794,18.204,rpm,10229.000,54.075,
2026-06-25T17:07:43.807,18.219,rpm,10210.000,54.075,
2026-06-25T17:07:43.834,18.235,rpm,10210.000,54.075,
2026-06-25T17:07:43.876,18.282,rpm,10110.000,54.075,
2026-06-25T17:07:43.876,18.282,torque,10110.000,55.278,
2026-06-25T17:07:43.876,18.282,rpm,10116.000,55.278,
2026-06-25T17:07:43.892,18.297,rpm,10144.000,55.278,
2026-06-25T17:07:43.952,18.360,rpm,10062.000,55.278,
2026-06-25T17:07:43.952,18.360,torque,10062.000,55.639,
2026-06-25T17:07:43.966,18.375,rpm,10139.000,55.639,
2026-06-25T17:07:43.967,18.375,rpm,10051.000,55.639,
2026-06-25T17:07:44.013,18.422,rpm,10100.000,55.639,
2026-06-25T17:07:44.026,18.438,rpm,10002.000,55.639,
2026-06-25T17:07:44.026,18.438,rpm,10047.000,55.639,
2026-06-25T17:07:44.039,18.454,torque,10047.000,56.036,
2026-06-25T17:07:44.055,18.469,rpm,10071.000,56.036,
2026-06-25T17:07:44.077,18.485,rpm,10073.000,56.036,
2026-06-25T17:07:44.093,18.500,rpm,10036.000,56.036,
2026-06-25T17:07:44.107,18.516,rpm,10056.000,56.036,
2026-06-25T17:07:44.117,18.532,torque,10056.000,56.468,
2026-06-25T17:07:44.140,18.547,rpm,9942.000,56.468,
2026-06-25T17:07:44.167,18.579,rpm,10032.000,56.468,
2026-06-25T17:07:44.192,18.594,rpm,9952.000,56.468,
2026-06-25T17:07:44.193,18.594,rpm,9929.000,56.468,
2026-06-25T17:07:44.202,18.610,rpm,9981.000,56.468,
2026-06-25T17:07:44.203,18.610,torque,9981.000,56.220,
2026-06-25T17:07:44.238,18.641,rpm,9919.000,56.220,
2026-06-25T17:07:44.250,18.657,rpm,9907.000,56.220,
2026-06-25T17:07:44.272,18.672,rpm,9911.000,56.220,
2026-06-25T17:07:44.291,18.704,rpm,9964.000,56.220,
2026-06-25T17:07:44.292,18.704,torque,9964.000,56.273,
2026-06-25T17:07:44.308,18.719,rpm,9918.000,56.273,
2026-06-25T17:07:44.341,18.750,rpm,9940.000,56.273,
2026-06-25T17:07:44.351,18.750,rpm,9869.000,56.273,
2026-06-25T17:07:44.371,18.782,rpm,9859.000,56.273,
2026-06-25T17:07:44.372,18.782,torque,9859.000,56.073,
2026-06-25T17:07:44.382,18.782,rpm,9883.000,56.073,
2026-06-25T17:07:44.420,18.829,rpm,9868.000,56.073,
2026-06-25T17:07:44.430,18.844,rpm,9818.000,56.073,
2026-06-25T17:07:44.448,18.860,rpm,9884.000,56.073,
2026-06-25T17:07:44.468,18.875,torque,9884.000,56.201,
2026-06-25T17:07:44.468,18.875,rpm,9819.000,56.201,
2026-06-25T17:07:44.497,18.907,rpm,9872.000,56.201,
2026-06-25T17:07:44.516,18.922,rpm,9819.000,56.201,
2026-06-25T17:07:44.541,18.954,rpm,9833.000,56.201,
2026-06-25T17:07:44.554,18.954,rpm,9855.000,56.201,
2026-06-25T17:07:44.565,18.969,torque,9855.000,56.091,
2026-06-25T17:07:44.565,18.969,rpm,9777.000,56.091,
2026-06-25T17:07:44.615,19.016,rpm,9802.000,56.091,
2026-06-25T17:07:44.623,19.032,rpm,9809.000,56.091,
2026-06-25T17:07:44.624,19.032,rpm,9764.000,56.091,
2026-06-25T17:07:44.646,19.047,torque,9764.000,56.125,
2026-06-25T17:07:44.647,19.047,rpm,9813.000,56.125,
2026-06-25T17:07:44.683,19.094,rpm,9772.000,56.125,
2026-06-25T17:07:44.696,19.110,rpm,9807.000,56.125,
2026-06-25T17:07:44.711,19.125,rpm,9767.000,56.125,
2026-06-25T17:07:44.722,19.125,torque,9767.000,56.461,
2026-06-25T17:07:44.745,19.157,rpm,9747.000,56.461,
2026-06-25T17:07:44.747,19.157,rpm,9705.000,56.461,
2026-06-25T17:07:44.785,19.188,rpm,9726.000,56.461,
2026-06-25T17:07:44.798,19.204,rpm,9767.000,56.461,
2026-06-25T17:07:44.809,19.219,rpm,9700.000,56.461,
2026-06-25T17:07:44.809,19.219,torque,9700.000,56.505,
2026-06-25T17:07:44.830,19.235,rpm,9704.000,56.505,
2026-06-25T17:07:44.871,19.282,rpm,9693.000,56.505,
2026-06-25T17:07:44.872,19.282,rpm,9734.000,56.505,
2026-06-25T17:07:44.887,19.297,rpm,9686.000,56.505,
2026-06-25T17:07:44.896,19.297,torque,9686.000,56.418,
2026-06-25T17:07:44.918,19.329,rpm,9705.000,56.418,
2026-06-25T17:07:44.934,19.344,rpm,9682.000,56.418,
2026-06-25T17:07:44.967,19.375,rpm,9731.000,56.418,
2026-06-25T17:07:44.978,19.391,torque,9731.000,56.481,
2026-06-25T17:07:44.990,19.391,rpm,9679.000,56.481,
2026-06-25T17:07:45.000,19.407,rpm,9659.000,56.481,
2026-06-25T17:07:45.045,19.454,rpm,9646.000,56.481,
2026-06-25T17:07:45.046,19.454,rpm,9741.000,56.481,
2026-06-25T17:07:45.073,19.485,torque,9741.000,57.357,
2026-06-25T17:07:45.100,19.500,rpm,9645.000,57.357,
2026-06-25T17:07:45.100,19.500,rpm,9619.000,57.357,
2026-06-25T17:07:45.128,19.532,rpm,9671.000,57.357,
2026-06-25T17:07:45.157,19.563,rpm,9665.000,57.357,
2026-06-25T17:07:45.157,19.563,torque,9665.000,57.959,
2026-06-25T17:07:45.178,19.579,rpm,9656.000,57.959,
2026-06-25T17:07:45.180,19.594,rpm,9684.000,57.959,
2026-06-25T17:07:45.224,19.625,rpm,9647.000,57.959,
2026-06-25T17:07:45.225,19.625,rpm,9680.000,57.959,
2026-06-25T17:07:45.247,19.657,torque,9680.000,58.391,
2026-06-25T17:07:45.247,19.657,rpm,9712.000,58.391,
2026-06-25T17:07:45.259,19.672,rpm,9641.000,58.391,
2026-06-25T17:07:45.294,19.704,rpm,9640.000,58.391,
2026-06-25T17:07:45.333,19.735,torque,9640.000,58.529,
2026-06-25T17:07:45.360,19.766,rpm,9616.000,58.529,
2026-06-25T17:07:45.382,19.782,rpm,9645.000,58.529,
2026-06-25T17:07:45.386,19.797,rpm,9653.000,58.529,
2026-06-25T17:07:45.412,19.813,torque,9653.000,58.322,
2026-06-25T17:07:45.412,19.813,rpm,9588.000,58.322,
2026-06-25T17:07:45.445,19.860,rpm,9602.000,58.322,
2026-06-25T17:07:45.464,19.875,rpm,9607.000,58.322,
2026-06-25T17:07:45.467,19.875,rpm,9616.000,58.322,
2026-06-25T17:07:45.485,19.891,rpm,9658.000,58.322,
2026-06-25T17:07:45.506,19.907,rpm,9619.000,58.322,
2026-06-25T17:07:45.506,19.907,torque,9619.000,58.337,
2026-06-25T17:07:45.542,19.954,rpm,9640.000,58.337,
2026-06-25T17:07:45.564,19.969,rpm,9663.000,58.337,
2026-06-25T17:07:45.576,19.985,rpm,9615.000,58.337,
2026-06-25T17:07:45.589,20.000,rpm,9648.000,58.337,
2026-06-25T17:07:45.599,20.000,torque,9648.000,58.463,
2026-06-25T17:07:45.614,20.016,rpm,9567.000,58.463,
2026-06-25T17:07:45.656,20.063,rpm,9559.000,58.463,
2026-06-25T17:07:45.657,20.063,rpm,9511.000,58.463,
2026-06-25T17:07:45.667,20.079,rpm,9565.000,58.463,
2026-06-25T17:07:45.683,20.094,torque,9565.000,58.781,
2026-06-25T17:07:45.694,20.094,rpm,9585.000,58.781,
2026-06-25T17:07:45.719,20.125,rpm,9574.000,58.781,
2026-06-25T17:07:45.742,20.157,rpm,9650.000,58.781,
2026-06-25T17:07:45.743,20.157,rpm,9584.000,58.781,
2026-06-25T17:07:45.764,20.172,torque,9584.000,59.120,
2026-06-25T17:07:45.798,20.204,rpm,9640.000,59.120,
2026-06-25T17:07:45.798,20.204,rpm,9601.000,59.120,
2026-06-25T17:07:45.811,20.219,rpm,9582.000,59.120,
2026-06-25T17:07:45.835,20.250,rpm,9630.000,59.120,
2026-06-25T17:07:45.847,20.250,rpm,9536.000,59.120,
2026-06-25T17:07:45.847,20.250,torque,9536.000,58.920,
2026-06-25T17:07:45.912,20.313,rpm,9579.000,58.920,
2026-06-25T17:07:45.941,20.344,torque,9579.000,58.738,
2026-06-25T17:07:45.941,20.344,rpm,9594.000,58.738,
2026-06-25T17:07:45.963,20.375,rpm,9605.000,58.738,
2026-06-25T17:07:45.976,20.375,rpm,9612.000,58.738,
2026-06-25T17:07:45.988,20.391,rpm,9557.000,58.738,
2026-06-25T17:07:46.012,20.422,rpm,9532.000,58.738,
2026-06-25T17:07:46.014,20.422,torque,9532.000,58.904,
2026-06-25T17:07:46.038,20.438,rpm,9582.000,58.904,
2026-06-25T17:07:46.060,20.469,rpm,9566.000,58.904,
2026-06-25T17:07:46.082,20.485,rpm,9567.000,58.904,
2026-06-25T17:07:46.086,20.500,rpm,9559.000,58.904,
2026-06-25T17:07:46.117,20.532,torque,9559.000,59.186,
2026-06-25T17:07:46.118,20.532,rpm,9549.000,59.186,
2026-06-25T17:07:46.141,20.547,rpm,9599.000,59.186,
2026-06-25T17:07:46.157,20.563,rpm,9521.000,59.186,
2026-06-25T17:07:46.191,20.594,rpm,9552.000,59.186,
2026-06-25T17:07:46.192,20.594,torque,9552.000,59.276,
2026-06-25T17:07:46.192,20.594,rpm,9597.000,59.276,
2026-06-25T17:07:46.231,20.641,rpm,9539.000,59.276,
2026-06-25T17:07:46.242,20.657,rpm,9549.000,59.276,
2026-06-25T17:07:46.263,20.672,rpm,9547.000,59.276,
2026-06-25T17:07:46.282,20.688,rpm,9547.000,59.276,
2026-06-25T17:07:46.290,20.704,torque,9547.000,59.361,
2026-06-25T17:07:46.325,20.735,rpm,9593.000,59.361,
2026-06-25T17:07:46.336,20.750,rpm,9520.000,59.361,
2026-06-25T17:07:46.337,20.750,rpm,9599.000,59.361,
2026-06-25T17:07:46.362,20.766,rpm,9421.000,59.361,
2026-06-25T17:07:46.376,20.782,torque,9421.000,59.608,
2026-06-25T17:07:46.386,20.797,rpm,9498.000,59.608,
2026-06-25T17:07:46.416,20.829,rpm,9491.000,59.608,
2026-06-25T17:07:46.442,20.844,rpm,9592.000,59.608,
2026-06-25T17:07:46.444,20.844,rpm,9570.000,59.608,
2026-06-25T17:07:46.468,20.875,torque,9570.000,59.559,
2026-06-25T17:07:46.468,20.875,rpm,9552.000,59.559,
2026-06-25T17:07:46.496,20.907,rpm,9530.000,59.559,
2026-06-25T17:07:46.512,20.922,rpm,9521.000,59.559,
2026-06-25T17:07:46.526,20.938,rpm,9539.000,59.559,
2026-06-25T17:07:46.540,20.954,rpm,9567.000,59.559,
2026-06-25T17:07:46.550,20.954,torque,9567.000,59.659,
2026-06-25T17:07:46.553,20.954,rpm,9595.000,59.659,
2026-06-25T17:07:46.601,21.000,rpm,9534.000,59.659,
2026-06-25T17:07:46.615,21.016,rpm,9537.000,59.659,
2026-06-25T17:07:46.639,21.047,torque,9537.000,59.999,
2026-06-25T17:07:46.639,21.047,rpm,9586.000,59.999,
2026-06-25T17:07:46.640,21.047,rpm,9527.000,59.999,
2026-06-25T17:07:46.695,21.110,rpm,9565.000,59.999,
2026-06-25T17:07:46.705,21.110,rpm,9503.000,59.999,
2026-06-25T17:07:46.721,21.125,torque,9503.000,59.581,
2026-06-25T17:07:46.731,21.141,rpm,9539.000,59.581,
2026-06-25T17:07:46.761,21.172,rpm,9518.000,59.581,
2026-06-25T17:07:46.782,21.188,rpm,9534.000,59.581,
2026-06-25T17:07:46.782,21.188,rpm,9513.000,59.581,
2026-06-25T17:07:46.806,21.219,rpm,9592.000,59.581,
2026-06-25T17:07:46.806,21.219,torque,9592.000,59.335,
2026-06-25T17:07:46.825,21.235,rpm,9506.000,59.335,
2026-06-25T17:07:46.837,21.250,rpm,9506.000,59.335,
2026-06-25T17:07:46.887,21.297,rpm,9532.000,59.335,
2026-06-25T17:07:46.887,21.297,torque,9532.000,59.490,
2026-06-25T17:07:46.892,21.297,rpm,9578.000,59.490,
2026-06-25T17:07:46.921,21.329,rpm,9577.000,59.490,
2026-06-25T17:07:46.963,21.375,rpm,9534.000,59.490,
2026-06-25T17:07:46.969,21.375,torque,9534.000,59.717,
2026-06-25T17:07:46.972,21.375,rpm,9519.000,59.717,
2026-06-25T17:07:47.012,21.422,rpm,9579.000,59.717,
2026-06-25T17:07:47.021,21.422,rpm,9585.000,59.717,
2026-06-25T17:07:47.027,21.438,rpm,9524.000,59.717,
2026-06-25T17:07:47.057,21.469,rpm,9516.000,59.717,
2026-06-25T17:07:47.067,21.469,torque,9516.000,59.781,
2026-06-25T17:07:47.084,21.485,rpm,9521.000,59.781,
2026-06-25T17:07:47.095,21.500,rpm,9530.000,59.781,
2026-06-25T17:07:47.137,21.547,rpm,9439.000,59.781,
2026-06-25T17:07:47.155,21.563,torque,9439.000,59.902,
2026-06-25T17:07:47.164,21.579,rpm,9500.000,59.902,
2026-06-25T17:07:47.199,21.610,rpm,9378.000,59.902,
2026-06-25T17:07:47.208,21.610,rpm,9504.000,59.902,
2026-06-25T17:07:47.210,21.610,rpm,9467.000,59.902,
2026-06-25T17:07:47.237,21.641,torque,9467.000,59.939,
2026-06-25T17:07:47.237,21.641,rpm,9488.000,59.939,
2026-06-25T17:07:47.270,21.672,rpm,9527.000,59.939,
2026-06-25T17:07:47.284,21.688,rpm,9559.000,59.939,
2026-06-25T17:07:47.328,21.735,torque,9559.000,59.974,
2026-06-25T17:07:47.328,21.735,rpm,9550.000,59.974,
2026-06-25T17:07:47.330,21.735,rpm,9536.000,59.974,
2026-06-25T17:07:47.376,21.782,rpm,9500.000,59.974,
2026-06-25T17:07:47.400,21.813,rpm,9500.000,59.974,
2026-06-25T17:07:47.412,21.813,torque,9500.000,59.810,
2026-06-25T17:07:47.415,21.829,rpm,9566.000,59.810,
2026-06-25T17:07:47.448,21.860,rpm,9556.000,59.810,
2026-06-25T17:07:47.460,21.860,rpm,9505.000,59.810,
2026-06-25T17:07:47.486,21.891,rpm,9520.000,59.810,
2026-06-25T17:07:47.497,21.907,torque,9520.000,59.732,
2026-06-25T17:07:47.509,21.922,rpm,9548.000,59.732,
2026-06-25T17:07:47.521,21.922,rpm,9546.000,59.732,
2026-06-25T17:07:47.555,21.969,rpm,9545.000,59.732,
2026-06-25T17:07:47.567,21.969,rpm,9504.000,59.732,
2026-06-25T17:07:47.580,21.985,torque,9504.000,59.389,
2026-06-25T17:07:47.580,21.985,rpm,9482.000,59.389,
2026-06-25T17:07:47.603,22.016,rpm,9514.000,59.389,
2026-06-25T17:07:47.635,22.047,rpm,9545.000,59.389,
2026-06-25T17:07:47.646,22.047,rpm,9505.000,59.389,
2026-06-25T17:07:47.669,22.079,rpm,9515.000,59.389,
2026-06-25T17:07:47.670,22.079,torque,9515.000,59.299,
2026-06-25T17:07:47.693,22.094,rpm,9546.000,59.299,
2026-06-25T17:07:47.695,22.110,rpm,9517.000,59.299,
2026-06-25T17:07:47.737,22.141,rpm,9554.000,59.299,
2026-06-25T17:07:47.768,22.172,torque,9554.000,59.487,
2026-06-25T17:07:47.768,22.172,rpm,9500.000,59.487,
2026-06-25T17:07:47.773,22.188,rpm,9427.000,59.487,
2026-06-25T17:07:47.820,22.235,rpm,9556.000,59.487,
2026-06-25T17:07:47.821,22.235,rpm,9532.000,59.487,
2026-06-25T17:07:47.847,22.250,torque,9532.000,59.660,
2026-06-25T17:07:47.847,22.250,rpm,9559.000,59.660,
2026-06-25T17:07:47.877,22.282,rpm,9497.000,59.660,
2026-06-25T17:07:47.878,22.282,rpm,9497.000,59.660,
2026-06-25T17:07:47.900,22.313,rpm,9486.000,59.660,
2026-06-25T17:07:47.941,22.344,torque,9486.000,59.920,
2026-06-25T17:07:47.941,22.344,rpm,9505.000,59.920,
2026-06-25T17:07:47.942,22.344,rpm,9565.000,59.920,
2026-06-25T17:07:47.968,22.375,rpm,9552.000,59.920,
2026-06-25T17:07:47.990,22.391,rpm,9546.000,59.920,
2026-06-25T17:07:48.013,22.422,rpm,9566.000,59.920,
2026-06-25T17:07:48.013,22.422,torque,9566.000,59.757,
2026-06-25T17:07:48.037,22.438,rpm,9560.000,59.757,
2026-06-25T17:07:48.050,22.454,rpm,9544.000,59.757,
2026-06-25T17:07:48.081,22.485,rpm,9506.000,59.757,
2026-06-25T17:07:48.105,22.516,torque,9506.000,59.699,
2026-06-25T17:07:48.138,22.547,rpm,9554.000,59.699,
2026-06-25T17:07:48.154,22.563,rpm,9485.000,59.699,
2026-06-25T17:07:48.165,22.579,rpm,9485.000,59.699,
2026-06-25T17:07:48.187,22.594,torque,9485.000,59.787,
2026-06-25T17:07:48.202,22.610,rpm,9543.000,59.787,
2026-06-25T17:07:48.256,22.657,rpm,9475.000,59.787,
2026-06-25T17:07:48.283,22.688,torque,9475.000,59.685,
2026-06-25T17:07:48.283,22.688,rpm,9546.000,59.685,
2026-06-25T17:07:48.283,22.688,rpm,9491.000,59.685,
2026-06-25T17:07:48.333,22.735,rpm,9483.000,59.685,
2026-06-25T17:07:48.358,22.766,rpm,9507.000,59.685,
2026-06-25T17:07:48.361,22.766,torque,9507.000,59.905,
2026-06-25T17:07:48.364,22.766,rpm,9543.000,59.905,
2026-06-25T17:07:48.400,22.813,rpm,9537.000,59.905,
2026-06-25T17:07:48.410,22.813,rpm,9564.000,59.905,
2026-06-25T17:07:48.443,22.844,rpm,9497.000,59.905,
2026-06-25T17:07:48.453,22.860,torque,9497.000,59.792,
2026-06-25T17:07:48.499,22.907,rpm,9501.000,59.792,
2026-06-25T17:07:48.514,22.922,rpm,9540.000,59.792,
2026-06-25T17:07:48.525,22.938,rpm,9543.000,59.792,
2026-06-25T17:07:48.547,22.954,torque,9543.000,59.692,
2026-06-25T17:07:48.547,22.954,rpm,9526.000,59.692,
2026-06-25T17:07:48.590,23.000,rpm,9478.000,59.692,
2026-06-25T17:07:48.618,23.032,rpm,9541.000,59.692,
2026-06-25T17:07:48.619,23.032,torque,9541.000,59.543,
2026-06-25T17:07:48.634,23.047,rpm,9530.000,59.543,
2026-06-25T17:07:48.655,23.063,rpm,9454.000,59.543,
2026-06-25T17:07:48.685,23.094,rpm,9356.000,59.543,
2026-06-25T17:07:48.698,23.110,rpm,9546.000,59.543,
2026-06-25T17:07:48.712,23.125,torque,9546.000,59.656,
2026-06-25T17:07:48.712,23.125,rpm,9550.000,59.656,
2026-06-25T17:07:48.739,23.141,rpm,9466.000,59.656,
2026-06-25T17:07:48.739,23.141,rpm,9518.000,59.656,
2026-06-25T17:07:48.784,23.188,rpm,9498.000,59.656,
2026-06-25T17:07:48.796,23.204,torque,9498.000,59.682,
2026-06-25T17:07:48.796,23.204,rpm,9544.000,59.682,
2026-06-25T17:07:48.813,23.219,rpm,9490.000,59.682,
2026-06-25T17:07:48.852,23.266,rpm,9520.000,59.682,
2026-06-25T17:07:48.861,23.266,rpm,9504.000,59.682,
2026-06-25T17:07:48.862,23.266,rpm,9480.000,59.682,
2026-06-25T17:07:48.885,23.297,torque,9480.000,59.526,
2026-06-25T17:07:48.885,23.297,rpm,9475.000,59.526,
2026-06-25T17:07:48.909,23.313,rpm,9549.000,59.526,
2026-06-25T17:07:48.951,23.360,rpm,9513.000,59.526,
2026-06-25T17:07:48.951,23.360,rpm,9535.000,59.526,
2026-06-25T17:07:48.975,23.375,torque,9535.000,59.132,
2026-06-25T17:07:48.976,23.391,rpm,9491.000,59.132,
2026-06-25T17:07:49.001,23.407,rpm,9514.000,59.132,
2026-06-25T17:07:49.043,23.454,rpm,9544.000,59.132,
2026-06-25T17:07:49.044,23.454,rpm,9454.000,59.132,
2026-06-25T17:07:49.069,23.469,torque,9454.000,59.480,
2026-06-25T17:07:49.069,23.469,rpm,9455.000,59.480,
2026-06-25T17:07:49.109,23.516,rpm,9495.000,59.480,
2026-06-25T17:07:49.119,23.532,rpm,9504.000,59.480,
2026-06-25T17:07:49.145,23.547,rpm,9527.000,59.480,
2026-06-25T17:07:49.145,23.547,torque,9527.000,59.553,
2026-06-25T17:07:49.164,23.579,rpm,9536.000,59.553,
2026-06-25T17:07:49.165,23.579,rpm,9479.000,59.553,
2026-06-25T17:07:49.215,23.625,rpm,9517.000,59.553,
2026-06-25T17:07:49.228,23.641,rpm,9556.000,59.553,
2026-06-25T17:07:49.246,23.657,rpm,9539.000,59.553,
2026-06-25T17:07:49.246,23.657,torque,9539.000,59.150,
2026-06-25T17:07:49.248,23.657,rpm,9491.000,59.150,
2026-06-25T17:07:49.294,23.704,rpm,9560.000,59.150,
2026-06-25T17:07:49.294,23.704,rpm,9544.000,59.150,
2026-06-25T17:07:49.323,23.735,rpm,9471.000,59.150,
2026-06-25T17:07:49.325,23.735,torque,9471.000,59.055,
2026-06-25T17:07:49.325,23.735,rpm,9551.000,59.055,
2026-06-25T17:07:49.359,23.766,rpm,9487.000,59.055,
2026-06-25T17:07:49.393,23.797,rpm,9543.000,59.055,
2026-06-25T17:07:49.405,23.813,rpm,9539.000,59.055,
2026-06-25T17:07:49.405,23.813,torque,9539.000,59.539,
2026-06-25T17:07:49.405,23.813,rpm,9485.000,59.539,
2026-06-25T17:07:49.430,23.844,rpm,9562.000,59.539,
2026-06-25T17:07:49.464,23.875,rpm,9556.000,59.539,
2026-06-25T17:07:49.487,23.891,rpm,9556.000,59.539,
2026-06-25T17:07:49.487,23.891,torque,9556.000,59.635,
2026-06-25T17:07:49.493,23.907,rpm,9507.000,59.635,
2026-06-25T17:07:49.517,23.922,rpm,9424.000,59.635,
2026-06-25T17:07:49.539,23.954,rpm,9404.000,59.635,
2026-06-25T17:07:49.566,23.969,rpm,9537.000,59.635,
2026-06-25T17:07:49.592,24.000,rpm,9513.000,59.635,
2026-06-25T17:07:49.592,24.000,torque,9513.000,59.720,
2026-06-25T17:07:49.595,24.000,rpm,9511.000,59.720,
2026-06-25T17:07:49.629,24.032,rpm,9557.000,59.720,
2026-06-25T17:07:49.639,24.047,rpm,9517.000,59.720,
2026-06-25T17:07:49.676,24.079,torque,9517.000,59.589,
2026-06-25T17:07:49.727,24.141,rpm,9544.000,59.589,
2026-06-25T17:07:49.751,24.157,torque,9544.000,59.343,
2026-06-25T17:07:49.751,24.157,rpm,9533.000,59.343,
2026-06-25T17:07:49.794,24.204,rpm,9546.000,59.343,
2026-06-25T17:07:49.798,24.204,rpm,9542.000,59.343,
2026-06-25T17:07:49.812,24.219,rpm,9536.000,59.343,
2026-06-25T17:07:49.843,24.250,torque,9536.000,59.603,
2026-06-25T17:07:49.870,24.282,rpm,9528.000,59.603,
2026-06-25T17:07:49.887,24.297,rpm,9558.000,59.603,
2026-06-25T17:07:49.907,24.313,rpm,9545.000,59.603,
2026-06-25T17:07:49.929,24.329,torque,9545.000,59.792,
2026-06-25T17:07:49.932,24.344,rpm,9503.000,59.792,
2026-06-25T17:07:49.959,24.360,rpm,9546.000,59.792,
2026-06-25T17:07:49.980,24.391,rpm,9458.000,59.792,
2026-06-25T17:07:50.004,24.407,torque,9458.000,59.958,
2026-06-25T17:07:50.036,24.438,rpm,9434.000,59.958,
2026-06-25T17:07:50.071,24.485,rpm,9465.000,59.958,
2026-06-25T17:07:50.076,24.485,rpm,9475.000,59.958,
2026-06-25T17:07:50.103,24.516,torque,9475.000,59.906,
2026-06-25T17:07:50.104,24.516,rpm,9492.000,59.906,
2026-06-25T17:07:50.134,24.547,rpm,9488.000,59.906,
2026-06-25T17:07:50.156,24.563,rpm,9490.000,59.906,
2026-06-25T17:07:50.179,24.594,rpm,9463.000,59.906,
2026-06-25T17:07:50.180,24.594,torque,9463.000,59.736,
2026-06-25T17:07:50.195,24.594,rpm,9471.000,59.736,
2026-06-25T17:07:50.208,24.610,rpm,9470.000,59.736,
2026-06-25T17:07:50.257,24.657,rpm,9535.000,59.736,
2026-06-25T17:07:50.257,24.657,rpm,9511.000,59.736,
2026-06-25T17:07:50.267,24.672,rpm,9557.000,59.736,
2026-06-25T17:07:50.270,24.672,torque,9557.000,59.728,
2026-06-25T17:07:50.306,24.719,rpm,9542.000,59.728,
2026-06-25T17:07:50.317,24.719,rpm,9559.000,59.728,
2026-06-25T17:07:50.331,24.735,rpm,9478.000,59.728,
2026-06-25T17:07:50.363,24.766,torque,9478.000,59.964,
2026-06-25T17:07:50.364,24.766,rpm,9511.000,59.964,
2026-06-25T17:07:50.393,24.797,rpm,9478.000,59.964,
2026-06-25T17:07:50.415,24.829,rpm,9545.000,59.964,
2026-06-25T17:07:50.436,24.844,rpm,9541.000,59.964,
2026-06-25T17:07:50.450,24.860,torque,9541.000,59.797,
2026-06-25T17:07:50.462,24.875,rpm,9479.000,59.797,
2026-06-25T17:07:50.464,24.875,rpm,9487.000,59.797,
2026-06-25T17:07:50.513,24.922,rpm,9495.000,59.797,
2026-06-25T17:07:50.514,24.922,rpm,9498.000,59.797,
2026-06-25T17:07:50.543,24.954,torque,9498.000,59.916,
2026-06-25T17:07:50.543,24.954,rpm,9492.000,59.916,
2026-06-25T17:07:50.548,24.954,rpm,9529.000,59.916,
2026-06-25T17:07:50.574,24.985,rpm,9543.000,59.916,
2026-06-25T17:07:50.610,25.016,rpm,9554.000,59.916,
2026-06-25T17:07:50.620,25.032,rpm,9541.000,59.916,
2026-06-25T17:07:50.620,25.032,torque,9541.000,59.876,
2026-06-25T17:07:50.645,25.047,rpm,9490.000,59.876,
2026-06-25T17:07:50.656,25.063,rpm,9557.000,59.876,
2026-06-25T17:07:50.682,25.094,rpm,9493.000,59.876,
2026-06-25T17:07:50.695,25.094,rpm,9533.000,59.876,
2026-06-25T17:07:50.708,25.110,torque,9533.000,59.825,
2026-06-25T17:07:50.721,25.125,rpm,9562.000,59.825,
2026-06-25T17:07:50.751,25.157,rpm,9558.000,59.825,
2026-06-25T17:07:50.765,25.172,rpm,9571.000,59.825,
2026-06-25T17:07:50.778,25.188,rpm,9495.000,59.825,
2026-06-25T17:07:50.804,25.204,torque,9495.000,59.941,
2026-06-25T17:07:50.804,25.204,rpm,9415.000,59.941,
2026-06-25T17:07:50.805,25.219,rpm,9522.000,59.941,
2026-06-25T17:07:50.833,25.235,rpm,9438.000,59.941,
2026-06-25T17:07:50.869,25.282,rpm,9396.000,59.941,
2026-06-25T17:07:50.899,25.313,torque,9396.000,60.003,
2026-06-25T17:07:50.899,25.313,rpm,9418.000,60.003,
2026-06-25T17:07:50.952,25.360,rpm,9541.000,60.003,
2026-06-25T17:07:50.962,25.375,rpm,9551.000,60.003,
2026-06-25T17:07:50.963,25.375,torque,9551.000,59.979,
2026-06-25T17:07:50.989,25.391,rpm,9496.000,59.979,
2026-06-25T17:07:51.018,25.422,rpm,9555.000,59.979,
2026-06-25T17:07:51.044,25.454,rpm,9527.000,59.979,
2026-06-25T17:07:51.044,25.454,rpm,9524.000,59.979,
2026-06-25T17:07:51.059,25.469,torque,9524.000,59.933,
2026-06-25T17:07:51.061,25.469,rpm,9489.000,59.933,
2026-06-25T17:07:51.097,25.500,rpm,9484.000,59.933,
2026-06-25T17:07:51.106,25.516,rpm,9504.000,59.933,
2026-06-25T17:07:51.139,25.547,rpm,9501.000,59.933,
2026-06-25T17:07:51.141,25.547,torque,9501.000,59.689,
2026-06-25T17:07:51.141,25.547,rpm,9482.000,59.689,
2026-06-25T17:07:51.176,25.579,rpm,9432.000,59.689,
2026-06-25T17:07:51.177,25.579,rpm,9532.000,59.689,
2026-06-25T17:07:51.216,25.625,rpm,9480.000,59.689,
2026-06-25T17:07:51.230,25.641,torque,9480.000,59.531,
2026-06-25T17:07:51.230,25.641,rpm,9501.000,59.531,
2026-06-25T17:07:51.260,25.672,rpm,9539.000,59.531,
2026-06-25T17:07:51.284,25.688,rpm,9553.000,59.531,
2026-06-25T17:07:51.295,25.704,rpm,9542.000,59.531,
2026-06-25T17:07:51.296,25.704,rpm,9539.000,59.531,
2026-06-25T17:07:51.324,25.735,torque,9539.000,59.614,
2026-06-25T17:07:51.325,25.735,rpm,9481.000,59.614,
2026-06-25T17:07:51.364,25.766,rpm,9511.000,59.614,
2026-06-25T17:07:51.376,25.782,rpm,9538.000,59.614,
2026-06-25T17:07:51.391,25.797,rpm,9540.000,59.614,
2026-06-25T17:07:51.404,25.813,torque,9540.000,59.888,
2026-06-25T17:07:51.404,25.813,rpm,9494.000,59.888,
2026-06-25T17:07:51.432,25.844,rpm,9424.000,59.888,
2026-06-25T17:07:51.433,25.844,rpm,9389.000,59.888,
2026-06-25T17:07:51.482,25.891,rpm,9539.000,59.888,
2026-06-25T17:07:51.498,25.907,rpm,9530.000,59.888,
2026-06-25T17:07:51.498,25.907,torque,9530.000,60.065,
2026-06-25T17:07:51.500,25.907,rpm,9532.000,60.065,
2026-06-25T17:07:51.541,25.954,rpm,9493.000,60.065,
2026-06-25T17:07:51.565,25.969,rpm,9472.000,60.065,
2026-06-25T17:07:51.567,25.969,rpm,9547.000,60.065,
2026-06-25T17:07:51.580,25.985,torque,9547.000,59.999,
2026-06-25T17:07:51.582,25.985,rpm,9502.000,59.999,
2026-06-25T17:07:51.609,26.016,rpm,9541.000,59.999,
2026-06-25T17:07:51.643,26.047,rpm,9538.000,59.999,
2026-06-25T17:07:51.656,26.063,rpm,9502.000,59.999,
2026-06-25T17:07:51.669,26.079,torque,9502.000,60.136,
2026-06-25T17:07:51.669,26.079,rpm,9538.000,60.136,
2026-06-25T17:07:51.711,26.125,rpm,9383.000,60.136,
2026-06-25T17:07:51.721,26.125,rpm,9444.000,60.136,
2026-06-25T17:07:51.736,26.141,rpm,9524.000,60.136,
2026-06-25T17:07:51.756,26.157,torque,9524.000,60.267,
2026-06-25T17:07:51.756,26.157,rpm,9539.000,60.267,
2026-06-25T17:07:51.774,26.188,rpm,9494.000,60.267,
2026-06-25T17:07:51.814,26.219,rpm,9534.000,60.267,
2026-06-25T17:07:51.829,26.235,rpm,9551.000,60.267,
2026-06-25T17:07:51.841,26.250,torque,9551.000,59.879,
2026-06-25T17:07:51.841,26.250,rpm,9464.000,59.879,
2026-06-25T17:07:51.843,26.250,rpm,9532.000,59.879,
2026-06-25T17:07:51.879,26.282,rpm,9511.000,59.879,
2026-06-25T17:07:51.897,26.297,rpm,9506.000,59.879,
2026-06-25T17:07:51.926,26.329,rpm,9488.000,59.879,
2026-06-25T17:07:51.927,26.329,torque,9488.000,59.733,
2026-06-25T17:07:51.927,26.329,rpm,9482.000,59.733,
2026-06-25T17:07:51.960,26.360,rpm,9539.000,59.733,
2026-06-25T17:07:51.987,26.391,rpm,9489.000,59.733,
2026-06-25T17:07:51.998,26.407,rpm,9494.000,59.733,
2026-06-25T17:07:51.999,26.407,torque,9494.000,59.853,
2026-06-25T17:07:52.028,26.438,rpm,9498.000,59.853,
2026-06-25T17:07:52.029,26.438,rpm,9558.000,59.853,
2026-06-25T17:07:52.070,26.469,rpm,9496.000,59.853,
2026-06-25T17:07:52.080,26.485,rpm,9485.000,59.853,
2026-06-25T17:07:52.096,26.500,rpm,9429.000,59.853,
2026-06-25T17:07:52.110,26.516,torque,9429.000,59.901,
2026-06-25T17:07:52.111,26.516,rpm,9537.000,59.901,
2026-06-25T17:07:52.151,26.563,rpm,9484.000,59.901,
2026-06-25T17:07:52.162,26.563,rpm,9509.000,59.901,
2026-06-25T17:07:52.176,26.579,rpm,9471.000,59.901,
2026-06-25T17:07:52.191,26.594,torque,9471.000,59.942,
2026-06-25T17:07:52.202,26.610,rpm,9548.000,59.942,
2026-06-25T17:07:52.204,26.610,rpm,9499.000,59.942,
2026-06-25T17:07:52.235,26.641,rpm,9477.000,59.942,
2026-06-25T17:07:52.248,26.657,rpm,9514.000,59.942,
2026-06-25T17:07:52.261,26.672,torque,9514.000,59.903,
2026-06-25T17:07:52.261,26.672,rpm,9486.000,59.903,
2026-06-25T17:07:52.285,26.688,rpm,9534.000,59.903,
2026-06-25T17:07:52.320,26.735,rpm,9549.000,59.903,
2026-06-25T17:07:52.331,26.735,rpm,9489.000,59.903,
2026-06-25T17:07:52.333,26.735,rpm,9491.000,59.903,
2026-06-25T17:07:52.359,26.766,torque,9491.000,59.856,
2026-06-25T17:07:52.373,26.782,rpm,9542.000,59.856,
2026-06-25T17:07:52.398,26.813,rpm,9487.000,59.856,
2026-06-25T17:07:52.412,26.813,rpm,9551.000,59.856,
2026-06-25T17:07:52.451,26.860,torque,9551.000,60.145,
2026-06-25T17:07:52.456,26.860,rpm,9452.000,60.145,
2026-06-25T17:07:52.518,26.922,torque,9452.000,60.513,
2026-06-25T17:07:52.521,26.922,rpm,9531.000,60.513,
2026-06-25T17:07:52.554,26.954,rpm,9507.000,60.513,
2026-06-25T17:07:52.568,26.969,rpm,9561.000,60.513,
2026-06-25T17:07:52.607,27.016,rpm,9483.000,60.513,
2026-06-25T17:07:52.609,27.016,torque,9483.000,60.648,
2026-06-25T17:07:52.609,27.016,rpm,9554.000,60.648,
2026-06-25T17:07:52.641,27.047,rpm,9494.000,60.648,
2026-06-25T17:07:52.655,27.063,rpm,9541.000,60.648,
2026-06-25T17:07:52.680,27.094,rpm,9504.000,60.648,
2026-06-25T17:07:52.692,27.094,rpm,9484.000,60.648,
2026-06-25T17:07:52.693,27.094,torque,9484.000,60.179,
2026-06-25T17:07:52.693,27.094,rpm,9549.000,60.179,
2026-06-25T17:07:52.723,27.125,rpm,9404.000,60.179,
2026-06-25T17:07:52.767,27.172,rpm,9558.000,60.179,
2026-06-25T17:07:52.783,27.188,rpm,9491.000,60.179,
2026-06-25T17:07:52.800,27.204,torque,9491.000,60.131,
2026-06-25T17:07:52.800,27.204,rpm,9480.000,60.131,
2026-06-25T17:07:52.815,27.219,rpm,9493.000,60.131,
2026-06-25T17:07:52.856,27.266,rpm,9543.000,60.131,
2026-06-25T17:07:52.874,27.282,rpm,9507.000,60.131,
2026-06-25T17:07:52.890,27.297,torque,9507.000,59.903,
2026-06-25T17:07:52.890,27.297,rpm,9543.000,59.903,
2026-06-25T17:07:52.890,27.297,rpm,9551.000,59.903,
2026-06-25T17:07:52.937,27.344,rpm,9475.000,59.903,
2026-06-25T17:07:52.949,27.360,rpm,9555.000,59.903,
2026-06-25T17:07:52.967,27.375,torque,9555.000,59.715,
2026-06-25T17:07:52.967,27.375,rpm,9559.000,59.715,
2026-06-25T17:07:52.985,27.391,rpm,9494.000,59.715,
2026-06-25T17:07:53.000,27.407,rpm,9503.000,59.715,
2026-06-25T17:07:53.001,27.407,rpm,9558.000,59.715,
2026-06-25T17:07:53.045,27.454,rpm,9455.000,59.715,
2026-06-25T17:07:53.062,27.469,torque,9455.000,59.715,
2026-06-25T17:07:53.063,27.469,rpm,9454.000,59.715,
2026-06-25T17:07:53.079,27.485,rpm,9487.000,59.715,
2026-06-25T17:07:53.080,27.485,rpm,9536.000,59.715,
2026-06-25T17:07:53.135,27.547,rpm,9508.000,59.715,
2026-06-25T17:07:53.136,27.547,rpm,9513.000,59.715,
2026-06-25T17:07:53.149,27.563,torque,9513.000,60.097,
2026-06-25T17:07:53.149,27.563,rpm,9524.000,60.097,
2026-06-25T17:07:53.181,27.594,rpm,9495.000,60.097,
2026-06-25T17:07:53.183,27.594,rpm,9511.000,60.097,
2026-06-25T17:07:53.222,27.625,rpm,9559.000,60.097,
2026-06-25T17:07:53.238,27.641,torque,9559.000,60.462,
2026-06-25T17:07:53.238,27.641,rpm,9480.000,60.462,
2026-06-25T17:07:53.253,27.657,rpm,9547.000,60.462,
2026-06-25T17:07:53.291,27.704,rpm,9547.000,60.462,
2026-06-25T17:07:53.309,27.719,rpm,9490.000,60.462,
2026-06-25T17:07:53.326,27.735,torque,9490.000,60.055,
2026-06-25T17:07:53.327,27.735,rpm,9543.000,60.055,
2026-06-25T17:07:53.328,27.735,rpm,9516.000,60.055,
2026-06-25T17:07:53.371,27.782,rpm,9495.000,60.055,
2026-06-25T17:07:53.382,27.782,rpm,9433.000,60.055,
2026-06-25T17:07:53.396,27.797,rpm,9455.000,60.055,
2026-06-25T17:07:53.398,27.813,torque,9455.000,60.081,
2026-06-25T17:07:53.415,27.829,rpm,9545.000,60.081,
2026-06-25T17:07:53.429,27.829,rpm,9487.000,60.081,
2026-06-25T17:07:53.489,27.891,torque,9487.000,60.402,
2026-06-25T17:07:53.489,27.891,rpm,9494.000,60.402,
2026-06-25T17:07:53.494,27.907,rpm,9534.000,60.402,
2026-06-25T17:07:53.539,27.954,rpm,9524.000,60.402,
2026-06-25T17:07:53.540,27.954,rpm,9556.000,60.402,
2026-06-25T17:07:53.550,27.954,rpm,9481.000,60.402,
2026-06-25T17:07:53.580,27.985,torque,9481.000,60.283,
2026-06-25T17:07:53.582,27.985,rpm,9551.000,60.283,
2026-06-25T17:07:53.609,28.016,rpm,9473.000,60.283,
2026-06-25T17:07:53.640,28.047,rpm,9521.000,60.283,
2026-06-25T17:07:53.641,28.047,rpm,9544.000,60.283,
2026-06-25T17:07:53.669,28.079,torque,9544.000,60.061,
2026-06-25T17:07:53.669,28.079,rpm,9405.000,60.061,
2026-06-25T17:07:53.701,28.110,rpm,9521.000,60.061,
2026-06-25T17:07:53.702,28.110,rpm,9523.000,60.061,
2026-06-25T17:07:53.741,28.141,rpm,9495.000,60.061,
2026-06-25T17:07:53.757,28.157,torque,9495.000,60.089,
2026-06-25T17:07:53.758,28.172,rpm,9541.000,60.089,
2026-06-25T17:07:53.773,28.188,rpm,9537.000,60.089,
2026-06-25T17:07:53.810,28.219,rpm,9468.000,60.089,
2026-06-25T17:07:53.824,28.235,rpm,9523.000,60.089,
2026-06-25T17:07:53.841,28.250,torque,9523.000,60.056,
2026-06-25T17:07:53.841,28.250,rpm,9537.000,60.056,
2026-06-25T17:07:53.856,28.266,rpm,9499.000,60.056,
2026-06-25T17:07:53.858,28.266,rpm,9470.000,60.056,
2026-06-25T17:07:53.901,28.313,rpm,9552.000,60.056,
2026-06-25T17:07:53.915,28.329,rpm,9471.000,60.056,
2026-06-25T17:07:53.933,28.344,torque,9471.000,60.110,
2026-06-25T17:07:53.978,28.391,rpm,9538.000,60.110,
2026-06-25T17:07:53.989,28.391,rpm,9524.000,60.110,
2026-06-25T17:07:53.991,28.391,torque,9524.000,60.267,
2026-06-25T17:07:54.009,28.422,rpm,9499.000,60.267,
2026-06-25T17:07:54.069,28.469,rpm,9536.000,60.267,
2026-06-25T17:07:54.069,28.469,rpm,9521.000,60.267,
2026-06-25T17:07:54.089,28.500,rpm,9534.000,60.267,
2026-06-25T17:07:54.101,28.500,torque,9534.000,60.488,
2026-06-25T17:07:54.132,28.532,rpm,9564.000,60.488,
2026-06-25T17:07:54.159,28.563,rpm,9485.000,60.488,
2026-06-25T17:07:54.189,28.594,torque,9485.000,60.440,
2026-06-25T17:07:54.190,28.594,rpm,9509.000,60.440,
2026-06-25T17:07:54.224,28.625,rpm,9540.000,60.440,
2026-06-25T17:07:54.241,28.641,rpm,9500.000,60.440,
2026-06-25T17:07:54.266,28.672,rpm,9481.000,60.440,
2026-06-25T17:07:54.280,28.688,torque,9481.000,60.523,
2026-06-25T17:07:54.282,28.688,rpm,9547.000,60.523,
2026-06-25T17:07:54.297,28.704,rpm,9473.000,60.523,
2026-06-25T17:07:54.321,28.735,rpm,9538.000,60.523,
2026-06-25T17:07:54.331,28.735,rpm,9481.000,60.523,
2026-06-25T17:07:54.347,28.750,rpm,9429.000,60.523,
2026-06-25T17:07:54.364,28.766,torque,9429.000,60.689,
2026-06-25T17:07:54.377,28.782,rpm,9481.000,60.689,
2026-06-25T17:07:54.419,28.829,rpm,9495.000,60.689,
2026-06-25T17:07:54.445,28.860,rpm,9558.000,60.689,
2026-06-25T17:07:54.447,28.860,torque,9558.000,60.793,
2026-06-25T17:07:54.447,28.860,rpm,9548.000,60.793,
2026-06-25T17:07:54.461,28.875,rpm,9503.000,60.793,
2026-06-25T17:07:54.487,28.891,rpm,9481.000,60.793,
2026-06-25T17:07:54.512,28.922,rpm,9468.000,60.793,
2026-06-25T17:07:54.527,28.938,torque,9468.000,60.611,
2026-06-25T17:07:54.527,28.938,rpm,9510.000,60.611,
2026-06-25T17:07:54.529,28.938,rpm,9495.000,60.611,
2026-06-25T17:07:54.577,28.985,rpm,9564.000,60.611,
2026-06-25T17:07:54.603,29.016,rpm,9534.000,60.611,
2026-06-25T17:07:54.604,29.016,rpm,9548.000,60.611,
2026-06-25T17:07:54.620,29.032,torque,9548.000,60.490,
2026-06-25T17:07:54.621,29.032,rpm,9475.000,60.490,
2026-06-25T17:07:54.634,29.047,rpm,9544.000,60.490,
2026-06-25T17:07:54.690,29.094,rpm,9460.000,60.490,
2026-06-25T17:07:54.703,29.110,rpm,9540.000,60.490,
2026-06-25T17:07:54.703,29.110,torque,9540.000,60.638,
2026-06-25T17:07:54.705,29.110,rpm,9460.000,60.638,
2026-06-25T17:07:54.740,29.141,rpm,9508.000,60.638,
2026-06-25T17:07:54.741,29.141,rpm,9524.000,60.638,
2026-06-25T17:07:54.788,29.188,rpm,9486.000,60.638,
2026-06-25T17:07:54.809,29.219,torque,9486.000,60.558,
2026-06-25T17:07:54.809,29.219,rpm,9515.000,60.558,
2026-06-25T17:07:54.810,29.219,rpm,9482.000,60.558,
2026-06-25T17:07:54.811,29.219,rpm,9489.000,60.558,
2026-06-25T17:07:54.873,29.282,rpm,9472.000,60.558,
2026-06-25T17:07:54.873,29.282,rpm,9476.000,60.558,
2026-06-25T17:07:54.891,29.297,torque,9476.000,60.552,
2026-06-25T17:07:54.891,29.297,rpm,9536.000,60.552,
2026-06-25T17:07:54.893,29.297,rpm,9480.000,60.552,
2026-06-25T17:07:54.961,29.375,rpm,9494.000,60.552,
2026-06-25T17:07:54.961,29.375,torque,9494.000,60.432,
2026-06-25T17:07:54.977,29.391,rpm,9567.000,60.432,
2026-06-25T17:07:55.000,29.407,rpm,9542.000,60.432,
2026-06-25T17:07:55.046,29.454,rpm,9471.000,60.432,
2026-06-25T17:07:55.063,29.469,torque,9471.000,60.540,
2026-06-25T17:07:55.064,29.469,rpm,9428.000,60.540,
2026-06-25T17:07:55.066,29.469,rpm,9534.000,60.540,
2026-06-25T17:07:55.153,29.563,torque,9534.000,60.397,
2026-06-25T17:07:55.154,29.563,rpm,9502.000,60.397,
2026-06-25T17:07:55.154,29.563,rpm,9562.000,60.397,
2026-06-25T17:07:55.161,29.563,rpm,9520.000,60.397,
2026-06-25T17:07:55.198,29.610,rpm,9472.000,60.397,
2026-06-25T17:07:55.238,29.641,torque,9472.000,60.325,
2026-06-25T17:07:55.257,29.657,rpm,9513.000,60.325,
2026-06-25T17:07:55.277,29.688,rpm,9553.000,60.325,
2026-06-25T17:07:55.292,29.704,rpm,9540.000,60.325,
2026-06-25T17:07:55.324,29.735,torque,9540.000,60.326,
2026-06-25T17:07:55.325,29.735,rpm,9487.000,60.326,
2026-06-25T17:07:55.347,29.750,rpm,9483.000,60.326,
2026-06-25T17:07:55.367,29.782,rpm,9560.000,60.326,
2026-06-25T17:07:55.410,29.813,rpm,9482.000,60.326,
2026-06-25T17:07:55.410,29.813,torque,9482.000,60.154,
2026-06-25T17:07:55.431,29.844,rpm,9468.000,60.154,
2026-06-25T17:07:55.432,29.844,rpm,9468.000,60.154,
2026-06-25T17:07:55.466,29.875,rpm,9415.000,60.154,
2026-06-25T17:07:55.485,29.891,rpm,9446.000,60.154,
2026-06-25T17:07:55.496,29.907,rpm,9538.000,60.154,
2026-06-25T17:07:55.496,29.907,torque,9538.000,60.079,
2026-06-25T17:07:55.518,29.922,rpm,9538.000,60.079,
2026-06-25T17:07:55.540,29.954,rpm,9557.000,60.079,
2026-06-25T17:07:55.572,29.985,rpm,9493.000,60.079,
2026-06-25T17:07:55.582,29.985,torque,9493.000,60.325,
2026-06-25T17:07:55.583,29.985,rpm,9539.000,60.325,
2026-06-25T17:07:55.605,30.016,rpm,9473.000,60.325,
2026-06-25T17:07:55.647,30.047,rpm,9487.000,60.325,
2026-06-25T17:07:55.667,30.079,rpm,9474.000,60.325,
2026-06-25T17:07:55.668,30.079,torque,9474.000,60.276,
2026-06-25T17:07:55.668,30.079,rpm,9560.000,60.276,
2026-06-25T17:07:55.688,30.094,rpm,9498.000,60.276,
2026-06-25T17:07:55.688,30.094,rpm,9498.000,60.276,
2026-06-25T17:07:55.733,30.141,rpm,9495.000,60.276,
2026-06-25T17:07:55.743,30.157,torque,9495.000,60.433,
2026-06-25T17:07:55.779,30.188,rpm,9512.000,60.433,
2026-06-25T17:07:55.794,30.204,rpm,9536.000,60.433,
2026-06-25T17:07:55.823,30.235,rpm,9479.000,60.433,
2026-06-25T17:07:55.846,30.250,torque,9479.000,60.648,
2026-06-25T17:07:55.846,30.250,rpm,9521.000,60.648,
2026-06-25T17:07:55.865,30.266,rpm,9519.000,60.648,
2026-06-25T17:07:55.867,30.282,rpm,9452.000,60.648,
2026-06-25T17:07:55.911,30.313,rpm,9506.000,60.648,
2026-06-25T17:07:55.911,30.313,rpm,9506.000,60.648,
2026-06-25T17:07:55.922,30.329,torque,9506.000,60.634,
2026-06-25T17:07:55.943,30.344,rpm,9470.000,60.634,
2026-06-25T17:07:55.962,30.375,rpm,9497.000,60.634,
2026-06-25T17:07:55.989,30.391,rpm,9521.000,60.634,
2026-06-25T17:07:56.018,30.422,rpm,9489.000,60.634,
2026-06-25T17:07:56.018,30.422,torque,9489.000,60.330,
2026-06-25T17:07:56.020,30.422,rpm,9567.000,60.330,
2026-06-25T17:07:56.039,30.454,rpm,9512.000,60.330,
2026-06-25T17:07:56.055,30.469,rpm,9513.000,60.330,
2026-06-25T17:07:56.109,30.516,rpm,9557.000,60.330,
2026-06-25T17:07:56.109,30.516,torque,9557.000,60.198,
2026-06-25T17:07:56.109,30.516,rpm,9512.000,60.198,
2026-06-25T17:07:56.129,30.532,rpm,9533.000,60.198,
2026-06-25T17:07:56.130,30.532,rpm,9508.000,60.198,
2026-06-25T17:07:56.178,30.579,rpm,9550.000,60.198,
2026-06-25T17:07:56.188,30.594,torque,9550.000,60.308,
2026-06-25T17:07:56.207,30.610,rpm,9540.000,60.308,
2026-06-25T17:07:56.208,30.610,rpm,9543.000,60.308,
2026-06-25T17:07:56.225,30.625,rpm,9540.000,60.308,
2026-06-25T17:07:56.243,30.657,rpm,9523.000,60.308,
2026-06-25T17:07:56.287,30.688,torque,9523.000,60.331,
2026-06-25T17:07:56.288,30.688,rpm,9546.000,60.331,
2026-06-25T17:07:56.311,30.719,rpm,9497.000,60.331,
2026-06-25T17:07:56.311,30.719,rpm,9529.000,60.331,
2026-06-25T17:07:56.330,30.735,rpm,9520.000,60.331,
2026-06-25T17:07:56.345,30.750,rpm,9548.000,60.331,
2026-06-25T17:07:56.378,30.782,torque,9548.000,60.602,
2026-06-25T17:07:56.378,30.782,rpm,9518.000,60.602,
2026-06-25T17:07:56.399,30.813,rpm,9481.000,60.602,
2026-06-25T17:07:56.417,30.829,rpm,9559.000,60.602,
2026-06-25T17:07:56.430,30.844,rpm,9557.000,60.602,
2026-06-25T17:07:56.430,30.844,rpm,9502.000,60.602,
2026-06-25T17:07:56.451,30.860,torque,9502.000,60.740,
2026-06-25T17:07:56.482,30.891,rpm,9481.000,60.740,
2026-06-25T17:07:56.483,30.891,rpm,9483.000,60.740,
2026-06-25T17:07:56.516,30.922,rpm,9500.000,60.740,
2026-06-25T17:07:56.543,30.954,rpm,9492.000,60.740,
2026-06-25T17:07:56.543,30.954,torque,9492.000,60.259,
2026-06-25T17:07:56.544,30.954,rpm,9503.000,60.259,
2026-06-25T17:07:56.562,30.969,rpm,9502.000,60.259,
2026-06-25T17:07:56.591,31.000,rpm,9488.000,60.259,
2026-06-25T17:07:56.615,31.016,torque,9488.000,60.120,
2026-06-25T17:07:56.615,31.016,rpm,9552.000,60.120,
2026-06-25T17:07:56.634,31.047,rpm,9517.000,60.120,
2026-06-25T17:07:56.651,31.063,rpm,9551.000,60.120,
2026-06-25T17:07:56.652,31.063,rpm,9550.000,60.120,
2026-06-25T17:07:56.697,31.110,rpm,9489.000,60.120,
2026-06-25T17:07:56.716,31.125,torque,9489.000,60.248,
2026-06-25T17:07:56.716,31.125,rpm,9475.000,60.248,
2026-06-25T17:07:56.737,31.141,rpm,9508.000,60.248,
2026-06-25T17:07:56.738,31.141,rpm,9514.000,60.248,
2026-06-25T17:07:56.780,31.188,rpm,9464.000,60.248,
2026-06-25T17:07:56.796,31.204,torque,9464.000,60.420,
2026-06-25T17:07:56.796,31.204,rpm,9446.000,60.420,
2026-06-25T17:07:56.817,31.219,rpm,9525.000,60.420,
2026-06-25T17:07:56.835,31.235,rpm,9551.000,60.420,
2026-06-25T17:07:56.850,31.250,rpm,9520.000,60.420,
2026-06-25T17:07:56.882,31.282,rpm,9534.000,60.420,
2026-06-25T17:07:56.905,31.313,torque,9534.000,60.321,
2026-06-25T17:07:56.905,31.313,rpm,9497.000,60.321,
2026-06-25T17:07:56.906,31.313,rpm,9535.000,60.321,
2026-06-25T17:07:56.927,31.329,rpm,9540.000,60.321,
2026-06-25T17:07:56.944,31.344,torque,9540.000,60.370,
2026-06-25T17:07:57.003,31.407,rpm,9543.000,60.370,
2026-06-25T17:07:57.019,31.422,rpm,9489.000,60.370,
2026-06-25T17:07:57.048,31.454,torque,9489.000,60.358,
2026-06-25T17:07:57.048,31.454,rpm,9499.000,60.358,
2026-06-25T17:07:57.067,31.469,rpm,9501.000,60.358,
2026-06-25T17:07:57.085,31.485,rpm,9485.000,60.358,
2026-06-25T17:07:57.146,31.547,torque,9485.000,60.426,
2026-06-25T17:07:57.147,31.547,rpm,9573.000,60.426,
2026-06-25T17:07:57.164,31.579,rpm,9555.000,60.426,
2026-06-25T17:07:57.213,31.625,rpm,9557.000,60.426,
2026-06-25T17:07:57.230,31.641,torque,9557.000,60.125,
2026-06-25T17:07:57.231,31.641,rpm,9494.000,60.125,
2026-06-25T17:07:57.231,31.641,rpm,9495.000,60.125,
2026-06-25T17:07:57.249,31.657,rpm,9494.000,60.125,
2026-06-25T17:07:57.250,31.657,rpm,9555.000,60.125,
2026-06-25T17:07:57.295,31.704,rpm,9428.000,60.125,
2026-06-25T17:07:57.315,31.719,torque,9428.000,60.254,
2026-06-25T17:07:57.315,31.719,rpm,9487.000,60.254,
2026-06-25T17:07:57.335,31.735,rpm,9509.000,60.254,
2026-06-25T17:07:57.336,31.750,rpm,9546.000,60.254,
2026-06-25T17:07:57.386,31.797,rpm,9489.000,60.254,
2026-06-25T17:07:57.397,31.797,rpm,9485.000,60.254,
2026-06-25T17:07:57.397,31.797,torque,9485.000,60.563,
2026-06-25T17:07:57.398,31.797,rpm,9528.000,60.563,
2026-06-25T17:07:57.433,31.844,rpm,9484.000,60.563,
2026-06-25T17:07:57.474,31.875,rpm,9519.000,60.563,
2026-06-25T17:07:57.474,31.875,torque,9519.000,60.490,
2026-06-25T17:07:57.474,31.875,rpm,9480.000,60.490,
2026-06-25T17:07:57.474,31.875,rpm,9542.000,60.490,
2026-06-25T17:07:57.515,31.922,rpm,9499.000,60.490,
2026-06-25T17:07:57.544,31.954,rpm,9483.000,60.490,
2026-06-25T17:07:57.555,31.969,rpm,9538.000,60.490,
2026-06-25T17:07:57.573,31.985,torque,9538.000,60.214,
2026-06-25T17:07:57.574,31.985,rpm,9532.000,60.214,
2026-06-25T17:07:57.626,32.032,rpm,9500.000,60.214,
2026-06-25T17:07:57.626,32.032,rpm,9535.000,60.214,
2026-06-25T17:07:57.638,32.047,rpm,9553.000,60.214,
2026-06-25T17:07:57.640,32.047,torque,9553.000,60.293,
2026-06-25T17:07:57.640,32.047,rpm,9555.000,60.293,
2026-06-25T17:07:57.676,32.079,rpm,9338.000,60.293,
2026-06-25T17:07:57.715,32.125,rpm,9538.000,60.293,
2026-06-25T17:07:57.734,32.141,rpm,9549.000,60.293,
2026-06-25T17:07:57.735,32.141,torque,9549.000,60.380,
2026-06-25T17:07:57.756,32.157,rpm,9473.000,60.380,
2026-06-25T17:07:57.756,32.157,rpm,9535.000,60.380,
2026-06-25T17:07:57.789,32.204,rpm,9559.000,60.380,
2026-06-25T17:07:57.823,32.235,rpm,9525.000,60.380,
2026-06-25T17:07:57.824,32.235,rpm,9499.000,60.380,
2026-06-25T17:07:57.843,32.250,torque,9499.000,60.270,
2026-06-25T17:07:57.843,32.250,rpm,9532.000,60.270,
2026-06-25T17:07:57.862,32.266,rpm,9500.000,60.270,
2026-06-25T17:07:57.863,32.266,rpm,9534.000,60.270,
2026-06-25T17:07:57.908,32.313,rpm,9527.000,60.270,
2026-06-25T17:07:57.920,32.329,torque,9527.000,60.231,
2026-06-25T17:07:57.938,32.344,rpm,9564.000,60.231,
2026-06-25T17:07:57.970,32.375,rpm,9504.000,60.231,
2026-06-25T17:07:58.002,32.407,rpm,9487.000,60.231,
2026-06-25T17:07:58.018,32.422,torque,9487.000,60.320,
2026-06-25T17:07:58.018,32.422,rpm,9491.000,60.320,
2026-06-25T17:07:58.033,32.438,rpm,9495.000,60.320,
2026-06-25T17:07:58.097,32.500,torque,9495.000,60.724,
2026-06-25T17:07:58.097,32.500,rpm,9472.000,60.724,
2026-06-25T17:07:58.114,32.516,rpm,9499.000,60.724,
2026-06-25T17:07:58.115,32.516,rpm,9542.000,60.724,
2026-06-25T17:07:58.158,32.563,rpm,9541.000,60.724,
2026-06-25T17:07:58.171,32.579,rpm,9545.000,60.724,
2026-06-25T17:07:58.171,32.579,torque,9545.000,60.785,
2026-06-25T17:07:58.172,32.579,rpm,9522.000,60.785,
2026-06-25T17:07:58.213,32.625,rpm,9530.000,60.785,
2026-06-25T17:07:58.228,32.641,rpm,9483.000,60.785,
2026-06-25T17:07:58.230,32.641,rpm,9537.000,60.785,
2026-06-25T17:07:58.248,32.657,rpm,9476.000,60.785,
2026-06-25T17:07:58.264,32.672,torque,9476.000,60.632,
2026-06-25T17:07:58.265,32.672,rpm,9480.000,60.632,
2026-06-25T17:07:58.299,32.704,rpm,9488.000,60.632,
2026-06-25T17:07:58.343,32.750,rpm,9509.000,60.632,
2026-06-25T17:07:58.361,32.766,torque,9509.000,60.162,
2026-06-25T17:07:58.361,32.766,rpm,9539.000,60.162,
2026-06-25T17:07:58.380,32.782,rpm,9449.000,60.162,
2026-06-25T17:07:58.414,32.829,rpm,9480.000,60.162,
2026-06-25T17:07:58.444,32.844,torque,9480.000,59.846,
2026-06-25T17:07:58.444,32.844,rpm,9563.000,59.846,
2026-06-25T17:07:58.463,32.875,rpm,9515.000,59.846,
2026-06-25T17:07:58.464,32.875,rpm,9490.000,59.846,
2026-06-25T17:07:58.464,32.875,rpm,9549.000,59.846,
2026-06-25T17:07:58.528,32.938,torque,9549.000,60.173,
2026-06-25T17:07:58.528,32.938,rpm,9537.000,60.173,
2026-06-25T17:07:58.529,32.938,rpm,9484.000,60.173,
2026-06-25T17:07:58.548,32.954,rpm,9535.000,60.173,
2026-06-25T17:07:58.549,32.954,rpm,9482.000,60.173,
2026-06-25T17:07:58.597,33.000,rpm,9501.000,60.173,
2026-06-25T17:07:58.609,33.016,torque,9501.000,60.227,
2026-06-25T17:07:58.609,33.016,rpm,9551.000,60.227,
2026-06-25T17:07:58.629,33.032,rpm,9507.000,60.227,
2026-06-25T17:07:58.647,33.047,rpm,9498.000,60.227,
2026-06-25T17:07:58.662,33.063,rpm,9560.000,60.227,
2026-06-25T17:07:58.711,33.125,torque,9560.000,59.884,
2026-06-25T17:07:58.711,33.125,rpm,9511.000,59.884,
2026-06-25T17:07:58.712,33.125,rpm,9431.000,59.884,
2026-06-25T17:07:58.731,33.141,rpm,9467.000,59.884,
2026-06-25T17:07:58.750,33.157,rpm,9493.000,59.884,
2026-06-25T17:07:58.751,33.157,rpm,9485.000,59.884,
2026-06-25T17:07:58.793,33.204,torque,9485.000,59.855,
2026-06-25T17:07:58.793,33.204,rpm,9517.000,59.855,
2026-06-25T17:07:58.812,33.219,rpm,9490.000,59.855,
2026-06-25T17:07:58.830,33.235,rpm,9569.000,59.855,
2026-06-25T17:07:58.845,33.250,rpm,9473.000,59.855,
2026-06-25T17:07:58.874,33.282,rpm,9513.000,59.855,
2026-06-25T17:07:58.874,33.282,torque,9513.000,59.887,
2026-06-25T17:07:58.894,33.297,rpm,9550.000,59.887,
2026-06-25T17:07:58.912,33.313,rpm,9492.000,59.887,
2026-06-25T17:07:58.928,33.329,rpm,9526.000,59.887,
2026-06-25T17:07:58.957,33.360,rpm,9539.000,59.887,
2026-06-25T17:07:58.974,33.375,torque,9539.000,60.121,
2026-06-25T17:07:58.975,33.375,rpm,9539.000,60.121,
2026-06-25T17:07:58.990,33.391,rpm,9403.000,60.121,
2026-06-25T17:07:58.992,33.407,rpm,9484.000,60.121,
2026-06-25T17:07:59.040,33.454,rpm,9548.000,60.121,
2026-06-25T17:07:59.051,33.454,torque,9548.000,60.376,
2026-06-25T17:07:59.051,33.454,rpm,9489.000,60.376,
2026-06-25T17:07:59.052,33.454,rpm,9493.000,60.376,
2026-06-25T17:07:59.091,33.500,rpm,9556.000,60.376,
2026-06-25T17:07:59.093,33.500,rpm,9534.000,60.376,
2026-06-25T17:07:59.141,33.547,torque,9534.000,60.139,
2026-06-25T17:07:59.141,33.547,rpm,9478.000,60.139,
2026-06-25T17:07:59.154,33.563,rpm,9535.000,60.139,
2026-06-25T17:07:59.171,33.579,rpm,9506.000,60.139,
2026-06-25T17:07:59.173,33.579,rpm,9491.000,60.139,
2026-06-25T17:07:59.220,33.625,rpm,9557.000,60.139,
2026-06-25T17:07:59.220,33.625,torque,9557.000,59.988,
2026-06-25T17:07:59.239,33.641,rpm,9545.000,59.988,
2026-06-25T17:07:59.255,33.657,rpm,9478.000,59.988,
2026-06-25T17:07:59.256,33.657,rpm,9406.000,59.988,
2026-06-25T17:07:59.296,33.704,rpm,9459.000,59.988,
2026-06-25T17:07:59.314,33.719,torque,9459.000,59.683,
2026-06-25T17:07:59.315,33.719,rpm,9409.000,59.683,
2026-06-25T17:07:59.332,33.735,rpm,9551.000,59.683,
2026-06-25T17:07:59.333,33.735,rpm,9535.000,59.683,
2026-06-25T17:07:59.380,33.782,rpm,9484.000,59.683,
2026-06-25T17:07:59.390,33.797,torque,9484.000,60.157,
2026-06-25T17:07:59.391,33.797,rpm,9487.000,60.157,
2026-06-25T17:07:59.412,33.813,rpm,9501.000,60.157,
2026-06-25T17:07:59.429,33.844,rpm,9541.000,60.157,
2026-06-25T17:07:59.488,33.891,torque,9541.000,60.136,
2026-06-25T17:07:59.488,33.891,rpm,9560.000,60.136,
2026-06-25T17:07:59.488,33.891,rpm,9498.000,60.136,
2026-06-25T17:07:59.504,33.907,rpm,9491.000,60.136,
2026-06-25T17:07:59.551,33.954,rpm,9480.000,60.136,
2026-06-25T17:07:59.575,33.985,rpm,9540.000,60.136,
2026-06-25T17:07:59.575,33.985,torque,9540.000,60.413,
2026-06-25T17:07:59.577,33.985,rpm,9491.000,60.413,
2026-06-25T17:07:59.597,34.000,rpm,9540.000,60.413,
2026-06-25T17:07:59.615,34.016,rpm,9511.000,60.413,
2026-06-25T17:07:59.615,34.016,rpm,9514.000,60.413,
2026-06-25T17:07:59.655,34.063,torque,9514.000,60.201,
2026-06-25T17:07:59.674,34.079,rpm,9561.000,60.201,
2026-06-25T17:07:59.687,34.094,rpm,9543.000,60.201,
2026-06-25T17:07:59.703,34.110,rpm,9538.000,60.201,
2026-06-25T17:07:59.715,34.125,rpm,9426.000,60.201,
2026-06-25T17:07:59.735,34.141,torque,9426.000,60.031,
2026-06-25T17:07:59.735,34.141,rpm,9456.000,60.031,
2026-06-25T17:07:59.756,34.157,rpm,9546.000,60.031,
2026-06-25T17:07:59.775,34.188,rpm,9510.000,60.031,
2026-06-25T17:07:59.836,34.250,torque,9510.000,60.139,
2026-06-25T17:07:59.837,34.250,rpm,9557.000,60.139,
2026-06-25T17:07:59.856,34.266,rpm,9538.000,60.139,
2026-06-25T17:07:59.857,34.266,rpm,9557.000,60.139,
2026-06-25T17:07:59.915,34.329,torque,9557.000,60.034,
2026-06-25T17:07:59.916,34.329,rpm,9489.000,60.034,
2026-06-25T17:07:59.916,34.329,rpm,9550.000,60.034,
2026-06-25T17:07:59.931,34.344,rpm,9486.000,60.034,
2026-06-25T17:07:59.933,34.344,rpm,9480.000,60.034,
2026-06-25T17:07:59.989,34.391,rpm,9530.000,60.034,
2026-06-25T17:08:00.007,34.422,rpm,9555.000,60.034,
2026-06-25T17:08:00.008,34.422,torque,9555.000,59.743,
2026-06-25T17:08:00.009,34.422,rpm,9554.000,59.743,
2026-06-25T17:08:00.044,34.454,rpm,9484.000,59.743,
2026-06-25T17:08:00.044,34.454,rpm,9484.000,59.743,
2026-06-25T17:08:00.083,34.485,rpm,9551.000,59.743,
2026-06-25T17:08:00.085,34.485,torque,9551.000,59.993,
2026-06-25T17:08:00.085,34.485,rpm,9545.000,59.993,
2026-06-25T17:08:00.134,34.547,rpm,9573.000,59.993,
2026-06-25T17:08:00.145,34.547,rpm,9559.000,59.993,
2026-06-25T17:08:00.165,34.579,rpm,9425.000,59.993,
2026-06-25T17:08:00.165,34.579,torque,9425.000,60.623,
2026-06-25T17:08:00.184,34.594,rpm,9537.000,60.623,
2026-06-25T17:08:00.202,34.610,rpm,9477.000,60.623,
2026-06-25T17:08:00.203,34.610,rpm,9557.000,60.623,
2026-06-25T17:08:00.246,34.657,rpm,9432.000,60.623,
2026-06-25T17:08:00.263,34.672,torque,9432.000,60.547,
2026-06-25T17:08:00.263,34.672,rpm,9503.000,60.547,
2026-06-25T17:08:00.284,34.688,rpm,9553.000,60.547,
2026-06-25T17:08:00.285,34.688,rpm,9556.000,60.547,
2026-06-25T17:08:00.329,34.735,rpm,9472.000,60.547,
2026-06-25T17:08:00.346,34.750,torque,9472.000,60.028,
2026-06-25T17:08:00.348,34.750,rpm,9551.000,60.028,
2026-06-25T17:08:00.366,34.766,rpm,9536.000,60.028,
2026-06-25T17:08:00.366,34.766,rpm,9533.000,60.028,
2026-06-25T17:08:00.409,34.813,rpm,9529.000,60.028,
2026-06-25T17:08:00.427,34.829,rpm,9493.000,60.028,
2026-06-25T17:08:00.427,34.829,torque,9493.000,60.050,
2026-06-25T17:08:00.444,34.844,rpm,9482.000,60.050,
2026-06-25T17:08:00.445,34.844,rpm,9551.000,60.050,
2026-06-25T17:08:00.493,34.907,rpm,9500.000,60.050,
2026-06-25T17:08:00.506,34.907,torque,9500.000,60.150,
2026-06-25T17:08:00.525,34.938,rpm,9487.000,60.150,
2026-06-25T17:08:00.574,34.985,rpm,9483.000,60.150,
2026-06-25T17:08:00.586,35.000,rpm,9422.000,60.150,
2026-06-25T17:08:00.586,35.000,rpm,9485.000,60.150,
2026-06-25T17:08:00.605,35.016,torque,9485.000,60.148,
2026-06-25T17:08:00.624,35.032,rpm,9469.000,60.148,
2026-06-25T17:08:00.642,35.047,rpm,9478.000,60.148,
2026-06-25T17:08:00.658,35.063,rpm,9551.000,60.148,
2026-06-25T17:08:00.688,35.094,rpm,9502.000,60.148,
2026-06-25T17:08:00.707,35.110,torque,9502.000,59.964,
2026-06-25T17:08:00.707,35.110,rpm,9531.000,59.964,
2026-06-25T17:08:00.724,35.125,rpm,9557.000,59.964,
2026-06-25T17:08:00.726,35.141,rpm,9537.000,59.964,
2026-06-25T17:08:00.770,35.172,rpm,9550.000,59.964,
2026-06-25T17:08:00.782,35.188,rpm,9502.000,59.964,
2026-06-25T17:08:00.783,35.188,torque,9502.000,60.123,
2026-06-25T17:08:00.803,35.204,rpm,9547.000,60.123,
2026-06-25T17:08:00.825,35.235,rpm,9531.000,60.123,
2026-06-25T17:08:00.858,35.266,rpm,9510.000,60.123,
2026-06-25T17:08:00.868,35.282,torque,9510.000,60.081,
2026-06-25T17:08:00.868,35.282,rpm,9479.000,60.081,
2026-06-25T17:08:00.887,35.297,rpm,9555.000,60.081,
2026-06-25T17:08:00.906,35.313,rpm,9500.000,60.081,
2026-06-25T17:08:00.924,35.329,rpm,9488.000,60.081,
2026-06-25T17:08:00.954,35.360,rpm,9497.000,60.081,
2026-06-25T17:08:00.954,35.360,torque,9497.000,59.712,
2026-06-25T17:08:00.974,35.375,rpm,9428.000,59.712,
2026-06-25T17:08:00.993,35.407,rpm,9414.000,59.712,
2026-06-25T17:08:01.009,35.422,rpm,9517.000,59.712,
2026-06-25T17:08:01.040,35.454,rpm,9488.000,59.712,
2026-06-25T17:08:01.059,35.469,torque,9488.000,59.899,
2026-06-25T17:08:01.059,35.469,rpm,9533.000,59.899,
2026-06-25T17:08:01.059,35.469,rpm,9536.000,59.899,
2026-06-25T17:08:01.079,35.485,rpm,9478.000,59.899,
2026-06-25T17:08:01.123,35.532,rpm,9488.000,59.899,
2026-06-25T17:08:01.134,35.547,torque,9488.000,59.910,
2026-06-25T17:08:01.134,35.547,rpm,9503.000,59.910,
2026-06-25T17:08:01.154,35.563,rpm,9514.000,59.910,
2026-06-25T17:08:01.173,35.579,rpm,9493.000,59.910,
2026-06-25T17:08:01.206,35.610,rpm,9513.000,59.910,
2026-06-25T17:08:01.216,35.625,torque,9513.000,59.912,
2026-06-25T17:08:01.231,35.641,rpm,9563.000,59.912,
2026-06-25T17:08:01.233,35.641,rpm,9543.000,59.912,
2026-06-25T17:08:01.254,35.657,rpm,9537.000,59.912,
2026-06-25T17:08:01.286,35.688,rpm,9492.000,59.912,
2026-06-25T17:08:01.298,35.704,torque,9492.000,59.798,
2026-06-25T17:08:01.298,35.704,rpm,9549.000,59.798,
2026-06-25T17:08:01.320,35.735,rpm,9540.000,59.798,
2026-06-25T17:08:01.341,35.750,rpm,9415.000,59.798,
2026-06-25T17:08:01.372,35.782,rpm,9516.000,59.798,
2026-06-25T17:08:01.384,35.797,rpm,9524.000,59.798,
2026-06-25T17:08:01.384,35.797,torque,9524.000,59.497,
2026-06-25T17:08:01.456,35.860,rpm,9503.000,59.497,
2026-06-25T17:08:01.468,35.875,rpm,9497.000,59.497,
2026-06-25T17:08:01.469,35.875,torque,9497.000,59.243,
2026-06-25T17:08:01.469,35.875,rpm,9551.000,59.243,
2026-06-25T17:08:01.503,35.907,rpm,9538.000,59.243,
2026-06-25T17:08:01.515,35.922,rpm,9554.000,59.243,
2026-06-25T17:08:01.528,35.938,rpm,9543.000,59.243,
2026-06-25T17:08:01.546,35.954,rpm,9493.000,59.243,
2026-06-25T17:08:01.563,35.969,torque,9493.000,59.599,
2026-06-25T17:08:01.564,35.969,rpm,9547.000,59.599,
2026-06-25T17:08:01.598,36.000,rpm,9555.000,59.599,
2026-06-25T17:08:01.599,36.000,rpm,9490.000,59.599,
2026-06-25T17:08:01.659,36.063,torque,9490.000,59.464,
2026-06-25T17:08:01.660,36.063,rpm,9546.000,59.464,
2026-06-25T17:08:01.660,36.063,rpm,9551.000,59.464,
2026-06-25T17:08:01.679,36.079,rpm,9567.000,59.464,
2026-06-25T17:08:01.680,36.094,rpm,9501.000,59.464,
2026-06-25T17:08:01.731,36.141,rpm,9541.000,59.464,
2026-06-25T17:08:01.744,36.157,torque,9541.000,59.081,
2026-06-25T17:08:01.744,36.157,rpm,9559.000,59.081,
2026-06-25T17:08:01.763,36.172,rpm,9472.000,59.081,
2026-06-25T17:08:01.783,36.188,rpm,9547.000,59.081,
2026-06-25T17:08:01.801,36.204,rpm,9509.000,59.081,
2026-06-25T17:08:01.835,36.235,torque,9509.000,59.501,
2026-06-25T17:08:01.835,36.235,rpm,9501.000,59.501,
2026-06-25T17:08:01.851,36.266,rpm,9469.000,59.501,
2026-06-25T17:08:01.852,36.266,rpm,9479.000,59.501,
2026-06-25T17:08:01.882,36.282,rpm,9494.000,59.501,
2026-06-25T17:08:01.913,36.313,torque,9494.000,59.671,
2026-06-25T17:08:01.933,36.344,rpm,9553.000,59.671,
2026-06-25T17:08:01.934,36.344,rpm,9428.000,59.671,
2026-06-25T17:08:01.951,36.360,rpm,9451.000,59.671,
2026-06-25T17:08:01.966,36.375,rpm,9532.000,59.671,
2026-06-25T17:08:02.005,36.407,torque,9532.000,59.469,
2026-06-25T17:08:02.032,36.438,rpm,9494.000,59.469,
2026-06-25T17:08:02.072,36.485,rpm,9547.000,59.469,
2026-06-25T17:08:02.072,36.485,rpm,9547.000,59.469,
2026-06-25T17:08:02.088,36.500,torque,9547.000,59.762,
2026-06-25T17:08:02.088,36.500,rpm,9482.000,59.762,
2026-06-25T17:08:02.110,36.516,rpm,9544.000,59.762,
2026-06-25T17:08:02.135,36.547,rpm,9489.000,59.762,
2026-06-25T17:08:02.176,36.579,rpm,9544.000,59.762,
2026-06-25T17:08:02.176,36.579,rpm,9490.000,59.762,
2026-06-25T17:08:02.192,36.594,torque,9490.000,59.946,
2026-06-25T17:08:02.214,36.625,rpm,9514.000,59.946,
2026-06-25T17:08:02.216,36.625,rpm,9509.000,59.946,
2026-06-25T17:08:02.218,36.625,rpm,9496.000,59.946,
2026-06-25T17:08:02.259,36.672,rpm,9513.000,59.946,
2026-06-25T17:08:02.280,36.688,torque,9513.000,59.709,
2026-06-25T17:08:02.294,36.704,rpm,9562.000,59.709,
2026-06-25T17:08:02.342,36.750,torque,9562.000,59.378,
2026-06-25T17:08:02.380,36.782,rpm,9531.000,59.378,
2026-06-25T17:08:02.395,36.797,rpm,9486.000,59.378,
2026-06-25T17:08:02.409,36.813,rpm,9543.000,59.378,
2026-06-25T17:08:02.410,36.813,torque,9543.000,59.397,
2026-06-25T17:08:02.431,36.844,rpm,9496.000,59.397,
2026-06-25T17:08:02.451,36.860,rpm,9481.000,59.397,
2026-06-25T17:08:02.452,36.860,rpm,9544.000,59.397,
2026-06-25T17:08:02.497,36.907,rpm,9542.000,59.397,
2026-06-25T17:08:02.516,36.922,torque,9542.000,59.747,
2026-06-25T17:08:02.534,36.938,rpm,9469.000,59.747,
2026-06-25T17:08:02.535,36.938,rpm,9430.000,59.747,
2026-06-25T17:08:02.593,37.000,rpm,9420.000,59.747,
2026-06-25T17:08:02.606,37.016,rpm,9431.000,59.747,
2026-06-25T17:08:02.606,37.016,torque,9431.000,60.098,
2026-06-25T17:08:02.607,37.016,rpm,9487.000,60.098,
2026-06-25T17:08:02.631,37.032,rpm,9499.000,60.098,
2026-06-25T17:08:02.653,37.063,rpm,9479.000,60.098,
2026-06-25T17:08:02.690,37.094,rpm,9425.000,60.098,
2026-06-25T17:08:02.703,37.110,torque,9425.000,59.862,
2026-06-25T17:08:02.703,37.110,rpm,9444.000,59.862,
2026-06-25T17:08:02.703,37.110,rpm,9474.000,59.862,
2026-06-25T17:08:02.743,37.157,rpm,9547.000,59.862,
2026-06-25T17:08:02.760,37.172,rpm,9476.000,59.862,
2026-06-25T17:08:02.760,37.172,rpm,9476.000,59.862,
2026-06-25T17:08:02.760,37.172,torque,9476.000,59.958,
2026-06-25T17:08:02.776,37.188,rpm,9553.000,59.958,
2026-06-25T17:08:02.838,37.250,rpm,9487.000,59.958,
2026-06-25T17:08:02.839,37.250,rpm,9548.000,59.958,
2026-06-25T17:08:02.860,37.266,torque,9548.000,60.047,
2026-06-25T17:08:02.860,37.266,rpm,9471.000,60.047,
2026-06-25T17:08:02.934,37.344,rpm,9507.000,60.047,
2026-06-25T17:08:02.948,37.360,torque,9507.000,60.170,
2026-06-25T17:08:02.952,37.360,rpm,9501.000,60.170,
2026-06-25T17:08:02.952,37.360,rpm,9541.000,60.170,
2026-06-25T17:08:03.023,37.438,rpm,9532.000,60.170,
2026-06-25T17:08:03.023,37.438,rpm,9552.000,60.170,
2026-06-25T17:08:03.044,37.454,rpm,9412.000,60.170,
2026-06-25T17:08:03.044,37.454,torque,9412.000,59.581,
2026-06-25T17:08:03.044,37.454,rpm,9468.000,59.581,
2026-06-25T17:08:03.087,37.500,rpm,9496.000,59.581,
2026-06-25T17:08:03.092,37.500,rpm,9526.000,59.581,
2026-06-25T17:08:03.127,37.532,torque,9526.000,59.602,
2026-06-25T17:08:03.140,37.547,rpm,9523.000,59.602,
2026-06-25T17:08:03.163,37.563,rpm,9484.000,59.602,
2026-06-25T17:08:03.165,37.579,rpm,9561.000,59.602,
2026-06-25T17:08:03.193,37.594,rpm,9555.000,59.602,
2026-06-25T17:08:03.235,37.641,rpm,9545.000,59.602,
2026-06-25T17:08:03.235,37.641,torque,9545.000,59.717,
2026-06-25T17:08:03.252,37.657,rpm,9495.000,59.717,
2026-06-25T17:08:03.282,37.688,rpm,9553.000,59.717,
2026-06-25T17:08:03.334,37.735,torque,9553.000,59.599,
2026-06-25T17:08:03.335,37.735,rpm,9478.000,59.599,
2026-06-25T17:08:03.335,37.735,rpm,9540.000,59.599,
2026-06-25T17:08:03.356,37.766,rpm,9449.000,59.599,
2026-06-25T17:08:03.382,37.782,rpm,9539.000,59.599,
2026-06-25T17:08:03.386,37.797,torque,9539.000,59.499,
2026-06-25T17:08:03.386,37.797,rpm,9508.000,59.499,
2026-06-25T17:08:03.418,37.829,rpm,9494.000,59.499,
2026-06-25T17:08:03.462,37.875,rpm,9534.000,59.499,
2026-06-25T17:08:03.462,37.875,rpm,9535.000,59.499,
2026-06-25T17:08:03.484,37.891,torque,9535.000,59.922,
2026-06-25T17:08:03.485,37.891,rpm,9511.000,59.922,
2026-06-25T17:08:03.525,37.938,rpm,9502.000,59.922,
2026-06-25T17:08:03.525,37.938,rpm,9562.000,59.922,
2026-06-25T17:08:03.555,37.969,rpm,9540.000,59.922,
2026-06-25T17:08:03.556,37.969,rpm,9531.000,59.922,
2026-06-25T17:08:03.556,37.969,torque,9531.000,60.073,
2026-06-25T17:08:03.609,38.016,rpm,9491.000,60.073,
2026-06-25T17:08:03.631,38.032,rpm,9489.000,60.073,
2026-06-25T17:08:03.631,38.032,rpm,9500.000,60.073,
2026-06-25T17:08:03.632,38.047,rpm,9530.000,60.073,
2026-06-25T17:08:03.658,38.063,torque,9530.000,59.831,
2026-06-25T17:08:03.674,38.079,rpm,9461.000,59.831,
2026-06-25T17:08:03.701,38.110,rpm,9524.000,59.831,
2026-06-25T17:08:03.703,38.110,rpm,9472.000,59.831,
2026-06-25T17:08:03.740,38.141,torque,9472.000,59.581,
2026-06-25T17:08:03.740,38.141,rpm,9485.000,59.581,
2026-06-25T17:08:03.757,38.157,rpm,9458.000,59.581,
2026-06-25T17:08:03.784,38.188,rpm,9530.000,59.581,
2026-06-25T17:08:03.790,38.204,rpm,9548.000,59.581,
2026-06-25T17:08:03.814,38.219,rpm,9544.000,59.581,
2026-06-25T17:08:03.834,38.235,torque,9544.000,59.787,
2026-06-25T17:08:03.854,38.266,rpm,9548.000,59.787,
2026-06-25T17:08:03.854,38.266,rpm,9551.000,59.787,
2026-06-25T17:08:03.872,38.282,rpm,9541.000,59.787,
2026-06-25T17:08:03.872,38.282,rpm,9533.000,59.787,
2026-06-25T17:08:03.906,38.313,torque,9533.000,59.689,
2026-06-25T17:08:03.932,38.344,rpm,9506.000,59.689,
2026-06-25T17:08:03.934,38.344,rpm,9528.000,59.689,
2026-06-25T17:08:04.013,38.422,rpm,9563.000,59.689,
2026-06-25T17:08:04.013,38.422,torque,9563.000,59.408,
2026-06-25T17:08:04.014,38.422,rpm,9506.000,59.408,
2026-06-25T17:08:04.034,38.438,rpm,9567.000,59.408,
2026-06-25T17:08:04.039,38.454,rpm,9527.000,59.408,
2026-06-25T17:08:04.039,38.454,rpm,9536.000,59.408,
2026-06-25T17:08:04.114,38.516,rpm,9505.000,59.408,
2026-06-25T17:08:04.114,38.516,torque,9505.000,58.541,
2026-06-25T17:08:04.145,38.547,rpm,9517.000,58.541,
2026-06-25T17:08:04.145,38.547,rpm,9604.000,58.541,
2026-06-25T17:08:04.183,38.594,rpm,9527.000,58.541,
2026-06-25T17:08:04.183,38.594,torque,9527.000,58.684,
2026-06-25T17:08:04.183,38.594,rpm,9527.000,58.684,
2026-06-25T17:08:04.211,38.625,rpm,9508.000,58.684,
2026-06-25T17:08:04.211,38.625,rpm,9520.000,58.684,
2026-06-25T17:08:04.236,38.641,rpm,9517.000,58.684,
2026-06-25T17:08:04.287,38.688,torque,9517.000,58.674,
2026-06-25T17:08:04.288,38.688,rpm,9517.000,58.674,
2026-06-25T17:08:04.322,38.735,rpm,9519.000,58.674,
2026-06-25T17:08:04.343,38.750,rpm,9524.000,58.674,
2026-06-25T17:08:04.371,38.782,rpm,9503.000,58.674,
2026-06-25T17:08:04.371,38.782,torque,9503.000,57.869,
2026-06-25T17:08:04.371,38.782,rpm,9527.000,57.869,
2026-06-25T17:08:04.391,38.797,rpm,9514.000,57.869,
2026-06-25T17:08:04.416,38.829,rpm,9567.000,57.869,
2026-06-25T17:08:04.417,38.829,rpm,9518.000,57.869,
2026-06-25T17:08:04.438,38.844,rpm,9524.000,57.869,
2026-06-25T17:08:04.438,38.844,torque,9524.000,57.802,
2026-06-25T17:08:04.488,38.891,rpm,9530.000,57.802,
2026-06-25T17:08:04.488,38.891,rpm,9524.000,57.802,
2026-06-25T17:08:04.513,38.922,rpm,9490.000,57.802,
2026-06-25T17:08:04.528,38.938,rpm,9514.000,57.802,
2026-06-25T17:08:04.528,38.938,torque,9514.000,57.680,
2026-06-25T17:08:04.551,38.954,rpm,9478.000,57.680,
2026-06-25T17:08:04.553,38.954,rpm,9472.000,57.680,
2026-06-25T17:08:04.556,38.969,rpm,9518.000,57.680,
2026-06-25T17:08:04.616,39.016,rpm,9525.000,57.680,
2026-06-25T17:08:04.616,39.016,torque,9525.000,57.589,
2026-06-25T17:08:04.616,39.016,rpm,9530.000,57.589,
2026-06-25T17:08:04.631,39.032,rpm,9513.000,57.589,
2026-06-25T17:08:04.658,39.063,rpm,9567.000,57.589,
2026-06-25T17:08:04.683,39.094,torque,9567.000,57.243,
2026-06-25T17:08:04.683,39.094,rpm,9513.000,57.243,
2026-06-25T17:08:04.710,39.110,rpm,9523.000,57.243,
2026-06-25T17:08:04.749,39.157,rpm,9429.000,57.243,
2026-06-25T17:08:04.751,39.157,rpm,9509.000,57.243,
2026-06-25T17:08:04.787,39.188,rpm,9516.000,57.243,
2026-06-25T17:08:04.787,39.188,torque,9516.000,57.063,
2026-06-25T17:08:04.814,39.219,rpm,9430.000,57.063,
2026-06-25T17:08:04.815,39.219,rpm,9460.000,57.063,
2026-06-25T17:08:04.847,39.250,rpm,9480.000,57.063,
2026-06-25T17:08:04.850,39.250,rpm,9430.000,57.063,
2026-06-25T17:08:04.877,39.282,torque,9430.000,57.221,
2026-06-25T17:08:04.896,39.297,rpm,9519.000,57.221,
2026-06-25T17:08:04.926,39.329,rpm,9574.000,57.221,
2026-06-25T17:08:04.943,39.344,rpm,9474.000,57.221,
2026-06-25T17:08:04.966,39.375,rpm,9560.000,57.221,
2026-06-25T17:08:04.966,39.375,torque,9560.000,57.540,
2026-06-25T17:08:04.966,39.375,rpm,9500.000,57.540,
2026-06-25T17:08:04.983,39.391,rpm,9502.000,57.540,
2026-06-25T17:08:05.005,39.407,rpm,9512.000,57.540,
2026-06-25T17:08:05.018,39.422,rpm,9477.000,57.540,
2026-06-25T17:08:05.039,39.454,torque,9477.000,57.592,
2026-06-25T17:08:05.039,39.454,rpm,9421.000,57.592,
2026-06-25T17:08:05.041,39.454,rpm,9488.000,57.592,
2026-06-25T17:08:05.100,39.500,rpm,9439.000,57.592,
2026-06-25T17:08:05.100,39.500,rpm,9532.000,57.592,
2026-06-25T17:08:05.115,39.516,rpm,9520.000,57.592,
2026-06-25T17:08:05.138,39.547,torque,9520.000,56.988,
2026-06-25T17:08:05.140,39.547,rpm,9517.000,56.988,
2026-06-25T17:08:05.163,39.563,rpm,9520.000,56.988,
2026-06-25T17:08:05.185,39.594,rpm,9519.000,56.988,
2026-06-25T17:08:05.222,39.625,rpm,9515.000,56.988,
2026-06-25T17:08:05.222,39.625,torque,9515.000,55.860,
2026-06-25T17:08:05.223,39.625,rpm,9513.000,55.860,
2026-06-25T17:08:05.281,39.688,rpm,9560.000,55.860,
2026-06-25T17:08:05.281,39.688,rpm,9488.000,55.860,
2026-06-25T17:08:05.331,39.735,torque,9488.000,55.621,
2026-06-25T17:08:05.331,39.735,rpm,9484.000,55.621,
2026-06-25T17:08:05.348,39.750,rpm,9476.000,55.621,
2026-06-25T17:08:05.348,39.750,rpm,9482.000,55.621,
2026-06-25T17:08:05.374,39.782,rpm,9514.000,55.621,
2026-06-25T17:08:05.376,39.782,torque,9514.000,55.651,
2026-06-25T17:08:05.404,39.813,rpm,9445.000,55.651,
2026-06-25T17:08:05.404,39.813,rpm,9458.000,55.651,
2026-06-25T17:08:05.455,39.860,rpm,9524.000,55.651,
2026-06-25T17:08:05.473,39.875,rpm,9513.000,55.651,
2026-06-25T17:08:05.501,39.907,rpm,9511.000,55.651,
2026-06-25T17:08:05.501,39.907,torque,9511.000,57.114,
2026-06-25T17:08:05.518,39.922,rpm,9482.000,57.114,
2026-06-25T17:08:05.544,39.954,rpm,9408.000,57.114,
2026-06-25T17:08:05.544,39.954,rpm,9444.000,57.114,
2026-06-25T17:08:05.565,39.969,torque,9444.000,57.802,
2026-06-25T17:08:05.565,39.969,rpm,9516.000,57.802,
2026-06-25T17:08:05.565,39.969,rpm,9464.000,57.802,
2026-06-25T17:08:05.610,40.016,rpm,9467.000,57.802,
2026-06-25T17:08:05.632,40.047,rpm,9550.000,57.802,
2026-06-25T17:08:05.633,40.047,torque,9550.000,57.122,
2026-06-25T17:08:05.677,40.079,rpm,9433.000,57.122,
2026-06-25T17:08:05.701,40.110,rpm,9552.000,57.122,
2026-06-25T17:08:05.701,40.110,rpm,9485.000,57.122,
2026-06-25T17:08:05.745,40.157,rpm,9550.000,57.122,
2026-06-25T17:08:05.745,40.157,torque,9550.000,57.068,
2026-06-25T17:08:05.772,40.172,rpm,9483.000,57.068,
2026-06-25T17:08:05.772,40.172,rpm,9488.000,57.068,
2026-06-25T17:08:05.797,40.204,rpm,9504.000,57.068,
2026-06-25T17:08:05.816,40.219,torque,9504.000,57.232,
2026-06-25T17:08:05.816,40.219,rpm,9490.000,57.232,
2026-06-25T17:08:05.816,40.219,rpm,9500.000,57.232,
2026-06-25T17:08:05.887,40.297,rpm,9473.000,57.232,
2026-06-25T17:08:05.887,40.297,rpm,9510.000,57.232,
2026-06-25T17:08:05.914,40.329,rpm,9508.000,57.232,
2026-06-25T17:08:05.931,40.344,rpm,9502.000,57.232,
2026-06-25T17:08:05.931,40.344,torque,9502.000,56.849,
2026-06-25T17:08:05.964,40.375,rpm,9511.000,56.849,
2026-06-25T17:08:06.010,40.422,rpm,9507.000,56.849,
2026-06-25T17:08:06.010,40.422,rpm,9498.000,56.849,
2026-06-25T17:08:06.010,40.422,torque,9498.000,55.948,
2026-06-25T17:08:06.074,40.485,rpm,9484.000,55.948,
2026-06-25T17:08:06.074,40.485,rpm,9507.000,55.948,
2026-06-25T17:08:06.099,40.500,rpm,9529.000,55.948,
2026-06-25T17:08:06.099,40.500,torque,9529.000,56.110,
2026-06-25T17:08:06.100,40.500,rpm,9580.000,56.110,
2026-06-25T17:08:06.148,40.547,rpm,9505.000,56.110,
2026-06-25T17:08:06.171,40.579,rpm,9500.000,56.110,
2026-06-25T17:08:06.172,40.579,rpm,9507.000,56.110,
2026-06-25T17:08:06.172,40.579,torque,9507.000,56.821,
2026-06-25T17:08:06.215,40.625,rpm,9537.000,56.821,
2026-06-25T17:08:06.215,40.625,rpm,9537.000,56.821,
2026-06-25T17:08:06.240,40.641,rpm,9517.000,56.821,
2026-06-25T17:08:06.241,40.641,torque,9517.000,57.213,
2026-06-25T17:08:06.279,40.688,rpm,9453.000,57.213,
2026-06-25T17:08:06.297,40.704,rpm,9497.000,57.213,
2026-06-25T17:08:06.297,40.704,rpm,9501.000,57.213,
2026-06-25T17:08:06.332,40.735,rpm,9502.000,57.213,
2026-06-25T17:08:06.332,40.735,torque,9502.000,57.249,
2026-06-25T17:08:06.357,40.766,rpm,9481.000,57.249,
2026-06-25T17:08:06.383,40.797,rpm,9516.000,57.249,
2026-06-25T17:08:06.383,40.797,rpm,9518.000,57.249,
2026-06-25T17:08:06.384,40.797,rpm,9486.000,57.249,
2026-06-25T17:08:06.438,40.844,torque,9486.000,57.440,
2026-06-25T17:08:06.461,40.875,rpm,9518.000,57.440,
2026-06-25T17:08:06.485,40.891,rpm,9495.000,57.440,
2026-06-25T17:08:06.508,40.922,rpm,9524.000,57.440,
2026-06-25T17:08:06.508,40.922,torque,9524.000,57.667,
2026-06-25T17:08:06.508,40.922,rpm,9479.000,57.667,
2026-06-25T17:08:06.553,40.954,rpm,9440.000,57.667,
2026-06-25T17:08:06.582,40.985,rpm,9459.000,57.667,
2026-06-25T17:08:06.584,40.985,rpm,9506.000,57.667,
2026-06-25T17:08:06.610,41.016,rpm,9522.000,57.667,
2026-06-25T17:08:06.610,41.016,torque,9522.000,57.511,
2026-06-25T17:08:06.632,41.032,rpm,9506.000,57.511,
2026-06-25T17:08:06.633,41.047,rpm,9508.000,57.511,
2026-06-25T17:08:06.683,41.094,rpm,9430.000,57.511,
2026-06-25T17:08:06.717,41.125,torque,9430.000,56.740,
2026-06-25T17:08:06.717,41.125,rpm,9484.000,56.740,
2026-06-25T17:08:06.736,41.141,rpm,9422.000,56.740,
2026-06-25T17:08:06.770,41.172,rpm,9472.000,56.740,
2026-06-25T17:08:06.770,41.172,rpm,9500.000,56.740,
2026-06-25T17:08:06.772,41.172,torque,9500.000,55.821,
2026-06-25T17:08:06.810,41.219,rpm,9602.000,55.821,
2026-06-25T17:08:06.864,41.266,rpm,9485.000,55.821,
2026-06-25T17:08:06.864,41.266,rpm,9485.000,55.821,
2026-06-25T17:08:06.889,41.297,rpm,9507.000,55.821,
2026-06-25T17:08:06.890,41.297,torque,9507.000,55.797,
2026-06-25T17:08:06.891,41.297,rpm,9520.000,55.797,
2026-06-25T17:08:06.949,41.360,rpm,9562.000,55.797,
2026-06-25T17:08:06.950,41.360,rpm,9461.000,55.797,
2026-06-25T17:08:06.985,41.391,rpm,9488.000,55.797,
2026-06-25T17:08:06.986,41.391,torque,9488.000,56.580,
2026-06-25T17:08:07.007,41.422,rpm,9521.000,56.580,
2026-06-25T17:08:07.034,41.438,rpm,9457.000,56.580,
2026-06-25T17:08:07.034,41.438,rpm,9509.000,56.580,
2026-06-25T17:08:07.036,41.438,torque,9509.000,56.246,
2026-06-25T17:08:07.036,41.438,rpm,9504.000,56.246,
2026-06-25T17:08:07.066,41.469,rpm,9473.000,56.246,
2026-06-25T17:08:07.091,41.500,rpm,9504.000,56.246,
2026-06-25T17:08:07.142,41.547,rpm,9489.000,56.246,
2026-06-25T17:08:07.142,41.547,torque,9489.000,55.814,
2026-06-25T17:08:07.143,41.547,rpm,9502.000,55.814,
2026-06-25T17:08:07.177,41.579,rpm,9510.000,55.814,
2026-06-25T17:08:07.198,41.610,rpm,9503.000,55.814,
2026-06-25T17:08:07.226,41.625,rpm,9503.000,55.814,
2026-06-25T17:08:07.226,41.625,torque,9503.000,56.898,
2026-06-25T17:08:07.226,41.625,rpm,9500.000,56.898,
2026-06-25T17:08:07.243,41.657,rpm,9496.000,56.898,
2026-06-25T17:08:07.243,41.657,rpm,9503.000,56.898,
2026-06-25T17:08:07.321,41.735,rpm,9496.000,56.898,
2026-06-25T17:08:07.321,41.735,rpm,9505.000,56.898,
2026-06-25T17:08:07.322,41.735,torque,9505.000,57.242,
2026-06-25T17:08:07.337,41.750,rpm,9494.000,57.242,
2026-06-25T17:08:07.366,41.766,rpm,9443.000,57.242,
2026-06-25T17:08:07.366,41.766,rpm,9485.000,57.242,
2026-06-25T17:08:07.368,41.782,torque,9485.000,56.185,
2026-06-25T17:08:07.392,41.797,rpm,9501.000,56.185,
2026-06-25T17:08:07.413,41.813,rpm,9478.000,56.185,
2026-06-25T17:08:07.413,41.813,rpm,9490.000,56.185,
2026-06-25T17:08:07.455,41.860,rpm,9514.000,56.185,
2026-06-25T17:08:07.478,41.891,torque,9514.000,56.726,
2026-06-25T17:08:07.480,41.891,rpm,9513.000,56.726,
2026-06-25T17:08:07.495,41.907,rpm,9464.000,56.726,
2026-06-25T17:08:07.523,41.922,rpm,9532.000,56.726,
2026-06-25T17:08:07.552,41.954,torque,9532.000,56.849,
2026-06-25T17:08:07.555,41.969,rpm,9469.000,56.849,
2026-06-25T17:08:07.580,41.985,rpm,9496.000,56.849,
2026-06-25T17:08:07.608,42.016,rpm,9511.000,56.849,
2026-06-25T17:08:07.628,42.032,rpm,9512.000,56.849,
2026-06-25T17:08:07.657,42.063,rpm,9592.000,56.849,
2026-06-25T17:08:07.658,42.063,torque,9592.000,56.501,
2026-06-25T17:08:07.679,42.079,rpm,9557.000,56.501,
2026-06-25T17:08:07.707,42.110,rpm,9563.000,56.501,
2026-06-25T17:08:07.707,42.110,rpm,9499.000,56.501,
2026-06-25T17:08:07.710,42.110,rpm,9516.000,56.501,
2026-06-25T17:08:07.735,42.141,torque,9516.000,56.088,
2026-06-25T17:08:07.735,42.141,rpm,9520.000,56.088,
2026-06-25T17:08:07.763,42.172,rpm,9507.000,56.088,
2026-06-25T17:08:07.798,42.204,rpm,9516.000,56.088,
2026-06-25T17:08:07.824,42.235,rpm,9507.000,56.088,
2026-06-25T17:08:07.858,42.266,rpm,9491.000,56.088,
2026-06-25T17:08:07.858,42.266,torque,9491.000,56.168,
2026-06-25T17:08:07.858,42.266,rpm,9489.000,56.168,
2026-06-25T17:08:07.881,42.282,rpm,9550.000,56.168,
2026-06-25T17:08:07.908,42.313,rpm,9533.000,56.168,
2026-06-25T17:08:07.908,42.313,rpm,9471.000,56.168,
2026-06-25T17:08:07.908,42.313,torque,9471.000,56.061,
2026-06-25T17:08:07.910,42.313,rpm,9515.000,56.061,
2026-06-25T17:08:07.948,42.360,rpm,9493.000,56.061,
2026-06-25T17:08:08.000,42.407,rpm,9437.000,56.061,
2026-06-25T17:08:08.002,42.407,torque,9437.000,55.489,
2026-06-25T17:08:08.002,42.407,rpm,9486.000,55.489,
2026-06-25T17:08:08.020,42.422,rpm,9517.000,55.489,
2026-06-25T17:08:08.021,42.422,rpm,9514.000,55.489,
2026-06-25T17:08:08.052,42.454,rpm,9505.000,55.489,
2026-06-25T17:08:08.084,42.485,rpm,9503.000,55.489,
2026-06-25T17:08:08.084,42.485,torque,9503.000,56.001,
2026-06-25T17:08:08.085,42.485,rpm,9495.000,56.001,
2026-06-25T17:08:08.129,42.532,rpm,9502.000,56.001,
2026-06-25T17:08:08.153,42.563,rpm,9517.000,56.001,
2026-06-25T17:08:08.153,42.563,rpm,9599.000,56.001,
2026-06-25T17:08:08.153,42.563,rpm,9503.000,56.001,
2026-06-25T17:08:08.181,42.594,torque,9503.000,56.259,
2026-06-25T17:08:08.200,42.610,rpm,9479.000,56.259,
2026-06-25T17:08:08.228,42.641,rpm,9473.000,56.259,
2026-06-25T17:08:08.230,42.641,rpm,9516.000,56.259,
2026-06-25T17:08:08.269,42.672,rpm,9500.000,56.259,
2026-06-25T17:08:08.269,42.672,torque,9500.000,56.326,
2026-06-25T17:08:08.283,42.688,rpm,9499.000,56.326,
2026-06-25T17:08:08.283,42.688,rpm,9504.000,56.326,
2026-06-25T17:08:08.309,42.719,rpm,9492.000,56.326,
2026-06-25T17:08:08.336,42.750,rpm,9507.000,56.326,
2026-06-25T17:08:08.336,42.750,torque,9507.000,55.790,
2026-06-25T17:08:08.336,42.750,rpm,9503.000,55.790,
2026-06-25T17:08:08.356,42.766,rpm,9504.000,55.790,
2026-06-25T17:08:08.421,42.829,torque,9504.000,55.258,
2026-06-25T17:08:08.421,42.829,rpm,9467.000,55.258,
2026-06-25T17:08:08.421,42.829,rpm,9501.000,55.258,
2026-06-25T17:08:08.466,42.875,rpm,9478.000,55.258,
2026-06-25T17:08:08.466,42.875,rpm,9482.000,55.258,
2026-06-25T17:08:08.497,42.907,rpm,9515.000,55.258,
2026-06-25T17:08:08.497,42.907,torque,9515.000,56.368,
2026-06-25T17:08:08.497,42.907,rpm,9428.000,56.368,
2026-06-25T17:08:08.527,42.938,rpm,9517.000,56.368,
2026-06-25T17:08:08.582,42.985,rpm,9437.000,56.368,
2026-06-25T17:08:08.614,43.016,rpm,9483.000,56.368,
2026-06-25T17:08:08.614,43.016,torque,9483.000,56.102,
2026-06-25T17:08:08.614,43.016,rpm,9464.000,56.102,
2026-06-25T17:08:08.640,43.047,rpm,9503.000,56.102,
2026-06-25T17:08:08.677,43.079,rpm,9522.000,56.102,
2026-06-25T17:08:08.678,43.079,rpm,9524.000,56.102,
2026-06-25T17:08:08.678,43.079,rpm,9496.000,56.102,
2026-06-25T17:08:08.679,43.079,torque,9496.000,55.431,
2026-06-25T17:08:08.710,43.110,rpm,9435.000,55.431,
2026-06-25T17:08:08.737,43.141,rpm,9475.000,55.431,
2026-06-25T17:08:08.737,43.141,rpm,9514.000,55.431,
2026-06-25T17:08:08.804,43.204,rpm,9545.000,55.431,
2026-06-25T17:08:08.804,43.204,torque,9545.000,54.685,
2026-06-25T17:08:08.842,43.250,rpm,9510.000,54.685,
2026-06-25T17:08:08.842,43.250,rpm,9478.000,54.685,
2026-06-25T17:08:08.866,43.266,rpm,9501.000,54.685,
2026-06-25T17:08:08.900,43.313,rpm,9504.000,54.685,
2026-06-25T17:08:08.900,43.313,torque,9504.000,54.900,
2026-06-25T17:08:08.900,43.313,rpm,9505.000,54.900,
2026-06-25T17:08:08.915,43.329,rpm,9516.000,54.900,
2026-06-25T17:08:08.944,43.344,rpm,9496.000,54.900,
2026-06-25T17:08:08.944,43.344,torque,9496.000,55.806,
2026-06-25T17:08:08.945,43.344,rpm,9519.000,55.806,
2026-06-25T17:08:08.966,43.375,rpm,9493.000,55.806,
2026-06-25T17:08:09.018,43.422,rpm,9515.000,55.806,
2026-06-25T17:08:09.018,43.422,rpm,9505.000,55.806,
2026-06-25T17:08:09.050,43.454,rpm,9510.000,55.806,
2026-06-25T17:08:09.050,43.454,torque,9510.000,56.853,
2026-06-25T17:08:09.066,43.469,rpm,9480.000,56.853,
2026-06-25T17:08:09.091,43.500,rpm,9506.000,56.853,
2026-06-25T17:08:09.093,43.500,rpm,9457.000,56.853,
2026-06-25T17:08:09.096,43.500,rpm,9466.000,56.853,
2026-06-25T17:08:09.096,43.500,torque,9466.000,56.782,
2026-06-25T17:08:09.097,43.500,rpm,9506.000,56.782,
2026-06-25T17:08:09.173,43.579,rpm,9497.000,56.782,
2026-06-25T17:08:09.191,43.594,rpm,9521.000,56.782,
2026-06-25T17:08:09.192,43.594,rpm,9467.000,56.782,
2026-06-25T17:08:09.192,43.594,torque,9467.000,56.465,
2026-06-25T17:08:09.228,43.641,rpm,9419.000,56.465,
2026-06-25T17:08:09.252,43.657,rpm,9501.000,56.465,
2026-06-25T17:08:09.252,43.657,rpm,9483.000,56.465,
2026-06-25T17:08:09.292,43.704,rpm,9503.000,56.465,
2026-06-25T17:08:09.292,43.704,torque,9503.000,56.298,
2026-06-25T17:08:09.307,43.719,rpm,9604.000,56.298,
2026-06-25T17:08:09.308,43.719,rpm,9515.000,56.298,
2026-06-25T17:08:09.341,43.750,rpm,9450.000,56.298,
2026-06-25T17:08:09.374,43.782,rpm,9513.000,56.298,
2026-06-25T17:08:09.374,43.782,torque,9513.000,56.545,
2026-06-25T17:08:09.374,43.782,rpm,9523.000,56.545,
2026-06-25T17:08:09.420,43.829,rpm,9577.000,56.545,
2026-06-25T17:08:09.438,43.844,rpm,9512.000,56.545,
2026-06-25T17:08:09.472,43.875,rpm,9505.000,56.545,
2026-06-25T17:08:09.472,43.875,torque,9505.000,55.555,
2026-06-25T17:08:09.492,43.907,rpm,9508.000,55.555,
2026-06-25T17:08:09.523,43.938,rpm,9585.000,55.555,
2026-06-25T17:08:09.523,43.938,rpm,9493.000,55.555,
2026-06-25T17:08:09.527,43.938,rpm,9422.000,55.555,
2026-06-25T17:08:09.559,43.969,rpm,9503.000,55.555,
2026-06-25T17:08:09.559,43.969,torque,9503.000,55.254,
2026-06-25T17:08:09.616,44.016,rpm,9517.000,55.254,
2026-06-25T17:08:09.616,44.016,rpm,9510.000,55.254,
2026-06-25T17:08:09.641,44.047,rpm,9476.000,55.254,
2026-06-25T17:08:09.643,44.047,rpm,9481.000,55.254,
2026-06-25T17:08:09.643,44.047,torque,9481.000,55.673,
2026-06-25T17:08:09.703,44.110,rpm,9501.000,55.673,
2026-06-25T17:08:09.706,44.110,rpm,9505.000,55.673,
2026-06-25T17:08:09.740,44.141,rpm,9557.000,55.673,
2026-06-25T17:08:09.740,44.141,torque,9557.000,55.110,
2026-06-25T17:08:09.759,44.172,rpm,9576.000,55.110,
2026-06-25T17:08:09.760,44.172,rpm,9629.000,55.110,
2026-06-25T17:08:09.795,44.204,rpm,9455.000,55.110,
2026-06-25T17:08:09.796,44.204,rpm,9546.000,55.110,
2026-06-25T17:08:09.798,44.204,rpm,9487.000,55.110,
2026-06-25T17:08:09.798,44.204,torque,9487.000,55.081,
2026-06-25T17:08:09.859,44.266,rpm,9500.000,55.081,
2026-06-25T17:08:09.881,44.282,rpm,9536.000,55.081,
2026-06-25T17:08:09.881,44.282,rpm,9516.000,55.081,
2026-06-25T17:08:09.914,44.329,rpm,9513.000,55.081,
2026-06-25T17:08:09.916,44.329,torque,9513.000,55.892,
2026-06-25T17:08:09.918,44.329,rpm,9546.000,55.892,
2026-06-25T17:08:09.968,44.375,rpm,9505.000,55.892,
2026-06-25T17:08:09.969,44.375,rpm,9507.000,55.892,
2026-06-25T17:08:09.991,44.391,rpm,9481.000,55.892,
2026-06-25T17:08:09.991,44.391,torque,9481.000,55.171,
2026-06-25T17:08:10.019,44.422,rpm,9554.000,55.171,
2026-06-25T17:08:10.021,44.422,rpm,9489.000,55.171,
2026-06-25T17:08:10.042,44.454,rpm,9499.000,55.171,
2026-06-25T17:08:10.063,44.469,rpm,9522.000,55.171,
2026-06-25T17:08:10.064,44.469,torque,9522.000,55.047,
2026-06-25T17:08:10.080,44.485,rpm,9499.000,55.047,
2026-06-25T17:08:10.080,44.485,rpm,9552.000,55.047,
2026-06-25T17:08:10.107,44.516,rpm,9507.000,55.047,
2026-06-25T17:08:10.148,44.563,rpm,9472.000,55.047,
2026-06-25T17:08:10.148,44.563,rpm,9479.000,55.047,
2026-06-25T17:08:10.164,44.579,torque,9479.000,56.082,
2026-06-25T17:08:10.190,44.594,rpm,9500.000,56.082,
2026-06-25T17:08:10.193,44.594,rpm,9404.000,56.082,
2026-06-25T17:08:10.222,44.625,rpm,9485.000,56.082,
2026-06-25T17:08:10.223,44.625,rpm,9500.000,56.082,
2026-06-25T17:08:10.242,44.657,rpm,9515.000,56.082,
2026-06-25T17:08:10.242,44.657,torque,9515.000,56.160,
2026-06-25T17:08:10.287,44.688,rpm,9485.000,56.160,
2026-06-25T17:08:10.321,44.735,rpm,9492.000,56.160,
2026-06-25T17:08:10.322,44.735,rpm,9513.000,56.160,
2026-06-25T17:08:10.322,44.735,torque,9513.000,55.771,
2026-06-25T17:08:10.355,44.766,rpm,9522.000,55.771,
2026-06-25T17:08:10.355,44.766,rpm,9526.000,55.771,
2026-06-25T17:08:10.386,44.797,rpm,9495.000,55.771,
2026-06-25T17:08:10.443,44.844,rpm,9451.000,55.771,
2026-06-25T17:08:10.443,44.844,torque,9451.000,54.911,
2026-06-25T17:08:10.443,44.844,rpm,9427.000,54.911,
2026-06-25T17:08:10.482,44.891,rpm,9511.000,54.911,
2026-06-25T17:08:10.507,44.907,rpm,9497.000,54.911,
2026-06-25T17:08:10.545,44.954,rpm,9441.000,54.911,
2026-06-25T17:08:10.545,44.954,torque,9441.000,54.796,
2026-06-25T17:08:10.545,44.954,rpm,9570.000,54.796,
2026-06-25T17:08:10.568,44.969,rpm,9512.000,54.796,
2026-06-25T17:08:10.605,45.016,rpm,9513.000,54.796,
2026-06-25T17:08:10.605,45.016,rpm,9510.000,54.796,
2026-06-25T17:08:10.606,45.016,torque,9510.000,55.122,
2026-06-25T17:08:10.608,45.016,rpm,9514.000,55.122,
2026-06-25T17:08:10.669,45.079,rpm,9503.000,55.122,
2026-06-25T17:08:10.670,45.079,rpm,9506.000,55.122,
2026-06-25T17:08:10.697,45.110,rpm,9483.000,55.122,
2026-06-25T17:08:10.698,45.110,torque,9483.000,55.852,
2026-06-25T17:08:10.734,45.141,rpm,9487.000,55.852,
2026-06-25T17:08:10.737,45.141,rpm,9496.000,55.852,
2026-06-25T17:08:10.760,45.172,rpm,9492.000,55.852,
2026-06-25T17:08:10.792,45.204,rpm,9502.000,55.852,
2026-06-25T17:08:10.792,45.204,torque,9502.000,56.052,
2026-06-25T17:08:10.792,45.204,rpm,9500.000,56.052,
2026-06-25T17:08:10.821,45.235,rpm,9508.000,56.052,
2026-06-25T17:08:10.823,45.235,rpm,9438.000,56.052,
2026-06-25T17:08:10.877,45.282,torque,9438.000,55.949,
2026-06-25T17:08:10.877,45.282,rpm,9462.000,55.949,
2026-06-25T17:08:10.910,45.313,rpm,9483.000,55.949,
2026-06-25T17:08:10.915,45.329,rpm,9515.000,55.949,
2026-06-25T17:08:10.942,45.344,rpm,9519.000,55.949,
2026-06-25T17:08:10.943,45.344,torque,9519.000,54.830,
2026-06-25T17:08:10.968,45.375,rpm,9524.000,54.830,
2026-06-25T17:08:11.002,45.407,rpm,9576.000,54.830,
2026-06-25T17:08:11.058,45.469,rpm,9425.000,54.830,
2026-06-25T17:08:11.058,45.469,rpm,9455.000,54.830,
2026-06-25T17:08:11.059,45.469,torque,9455.000,55.337,
2026-06-25T17:08:11.079,45.485,rpm,9484.000,55.337,
2026-06-25T17:08:11.109,45.516,rpm,9517.000,55.337,
2026-06-25T17:08:11.109,45.516,torque,9517.000,56.204,
2026-06-25T17:08:11.111,45.516,rpm,9465.000,56.204,
2026-06-25T17:08:11.161,45.563,rpm,9502.000,56.204,
2026-06-25T17:08:11.191,45.594,rpm,9524.000,56.204,
2026-06-25T17:08:11.213,45.625,rpm,9464.000,56.204,
2026-06-25T17:08:11.214,45.625,torque,9464.000,55.776,
2026-06-25T17:08:11.244,45.657,rpm,9552.000,55.776,
2026-06-25T17:08:11.261,45.672,rpm,9452.000,55.776,
2026-06-25T17:08:11.292,45.704,rpm,9514.000,55.776,
2026-06-25T17:08:11.292,45.704,torque,9514.000,55.589,
2026-06-25T17:08:11.292,45.704,rpm,9512.000,55.589,
2026-06-25T17:08:11.316,45.719,rpm,9518.000,55.589,
2026-06-25T17:08:11.316,45.719,rpm,9475.000,55.589,
2026-06-25T17:08:11.378,45.782,rpm,9473.000,55.589,
2026-06-25T17:08:11.415,45.829,rpm,9562.000,55.589,
2026-06-25T17:08:11.415,45.829,rpm,9593.000,55.589,
2026-06-25T17:08:11.415,45.829,torque,9593.000,55.637,
2026-06-25T17:08:11.436,45.844,rpm,9437.000,55.637,
2026-06-25T17:08:11.469,45.875,rpm,9487.000,55.637,
2026-06-25T17:08:11.469,45.875,rpm,9490.000,55.637,
2026-06-25T17:08:11.470,45.875,torque,9490.000,55.785,
2026-06-25T17:08:11.472,45.875,rpm,9520.000,55.785,
2026-06-25T17:08:11.503,45.907,rpm,9530.000,55.785,
2026-06-25T17:08:11.503,45.907,rpm,9529.000,55.785,
2026-06-25T17:08:11.530,45.938,rpm,9425.000,55.785,
2026-06-25T17:08:11.530,45.938,torque,9425.000,55.332,
2026-06-25T17:08:11.585,45.985,rpm,9439.000,55.332,
2026-06-25T17:08:11.585,45.985,rpm,9439.000,55.332,
2026-06-25T17:08:11.624,46.032,rpm,9610.000,55.332,
2026-06-25T17:08:11.625,46.032,rpm,9429.000,55.332,
2026-06-25T17:08:11.626,46.032,torque,9429.000,54.875,
2026-06-25T17:08:11.664,46.079,rpm,9504.000,54.875,
2026-06-25T17:08:11.664,46.079,rpm,9518.000,54.875,
2026-06-25T17:08:11.723,46.125,rpm,9529.000,54.875,
2026-06-25T17:08:11.747,46.157,rpm,9573.000,54.875,
2026-06-25T17:08:11.747,46.157,torque,9573.000,54.521,
2026-06-25T17:08:11.747,46.157,rpm,9505.000,54.521,
2026-06-25T17:08:11.750,46.157,rpm,9521.000,54.521,
2026-06-25T17:08:11.809,46.219,rpm,9529.000,54.521,
2026-06-25T17:08:11.809,46.219,rpm,9521.000,54.521,
2026-06-25T17:08:11.847,46.250,rpm,9532.000,54.521,
2026-06-25T17:08:11.847,46.250,torque,9532.000,54.609,
2026-06-25T17:08:11.848,46.250,rpm,9492.000,54.609,
2026-06-25T17:08:11.871,46.282,rpm,9509.000,54.609,
2026-06-25T17:08:11.902,46.313,rpm,9502.000,54.609,
2026-06-25T17:08:11.902,46.313,torque,9502.000,54.472,
2026-06-25T17:08:11.928,46.329,rpm,9498.000,54.472,
2026-06-25T17:08:11.956,46.360,rpm,9508.000,54.472,
2026-06-25T17:08:11.974,46.375,rpm,9521.000,54.472,
2026-06-25T17:08:11.975,46.375,torque,9521.000,54.874,
2026-06-25T17:08:11.975,46.375,rpm,9516.000,54.874,
2026-06-25T17:08:12.017,46.422,rpm,9554.000,54.874,
2026-06-25T17:08:12.048,46.454,rpm,9514.000,54.874,
2026-06-25T17:08:12.048,46.454,rpm,9469.000,54.874,
2026-06-25T17:08:12.049,46.454,torque,9469.000,54.983,
2026-06-25T17:08:12.088,46.500,rpm,9487.000,54.983,
2026-06-25T17:08:12.150,46.563,rpm,9547.000,54.983,
2026-06-25T17:08:12.175,46.579,rpm,9513.000,54.983,
2026-06-25T17:08:12.175,46.579,torque,9513.000,55.340,
2026-06-25T17:08:12.177,46.579,rpm,9516.000,55.340,
2026-06-25T17:08:12.211,46.625,rpm,9484.000,55.340,
2026-06-25T17:08:12.229,46.641,rpm,9416.000,55.340,
2026-06-25T17:08:12.230,46.641,rpm,9427.000,55.340,
2026-06-25T17:08:12.266,46.672,rpm,9458.000,55.340,
2026-06-25T17:08:12.266,46.672,torque,9458.000,55.495,
2026-06-25T17:08:12.267,46.672,rpm,9447.000,55.495,
2026-06-25T17:08:12.267,46.672,rpm,9436.000,55.495,
2026-06-25T17:08:12.316,46.719,rpm,9482.000,55.495,
2026-06-25T17:08:12.339,46.750,rpm,9485.000,55.495,
2026-06-25T17:08:12.339,46.750,torque,9485.000,54.778,
2026-06-25T17:08:12.340,46.750,rpm,9486.000,54.778,
2026-06-25T17:08:12.375,46.782,rpm,9447.000,54.778,
2026-06-25T17:08:12.397,46.797,rpm,9489.000,54.778,
2026-06-25T17:08:12.424,46.829,rpm,9480.000,54.778,
2026-06-25T17:08:12.424,46.829,torque,9480.000,54.994,
2026-06-25T17:08:12.424,46.829,rpm,9513.000,54.994,
2026-06-25T17:08:12.442,46.844,rpm,9505.000,54.994,
2026-06-25T17:08:12.467,46.875,rpm,9507.000,54.994,
2026-06-25T17:08:12.470,46.875,rpm,9536.000,54.994,
2026-06-25T17:08:12.493,46.907,rpm,9431.000,54.994,
2026-06-25T17:08:12.493,46.907,torque,9431.000,54.793,
2026-06-25T17:08:12.534,46.938,rpm,9510.000,54.793,
2026-06-25T17:08:12.567,46.969,rpm,9426.000,54.793,
2026-06-25T17:08:12.567,46.969,rpm,9504.000,54.793,
2026-06-25T17:08:12.602,47.016,rpm,9513.000,54.793,
2026-06-25T17:08:12.602,47.016,torque,9513.000,54.884,
2026-06-25T17:08:12.602,47.016,rpm,9519.000,54.884,
2026-06-25T17:08:12.649,47.063,rpm,9513.000,54.884,
2026-06-25T17:08:12.670,47.079,rpm,9469.000,54.884,
2026-06-25T17:08:12.671,47.079,torque,9469.000,55.729,
2026-06-25T17:08:12.671,47.079,rpm,9522.000,55.729,
2026-06-25T17:08:12.744,47.157,rpm,9513.000,55.729,
2026-06-25T17:08:12.744,47.157,rpm,9505.000,55.729,
2026-06-25T17:08:12.744,47.157,torque,9505.000,56.132,
2026-06-25T17:08:12.786,47.188,rpm,9502.000,56.132,
2026-06-25T17:08:12.805,47.219,rpm,9463.000,56.132,
2026-06-25T17:08:12.805,47.219,rpm,9504.000,56.132,
2026-06-25T17:08:12.806,47.219,rpm,9451.000,56.132,
2026-06-25T17:08:12.846,47.250,torque,9451.000,55.601,
2026-06-25T17:08:12.876,47.282,rpm,9497.000,55.601,
2026-06-25T17:08:12.876,47.282,rpm,9495.000,55.601,
2026-06-25T17:08:12.907,47.313,rpm,9498.000,55.601,
2026-06-25T17:08:12.907,47.313,rpm,9502.000,55.601,
2026-06-25T17:08:12.947,47.360,rpm,9502.000,55.601,
2026-06-25T17:08:12.947,47.360,torque,9502.000,55.405,
2026-06-25T17:08:12.960,47.360,rpm,9494.000,55.405,
2026-06-25T17:08:12.963,47.375,rpm,9497.000,55.405,
2026-06-25T17:08:13.011,47.422,rpm,9438.000,55.405,
2026-06-25T17:08:13.041,47.454,rpm,9488.000,55.405,
2026-06-25T17:08:13.041,47.454,torque,9488.000,55.482,
2026-06-25T17:08:13.063,47.469,rpm,9499.000,55.482,
2026-06-25T17:08:13.092,47.500,rpm,9548.000,55.482,
2026-06-25T17:08:13.092,47.500,rpm,9500.000,55.482,
2026-06-25T17:08:13.095,47.500,torque,9500.000,55.174,
2026-06-25T17:08:13.124,47.532,rpm,9516.000,55.174,
2026-06-25T17:08:13.151,47.563,rpm,9543.000,55.174,
2026-06-25T17:08:13.197,47.610,rpm,9516.000,55.174,
2026-06-25T17:08:13.197,47.610,torque,9516.000,55.202,
2026-06-25T17:08:13.225,47.625,rpm,9513.000,55.202,
2026-06-25T17:08:13.243,47.657,rpm,9514.000,55.202,
2026-06-25T17:08:13.244,47.657,rpm,9516.000,55.202,
2026-06-25T17:08:13.267,47.672,rpm,9516.000,55.202,
2026-06-25T17:08:13.278,47.688,torque,9516.000,55.318,
2026-06-25T17:08:13.279,47.688,rpm,9558.000,55.318,
2026-06-25T17:08:13.279,47.688,rpm,9512.000,55.318,
2026-06-25T17:08:13.331,47.735,rpm,9502.000,55.318,
2026-06-25T17:08:13.364,47.766,torque,9502.000,55.151,
2026-06-25T17:08:13.377,47.782,rpm,9515.000,55.151,
2026-06-25T17:08:13.407,47.813,rpm,9528.000,55.151,
2026-06-25T17:08:13.435,47.844,rpm,9563.000,55.151,
2026-06-25T17:08:13.436,47.844,torque,9563.000,54.605,
2026-06-25T17:08:13.458,47.860,rpm,9578.000,54.605,
2026-06-25T17:08:13.488,47.891,rpm,9529.000,54.605,
2026-06-25T17:08:13.508,47.922,rpm,9510.000,54.605,
2026-06-25T17:08:13.533,47.938,rpm,9476.000,54.605,
2026-06-25T17:08:13.549,47.954,rpm,9487.000,54.605,
2026-06-25T17:08:13.549,47.954,torque,9487.000,55.689,
2026-06-25T17:08:13.551,47.954,rpm,9506.000,55.689,
2026-06-25T17:08:13.551,47.954,rpm,9441.000,55.689,
2026-06-25T17:08:13.609,48.016,rpm,9511.000,55.689,
2026-06-25T17:08:13.609,48.016,rpm,9545.000,55.689,
2026-06-25T17:08:13.609,48.016,torque,9545.000,55.767,
2026-06-25T17:08:13.650,48.063,rpm,9499.000,55.767,
2026-06-25T17:08:13.674,48.079,rpm,9499.000,55.767,
2026-06-25T17:08:13.674,48.079,rpm,9500.000,55.767,
2026-06-25T17:08:13.715,48.125,rpm,9502.000,55.767,
2026-06-25T17:08:13.715,48.125,torque,9502.000,54.821,
2026-06-25T17:08:13.740,48.141,rpm,9504.000,54.821,
2026-06-25T17:08:13.740,48.141,rpm,9505.000,54.821,
2026-06-25T17:08:13.770,48.172,rpm,9521.000,54.821,
2026-06-25T17:08:13.815,48.219,rpm,9609.000,54.821,
2026-06-25T17:08:13.815,48.219,torque,9609.000,54.631,
2026-06-25T17:08:13.815,48.219,rpm,9578.000,54.631,
2026-06-25T17:08:13.830,48.235,rpm,9515.000,54.631,
2026-06-25T17:08:13.832,48.235,rpm,9505.000,54.631,
2026-06-25T17:08:13.861,48.266,rpm,9570.000,54.631,
2026-06-25T17:08:13.905,48.313,rpm,9504.000,54.631,
2026-06-25T17:08:13.906,48.313,torque,9504.000,54.997,
2026-06-25T17:08:13.926,48.329,rpm,9506.000,54.997,
2026-06-25T17:08:13.926,48.329,rpm,9498.000,54.997,
2026-06-25T17:08:13.949,48.360,rpm,9511.000,54.997,
2026-06-25T17:08:13.952,48.360,torque,9511.000,55.501,
2026-06-25T17:08:13.975,48.375,rpm,9518.000,55.501,
2026-06-25T17:08:13.975,48.375,rpm,9505.000,55.501,
2026-06-25T17:08:14.000,48.407,rpm,9486.000,55.501,
2026-06-25T17:08:14.057,48.469,rpm,9508.000,55.501,
2026-06-25T17:08:14.091,48.500,rpm,9465.000,55.501,
2026-06-25T17:08:14.091,48.500,torque,9465.000,54.953,
2026-06-25T17:08:14.092,48.500,rpm,9480.000,54.953,
2026-06-25T17:08:14.134,48.547,rpm,9511.000,54.953,
2026-06-25T17:08:14.134,48.547,rpm,9527.000,54.953,
2026-06-25T17:08:14.135,48.547,torque,9527.000,55.449,
2026-06-25T17:08:14.137,48.547,rpm,9493.000,55.449,
2026-06-25T17:08:14.203,48.610,rpm,9498.000,55.449,
2026-06-25T17:08:14.203,48.610,rpm,9495.000,55.449,
2026-06-25T17:08:14.229,48.641,rpm,9524.000,55.449,
2026-06-25T17:08:14.229,48.641,torque,9524.000,55.592,
2026-06-25T17:08:14.231,48.641,rpm,9551.000,55.592,
2026-06-25T17:08:14.269,48.672,rpm,9482.000,55.592,
2026-06-25T17:08:14.290,48.704,rpm,9549.000,55.592,
2026-06-25T17:08:14.321,48.735,torque,9549.000,55.565,
2026-06-25T17:08:14.342,48.750,rpm,9444.000,55.565,
2026-06-25T17:08:14.367,48.782,rpm,9483.000,55.565,
2026-06-25T17:08:14.386,48.797,rpm,9504.000,55.565,
2026-06-25T17:08:14.386,48.797,rpm,9497.000,55.565,
2026-06-25T17:08:14.410,48.813,rpm,9528.000,55.565,
2026-06-25T17:08:14.410,48.813,torque,9528.000,55.555,
2026-06-25T17:08:14.411,48.813,rpm,9502.000,55.555,
2026-06-25T17:08:14.414,48.829,rpm,9525.000,55.555,
2026-06-25T17:08:14.492,48.907,rpm,9500.000,55.555,
2026-06-25T17:08:14.492,48.907,rpm,9437.000,55.555,
2026-06-25T17:08:14.494,48.907,torque,9437.000,55.330,
2026-06-25T17:08:14.508,48.922,rpm,9499.000,55.330,
2026-06-25T17:08:14.509,48.922,rpm,9515.000,55.330,
2026-06-25T17:08:14.538,48.938,rpm,9455.000,55.330,
2026-06-25T17:08:14.582,48.985,rpm,9486.000,55.330,
2026-06-25T17:08:14.582,48.985,torque,9486.000,55.936,
2026-06-25T17:08:14.602,49.016,rpm,9442.000,55.936,
2026-06-25T17:08:14.602,49.016,rpm,9480.000,55.936,
2026-06-25T17:08:14.629,49.032,rpm,9481.000,55.936,
2026-06-25T17:08:14.654,49.063,rpm,9519.000,55.936,
2026-06-25T17:08:14.654,49.063,torque,9519.000,55.732,
2026-06-25T17:08:14.654,49.063,rpm,9518.000,55.732,
2026-06-25T17:08:14.676,49.079,rpm,9494.000,55.732,
2026-06-25T17:08:14.726,49.125,rpm,9516.000,55.732,
2026-06-25T17:08:14.757,49.157,rpm,9499.000,55.732,
2026-06-25T17:08:14.757,49.157,torque,9499.000,54.981,
2026-06-25T17:08:14.778,49.188,rpm,9492.000,54.981,
2026-06-25T17:08:14.804,49.219,rpm,9526.000,54.981,
2026-06-25T17:08:14.804,49.219,rpm,9551.000,54.981,
2026-06-25T17:08:14.807,49.219,rpm,9488.000,54.981,
2026-06-25T17:08:14.807,49.219,rpm,9513.000,54.981,
2026-06-25T17:08:14.807,49.219,torque,9513.000,54.656,
2026-06-25T17:08:14.881,49.282,rpm,9507.000,54.656,
2026-06-25T17:08:14.881,49.282,rpm,9509.000,54.656,
2026-06-25T17:08:14.905,49.313,rpm,9485.000,54.656,
2026-06-25T17:08:14.906,49.313,torque,9485.000,55.167,
2026-06-25T17:08:14.951,49.360,rpm,9409.000,55.167,
2026-06-25T17:08:14.952,49.360,rpm,9462.000,55.167,
2026-06-25T17:08:14.977,49.391,rpm,9495.000,55.167,
2026-06-25T17:08:14.980,49.391,rpm,9504.000,55.167,
2026-06-25T17:08:15.029,49.438,rpm,9516.000,55.167,
2026-06-25T17:08:15.029,49.438,torque,9516.000,55.701,
2026-06-25T17:08:15.070,49.485,rpm,9533.000,55.701,
2026-06-25T17:08:15.070,49.485,rpm,9508.000,55.701,
2026-06-25T17:08:15.104,49.516,torque,9508.000,55.334,
2026-06-25T17:08:15.104,49.516,rpm,9491.000,55.334,
2026-06-25T17:08:15.104,49.516,rpm,9502.000,55.334,
2026-06-25T17:08:15.125,49.532,rpm,9477.000,55.334,
2026-06-25T17:08:15.208,49.610,rpm,9519.000,55.334,
2026-06-25T17:08:15.208,49.610,rpm,9504.000,55.334,
2026-06-25T17:08:15.208,49.610,torque,9504.000,55.204,
2026-06-25T17:08:15.224,49.625,rpm,9478.000,55.204,
2026-06-25T17:08:15.252,49.657,rpm,9515.000,55.204,
2026-06-25T17:08:15.252,49.657,torque,9515.000,55.533,
2026-06-25T17:08:15.254,49.657,rpm,9512.000,55.533,
2026-06-25T17:08:15.301,49.704,rpm,9426.000,55.533,
2026-06-25T17:08:15.347,49.750,rpm,9494.000,55.533,
2026-06-25T17:08:15.347,49.750,rpm,9508.000,55.533,
2026-06-25T17:08:15.368,49.782,rpm,9476.000,55.533,
2026-06-25T17:08:15.368,49.782,torque,9476.000,55.342,
2026-06-25T17:08:15.388,49.797,rpm,9489.000,55.342,
2026-06-25T17:08:15.390,49.797,rpm,9518.000,55.342,
2026-06-25T17:08:15.406,49.813,rpm,9510.000,55.342,
2026-06-25T17:08:15.434,49.844,rpm,9504.000,55.342,
2026-06-25T17:08:15.434,49.844,torque,9504.000,54.793,
2026-06-25T17:08:15.462,49.875,rpm,9499.000,54.793,
2026-06-25T17:08:15.463,49.875,rpm,9512.000,54.793,
2026-06-25T17:08:15.510,49.922,rpm,9519.000,54.793,
2026-06-25T17:08:15.529,49.938,rpm,9511.000,54.793,
2026-06-25T17:08:15.529,49.938,torque,9511.000,54.274,
2026-06-25T17:08:15.562,49.969,rpm,9434.000,54.274,
2026-06-25T17:08:15.566,49.969,rpm,9493.000,54.274,
2026-06-25T17:08:15.597,50.000,rpm,9477.000,54.274,
2026-06-25T17:08:15.597,50.000,rpm,9517.000,54.274,
2026-06-25T17:08:15.645,50.047,rpm,9519.000,54.274,
2026-06-25T17:08:15.646,50.047,torque,9519.000,53.592,
2026-06-25T17:08:15.662,50.063,rpm,9502.000,53.592,
2026-06-25T17:08:15.688,50.094,rpm,9504.000,53.592,
2026-06-25T17:08:15.689,50.094,rpm,9412.000,53.592,
2026-06-25T17:08:15.689,50.094,torque,9412.000,53.259,
2026-06-25T17:08:15.713,50.125,rpm,9488.000,53.259,
2026-06-25T17:08:15.713,50.125,rpm,9431.000,53.259,
2026-06-25T17:08:15.735,50.141,rpm,9483.000,53.259,
2026-06-25T17:08:15.807,50.219,rpm,9475.000,53.259,
2026-06-25T17:08:15.807,50.219,torque,9475.000,54.111,
2026-06-25T17:08:15.807,50.219,rpm,9486.000,54.111,
2026-06-25T17:08:15.845,50.250,rpm,9513.000,54.111,
2026-06-25T17:08:15.846,50.250,rpm,9525.000,54.111,
2026-06-25T17:08:15.868,50.282,rpm,9475.000,54.111,
2026-06-25T17:08:15.868,50.282,torque,9475.000,53.631,
2026-06-25T17:08:15.888,50.297,rpm,9410.000,53.631,
2026-06-25T17:08:15.934,50.344,rpm,9504.000,53.631,
2026-06-25T17:08:15.934,50.344,rpm,9500.000,53.631,
2026-06-25T17:08:15.961,50.375,rpm,9498.000,53.631,
2026-06-25T17:08:15.973,50.375,torque,9498.000,53.870,
2026-06-25T17:08:16.002,50.407,rpm,9504.000,53.870,
2026-06-25T17:08:16.002,50.407,rpm,9510.000,53.870,
2026-06-25T17:08:16.005,50.407,rpm,9506.000,53.870,
2026-06-25T17:08:16.007,50.422,rpm,9480.000,53.870,
2026-06-25T17:08:16.062,50.469,torque,9480.000,53.926,
2026-06-25T17:08:16.094,50.500,rpm,9459.000,53.926,
2026-06-25T17:08:16.095,50.500,rpm,9481.000,53.926,
2026-06-25T17:08:16.114,50.516,rpm,9514.000,53.926,
2026-06-25T17:08:16.149,50.563,rpm,9490.000,53.926,
2026-06-25T17:08:16.150,50.563,rpm,9500.000,53.926,
2026-06-25T17:08:16.151,50.563,torque,9500.000,54.458,
2026-06-25T17:08:16.193,50.594,rpm,9516.000,54.458,
2026-06-25T17:08:16.193,50.594,rpm,9512.000,54.458,
2026-06-25T17:08:16.196,50.610,rpm,9437.000,54.458,
2026-06-25T17:08:16.228,50.641,rpm,9502.000,54.458,
2026-06-25T17:08:16.229,50.641,torque,9502.000,54.540,
2026-06-25T17:08:16.256,50.657,rpm,9501.000,54.540,
2026-06-25T17:08:16.256,50.657,rpm,9514.000,54.540,
2026-06-25T17:08:16.314,50.719,rpm,9499.000,54.540,
2026-06-25T17:08:16.344,50.750,rpm,9514.000,54.540,
2026-06-25T17:08:16.344,50.750,torque,9514.000,54.449,
2026-06-25T17:08:16.344,50.750,rpm,9436.000,54.449,
2026-06-25T17:08:16.391,50.797,rpm,9475.000,54.449,
2026-06-25T17:08:16.391,50.797,rpm,9480.000,54.449,
2026-06-25T17:08:16.394,50.797,torque,9480.000,54.050,
2026-06-25T17:08:16.408,50.813,rpm,9521.000,54.050,
2026-06-25T17:08:16.446,50.860,rpm,9600.000,54.050,
2026-06-25T17:08:16.502,50.907,rpm,9508.000,54.050,
2026-06-25T17:08:16.502,50.907,rpm,9491.000,54.050,
2026-06-25T17:08:16.502,50.907,torque,9491.000,54.058,
2026-06-25T17:08:16.523,50.938,rpm,9551.000,54.058,
2026-06-25T17:08:16.552,50.954,rpm,9506.000,54.058,
2026-06-25T17:08:16.552,50.954,rpm,9500.000,54.058,
2026-06-25T17:08:16.571,50.985,rpm,9594.000,54.058,
2026-06-25T17:08:16.572,50.985,torque,9594.000,54.460,
2026-06-25T17:08:16.572,50.985,rpm,9478.000,54.460,
2026-06-25T17:08:16.624,51.032,rpm,9530.000,54.460,
2026-06-25T17:08:16.652,51.063,rpm,9478.000,54.460,
2026-06-25T17:08:16.671,51.079,torque,9478.000,53.615,
2026-06-25T17:08:16.672,51.079,rpm,9486.000,53.615,
2026-06-25T17:08:16.703,51.110,rpm,9546.000,53.615,
2026-06-25T17:08:16.722,51.125,rpm,9477.000,53.615,
2026-06-25T17:08:16.752,51.157,rpm,9523.000,53.615,
2026-06-25T17:08:16.752,51.157,torque,9523.000,52.868,
2026-06-25T17:08:16.753,51.157,rpm,9540.000,52.868,
2026-06-25T17:08:16.781,51.188,rpm,9506.000,52.868,
2026-06-25T17:08:16.781,51.188,rpm,9518.000,52.868,
2026-06-25T17:08:16.807,51.219,rpm,9514.000,52.868,
2026-06-25T17:08:16.857,51.266,rpm,9291.000,52.868,
2026-06-25T17:08:16.857,51.266,torque,9291.000,53.083,
2026-06-25T17:08:16.891,51.297,rpm,9303.000,53.083,
2026-06-25T17:08:16.910,51.313,rpm,9251.000,53.083,
2026-06-25T17:08:16.911,51.313,rpm,9308.000,53.083,
2026-06-25T17:08:16.939,51.344,torque,9308.000,53.936,
2026-06-25T17:08:16.939,51.344,rpm,9338.000,53.936,
2026-06-25T17:08:16.954,51.360,rpm,9280.000,53.936,
2026-06-25T17:08:16.955,51.360,rpm,9317.000,53.936,
2026-06-25T17:08:16.990,51.391,rpm,9284.000,53.936,
2026-06-25T17:08:17.008,51.422,torque,9284.000,54.572,
2026-06-25T17:08:17.038,51.438,rpm,9252.000,54.572,
2026-06-25T17:08:17.038,51.438,rpm,9310.000,54.572,
2026-06-25T17:08:17.058,51.469,rpm,9330.000,54.572,
2026-06-25T17:08:17.081,51.485,rpm,9250.000,54.572,
2026-06-25T17:08:17.096,51.500,rpm,9317.000,54.572,
2026-06-25T17:08:17.096,51.500,torque,9317.000,56.623,
2026-06-25T17:08:17.099,51.500,rpm,9332.000,56.623,
2026-06-25T17:08:17.146,51.547,rpm,9318.000,56.623,
2026-06-25T17:08:17.146,51.547,rpm,9310.000,56.623,
2026-06-25T17:08:17.169,51.579,torque,9310.000,58.976,
2026-06-25T17:08:17.169,51.579,rpm,9310.000,58.976,
2026-06-25T17:08:17.207,51.610,rpm,9254.000,58.976,
2026-06-25T17:08:17.207,51.610,rpm,9254.000,58.976,
2026-06-25T17:08:17.272,51.672,rpm,9288.000,58.976,
2026-06-25T17:08:17.272,51.672,torque,9288.000,59.599,
2026-06-25T17:08:17.272,51.672,rpm,9286.000,59.599,
2026-06-25T17:08:17.313,51.719,rpm,9194.000,59.599,
2026-06-25T17:08:17.340,51.750,torque,9194.000,59.944,
2026-06-25T17:08:17.340,51.750,rpm,9275.000,59.944,
2026-06-25T17:08:17.364,51.766,rpm,9326.000,59.944,
2026-06-25T17:08:17.392,51.797,rpm,9312.000,59.944,
2026-06-25T17:08:17.415,51.829,rpm,9302.000,59.944,
2026-06-25T17:08:17.438,51.844,rpm,9306.000,59.944,
2026-06-25T17:08:17.438,51.844,torque,9306.000,60.729,
2026-06-25T17:08:17.439,51.844,rpm,9307.000,60.729,
2026-06-25T17:08:17.454,51.860,rpm,9347.000,60.729,
2026-06-25T17:08:17.528,51.938,rpm,9291.000,60.729,
2026-06-25T17:08:17.528,51.938,torque,9291.000,60.557,
2026-06-25T17:08:17.528,51.938,rpm,9291.000,60.557,
2026-06-25T17:08:17.551,51.954,rpm,9278.000,60.557,
2026-06-25T17:08:17.591,52.000,rpm,9256.000,60.557,
2026-06-25T17:08:17.591,52.000,rpm,9302.000,60.557,
2026-06-25T17:08:17.624,52.032,rpm,9296.000,60.557,
2026-06-25T17:08:17.624,52.032,torque,9296.000,60.910,
2026-06-25T17:08:17.624,52.032,rpm,9333.000,60.910,
2026-06-25T17:08:17.649,52.063,rpm,9317.000,60.910,
2026-06-25T17:08:17.699,52.110,rpm,9305.000,60.910,
2026-06-25T17:08:17.726,52.125,rpm,9310.000,60.910,
2026-06-25T17:08:17.727,52.141,torque,9310.000,62.126,
2026-06-25T17:08:17.727,52.141,rpm,9248.000,62.126,
2026-06-25T17:08:17.776,52.188,rpm,9324.000,62.126,
2026-06-25T17:08:17.776,52.188,rpm,9312.000,62.126,
2026-06-25T17:08:17.778,52.188,torque,9312.000,61.827,
2026-06-25T17:08:17.779,52.188,rpm,9317.000,61.827,
2026-06-25T17:08:17.812,52.219,rpm,9247.000,61.827,
2026-06-25T17:08:17.812,52.219,rpm,9354.000,61.827,
2026-06-25T17:08:17.861,52.266,rpm,9319.000,61.827,
2026-06-25T17:08:17.880,52.282,torque,9319.000,61.658,
2026-06-25T17:08:17.881,52.282,rpm,9288.000,61.658,
2026-06-25T17:08:17.882,52.282,rpm,9296.000,61.658,
2026-06-25T17:08:17.924,52.329,rpm,9326.000,61.658,
2026-06-25T17:08:17.950,52.360,rpm,9279.000,61.658,
2026-06-25T17:08:17.950,52.360,torque,9279.000,62.064,
2026-06-25T17:08:17.989,52.391,rpm,9300.000,62.064,
2026-06-25T17:08:17.990,52.391,rpm,9273.000,62.064,
2026-06-25T17:08:18.008,52.422,rpm,9297.000,62.064,
2026-06-25T17:08:18.047,52.454,rpm,9225.000,62.064,
2026-06-25T17:08:18.047,52.454,torque,9225.000,62.063,
2026-06-25T17:08:18.073,52.485,rpm,9293.000,62.063,
2026-06-25T17:08:18.074,52.485,rpm,9273.000,62.063,
2026-06-25T17:08:18.099,52.500,rpm,9284.000,62.063,
2026-06-25T17:08:18.099,52.500,rpm,9284.000,62.063,
2026-06-25T17:08:18.118,52.532,torque,9284.000,60.820,
2026-06-25T17:08:18.185,52.594,rpm,9291.000,60.820,
2026-06-25T17:08:18.185,52.594,rpm,9319.000,60.820,
2026-06-25T17:08:18.210,52.625,rpm,9242.000,60.820,
2026-06-25T17:08:18.210,52.625,torque,9242.000,61.034,
2026-06-25T17:08:18.210,52.625,rpm,9242.000,61.034,
2026-06-25T17:08:18.228,52.641,rpm,9293.000,61.034,
2026-06-25T17:08:18.297,52.704,rpm,9318.000,61.034,
2026-06-25T17:08:18.297,52.704,rpm,9313.000,61.034,
2026-06-25T17:08:18.313,52.719,torque,9313.000,62.392,
2026-06-25T17:08:18.342,52.750,rpm,9268.000,62.392,
2026-06-25T17:08:18.342,52.750,rpm,9296.000,62.392,
2026-06-25T17:08:18.343,52.750,rpm,9319.000,62.392,
2026-06-25T17:08:18.370,52.782,rpm,9323.000,62.392,
2026-06-25T17:08:18.393,52.797,torque,9323.000,62.778,
2026-06-25T17:08:18.393,52.797,rpm,9294.000,62.778,
2026-06-25T17:08:18.442,52.844,rpm,9319.000,62.778,
2026-06-25T17:08:18.443,52.844,rpm,9313.000,62.778,
2026-06-25T17:08:18.473,52.875,rpm,9318.000,62.778,
2026-06-25T17:08:18.475,52.875,rpm,9236.000,62.778,
2026-06-25T17:08:18.476,52.891,torque,9236.000,62.612,
2026-06-25T17:08:18.509,52.922,rpm,9302.000,62.612,
2026-06-25T17:08:18.533,52.938,rpm,9322.000,62.612,
2026-06-25T17:08:18.564,52.969,rpm,9308.000,62.612,
2026-06-25T17:08:18.587,53.000,rpm,9296.000,62.612,
2026-06-25T17:08:18.587,53.000,torque,9296.000,62.398,
2026-06-25T17:08:18.587,53.000,rpm,9296.000,62.398,
2026-06-25T17:08:18.589,53.000,rpm,9392.000,62.398,
2026-06-25T17:08:18.636,53.047,rpm,9310.000,62.398,
2026-06-25T17:08:18.669,53.079,rpm,9254.000,62.398,
2026-06-25T17:08:18.669,53.079,torque,9254.000,63.127,
2026-06-25T17:08:18.669,53.079,rpm,9272.000,63.127,
2026-06-25T17:08:18.688,53.094,rpm,9334.000,63.127,
2026-06-25T17:08:18.715,53.125,rpm,9289.000,63.127,
2026-06-25T17:08:18.736,53.141,rpm,9273.000,63.127,
2026-06-25T17:08:18.737,53.141,torque,9273.000,62.349,
2026-06-25T17:08:18.737,53.141,rpm,9304.000,62.349,
2026-06-25T17:08:18.774,53.188,rpm,9252.000,62.349,
2026-06-25T17:08:18.802,53.204,rpm,9353.000,62.349,
2026-06-25T17:08:18.802,53.204,rpm,9299.000,62.349,
2026-06-25T17:08:18.825,53.235,torque,9299.000,62.495,
2026-06-25T17:08:18.825,53.235,rpm,9317.000,62.495,
2026-06-25T17:08:18.845,53.250,rpm,9367.000,62.495,
2026-06-25T17:08:18.845,53.250,rpm,9320.000,62.495,
2026-06-25T17:08:18.886,53.297,rpm,9329.000,62.495,
2026-06-25T17:08:18.909,53.313,torque,9329.000,63.043,
2026-06-25T17:08:18.925,53.329,rpm,9286.000,63.043,
2026-06-25T17:08:18.952,53.360,rpm,9284.000,63.043,
2026-06-25T17:08:18.953,53.360,rpm,9353.000,63.043,
2026-06-25T17:08:18.977,53.391,rpm,9250.000,63.043,
2026-06-25T17:08:18.977,53.391,rpm,9265.000,63.043,
2026-06-25T17:08:18.977,53.391,torque,9265.000,63.654,
2026-06-25T17:08:18.997,53.407,rpm,9304.000,63.654,
2026-06-25T17:08:19.064,53.469,rpm,9324.000,63.654,
2026-06-25T17:08:19.065,53.469,rpm,9321.000,63.654,
2026-06-25T17:08:19.082,53.485,rpm,9382.000,63.654,
2026-06-25T17:08:19.082,53.485,torque,9382.000,63.299,
2026-06-25T17:08:19.110,53.516,rpm,9327.000,63.299,
2026-06-25T17:08:19.135,53.547,rpm,9309.000,63.299,
2026-06-25T17:08:19.155,53.563,rpm,9355.000,63.299,
2026-06-25T17:08:19.155,53.563,torque,9355.000,62.392,
2026-06-25T17:08:19.194,53.594,rpm,9314.000,62.392,
2026-06-25T17:08:19.194,53.594,rpm,9314.000,62.392,
2026-06-25T17:08:19.225,53.625,rpm,9294.000,62.392,
2026-06-25T17:08:19.248,53.657,rpm,9295.000,62.392,
2026-06-25T17:08:19.249,53.657,torque,9295.000,63.949,
2026-06-25T17:08:19.249,53.657,rpm,9294.000,63.949,
2026-06-25T17:08:19.321,53.735,rpm,9315.000,63.949,
2026-06-25T17:08:19.350,53.750,rpm,9338.000,63.949,
2026-06-25T17:08:19.367,53.782,rpm,9293.000,63.949,
2026-06-25T17:08:19.368,53.782,rpm,9288.000,63.949,
2026-06-25T17:08:19.368,53.782,torque,9288.000,64.325,
2026-06-25T17:08:19.390,53.797,rpm,9325.000,64.325,
2026-06-25T17:08:19.394,53.797,rpm,9294.000,64.325,
2026-06-25T17:08:19.394,53.797,torque,9294.000,64.256,
2026-06-25T17:08:19.394,53.797,rpm,9284.000,64.256,
2026-06-25T17:08:19.469,53.875,rpm,9295.000,64.256,
2026-06-25T17:08:19.487,53.891,rpm,9317.000,64.256,
2026-06-25T17:08:19.514,53.922,rpm,9306.000,64.256,
2026-06-25T17:08:19.515,53.922,rpm,9307.000,64.256,
2026-06-25T17:08:19.531,53.938,torque,9307.000,64.284,
2026-06-25T17:08:19.534,53.938,rpm,9302.000,64.284,
2026-06-25T17:08:19.534,53.938,rpm,9315.000,64.284,
2026-06-25T17:08:19.593,54.000,rpm,9259.000,64.284,
2026-06-25T17:08:19.593,54.000,torque,9259.000,64.454,
2026-06-25T17:08:19.641,54.047,rpm,9306.000,64.454,
2026-06-25T17:08:19.643,54.047,rpm,9302.000,64.454,
2026-06-25T17:08:19.669,54.079,rpm,9330.000,64.454,
2026-06-25T17:08:19.694,54.094,rpm,9328.000,64.454,
2026-06-25T17:08:19.714,54.125,torque,9328.000,65.086,
2026-06-25T17:08:19.714,54.125,rpm,9356.000,65.086,
2026-06-25T17:08:19.745,54.157,rpm,9322.000,65.086,
2026-06-25T17:08:19.747,54.157,rpm,9246.000,65.086,
2026-06-25T17:08:19.749,54.157,rpm,9291.000,65.086,
2026-06-25T17:08:19.784,54.188,rpm,9332.000,65.086,
2026-06-25T17:08:19.784,54.188,torque,9332.000,65.190,
2026-06-25T17:08:19.816,54.219,rpm,9307.000,65.190,
2026-06-25T17:08:19.816,54.219,rpm,9319.000,65.190,
2026-06-25T17:08:19.847,54.250,rpm,9310.000,65.190,
2026-06-25T17:08:19.904,54.313,rpm,9294.000,65.190,
2026-06-25T17:08:19.905,54.313,torque,9294.000,64.830,
2026-06-25T17:08:19.905,54.313,rpm,9305.000,64.830,
2026-06-25T17:08:19.953,54.360,rpm,9303.000,64.830,
2026-06-25T17:08:19.954,54.360,rpm,9315.000,64.830,
2026-06-25T17:08:19.954,54.360,torque,9315.000,65.434,
2026-06-25T17:08:19.981,54.391,rpm,9314.000,65.434,
2026-06-25T17:08:19.998,54.407,rpm,9362.000,65.434,
2026-06-25T17:08:20.023,54.422,rpm,9314.000,65.434,
2026-06-25T17:08:20.023,54.422,torque,9314.000,65.841,
2026-06-25T17:08:20.104,54.516,rpm,9318.000,65.841,
2026-06-25T17:08:20.105,54.516,rpm,9318.000,65.841,
2026-06-25T17:08:20.129,54.532,rpm,9294.000,65.841,
2026-06-25T17:08:20.148,54.563,rpm,9281.000,65.841,
2026-06-25T17:08:20.148,54.563,rpm,9295.000,65.841,
2026-06-25T17:08:20.149,54.563,torque,9295.000,65.928,
2026-06-25T17:08:20.177,54.579,rpm,9327.000,65.928,
2026-06-25T17:08:20.180,54.594,rpm,9246.000,65.928,
2026-06-25T17:08:20.180,54.594,torque,9246.000,65.298,
2026-06-25T17:08:20.180,54.594,rpm,9270.000,65.298,
2026-06-25T17:08:20.261,54.672,rpm,9340.000,65.298,
2026-06-25T17:08:20.288,54.688,rpm,9247.000,65.298,
2026-06-25T17:08:20.290,54.704,rpm,9347.000,65.298,
2026-06-25T17:08:20.312,54.719,rpm,9316.000,65.298,
2026-06-25T17:08:20.312,54.719,torque,9316.000,65.997,
2026-06-25T17:08:20.332,54.735,rpm,9358.000,65.997,
2026-06-25T17:08:20.334,54.735,rpm,9309.000,65.997,
2026-06-25T17:08:20.364,54.766,rpm,9352.000,65.997,
2026-06-25T17:08:20.411,54.813,torque,9352.000,65.880,
2026-06-25T17:08:20.431,54.844,rpm,9329.000,65.880,
2026-06-25T17:08:20.466,54.875,rpm,9334.000,65.880,
2026-06-25T17:08:20.468,54.875,torque,9334.000,65.452,
2026-06-25T17:08:20.494,54.907,rpm,9303.000,65.452,
2026-06-25T17:08:20.494,54.907,rpm,9305.000,65.452,
2026-06-25T17:08:20.518,54.922,rpm,9330.000,65.452,
2026-06-25T17:08:20.566,54.969,rpm,9303.000,65.452,
2026-06-25T17:08:20.566,54.969,rpm,9314.000,65.452,
2026-06-25T17:08:20.566,54.969,torque,9314.000,65.534,
2026-06-25T17:08:20.598,55.000,rpm,9267.000,65.534,
2026-06-25T17:08:20.618,55.032,rpm,9280.000,65.534,
2026-06-25T17:08:20.641,55.047,rpm,9312.000,65.534,
2026-06-25T17:08:20.641,55.047,torque,9312.000,66.090,
2026-06-25T17:08:20.641,55.047,rpm,9263.000,66.090,
2026-06-25T17:08:20.662,55.063,rpm,9302.000,66.090,
2026-06-25T17:08:20.662,55.063,rpm,9302.000,66.090,
2026-06-25T17:08:20.713,55.125,rpm,9295.000,66.090,
2026-06-25T17:08:20.738,55.141,torque,9295.000,67.145,
2026-06-25T17:08:20.738,55.141,rpm,9304.000,67.145,
2026-06-25T17:08:20.759,55.172,rpm,9293.000,67.145,
2026-06-25T17:08:20.786,55.188,rpm,9288.000,67.145,
2026-06-25T17:08:20.788,55.188,rpm,9295.000,67.145,
2026-06-25T17:08:20.811,55.219,rpm,9305.000,67.145,
2026-06-25T17:08:20.811,55.219,torque,9305.000,67.149,
2026-06-25T17:08:20.811,55.219,rpm,9301.000,67.149,
2026-06-25T17:08:20.837,55.250,rpm,9285.000,67.149,
2026-06-25T17:08:20.885,55.297,rpm,9294.000,67.149,
2026-06-25T17:08:20.913,55.313,rpm,9314.000,67.149,
2026-06-25T17:08:20.913,55.313,torque,9314.000,67.348,
2026-06-25T17:08:20.929,55.344,rpm,9325.000,67.348,
2026-06-25T17:08:20.953,55.360,rpm,9306.000,67.348,
2026-06-25T17:08:20.953,55.360,rpm,9308.000,67.348,
2026-06-25T17:08:20.956,55.360,rpm,9326.000,67.348,
2026-06-25T17:08:20.956,55.360,torque,9326.000,67.806,
2026-06-25T17:08:20.956,55.360,rpm,9322.000,67.806,
2026-06-25T17:08:21.046,55.454,rpm,9310.000,67.806,
2026-06-25T17:08:21.083,55.485,rpm,9276.000,67.806,
2026-06-25T17:08:21.084,55.485,torque,9276.000,67.924,
2026-06-25T17:08:21.110,55.516,rpm,9286.000,67.924,
2026-06-25T17:08:21.113,55.516,rpm,9338.000,67.924,
2026-06-25T17:08:21.141,55.547,rpm,9315.000,67.924,
2026-06-25T17:08:21.142,55.547,rpm,9231.000,67.924,
2026-06-25T17:08:21.169,55.579,torque,9231.000,68.029,
2026-06-25T17:08:21.170,55.579,rpm,9301.000,68.029,
2026-06-25T17:08:21.195,55.610,rpm,9293.000,68.029,
2026-06-25T17:08:21.195,55.610,rpm,9313.000,68.029,
2026-06-25T17:08:21.243,55.657,rpm,9307.000,68.029,
2026-06-25T17:08:21.270,55.672,torque,9307.000,68.244,
2026-06-25T17:08:21.270,55.672,rpm,9256.000,68.244,
2026-06-25T17:08:21.287,55.688,rpm,9295.000,68.244,
2026-06-25T17:08:21.311,55.719,rpm,9306.000,68.244,
2026-06-25T17:08:21.312,55.719,rpm,9306.000,68.244,
2026-06-25T17:08:21.337,55.750,torque,9306.000,69.129,
2026-06-25T17:08:21.337,55.750,rpm,9254.000,69.129,
2026-06-25T17:08:21.360,55.766,rpm,9302.000,69.129,
2026-06-25T17:08:21.386,55.797,rpm,9318.000,69.129,
2026-06-25T17:08:21.408,55.813,rpm,9322.000,69.129,
2026-06-25T17:08:21.431,55.844,rpm,9309.000,69.129,
2026-06-25T17:08:21.431,55.844,torque,9309.000,69.375,
2026-06-25T17:08:21.451,55.860,rpm,9319.000,69.375,
2026-06-25T17:08:21.472,55.875,rpm,9280.000,69.375,
2026-06-25T17:08:21.473,55.875,rpm,9310.000,69.375,
2026-06-25T17:08:21.474,55.875,rpm,9311.000,69.375,
2026-06-25T17:08:21.476,55.891,torque,9311.000,69.012,
2026-06-25T17:08:21.502,55.907,rpm,9311.000,69.012,
2026-06-25T17:08:21.555,55.969,rpm,9304.000,69.012,
2026-06-25T17:08:21.575,55.985,rpm,9289.000,69.012,
2026-06-25T17:08:21.603,56.016,rpm,9328.000,69.012,
2026-06-25T17:08:21.603,56.016,torque,9328.000,69.389,
2026-06-25T17:08:21.622,56.032,rpm,9331.000,69.389,
2026-06-25T17:08:21.623,56.032,rpm,9297.000,69.389,
2026-06-25T17:08:21.705,56.110,torque,9297.000,69.815,
2026-06-25T17:08:21.705,56.110,rpm,9348.000,69.815,
2026-06-25T17:08:21.705,56.110,rpm,9295.000,69.815,
2026-06-25T17:08:21.723,56.125,rpm,9306.000,69.815,
2026-06-25T17:08:21.752,56.157,rpm,9326.000,69.815,
2026-06-25T17:08:21.754,56.157,rpm,9381.000,69.815,
2026-06-25T17:08:21.755,56.157,torque,9381.000,70.052,
2026-06-25T17:08:21.776,56.188,rpm,9312.000,70.052,
2026-06-25T17:08:21.802,56.204,rpm,9324.000,70.052,
2026-06-25T17:08:21.802,56.204,rpm,9324.000,70.052,
2026-06-25T17:08:21.844,56.250,rpm,9297.000,70.052,
2026-06-25T17:08:21.871,56.282,torque,9297.000,70.383,
2026-06-25T17:08:21.889,56.297,rpm,9305.000,70.383,
2026-06-25T17:08:21.890,56.297,rpm,9380.000,70.383,
2026-06-25T17:08:21.917,56.329,rpm,9318.000,70.383,
2026-06-25T17:08:21.919,56.329,rpm,9332.000,70.383,
2026-06-25T17:08:21.941,56.344,rpm,9251.000,70.383,
2026-06-25T17:08:21.941,56.344,torque,9251.000,70.870,
2026-06-25T17:08:21.985,56.391,rpm,9312.000,70.870,
2026-06-25T17:08:22.009,56.422,rpm,9314.000,70.870,
2026-06-25T17:08:22.036,56.438,rpm,9248.000,70.870,
2026-06-25T17:08:22.037,56.438,torque,9248.000,70.840,
2026-06-25T17:08:22.055,56.469,rpm,9310.000,70.840,
2026-06-25T17:08:22.081,56.485,rpm,9310.000,70.840,
2026-06-25T17:08:22.083,56.485,rpm,9246.000,70.840,
2026-06-25T17:08:22.108,56.516,rpm,9267.000,70.840,
2026-06-25T17:08:22.108,56.516,torque,9267.000,70.994,
2026-06-25T17:08:22.149,56.563,rpm,9281.000,70.994,
2026-06-25T17:08:22.150,56.563,rpm,9291.000,70.994,
2026-06-25T17:08:22.173,56.579,rpm,9239.000,70.994,
2026-06-25T17:08:22.217,56.625,rpm,9288.000,70.994,
2026-06-25T17:08:22.218,56.625,torque,9288.000,71.073,
2026-06-25T17:08:22.218,56.625,rpm,9292.000,71.073,
2026-06-25T17:08:22.246,56.657,rpm,9300.000,71.073,
2026-06-25T17:08:22.246,56.657,rpm,9304.000,71.073,
2026-06-25T17:08:22.273,56.672,rpm,9291.000,71.073,
2026-06-25T17:08:22.273,56.672,torque,9291.000,71.619,
2026-06-25T17:08:22.275,56.688,rpm,9303.000,71.619,
2026-06-25T17:08:22.348,56.750,rpm,9308.000,71.619,
2026-06-25T17:08:22.348,56.750,rpm,9312.000,71.619,
2026-06-25T17:08:22.378,56.782,rpm,9321.000,71.619,
2026-06-25T17:08:22.382,56.797,rpm,9315.000,71.619,
2026-06-25T17:08:22.382,56.797,torque,9315.000,71.584,
2026-06-25T17:08:22.438,56.844,rpm,9319.000,71.584,
2026-06-25T17:08:22.440,56.844,rpm,9321.000,71.584,
2026-06-25T17:08:22.462,56.875,rpm,9304.000,71.584,
2026-06-25T17:08:22.488,56.891,rpm,9322.000,71.584,
2026-06-25T17:08:22.490,56.891,rpm,9306.000,71.584,
2026-06-25T17:08:22.490,56.891,torque,9306.000,72.354,
2026-06-25T17:08:22.513,56.922,rpm,9380.000,72.354,
2026-06-25T17:08:22.538,56.938,rpm,9283.000,72.354,
2026-06-25T17:08:22.540,56.954,rpm,9294.000,72.354,
2026-06-25T17:08:22.540,56.954,torque,9294.000,72.384,
2026-06-25T17:08:22.566,56.969,rpm,9288.000,72.384,
2026-06-25T17:08:22.621,57.032,rpm,9325.000,72.384,
2026-06-25T17:08:22.622,57.032,rpm,9316.000,72.384,
2026-06-25T17:08:22.646,57.047,rpm,9305.000,72.384,
2026-06-25T17:08:22.646,57.047,torque,9305.000,72.341,
2026-06-25T17:08:22.666,57.079,rpm,9314.000,72.341,
2026-06-25T17:08:22.667,57.079,rpm,9320.000,72.341,
2026-06-25T17:08:22.693,57.094,rpm,9322.000,72.341,
2026-06-25T17:08:22.696,57.110,torque,9322.000,72.795,
2026-06-25T17:08:22.697,57.110,rpm,9281.000,72.795,
2026-06-25T17:08:22.773,57.188,rpm,9296.000,72.795,
2026-06-25T17:08:22.802,57.204,rpm,9307.000,72.795,
2026-06-25T17:08:22.803,57.204,rpm,9318.000,72.795,
2026-06-25T17:08:22.803,57.204,torque,9318.000,73.197,
2026-06-25T17:08:22.836,57.250,rpm,9306.000,73.197,
2026-06-25T17:08:22.856,57.266,rpm,9324.000,73.197,
2026-06-25T17:08:22.891,57.297,rpm,9305.000,73.197,
2026-06-25T17:08:22.893,57.297,rpm,9317.000,73.197,
2026-06-25T17:08:22.893,57.297,rpm,9249.000,73.197,
2026-06-25T17:08:22.893,57.297,torque,9249.000,73.463,
2026-06-25T17:08:22.945,57.344,rpm,9353.000,73.463,
2026-06-25T17:08:22.945,57.344,rpm,9254.000,73.463,
2026-06-25T17:08:22.971,57.375,rpm,9299.000,73.463,
2026-06-25T17:08:22.972,57.375,rpm,9285.000,73.463,
2026-06-25T17:08:22.972,57.375,torque,9285.000,73.899,
2026-06-25T17:08:23.018,57.422,rpm,9303.000,73.899,
2026-06-25T17:08:23.046,57.454,rpm,9308.000,73.899,
2026-06-25T17:08:23.046,57.454,rpm,9284.000,73.899,
2026-06-25T17:08:23.051,57.454,rpm,9297.000,73.899,
2026-06-25T17:08:23.078,57.485,torque,9297.000,74.280,
2026-06-25T17:08:23.078,57.485,rpm,9296.000,74.280,
2026-06-25T17:08:23.103,57.516,rpm,9303.000,74.280,
2026-06-25T17:08:23.129,57.532,rpm,9244.000,74.280,
2026-06-25T17:08:23.157,57.563,rpm,9317.000,74.280,
2026-06-25T17:08:23.158,57.563,rpm,9304.000,74.280,
2026-06-25T17:08:23.158,57.563,torque,9304.000,73.900,
2026-06-25T17:08:23.158,57.563,rpm,9287.000,73.900,
2026-06-25T17:08:23.214,57.625,rpm,9314.000,73.900,
2026-06-25T17:08:23.251,57.657,rpm,9313.000,73.900,
2026-06-25T17:08:23.252,57.657,rpm,9309.000,73.900,
2026-06-25T17:08:23.280,57.688,torque,9309.000,74.156,
2026-06-25T17:08:23.312,57.719,rpm,9311.000,74.156,
2026-06-25T17:08:23.312,57.719,rpm,9307.000,74.156,
2026-06-25T17:08:23.335,57.735,rpm,9246.000,74.156,
2026-06-25T17:08:23.336,57.750,torque,9246.000,74.687,
2026-06-25T17:08:23.338,57.750,rpm,9273.000,74.687,
2026-06-25T17:08:23.338,57.750,rpm,9286.000,74.687,
2026-06-25T17:08:23.396,57.797,rpm,9325.000,74.687,
2026-06-25T17:08:23.432,57.844,rpm,9312.000,74.687,
2026-06-25T17:08:23.433,57.844,torque,9312.000,74.503,
2026-06-25T17:08:23.451,57.860,rpm,9324.000,74.503,
2026-06-25T17:08:23.479,57.891,rpm,9301.000,74.503,
2026-06-25T17:08:23.480,57.891,rpm,9313.000,74.503,
2026-06-25T17:08:23.482,57.891,rpm,9367.000,74.503,
2026-06-25T17:08:23.482,57.891,rpm,9337.000,74.503,
2026-06-25T17:08:23.484,57.891,rpm,9316.000,74.503,
2026-06-25T17:08:23.484,57.891,torque,9316.000,74.763,
2026-06-25T17:08:23.565,57.969,rpm,9335.000,74.763,
2026-06-25T17:08:23.565,57.969,rpm,9331.000,74.763,
2026-06-25T17:08:23.591,58.000,rpm,9377.000,74.763,
2026-06-25T17:08:23.591,58.000,torque,9377.000,75.074,
2026-06-25T17:08:23.623,58.032,rpm,9306.000,75.074,
2026-06-25T17:08:23.650,58.063,rpm,9287.000,75.074,
2026-06-25T17:08:23.677,58.079,rpm,9303.000,75.074,
2026-06-25T17:08:23.677,58.079,rpm,9309.000,75.074,
2026-06-25T17:08:23.697,58.110,rpm,9306.000,75.074,
2026-06-25T17:08:23.697,58.110,torque,9306.000,75.218,
2026-06-25T17:08:23.730,58.141,rpm,9310.000,75.218,
2026-06-25T17:08:23.731,58.141,rpm,9319.000,75.218,
2026-06-25T17:08:23.760,58.172,rpm,9317.000,75.218,
2026-06-25T17:08:23.760,58.172,rpm,9311.000,75.218,
2026-06-25T17:08:23.760,58.172,torque,9311.000,75.691,
2026-06-25T17:08:23.764,58.172,rpm,9291.000,75.691,
2026-06-25T17:08:23.843,58.250,rpm,9308.000,75.691,
2026-06-25T17:08:23.871,58.282,rpm,9298.000,75.691,
2026-06-25T17:08:23.871,58.282,torque,9298.000,76.136,
2026-06-25T17:08:23.874,58.282,rpm,9311.000,76.136,
2026-06-25T17:08:23.909,58.313,rpm,9288.000,76.136,
2026-06-25T17:08:23.941,58.344,rpm,9316.000,76.136,
2026-06-25T17:08:23.941,58.344,torque,9316.000,76.449,
2026-06-25T17:08:23.992,58.407,rpm,9313.000,76.449,
2026-06-25T17:08:23.992,58.407,rpm,9311.000,76.449,
2026-06-25T17:08:24.017,58.422,rpm,9285.000,76.449,
2026-06-25T17:08:24.019,58.422,rpm,9314.000,76.449,
2026-06-25T17:08:24.019,58.422,torque,9314.000,76.300,
2026-06-25T17:08:24.067,58.469,rpm,9311.000,76.300,
2026-06-25T17:08:24.068,58.469,rpm,9305.000,76.300,
2026-06-25T17:08:24.122,58.532,rpm,9319.000,76.300,
2026-06-25T17:08:24.123,58.532,torque,9319.000,76.747,
2026-06-25T17:08:24.152,58.563,rpm,9373.000,76.747,
2026-06-25T17:08:24.176,58.579,rpm,9342.000,76.747,
2026-06-25T17:08:24.177,58.579,rpm,9285.000,76.747,
2026-06-25T17:08:24.203,58.610,rpm,9309.000,76.747,
2026-06-25T17:08:24.204,58.610,torque,9309.000,76.928,
2026-06-25T17:08:24.222,58.625,rpm,9307.000,76.928,
2026-06-25T17:08:24.223,58.625,rpm,9323.000,76.928,
2026-06-25T17:08:24.255,58.657,rpm,9309.000,76.928,
2026-06-25T17:08:24.314,58.719,rpm,9329.000,76.928,
2026-06-25T17:08:24.316,58.719,rpm,9262.000,76.928,
2026-06-25T17:08:24.316,58.719,torque,9262.000,77.042,
2026-06-25T17:08:24.336,58.750,rpm,9307.000,77.042,
2026-06-25T17:08:24.371,58.782,rpm,9315.000,77.042,
2026-06-25T17:08:24.372,58.782,rpm,9321.000,77.042,
2026-06-25T17:08:24.372,58.782,torque,9321.000,77.384,
2026-06-25T17:08:24.433,58.844,rpm,9347.000,77.384,
2026-06-25T17:08:24.433,58.844,rpm,9309.000,77.384,
2026-06-25T17:08:24.464,58.875,rpm,9287.000,77.384,
2026-06-25T17:08:24.490,58.891,rpm,9325.000,77.384,
2026-06-25T17:08:24.490,58.891,torque,9325.000,77.746,
2026-06-25T17:08:24.490,58.891,rpm,9315.000,77.746,
2026-06-25T17:08:24.512,58.922,rpm,9316.000,77.746,
2026-06-25T17:08:24.513,58.922,rpm,9307.000,77.746,
2026-06-25T17:08:24.514,58.922,rpm,9310.000,77.746,
2026-06-25T17:08:24.544,58.954,torque,9310.000,77.878,
2026-06-25T17:08:24.569,58.969,rpm,9277.000,77.878,
2026-06-25T17:08:24.599,59.000,rpm,9287.000,77.878,
2026-06-25T17:08:24.601,59.016,rpm,9310.000,77.878,
2026-06-25T17:08:24.633,59.047,rpm,9310.000,77.878,
2026-06-25T17:08:24.668,59.079,rpm,9285.000,77.878,
2026-06-25T17:08:24.668,59.079,torque,9285.000,77.979,
2026-06-25T17:08:24.695,59.110,rpm,9306.000,77.979,
2026-06-25T17:08:24.697,59.110,rpm,9303.000,77.979,
2026-06-25T17:08:24.725,59.125,rpm,9308.000,77.979,
2026-06-25T17:08:24.725,59.125,rpm,9328.000,77.979,
2026-06-25T17:08:24.727,59.141,torque,9328.000,78.220,
2026-06-25T17:08:24.727,59.141,rpm,9299.000,78.220,
2026-06-25T17:08:24.768,59.172,rpm,9293.000,78.220,
2026-06-25T17:08:24.839,59.250,rpm,9330.000,78.220,
2026-06-25T17:08:24.839,59.250,rpm,9248.000,78.220,
2026-06-25T17:08:24.839,59.250,torque,9248.000,78.501,
2026-06-25T17:08:24.878,59.282,rpm,9310.000,78.501,
2026-06-25T17:08:24.910,59.313,rpm,9307.000,78.501,
2026-06-25T17:08:24.910,59.313,rpm,9301.000,78.501,
2026-06-25T17:08:24.938,59.344,rpm,9241.000,78.501,
2026-06-25T17:08:24.938,59.344,torque,9241.000,79.405,
2026-06-25T17:08:24.959,59.360,rpm,9312.000,79.405,
2026-06-25T17:08:24.960,59.360,rpm,9353.000,79.405,
2026-06-25T17:08:24.960,59.360,torque,9353.000,79.512,
2026-06-25T17:08:24.991,59.391,rpm,9331.000,79.512,
2026-06-25T17:08:25.024,59.438,rpm,9319.000,79.512,
2026-06-25T17:08:25.025,59.438,rpm,9311.000,79.512,
2026-06-25T17:08:25.083,59.485,torque,9311.000,79.697,
2026-06-25T17:08:25.083,59.485,rpm,9338.000,79.697,
2026-06-25T17:08:25.105,59.516,rpm,9322.000,79.697,
2026-06-25T17:08:25.105,59.516,rpm,9317.000,79.697,
2026-06-25T17:08:25.137,59.547,rpm,9309.000,79.697,
2026-06-25T17:08:25.139,59.547,rpm,9311.000,79.697,
2026-06-25T17:08:25.171,59.579,torque,9311.000,80.225,
2026-06-25T17:08:25.171,59.579,rpm,9318.000,80.225,
2026-06-25T17:08:25.206,59.610,rpm,9342.000,80.225,
2026-06-25T17:08:25.233,59.641,rpm,9304.000,80.225,
2026-06-25T17:08:25.233,59.641,rpm,9306.000,80.225,
2026-06-25T17:08:25.267,59.672,rpm,9323.000,80.225,
2026-06-25T17:08:25.267,59.672,torque,9323.000,80.746,
2026-06-25T17:08:25.269,59.672,rpm,9305.000,80.746,
2026-06-25T17:08:25.269,59.672,rpm,9306.000,80.746,
2026-06-25T17:08:25.310,59.719,rpm,9343.000,80.746,
2026-06-25T17:08:25.368,59.782,rpm,9313.000,80.746,
2026-06-25T17:08:25.368,59.782,rpm,9245.000,80.746,
2026-06-25T17:08:25.369,59.782,torque,9245.000,80.431,
2026-06-25T17:08:25.393,59.797,rpm,9299.000,80.431,
2026-06-25T17:08:25.396,59.797,rpm,9303.000,80.431,
2026-06-25T17:08:25.396,59.797,torque,9303.000,80.537,
2026-06-25T17:08:25.444,59.844,rpm,9310.000,80.537,
2026-06-25T17:08:25.445,59.860,rpm,9251.000,80.537,
2026-06-25T17:08:25.474,59.875,rpm,9290.000,80.537,
2026-06-25T17:08:25.474,59.875,rpm,9297.000,80.537,
2026-06-25T17:08:25.520,59.922,torque,9297.000,80.607,
2026-06-25T17:08:25.536,59.938,rpm,9311.000,80.607,
2026-06-25T17:08:25.536,59.938,rpm,9308.000,80.607,
2026-06-25T17:08:25.537,59.938,rpm,9289.000,80.607,
2026-06-25T17:08:25.570,59.969,torque,9289.000,81.080,
2026-06-25T17:08:25.594,60.000,rpm,9304.000,81.080,
2026-06-25T17:08:25.594,60.000,rpm,9302.000,81.080,
2026-06-25T17:08:25.637,60.047,rpm,9296.000,81.080,
2026-06-25T17:08:25.657,60.063,rpm,9287.000,81.080,
2026-06-25T17:08:25.683,60.094,torque,9287.000,81.685,
2026-06-25T17:08:25.683,60.094,rpm,9288.000,81.685,
2026-06-25T17:08:25.702,60.110,rpm,9301.000,81.685,
2026-06-25T17:08:25.726,60.125,rpm,9322.000,81.685,
2026-06-25T17:08:25.726,60.125,rpm,9331.000,81.685,
2026-06-25T17:08:25.752,60.157,torque,9331.000,81.788,
2026-06-25T17:08:25.752,60.157,rpm,9302.000,81.788,
2026-06-25T17:08:25.798,60.204,rpm,9315.000,81.788,
2026-06-25T17:08:25.798,60.204,rpm,9315.000,81.788,
2026-06-25T17:08:25.829,60.235,rpm,9305.000,81.788,
2026-06-25T17:08:25.830,60.235,rpm,9300.000,81.788,
2026-06-25T17:08:25.832,60.235,torque,9300.000,81.979,
2026-06-25T17:08:25.853,60.266,rpm,9310.000,81.979,
2026-06-25T17:08:25.877,60.282,rpm,9316.000,81.979,
2026-06-25T17:08:25.928,60.329,rpm,9313.000,81.979,
2026-06-25T17:08:25.928,60.329,rpm,9302.000,81.979,
2026-06-25T17:08:25.954,60.360,torque,9302.000,82.790,
2026-06-25T17:08:25.954,60.360,rpm,9314.000,82.790,
2026-06-25T17:08:25.969,60.375,rpm,9240.000,82.790,
2026-06-25T17:08:25.997,60.407,rpm,9352.000,82.790,
2026-06-25T17:08:25.999,60.407,rpm,9302.000,82.790,
2026-06-25T17:08:26.001,60.407,torque,9302.000,83.944,
2026-06-25T17:08:26.002,60.407,rpm,9306.000,83.944,
2026-06-25T17:08:26.002,60.407,rpm,9307.000,83.944,
2026-06-25T17:08:26.100,60.500,rpm,9328.000,83.944,
2026-06-25T17:08:26.101,60.516,torque,9328.000,84.613,
2026-06-25T17:08:26.123,60.532,rpm,9306.000,84.613,
2026-06-25T17:08:26.127,60.532,rpm,9309.000,84.613,
2026-06-25T17:08:26.127,60.532,rpm,9309.000,84.613,
2026-06-25T17:08:26.206,60.610,torque,9309.000,84.869,
2026-06-25T17:08:26.206,60.610,rpm,9309.000,84.869,
2026-06-25T17:08:26.224,60.625,rpm,9291.000,84.869,
2026-06-25T17:08:26.225,60.625,rpm,9312.000,84.869,
2026-06-25T17:08:26.301,60.704,rpm,9302.000,84.869,
2026-06-25T17:08:26.301,60.704,torque,9302.000,85.200,
2026-06-25T17:08:26.301,60.704,rpm,9301.000,85.200,
2026-06-25T17:08:26.322,60.735,rpm,9317.000,85.200,
2026-06-25T17:08:26.347,60.750,rpm,9295.000,85.200,
2026-06-25T17:08:26.350,60.750,rpm,9300.000,85.200,
2026-06-25T17:08:26.350,60.750,torque,9300.000,85.470,
2026-06-25T17:08:26.376,60.782,rpm,9279.000,85.470,
2026-06-25T17:08:26.418,60.829,rpm,9310.000,85.470,
2026-06-25T17:08:26.418,60.829,rpm,9304.000,85.470,
2026-06-25T17:08:26.441,60.844,rpm,9276.000,85.470,
2026-06-25T17:08:26.441,60.844,torque,9276.000,85.776,
2026-06-25T17:08:26.487,60.891,rpm,9298.000,85.776,
2026-06-25T17:08:26.487,60.891,rpm,9330.000,85.776,
2026-06-25T17:08:26.513,60.922,rpm,9311.000,85.776,
2026-06-25T17:08:26.514,60.922,rpm,9302.000,85.776,
2026-06-25T17:08:26.516,60.922,rpm,9361.000,85.776,
2026-06-25T17:08:26.516,60.922,torque,9361.000,86.300,
2026-06-25T17:08:26.561,60.969,rpm,9299.000,86.300,
2026-06-25T17:08:26.582,60.985,rpm,9309.000,86.300,
2026-06-25T17:08:26.613,61.016,rpm,9305.000,86.300,
2026-06-25T17:08:26.614,61.016,torque,9305.000,87.180,
2026-06-25T17:08:26.614,61.016,rpm,9313.000,87.180,
2026-06-25T17:08:26.672,61.079,rpm,9305.000,87.180,
2026-06-25T17:08:26.701,61.110,rpm,9304.000,87.180,
2026-06-25T17:08:26.701,61.110,rpm,9312.000,87.180,
2026-06-25T17:08:26.731,61.141,rpm,9316.000,87.180,
2026-06-25T17:08:26.731,61.141,torque,9316.000,87.843,
2026-06-25T17:08:26.755,61.157,rpm,9310.000,87.843,
2026-06-25T17:08:26.755,61.157,rpm,9311.000,87.843,
2026-06-25T17:08:26.779,61.188,rpm,9315.000,87.843,
2026-06-25T17:08:26.781,61.188,rpm,9242.000,87.843,
2026-06-25T17:08:26.781,61.188,torque,9242.000,88.467,
2026-06-25T17:08:26.898,61.313,torque,9242.000,88.785,
2026-06-25T17:08:26.917,61.329,rpm,9318.000,88.785,
2026-06-25T17:08:26.951,61.360,rpm,9309.000,88.785,
2026-06-25T17:08:26.951,61.360,rpm,9313.000,88.785,
2026-06-25T17:08:26.984,61.391,rpm,9303.000,88.785,
2026-06-25T17:08:26.984,61.391,rpm,9315.000,88.785,
2026-06-25T17:08:26.984,61.391,torque,9315.000,89.568,
2026-06-25T17:08:27.017,61.422,rpm,9304.000,89.568,
2026-06-25T17:08:27.018,61.422,rpm,9293.000,89.568,
2026-06-25T17:08:27.068,61.469,rpm,9310.000,89.568,
2026-06-25T17:08:27.068,61.469,torque,9310.000,89.395,
2026-06-25T17:08:27.068,61.469,rpm,9319.000,89.395,
2026-06-25T17:08:27.098,61.500,rpm,9282.000,89.395,
2026-06-25T17:08:27.124,61.532,rpm,9305.000,89.395,
2026-06-25T17:08:27.148,61.547,rpm,9351.000,89.395,
2026-06-25T17:08:27.148,61.547,torque,9351.000,89.571,
2026-06-25T17:08:27.167,61.579,rpm,9314.000,89.571,
2026-06-25T17:08:27.167,61.579,rpm,9281.000,89.571,
2026-06-25T17:08:27.168,61.579,rpm,9331.000,89.571,
2026-06-25T17:08:27.246,61.657,rpm,9305.000,89.571,
2026-06-25T17:08:27.246,61.657,torque,9305.000,89.641,
2026-06-25T17:08:27.246,61.657,rpm,9305.000,89.641,
2026-06-25T17:08:27.267,61.672,rpm,9314.000,89.641,
2026-06-25T17:08:27.297,61.704,rpm,9306.000,89.641,
2026-06-25T17:08:27.298,61.704,rpm,9313.000,89.641,
2026-06-25T17:08:27.322,61.735,torque,9313.000,90.067,
2026-06-25T17:08:27.348,61.750,rpm,9305.000,90.067,
2026-06-25T17:08:27.351,61.750,rpm,9304.000,90.067,
2026-06-25T17:08:27.403,61.813,rpm,9305.000,90.067,
2026-06-25T17:08:27.431,61.844,rpm,9304.000,90.067,
2026-06-25T17:08:27.431,61.844,torque,9304.000,90.926,
2026-06-25T17:08:27.431,61.844,rpm,9302.000,90.926,
2026-06-25T17:08:27.454,61.860,rpm,9300.000,90.926,
2026-06-25T17:08:27.479,61.891,rpm,9308.000,90.926,
2026-06-25T17:08:27.479,61.891,rpm,9308.000,90.926,
2026-06-25T17:08:27.481,61.891,torque,9308.000,91.178,
2026-06-25T17:08:27.481,61.891,rpm,9311.000,91.178,
2026-06-25T17:08:27.510,61.922,rpm,9305.000,91.178,
2026-06-25T17:08:27.555,61.969,rpm,9308.000,91.178,
2026-06-25T17:08:27.578,61.985,rpm,9305.000,91.178,
2026-06-25T17:08:27.579,61.985,torque,9305.000,91.050,
2026-06-25T17:08:27.580,61.985,rpm,9301.000,91.050,
2026-06-25T17:08:27.623,62.032,rpm,9249.000,91.050,
2026-06-25T17:08:27.623,62.032,rpm,9249.000,91.050,
2026-06-25T17:08:27.646,62.047,rpm,9304.000,91.050,
2026-06-25T17:08:27.647,62.047,rpm,9312.000,91.050,
2026-06-25T17:08:27.668,62.079,torque,9312.000,91.497,
2026-06-25T17:08:27.669,62.079,rpm,9297.000,91.497,
2026-06-25T17:08:27.718,62.125,rpm,9311.000,91.497,
2026-06-25T17:08:27.746,62.157,rpm,9315.000,91.497,
2026-06-25T17:08:27.765,62.172,rpm,9309.000,91.497,
2026-06-25T17:08:27.765,62.172,torque,9309.000,91.217,
2026-06-25T17:08:27.765,62.172,rpm,9308.000,91.217,
2026-06-25T17:08:27.787,62.188,rpm,9295.000,91.217,
2026-06-25T17:08:27.789,62.204,rpm,9321.000,91.217,
2026-06-25T17:08:27.791,62.204,rpm,9293.000,91.217,
2026-06-25T17:08:27.839,62.250,torque,9293.000,90.757,
2026-06-25T17:08:27.859,62.266,rpm,9341.000,90.757,
2026-06-25T17:08:27.875,62.282,rpm,9313.000,90.757,
2026-06-25T17:08:27.875,62.282,rpm,9294.000,90.757,
2026-06-25T17:08:27.906,62.313,rpm,9291.000,90.757,
2026-06-25T17:08:27.949,62.360,rpm,9387.000,90.757,
2026-06-25T17:08:27.949,62.360,torque,9387.000,91.329,
2026-06-25T17:08:27.949,62.360,rpm,9315.000,91.329,
2026-06-25T17:08:27.966,62.375,rpm,9295.000,91.329,
2026-06-25T17:08:27.988,62.391,rpm,9287.000,91.329,
2026-06-25T17:08:28.014,62.422,rpm,9305.000,91.329,
2026-06-25T17:08:28.014,62.422,torque,9305.000,91.758,
2026-06-25T17:08:28.035,62.438,rpm,9296.000,91.758,
2026-06-25T17:08:28.062,62.469,rpm,9309.000,91.758,
2026-06-25T17:08:28.087,62.500,rpm,9304.000,91.758,
2026-06-25T17:08:28.088,62.500,torque,9304.000,91.796,
2026-06-25T17:08:28.113,62.516,rpm,9304.000,91.796,
2026-06-25T17:08:28.161,62.563,rpm,9308.000,91.796,
2026-06-25T17:08:28.161,62.563,rpm,9299.000,91.796,
2026-06-25T17:08:28.177,62.579,rpm,9294.000,91.796,
2026-06-25T17:08:28.178,62.579,torque,9294.000,92.322,
2026-06-25T17:08:28.201,62.610,rpm,9306.000,92.322,
2026-06-25T17:08:28.202,62.610,rpm,9319.000,92.322,
2026-06-25T17:08:28.204,62.610,rpm,9304.000,92.322,
2026-06-25T17:08:28.272,62.672,rpm,9303.000,92.322,
2026-06-25T17:08:28.272,62.672,torque,9303.000,92.803,
2026-06-25T17:08:28.272,62.672,rpm,9284.000,92.803,
2026-06-25T17:08:28.310,62.719,rpm,9325.000,92.803,
2026-06-25T17:08:28.335,62.735,rpm,9300.000,92.803,
2026-06-25T17:08:28.373,62.782,rpm,9286.000,92.803,
2026-06-25T17:08:28.373,62.782,torque,9286.000,92.894,
2026-06-25T17:08:28.389,62.797,rpm,9307.000,92.894,
2026-06-25T17:08:28.389,62.797,rpm,9316.000,92.894,
2026-06-25T17:08:28.412,62.813,rpm,9338.000,92.894,
2026-06-25T17:08:28.433,62.844,torque,9338.000,92.953,
2026-06-25T17:08:28.495,62.907,rpm,9317.000,92.953,
2026-06-25T17:08:28.496,62.907,rpm,9313.000,92.953,
2026-06-25T17:08:28.533,62.938,rpm,9301.000,92.953,
2026-06-25T17:08:28.533,62.938,torque,9301.000,92.362,
2026-06-25T17:08:28.533,62.938,rpm,9299.000,92.362,
2026-06-25T17:08:28.554,62.954,rpm,9287.000,92.362,
2026-06-25T17:08:28.573,62.985,rpm,9306.000,92.362,
2026-06-25T17:08:28.574,62.985,rpm,9312.000,92.362,
2026-06-25T17:08:28.574,62.985,torque,9312.000,92.986,
2026-06-25T17:08:28.609,63.016,rpm,9301.000,92.986,
2026-06-25T17:08:28.653,63.063,rpm,9342.000,92.986,
2026-06-25T17:08:28.666,63.079,rpm,9306.000,92.986,
2026-06-25T17:08:28.686,63.094,rpm,9309.000,92.986,
2026-06-25T17:08:28.687,63.094,rpm,9285.000,92.986,
2026-06-25T17:08:28.687,63.094,torque,9285.000,93.501,
2026-06-25T17:08:28.689,63.094,rpm,9305.000,93.501,
2026-06-25T17:08:28.750,63.157,rpm,9304.000,93.501,
2026-06-25T17:08:28.766,63.172,rpm,9317.000,93.501,
2026-06-25T17:08:28.767,63.172,rpm,9309.000,93.501,
2026-06-25T17:08:28.786,63.188,torque,9309.000,93.751,
2026-06-25T17:08:28.788,63.188,rpm,9270.000,93.751,
2026-06-25T17:08:28.809,63.219,rpm,9286.000,93.751,
2026-06-25T17:08:28.848,63.250,rpm,9287.000,93.751,
2026-06-25T17:08:28.862,63.266,rpm,9309.000,93.751,
2026-06-25T17:08:28.862,63.266,torque,9309.000,94.283,
2026-06-25T17:08:28.863,63.266,rpm,9313.000,94.283,
2026-06-25T17:08:28.941,63.344,rpm,9319.000,94.283,
2026-06-25T17:08:28.941,63.344,rpm,9298.000,94.283,
2026-06-25T17:08:28.953,63.360,torque,9298.000,94.666,
2026-06-25T17:08:28.953,63.360,rpm,9306.000,94.666,
2026-06-25T17:08:28.955,63.360,rpm,9318.000,94.666,
2026-06-25T17:08:29.008,63.422,rpm,9308.000,94.666,
2026-06-25T17:08:29.028,63.438,rpm,9308.000,94.666,
2026-06-25T17:08:29.028,63.438,rpm,9315.000,94.666,
2026-06-25T17:08:29.028,63.438,torque,9315.000,94.163,
2026-06-25T17:08:29.048,63.454,rpm,9285.000,94.163,
2026-06-25T17:08:29.048,63.454,rpm,9285.000,94.163,
2026-06-25T17:08:29.100,63.500,rpm,9307.000,94.163,
2026-06-25T17:08:29.130,63.532,rpm,9243.000,94.163,
2026-06-25T17:08:29.130,63.532,torque,9243.000,93.405,
2026-06-25T17:08:29.154,63.563,rpm,9310.000,93.405,
2026-06-25T17:08:29.175,63.579,rpm,9301.000,93.405,
2026-06-25T17:08:29.192,63.594,rpm,9290.000,93.405,
2026-06-25T17:08:29.206,63.610,rpm,9309.000,93.405,
2026-06-25T17:08:29.206,63.610,torque,9309.000,92.774,
2026-06-25T17:08:29.206,63.610,rpm,9318.000,92.774,
2026-06-25T17:08:29.248,63.657,rpm,9301.000,92.774,
2026-06-25T17:08:29.278,63.688,rpm,9314.000,92.774,
2026-06-25T17:08:29.278,63.688,rpm,9309.000,92.774,
2026-06-25T17:08:29.292,63.704,torque,9309.000,92.724,
2026-06-25T17:08:29.310,63.719,rpm,9208.000,92.724,
2026-06-25T17:08:29.312,63.719,rpm,9320.000,92.724,
2026-06-25T17:08:29.336,63.750,rpm,9293.000,92.724,
2026-06-25T17:08:29.375,63.782,rpm,9369.000,92.724,
2026-06-25T17:08:29.388,63.797,torque,9369.000,94.083,
2026-06-25T17:08:29.405,63.813,rpm,9271.000,94.083,
2026-06-25T17:08:29.406,63.813,rpm,9271.000,94.083,
2026-06-25T17:08:29.408,63.813,rpm,9274.000,94.083,
2026-06-25T17:08:29.459,63.860,rpm,9286.000,94.083,
2026-06-25T17:08:29.473,63.875,torque,9286.000,94.070,
2026-06-25T17:08:29.473,63.875,rpm,9253.000,94.070,
2026-06-25T17:08:29.496,63.907,rpm,9287.000,94.070,
2026-06-25T17:08:29.534,63.938,rpm,9278.000,94.070,
2026-06-25T17:08:29.570,63.985,torque,9278.000,92.470,
2026-06-25T17:08:29.589,64.000,rpm,9311.000,92.470,
2026-06-25T17:08:29.624,64.032,rpm,9298.000,92.470,
2026-06-25T17:08:29.654,64.063,rpm,9301.000,92.470,
2026-06-25T17:08:29.656,64.063,torque,9301.000,91.457,
2026-06-25T17:08:29.658,64.063,rpm,9301.000,91.457,
2026-06-25T17:08:29.716,64.125,rpm,9303.000,91.457,
2026-06-25T17:08:29.732,64.141,rpm,9292.000,91.457,
2026-06-25T17:08:29.732,64.141,torque,9292.000,91.891,
2026-06-25T17:08:29.732,64.141,rpm,9293.000,91.891,
2026-06-25T17:08:29.754,64.157,rpm,9302.000,91.891,
2026-06-25T17:08:29.776,64.188,rpm,9319.000,91.891,
2026-06-25T17:08:29.815,64.219,rpm,9301.000,91.891,
2026-06-25T17:08:29.829,64.235,rpm,9301.000,91.891,
2026-06-25T17:08:29.829,64.235,torque,9301.000,91.271,
2026-06-25T17:08:29.830,64.235,rpm,9280.000,91.271,
2026-06-25T17:08:29.851,64.266,rpm,9297.000,91.271,
2026-06-25T17:08:29.906,64.313,rpm,9300.000,91.271,
2026-06-25T17:08:29.920,64.329,torque,9300.000,91.588,
2026-06-25T17:08:29.920,64.329,rpm,9298.000,91.588,
2026-06-25T17:08:29.945,64.360,rpm,9310.000,91.588,
2026-06-25T17:08:29.969,64.375,rpm,9317.000,91.588,
2026-06-25T17:08:30.000,64.407,rpm,9308.000,91.588,
2026-06-25T17:08:30.001,64.407,torque,9308.000,91.705,
2026-06-25T17:08:30.001,64.407,rpm,9307.000,91.705,
2026-06-25T17:08:30.016,64.422,rpm,9301.000,91.705,
2026-06-25T17:08:30.041,64.454,rpm,9240.000,91.705,
2026-06-25T17:08:30.067,64.469,rpm,9270.000,91.705,
2026-06-25T17:08:30.105,64.516,torque,9270.000,91.210,
2026-06-25T17:08:30.105,64.516,rpm,9341.000,91.210,
2026-06-25T17:08:30.121,64.532,rpm,9340.000,91.210,
2026-06-25T17:08:30.144,64.547,rpm,9286.000,91.210,
2026-06-25T17:08:30.146,64.547,rpm,9284.000,91.210,
2026-06-25T17:08:30.169,64.579,torque,9284.000,90.280,
2026-06-25T17:08:30.169,64.579,rpm,9322.000,90.280,
2026-06-25T17:08:30.203,64.610,rpm,9278.000,90.280,
2026-06-25T17:08:30.203,64.610,rpm,9336.000,90.280,
2026-06-25T17:08:30.219,64.625,rpm,9301.000,90.280,
2026-06-25T17:08:30.255,64.657,rpm,9304.000,90.280,
2026-06-25T17:08:30.255,64.657,torque,9304.000,90.510,
2026-06-25T17:08:30.298,64.704,rpm,9267.000,90.510,
2026-06-25T17:08:30.298,64.704,rpm,9277.000,90.510,
2026-06-25T17:08:30.352,64.766,torque,9277.000,92.463,
2026-06-25T17:08:30.365,64.766,rpm,9346.000,92.463,
2026-06-25T17:08:30.366,64.766,rpm,9302.000,92.463,
2026-06-25T17:08:30.391,64.797,rpm,9296.000,92.463,
2026-06-25T17:08:30.416,64.829,rpm,9261.000,92.463,
2026-06-25T17:08:30.433,64.844,torque,9261.000,92.974,
2026-06-25T17:08:30.453,64.860,rpm,9326.000,92.974,
2026-06-25T17:08:30.473,64.875,rpm,9274.000,92.974,
2026-06-25T17:08:30.513,64.922,rpm,9276.000,92.974,
2026-06-25T17:08:30.533,64.938,rpm,9313.000,92.974,
2026-06-25T17:08:30.533,64.938,torque,9313.000,91.876,
2026-06-25T17:08:30.533,64.938,rpm,9301.000,91.876,
2026-06-25T17:08:30.558,64.969,rpm,9304.000,91.876,
2026-06-25T17:08:30.583,64.985,rpm,9282.000,91.876,
2026-06-25T17:08:30.600,65.000,rpm,9252.000,91.876,
2026-06-25T17:08:30.601,65.016,torque,9252.000,91.903,
2026-06-25T17:08:30.601,65.016,rpm,9333.000,91.903,
2026-06-25T17:08:30.656,65.063,rpm,9290.000,91.903,
2026-06-25T17:08:30.656,65.063,rpm,9257.000,91.903,
2026-06-25T17:08:30.675,65.079,torque,9257.000,91.547,
2026-06-25T17:08:30.675,65.079,rpm,9285.000,91.547,
2026-06-25T17:08:30.748,65.157,rpm,9316.000,91.547,
2026-06-25T17:08:30.762,65.172,rpm,9268.000,91.547,
2026-06-25T17:08:30.785,65.188,torque,9268.000,90.704,
2026-06-25T17:08:30.786,65.188,rpm,9337.000,90.704,
2026-06-25T17:08:30.806,65.219,rpm,9300.000,90.704,
2026-06-25T17:08:30.825,65.235,rpm,9300.000,90.704,
2026-06-25T17:08:30.825,65.235,rpm,9300.000,90.704,
2026-06-25T17:08:30.859,65.266,torque,9300.000,90.388,
2026-06-25T17:08:30.884,65.297,rpm,9261.000,90.388,
2026-06-25T17:08:30.886,65.297,rpm,9402.000,90.388,
2026-06-25T17:08:30.908,65.313,rpm,9262.000,90.388,
2026-06-25T17:08:30.967,65.375,rpm,9306.000,90.388,
2026-06-25T17:08:30.967,65.375,torque,9306.000,90.649,
2026-06-25T17:08:30.993,65.407,rpm,9231.000,90.649,
2026-06-25T17:08:30.993,65.407,rpm,9300.000,90.649,
2026-06-25T17:08:31.014,65.422,rpm,9300.000,90.649,
2026-06-25T17:08:31.031,65.438,torque,9300.000,90.171,
2026-06-25T17:08:31.031,65.438,rpm,9306.000,90.171,
2026-06-25T17:08:31.031,65.438,rpm,9306.000,90.171,
2026-06-25T17:08:31.090,65.500,rpm,9302.000,90.171,
2026-06-25T17:08:31.090,65.500,rpm,9305.000,90.171,
2026-06-25T17:08:31.113,65.516,rpm,9230.000,90.171,
2026-06-25T17:08:31.130,65.532,torque,9230.000,90.264,
2026-06-25T17:08:31.130,65.532,rpm,9279.000,90.264,
2026-06-25T17:08:31.170,65.579,rpm,9337.000,90.264,
2026-06-25T17:08:31.194,65.594,rpm,9306.000,90.264,
2026-06-25T17:08:31.194,65.594,rpm,9311.000,90.264,
2026-06-25T17:08:31.225,65.625,torque,9311.000,90.286,
2026-06-25T17:08:31.227,65.641,rpm,9303.000,90.286,
2026-06-25T17:08:31.228,65.641,rpm,9294.000,90.286,
2026-06-25T17:08:31.248,65.657,rpm,9314.000,90.286,
2026-06-25T17:08:31.265,65.672,rpm,9309.000,90.286,
2026-06-25T17:08:31.302,65.704,torque,9309.000,90.294,
2026-06-25T17:08:31.302,65.704,rpm,9286.000,90.294,
2026-06-25T17:08:31.329,65.735,rpm,9298.000,90.294,
2026-06-25T17:08:31.353,65.766,rpm,9297.000,90.294,
2026-06-25T17:08:31.353,65.766,rpm,9317.000,90.294,
2026-06-25T17:08:31.372,65.782,rpm,9281.000,90.294,
2026-06-25T17:08:31.372,65.782,torque,9281.000,89.761,
2026-06-25T17:08:31.427,65.829,rpm,9314.000,89.761,
2026-06-25T17:08:31.449,65.860,rpm,9295.000,89.761,
2026-06-25T17:08:31.465,65.875,rpm,9301.000,89.761,
2026-06-25T17:08:31.465,65.875,rpm,9296.000,89.761,
2026-06-25T17:08:31.465,65.875,torque,9296.000,89.416,
2026-06-25T17:08:31.527,65.938,rpm,9238.000,89.416,
2026-06-25T17:08:31.549,65.954,rpm,9299.000,89.416,
2026-06-25T17:08:31.549,65.954,torque,9299.000,89.993,
2026-06-25T17:08:31.571,65.985,rpm,9309.000,89.993,
2026-06-25T17:08:31.611,66.016,rpm,9303.000,89.993,
2026-06-25T17:08:31.634,66.047,rpm,9302.000,89.993,
2026-06-25T17:08:31.634,66.047,rpm,9297.000,89.993,
2026-06-25T17:08:31.647,66.047,torque,9297.000,89.886,
2026-06-25T17:08:31.667,66.079,rpm,9309.000,89.886,
2026-06-25T17:08:31.668,66.079,rpm,9300.000,89.886,
2026-06-25T17:08:31.671,66.079,rpm,9307.000,89.886,
2026-06-25T17:08:31.699,66.110,rpm,9298.000,89.886,
2026-06-25T17:08:31.745,66.157,rpm,9309.000,89.886,
2026-06-25T17:08:31.745,66.157,torque,9309.000,89.892,
2026-06-25T17:08:31.784,66.188,rpm,9302.000,89.892,
2026-06-25T17:08:31.786,66.188,rpm,9299.000,89.892,
2026-06-25T17:08:31.814,66.219,torque,9299.000,89.621,
2026-06-25T17:08:31.814,66.219,rpm,9290.000,89.621,
2026-06-25T17:08:31.856,66.266,rpm,9298.000,89.621,
2026-06-25T17:08:31.856,66.266,rpm,9298.000,89.621,
2026-06-25T17:08:31.880,66.282,rpm,9310.000,89.621,
2026-06-25T17:08:31.915,66.329,torque,9310.000,88.987,
2026-06-25T17:08:31.915,66.329,rpm,9310.000,88.987,
2026-06-25T17:08:31.915,66.329,rpm,9309.000,88.987,
2026-06-25T17:08:31.938,66.344,rpm,9303.000,88.987,
2026-06-25T17:08:31.939,66.344,rpm,9301.000,88.987,
2026-06-25T17:08:31.982,66.391,torque,9301.000,88.622,
2026-06-25T17:08:31.982,66.391,rpm,9294.000,88.622,
2026-06-25T17:08:32.001,66.407,rpm,9270.000,88.622,
2026-06-25T17:08:32.001,66.407,rpm,9242.000,88.622,
2026-06-25T17:08:32.042,66.454,rpm,9250.000,88.622,
2026-06-25T17:08:32.058,66.469,rpm,9271.000,88.622,
2026-06-25T17:08:32.082,66.485,rpm,9277.000,88.622,
2026-06-25T17:08:32.082,66.485,torque,9277.000,89.761,
2026-06-25T17:08:32.107,66.516,rpm,9239.000,89.761,
2026-06-25T17:08:32.142,66.547,rpm,9293.000,89.761,
2026-06-25T17:08:32.142,66.547,rpm,9299.000,89.761,
2026-06-25T17:08:32.157,66.563,torque,9299.000,91.968,
2026-06-25T17:08:32.181,66.594,rpm,9258.000,91.968,
2026-06-25T17:08:32.182,66.594,rpm,9304.000,91.968,
2026-06-25T17:08:32.206,66.610,rpm,9298.000,91.968,
2026-06-25T17:08:32.244,66.657,rpm,9323.000,91.968,
2026-06-25T17:08:32.260,66.672,rpm,9306.000,91.968,
2026-06-25T17:08:32.260,66.672,torque,9306.000,92.948,
2026-06-25T17:08:32.262,66.672,rpm,9285.000,92.948,
2026-06-25T17:08:32.286,66.688,rpm,9330.000,92.948,
2026-06-25T17:08:32.308,66.719,rpm,9330.000,92.948,
2026-06-25T17:08:32.327,66.735,torque,9330.000,91.096,
2026-06-25T17:08:32.327,66.735,rpm,9299.000,91.096,
2026-06-25T17:08:32.382,66.782,rpm,9306.000,91.096,
2026-06-25T17:08:32.384,66.797,rpm,9308.000,91.096,
2026-06-25T17:08:32.424,66.829,rpm,9306.000,91.096,
2026-06-25T17:08:32.425,66.829,torque,9306.000,89.947,
2026-06-25T17:08:32.461,66.875,rpm,9292.000,89.947,
2026-06-25T17:08:32.485,66.891,rpm,9308.000,89.947,
2026-06-25T17:08:32.485,66.891,rpm,9305.000,89.947,
2026-06-25T17:08:32.508,66.922,torque,9305.000,88.989,
2026-06-25T17:08:32.508,66.922,rpm,9225.000,88.989,
2026-06-25T17:08:32.530,66.938,rpm,9287.000,88.989,
2026-06-25T17:08:32.573,66.985,rpm,9304.000,88.989,
2026-06-25T17:08:32.574,66.985,rpm,9302.000,88.989,
2026-06-25T17:08:32.611,67.016,rpm,9235.000,88.989,
2026-06-25T17:08:32.612,67.016,torque,9235.000,89.224,
2026-06-25T17:08:32.633,67.047,rpm,9301.000,89.224,
2026-06-25T17:08:32.637,67.047,rpm,9266.000,89.224,
2026-06-25T17:08:32.692,67.094,rpm,9264.000,89.224,
2026-06-25T17:08:32.692,67.094,torque,9264.000,89.524,
2026-06-25T17:08:32.692,67.094,rpm,9362.000,89.524,
2026-06-25T17:08:32.708,67.110,rpm,9326.000,89.524,
2026-06-25T17:08:32.733,67.141,rpm,9283.000,89.524,
2026-06-25T17:08:32.774,67.188,rpm,9297.000,89.524,
2026-06-25T17:08:32.774,67.188,torque,9297.000,89.708,
2026-06-25T17:08:32.775,67.188,rpm,9239.000,89.708,
2026-06-25T17:08:32.811,67.219,rpm,9318.000,89.708,
2026-06-25T17:08:32.812,67.219,rpm,9273.000,89.708,
2026-06-25T17:08:32.833,67.235,rpm,9295.000,89.708,
2026-06-25T17:08:32.853,67.266,torque,9295.000,91.209,
2026-06-25T17:08:32.918,67.329,rpm,9352.000,91.209,
2026-06-25T17:08:32.921,67.329,rpm,9242.000,91.209,
2026-06-25T17:08:32.947,67.360,rpm,9262.000,91.209,
2026-06-25T17:08:32.964,67.375,torque,9262.000,92.221,
2026-06-25T17:08:32.965,67.375,rpm,9262.000,92.221,
2026-06-25T17:08:32.988,67.391,rpm,9300.000,92.221,
2026-06-25T17:08:33.045,67.454,torque,9300.000,92.001,
2026-06-25T17:08:33.067,67.469,rpm,9271.000,92.001,
2026-06-25T17:08:33.069,67.469,rpm,9285.000,92.001,
2026-06-25T17:08:33.088,67.500,rpm,9302.000,92.001,
2026-06-25T17:08:33.089,67.500,torque,9302.000,91.311,
2026-06-25T17:08:33.145,67.547,rpm,9298.000,91.311,
2026-06-25T17:08:33.145,67.547,rpm,9298.000,91.311,
2026-06-25T17:08:33.167,67.579,rpm,9306.000,91.311,
2026-06-25T17:08:33.206,67.610,rpm,9307.000,91.311,
2026-06-25T17:08:33.206,67.610,rpm,9300.000,91.311,
2026-06-25T17:08:33.206,67.610,torque,9300.000,91.030,
2026-06-25T17:08:33.239,67.641,rpm,9336.000,91.030,
2026-06-25T17:08:33.259,67.672,rpm,9303.000,91.030,
2026-06-25T17:08:33.279,67.688,torque,9303.000,90.190,
2026-06-25T17:08:33.301,67.704,rpm,9289.000,90.190,
2026-06-25T17:08:33.318,67.719,rpm,9293.000,90.190,
2026-06-25T17:08:33.342,67.750,rpm,9338.000,90.190,
2026-06-25T17:08:33.343,67.750,rpm,9362.000,90.190,
2026-06-25T17:08:33.365,67.766,rpm,9358.000,90.190,
2026-06-25T17:08:33.365,67.766,torque,9358.000,89.305,
2026-06-25T17:08:33.386,67.797,rpm,9295.000,89.305,
2026-06-25T17:08:33.423,67.829,rpm,9342.000,89.305,
2026-06-25T17:08:33.448,67.860,rpm,9276.000,89.305,
2026-06-25T17:08:33.462,67.875,rpm,9300.000,89.305,
2026-06-25T17:08:33.463,67.875,torque,9300.000,89.511,
2026-06-25T17:08:33.482,67.891,rpm,9294.000,89.511,
2026-06-25T17:08:33.483,67.891,rpm,9303.000,89.511,
2026-06-25T17:08:33.485,67.891,rpm,9298.000,89.511,
2026-06-25T17:08:33.536,67.938,rpm,9302.000,89.511,
2026-06-25T17:08:33.548,67.954,torque,9302.000,89.727,
2026-06-25T17:08:33.549,67.954,rpm,9296.000,89.727,
2026-06-25T17:08:33.569,67.969,rpm,9301.000,89.727,
2026-06-25T17:08:33.591,68.000,rpm,9303.000,89.727,
2026-06-25T17:08:33.614,68.016,rpm,9271.000,89.727,
2026-06-25T17:08:33.646,68.047,rpm,9304.000,89.727,
2026-06-25T17:08:33.646,68.047,torque,9304.000,89.425,
2026-06-25T17:08:33.660,68.063,rpm,9313.000,89.425,
2026-06-25T17:08:33.685,68.094,rpm,9293.000,89.425,
2026-06-25T17:08:33.708,68.110,rpm,9294.000,89.425,
2026-06-25T17:08:33.724,68.125,torque,9294.000,89.019,
2026-06-25T17:08:33.740,68.141,rpm,9300.000,89.019,
2026-06-25T17:08:33.755,68.157,rpm,9297.000,89.019,
2026-06-25T17:08:33.805,68.219,rpm,9302.000,89.019,
2026-06-25T17:08:33.806,68.219,torque,9302.000,88.826,
2026-06-25T17:08:33.806,68.219,rpm,9285.000,88.826,
2026-06-25T17:08:33.832,68.235,rpm,9303.000,88.826,
2026-06-25T17:08:33.833,68.235,rpm,9302.000,88.826,
2026-06-25T17:08:33.873,68.282,rpm,9309.000,88.826,
2026-06-25T17:08:33.906,68.313,torque,9309.000,88.641,
2026-06-25T17:08:33.907,68.313,rpm,9298.000,88.641,
2026-06-25T17:08:33.926,68.329,rpm,9287.000,88.641,
2026-06-25T17:08:33.984,68.391,torque,9287.000,88.217,
2026-06-25T17:08:33.984,68.391,rpm,9272.000,88.217,
2026-06-25T17:08:33.999,68.407,rpm,9298.000,88.217,
2026-06-25T17:08:34.023,68.438,rpm,9298.000,88.217,
2026-06-25T17:08:34.049,68.454,rpm,9308.000,88.217,
2026-06-25T17:08:34.087,68.500,torque,9308.000,87.638,
2026-06-25T17:08:34.101,68.500,rpm,9310.000,87.638,
2026-06-25T17:08:34.148,68.547,torque,9310.000,87.210,
2026-06-25T17:08:34.148,68.547,rpm,9300.000,87.210,
2026-06-25T17:08:34.221,68.625,rpm,9301.000,87.210,
2026-06-25T17:08:34.222,68.625,rpm,9358.000,87.210,
2026-06-25T17:08:34.257,68.672,torque,9358.000,87.114,
2026-06-25T17:08:34.257,68.672,rpm,9273.000,87.114,
2026-06-25T17:08:34.258,68.672,rpm,9354.000,87.114,
2026-06-25T17:08:34.338,68.750,rpm,9301.000,87.114,
2026-06-25T17:08:34.338,68.750,torque,9301.000,86.808,
2026-06-25T17:08:34.338,68.750,rpm,9296.000,86.808,
2026-06-25T17:08:34.353,68.766,rpm,9286.000,86.808,
2026-06-25T17:08:34.354,68.766,rpm,9307.000,86.808,
2026-06-25T17:08:34.409,68.813,rpm,9296.000,86.808,
2026-06-25T17:08:34.409,68.813,torque,9296.000,86.704,
2026-06-25T17:08:34.435,68.844,rpm,9276.000,86.704,
2026-06-25T17:08:34.454,68.860,rpm,9302.000,86.704,
2026-06-25T17:08:34.454,68.860,rpm,9300.000,86.704,
2026-06-25T17:08:34.494,68.907,rpm,9301.000,86.704,
2026-06-25T17:08:34.509,68.922,torque,9301.000,86.902,
2026-06-25T17:08:34.533,68.938,rpm,9303.000,86.902,
2026-06-25T17:08:34.534,68.938,rpm,9300.000,86.902,
2026-06-25T17:08:34.557,68.969,rpm,9299.000,86.902,
2026-06-25T17:08:34.575,68.985,rpm,9309.000,86.902,
2026-06-25T17:08:34.576,68.985,torque,9309.000,86.980,
2026-06-25T17:08:34.576,68.985,rpm,9307.000,86.980,
2026-06-25T17:08:34.634,69.047,rpm,9308.000,86.980,
2026-06-25T17:08:34.634,69.047,rpm,9285.000,86.980,
2026-06-25T17:08:34.655,69.063,rpm,9232.000,86.980,
2026-06-25T17:08:34.673,69.079,rpm,9307.000,86.980,
2026-06-25T17:08:34.673,69.079,torque,9307.000,87.933,
2026-06-25T17:08:34.708,69.110,rpm,9306.000,87.933,
2026-06-25T17:08:34.734,69.141,rpm,9299.000,87.933,
2026-06-25T17:08:34.755,69.157,rpm,9299.000,87.933,
2026-06-25T17:08:34.755,69.157,torque,9299.000,90.296,
2026-06-25T17:08:34.755,69.157,rpm,9309.000,90.296,
2026-06-25T17:08:34.797,69.204,rpm,9297.000,90.296,
2026-06-25T17:08:34.837,69.250,rpm,9305.000,90.296,
2026-06-25T17:08:34.837,69.250,rpm,9305.000,90.296,
2026-06-25T17:08:34.852,69.266,torque,9305.000,91.044,
2026-06-25T17:08:34.873,69.282,rpm,9251.000,91.044,
2026-06-25T17:08:34.873,69.282,rpm,9214.000,91.044,
2026-06-25T17:08:34.893,69.297,rpm,9281.000,91.044,
2026-06-25T17:08:34.911,69.313,rpm,9289.000,91.044,
2026-06-25T17:08:34.946,69.360,torque,9289.000,90.571,
2026-06-25T17:08:34.946,69.360,rpm,9284.000,90.571,
2026-06-25T17:08:34.967,69.375,rpm,9285.000,90.571,
2026-06-25T17:08:34.968,69.375,rpm,9316.000,90.571,
2026-06-25T17:08:34.992,69.407,rpm,9319.000,90.571,
2026-06-25T17:08:35.030,69.438,rpm,9250.000,90.571,
2026-06-25T17:08:35.030,69.438,torque,9250.000,90.242,
2026-06-25T17:08:35.046,69.454,rpm,9325.000,90.242,
2026-06-25T17:08:35.046,69.454,rpm,9277.000,90.242,
2026-06-25T17:08:35.088,69.500,rpm,9360.000,90.242,
2026-06-25T17:08:35.122,69.532,torque,9360.000,89.559,
2026-06-25T17:08:35.159,69.563,rpm,9289.000,89.559,
2026-06-25T17:08:35.178,69.579,rpm,9281.000,89.559,
2026-06-25T17:08:35.179,69.594,torque,9281.000,88.884,
2026-06-25T17:08:35.196,69.610,rpm,9245.000,88.884,
2026-06-25T17:08:35.242,69.657,rpm,9337.000,88.884,
2026-06-25T17:08:35.242,69.657,rpm,9337.000,88.884,
2026-06-25T17:08:35.263,69.672,rpm,9283.000,88.884,
2026-06-25T17:08:35.282,69.688,torque,9283.000,88.586,
2026-06-25T17:08:35.284,69.688,rpm,9309.000,88.586,
2026-06-25T17:08:35.284,69.688,rpm,9304.000,88.586,
2026-06-25T17:08:35.326,69.735,rpm,9301.000,88.586,
2026-06-25T17:08:35.328,69.735,rpm,9298.000,88.586,
2026-06-25T17:08:35.359,69.766,torque,9298.000,88.316,
2026-06-25T17:08:35.359,69.766,rpm,9305.000,88.316,
2026-06-25T17:08:35.398,69.813,rpm,9276.000,88.316,
2026-06-25T17:08:35.429,69.829,rpm,9283.000,88.316,
2026-06-25T17:08:35.448,69.860,rpm,9309.000,88.316,
2026-06-25T17:08:35.448,69.860,rpm,9310.000,88.316,
2026-06-25T17:08:35.449,69.860,torque,9310.000,87.835,
2026-06-25T17:08:35.449,69.860,rpm,9309.000,87.835,
2026-06-25T17:08:35.491,69.891,rpm,9317.000,87.835,
2026-06-25T17:08:35.493,69.907,rpm,9305.000,87.835,
2026-06-25T17:08:35.545,69.954,torque,9305.000,87.404,
2026-06-25T17:08:35.545,69.954,rpm,9300.000,87.404,
2026-06-25T17:08:35.566,69.969,rpm,9297.000,87.404,
2026-06-25T17:08:35.566,69.969,rpm,9309.000,87.404,
2026-06-25T17:08:35.587,70.000,rpm,9240.000,87.404,
2026-06-25T17:08:35.625,70.032,rpm,9340.000,87.404,
2026-06-25T17:08:35.638,70.047,rpm,9323.000,87.404,
2026-06-25T17:08:35.638,70.047,torque,9323.000,86.936,
2026-06-25T17:08:35.660,70.063,rpm,9302.000,86.936,
2026-06-25T17:08:35.681,70.094,rpm,9297.000,86.936,
2026-06-25T17:08:35.682,70.094,torque,9297.000,86.893,
2026-06-25T17:08:35.682,70.094,rpm,9302.000,86.893,
2026-06-25T17:08:35.737,70.141,rpm,9299.000,86.893,
2026-06-25T17:08:35.737,70.141,rpm,9295.000,86.893,
2026-06-25T17:08:35.757,70.157,rpm,9228.000,86.893,
2026-06-25T17:08:35.794,70.204,rpm,9304.000,86.893,
2026-06-25T17:08:35.809,70.219,torque,9304.000,86.958,
2026-06-25T17:08:35.809,70.219,rpm,9302.000,86.958,
2026-06-25T17:08:35.833,70.235,rpm,9296.000,86.958,
2026-06-25T17:08:35.835,70.235,rpm,9232.000,86.958,
2026-06-25T17:08:35.856,70.266,rpm,9306.000,86.958,
2026-06-25T17:08:35.873,70.282,rpm,9294.000,86.958,
2026-06-25T17:08:35.873,70.282,torque,9294.000,86.506,
2026-06-25T17:08:35.925,70.329,rpm,9302.000,86.506,
2026-06-25T17:08:35.963,70.375,torque,9302.000,86.475,
2026-06-25T17:08:35.996,70.407,rpm,9314.000,86.475,
2026-06-25T17:08:35.996,70.407,rpm,9312.000,86.475,
2026-06-25T17:08:36.015,70.422,rpm,9319.000,86.475,
2026-06-25T17:08:36.016,70.422,rpm,9311.000,86.475,
2026-06-25T17:08:36.070,70.485,torque,9311.000,86.525,
2026-06-25T17:08:36.070,70.485,rpm,9302.000,86.525,
2026-06-25T17:08:36.090,70.500,rpm,9307.000,86.525,
2026-06-25T17:08:36.090,70.500,rpm,9277.000,86.525,
2026-06-25T17:08:36.112,70.516,rpm,9309.000,86.525,
2026-06-25T17:08:36.147,70.547,torque,9309.000,86.764,
2026-06-25T17:08:36.182,70.594,rpm,9263.000,86.764,
2026-06-25T17:08:36.184,70.594,rpm,9298.000,86.764,
2026-06-25T17:08:36.206,70.610,rpm,9294.000,86.764,
2026-06-25T17:08:36.241,70.641,rpm,9294.000,86.764,
2026-06-25T17:08:36.243,70.657,torque,9294.000,86.698,
2026-06-25T17:08:36.257,70.672,rpm,9310.000,86.698,
2026-06-25T17:08:36.259,70.672,rpm,9302.000,86.698,
2026-06-25T17:08:36.283,70.688,rpm,9312.000,86.698,
2026-06-25T17:08:36.308,70.719,rpm,9312.000,86.698,
2026-06-25T17:08:36.343,70.750,torque,9312.000,86.771,
2026-06-25T17:08:36.344,70.750,rpm,9296.000,86.771,
2026-06-25T17:08:36.344,70.750,rpm,9304.000,86.771,
2026-06-25T17:08:36.357,70.766,rpm,9305.000,86.771,
2026-06-25T17:08:36.380,70.782,rpm,9309.000,86.771,
2026-06-25T17:08:36.400,70.813,torque,9309.000,86.795,
2026-06-25T17:08:36.400,70.813,rpm,9306.000,86.795,
2026-06-25T17:08:36.434,70.844,rpm,9305.000,86.795,
2026-06-25T17:08:36.452,70.860,rpm,9301.000,86.795,
2026-06-25T17:08:36.452,70.860,rpm,9342.000,86.795,
2026-06-25T17:08:36.485,70.891,rpm,9270.000,86.795,
2026-06-25T17:08:36.505,70.907,torque,9270.000,86.646,
2026-06-25T17:08:36.505,70.907,rpm,9339.000,86.646,
2026-06-25T17:08:36.530,70.938,rpm,9246.000,86.646,
2026-06-25T17:08:36.549,70.954,rpm,9284.000,86.646,
2026-06-25T17:08:36.568,70.969,rpm,9326.000,86.646,
2026-06-25T17:08:36.568,70.969,torque,9326.000,86.834,
2026-06-25T17:08:36.605,71.016,rpm,9261.000,86.834,
2026-06-25T17:08:36.630,71.032,rpm,9278.000,86.834,
2026-06-25T17:08:36.630,71.032,rpm,9281.000,86.834,
2026-06-25T17:08:36.651,71.063,rpm,9341.000,86.834,
2026-06-25T17:08:36.666,71.079,torque,9341.000,86.449,
2026-06-25T17:08:36.666,71.079,rpm,9279.000,86.449,
2026-06-25T17:08:36.705,71.110,rpm,9340.000,86.449,
2026-06-25T17:08:36.728,71.141,rpm,9249.000,86.449,
2026-06-25T17:08:36.739,71.141,rpm,9306.000,86.449,
2026-06-25T17:08:36.760,71.172,rpm,9275.000,86.449,
2026-06-25T17:08:36.760,71.172,torque,9275.000,86.548,
2026-06-25T17:08:36.780,71.188,rpm,9301.000,86.548,
2026-06-25T17:08:36.819,71.219,rpm,9303.000,86.548,
2026-06-25T17:08:36.853,71.266,torque,9303.000,86.935,
2026-06-25T17:08:36.853,71.266,rpm,9305.000,86.935,
2026-06-25T17:08:36.854,71.266,rpm,9297.000,86.935,
2026-06-25T17:08:36.878,71.282,rpm,9299.000,86.935,
2026-06-25T17:08:36.879,71.282,rpm,9309.000,86.935,
2026-06-25T17:08:36.931,71.344,torque,9309.000,87.174,
2026-06-25T17:08:36.931,71.344,rpm,9681.000,87.174,
2026-06-25T17:08:36.931,71.344,rpm,9614.000,87.174,
2026-06-25T17:08:36.971,71.375,rpm,9957.000,87.174,
2026-06-25T17:08:36.971,71.375,rpm,10095.000,87.174,
2026-06-25T17:08:37.011,71.422,rpm,10274.000,87.174,
2026-06-25T17:08:37.028,71.438,torque,10274.000,87.462,
2026-06-25T17:08:37.028,71.438,rpm,10500.000,87.462,
2026-06-25T17:08:37.049,71.454,rpm,10735.000,87.462,
2026-06-25T17:08:37.049,71.454,rpm,10672.000,87.462,
2026-06-25T17:08:37.103,71.516,torque,10672.000,87.543,
2026-06-25T17:08:37.118,71.532,rpm,10953.000,87.543,
2026-06-25T17:08:37.134,71.547,rpm,11001.000,87.543,
2026-06-25T17:08:37.134,71.547,rpm,11041.000,87.543,
2026-06-25T17:08:37.137,71.547,rpm,11103.000,87.543,
2026-06-25T17:08:37.183,71.594,torque,11103.000,83.874,
2026-06-25T17:08:37.201,71.610,rpm,11148.000,83.874,
2026-06-25T17:08:37.201,71.610,rpm,11183.000,83.874,
2026-06-25T17:08:37.218,71.625,rpm,11163.000,83.874,
2026-06-25T17:08:37.236,71.641,rpm,11186.000,83.874,
2026-06-25T17:08:37.270,71.672,rpm,11256.000,83.874,
2026-06-25T17:08:37.290,71.704,torque,11256.000,76.451,
2026-06-25T17:08:37.290,71.704,rpm,11203.000,76.451,
2026-06-25T17:08:37.313,71.719,rpm,11249.000,76.451,
2026-06-25T17:08:37.330,71.735,rpm,11175.000,76.451,
2026-06-25T17:08:37.332,71.735,torque,11175.000,68.165,
2026-06-25T17:08:37.381,71.782,rpm,11125.000,68.165,
2026-06-25T17:08:37.401,71.813,rpm,11171.000,68.165,
2026-06-25T17:08:37.438,71.844,rpm,11149.000,68.165,
2026-06-25T17:08:37.438,71.844,rpm,11127.000,68.165,
2026-06-25T17:08:37.453,71.860,torque,11127.000,64.864,
2026-06-25T17:08:37.471,71.875,rpm,11060.000,64.864,
2026-06-25T17:08:37.473,71.875,rpm,11067.000,64.864,
2026-06-25T17:08:37.487,71.891,rpm,10999.000,64.864,
2026-06-25T17:08:37.532,71.938,rpm,11012.000,64.864,
2026-06-25T17:08:37.532,71.938,torque,11012.000,65.435,
2026-06-25T17:08:37.551,71.954,rpm,10976.000,65.435,
2026-06-25T17:08:37.552,71.954,rpm,10906.000,65.435,
2026-06-25T17:08:37.584,71.985,rpm,10866.000,65.435,
2026-06-25T17:08:37.613,72.016,rpm,10881.000,65.435,
2026-06-25T17:08:37.630,72.032,torque,10881.000,64.893,
2026-06-25T17:08:37.630,72.032,rpm,10879.000,64.893,
2026-06-25T17:08:37.648,72.063,rpm,10804.000,64.893,
2026-06-25T17:08:37.650,72.063,rpm,10806.000,64.893,
2026-06-25T17:08:37.702,72.110,rpm,10789.000,64.893,
2026-06-25T17:08:37.702,72.110,rpm,10752.000,64.893,
2026-06-25T17:08:37.717,72.125,torque,10752.000,63.748,
2026-06-25T17:08:37.735,72.141,rpm,10749.000,63.748,
2026-06-25T17:08:37.737,72.141,rpm,10715.000,63.748,
2026-06-25T17:08:37.752,72.157,rpm,10719.000,63.748,
2026-06-25T17:08:37.786,72.188,rpm,10688.000,63.748,
2026-06-25T17:08:37.798,72.204,torque,10688.000,62.487,
2026-06-25T17:08:37.817,72.219,rpm,10638.000,62.487,
2026-06-25T17:08:37.831,72.235,rpm,10631.000,62.487,
2026-06-25T17:08:37.832,72.235,rpm,10599.000,62.487,
2026-06-25T17:08:37.878,72.282,torque,10599.000,61.596,
2026-06-25T17:08:37.896,72.297,rpm,10490.000,61.596,
2026-06-25T17:08:37.912,72.313,rpm,10496.000,61.596,
2026-06-25T17:08:37.929,72.329,rpm,10543.000,61.596,
2026-06-25T17:08:37.960,72.360,rpm,10500.000,61.596,
2026-06-25T17:08:37.979,72.391,torque,10500.000,61.172,
2026-06-25T17:08:37.979,72.391,rpm,10469.000,61.172,
2026-06-25T17:08:37.979,72.391,rpm,10432.000,61.172,
2026-06-25T17:08:37.997,72.407,rpm,10413.000,61.172,
2026-06-25T17:08:37.998,72.407,rpm,10410.000,61.172,
2026-06-25T17:08:38.043,72.454,rpm,10361.000,61.172,
2026-06-25T17:08:38.058,72.469,torque,10361.000,60.928,
2026-06-25T17:08:38.078,72.485,rpm,10422.000,60.928,
2026-06-25T17:08:38.079,72.485,rpm,10337.000,60.928,
2026-06-25T17:08:38.115,72.516,rpm,10377.000,60.928,
2026-06-25T17:08:38.130,72.532,rpm,10350.000,60.928,
2026-06-25T17:08:38.147,72.547,torque,10350.000,60.426,
2026-06-25T17:08:38.149,72.563,rpm,10339.000,60.426,
2026-06-25T17:08:38.168,72.579,rpm,10316.000,60.426,
2026-06-25T17:08:38.201,72.610,rpm,10254.000,60.426,
2026-06-25T17:08:38.202,72.610,rpm,10278.000,60.426,
2026-06-25T17:08:38.217,72.625,torque,10278.000,59.784,
2026-06-25T17:08:38.232,72.641,rpm,10276.000,59.784,
2026-06-25T17:08:38.234,72.641,rpm,10255.000,59.784,
2026-06-25T17:08:38.253,72.657,rpm,10221.000,59.784,
2026-06-25T17:08:38.291,72.704,rpm,10205.000,59.784,
2026-06-25T17:08:38.292,72.704,torque,10205.000,58.707,
2026-06-25T17:08:38.292,72.704,rpm,10164.000,58.707,
2026-06-25T17:08:38.330,72.735,rpm,10141.000,58.707,
2026-06-25T17:08:38.330,72.735,rpm,10193.000,58.707,
2026-06-25T17:08:38.395,72.797,torque,10193.000,57.582,
2026-06-25T17:08:38.411,72.813,rpm,10142.000,57.582,
2026-06-25T17:08:38.415,72.829,rpm,10071.000,57.582,
2026-06-25T17:08:38.454,72.860,rpm,10128.000,57.582,
2026-06-25T17:08:38.486,72.891,rpm,10103.000,57.582,
2026-06-25T17:08:38.487,72.891,torque,10103.000,57.094,
2026-06-25T17:08:38.487,72.891,rpm,10128.000,57.094,
2026-06-25T17:08:38.506,72.907,rpm,10074.000,57.094,
2026-06-25T17:08:38.526,72.938,rpm,10013.000,57.094,
2026-06-25T17:08:38.569,72.969,torque,10013.000,56.837,
2026-06-25T17:08:38.583,72.985,rpm,10013.000,56.837,
2026-06-25T17:08:38.584,72.985,rpm,10013.000,56.837,
2026-06-25T17:08:38.599,73.000,rpm,10043.000,56.837,
2026-06-25T17:08:38.644,73.047,rpm,9985.000,56.837,
2026-06-25T17:08:38.663,73.063,torque,9985.000,56.197,
2026-06-25T17:08:38.663,73.063,rpm,10008.000,56.197,
2026-06-25T17:08:38.682,73.094,rpm,9955.000,56.197,
2026-06-25T17:08:38.683,73.094,rpm,9950.000,56.197,
2026-06-25T17:08:38.683,73.094,rpm,9996.000,56.197,
2026-06-25T17:08:38.741,73.141,torque,9996.000,55.998,
2026-06-25T17:08:38.741,73.141,rpm,9931.000,55.998,
2026-06-25T17:08:38.762,73.172,rpm,9952.000,55.998,
2026-06-25T17:08:38.783,73.188,rpm,9962.000,55.998,
2026-06-25T17:08:38.801,73.204,rpm,9902.000,55.998,
2026-06-25T17:08:38.829,73.235,torque,9902.000,56.159,
2026-06-25T17:08:38.829,73.235,rpm,9886.000,56.159,
2026-06-25T17:08:38.829,73.235,rpm,9885.000,56.159,
2026-06-25T17:08:38.870,73.282,rpm,9854.000,56.159,
2026-06-25T17:08:38.890,73.297,rpm,9887.000,56.159,
2026-06-25T17:08:38.920,73.329,torque,9887.000,55.740,
2026-06-25T17:08:38.934,73.344,rpm,9841.000,55.740,
2026-06-25T17:08:38.935,73.344,rpm,9903.000,55.740,
2026-06-25T17:08:38.956,73.360,rpm,9872.000,55.740,
2026-06-25T17:08:38.992,73.407,rpm,9861.000,55.740,
2026-06-25T17:08:39.008,73.422,torque,9861.000,54.679,
2026-06-25T17:08:39.021,73.422,rpm,9872.000,54.679,
2026-06-25T17:08:39.021,73.422,rpm,9821.000,54.679,
2026-06-25T17:08:39.074,73.485,rpm,9852.000,54.679,
2026-06-25T17:08:39.076,73.485,rpm,9797.000,54.679,
2026-06-25T17:08:39.104,73.516,rpm,9848.000,54.679,
2026-06-25T17:08:39.104,73.516,torque,9848.000,54.504,
2026-06-25T17:08:39.104,73.516,rpm,9779.000,54.504,
2026-06-25T17:08:39.123,73.532,rpm,9822.000,54.504,
2026-06-25T17:08:39.126,73.532,rpm,9778.000,54.504,
2026-06-25T17:08:39.180,73.594,rpm,9830.000,54.504,
2026-06-25T17:08:39.196,73.610,torque,9830.000,54.056,
2026-06-25T17:08:39.196,73.610,rpm,9799.000,54.056,
2026-06-25T17:08:39.213,73.625,rpm,9755.000,54.056,
2026-06-25T17:08:39.214,73.625,rpm,9772.000,54.056,
2026-06-25T17:08:39.287,73.688,torque,9772.000,54.171,
2026-06-25T17:08:39.288,73.688,rpm,9762.000,54.171,
2026-06-25T17:08:39.289,73.704,rpm,9729.000,54.171,
2026-06-25T17:08:39.353,73.766,torque,9729.000,54.075,
2026-06-25T17:08:39.354,73.766,rpm,9753.000,54.075,
2026-06-25T17:08:39.415,73.829,rpm,9701.000,54.075,
2026-06-25T17:08:39.415,73.829,torque,9701.000,53.650,
2026-06-25T17:08:39.419,73.829,rpm,9719.000,53.650,
2026-06-25T17:08:39.495,73.907,rpm,9756.000,53.650,
2026-06-25T17:08:39.495,73.907,rpm,9681.000,53.650,
2026-06-25T17:08:39.496,73.907,torque,9681.000,53.078,
2026-06-25T17:08:39.532,73.938,rpm,9722.000,53.078,
2026-06-25T17:08:39.549,73.954,rpm,9730.000,53.078,
2026-06-25T17:08:39.565,73.969,rpm,9714.000,53.078,
2026-06-25T17:08:39.595,74.000,rpm,9672.000,53.078,
2026-06-25T17:08:39.595,74.000,torque,9672.000,53.521,
2026-06-25T17:08:39.596,74.000,rpm,9655.000,53.521,
2026-06-25T17:08:39.626,74.032,rpm,9706.000,53.521,
2026-06-25T17:08:39.675,74.079,rpm,9713.000,53.521,
2026-06-25T17:08:39.696,74.110,rpm,9652.000,53.521,
2026-06-25T17:08:39.696,74.110,torque,9652.000,54.045,
2026-06-25T17:08:39.696,74.110,rpm,9688.000,54.045,
2026-06-25T17:08:39.715,74.125,rpm,9624.000,54.045,
2026-06-25T17:08:39.716,74.125,rpm,9627.000,54.045,
2026-06-25T17:08:39.761,74.172,rpm,9712.000,54.045,
2026-06-25T17:08:39.780,74.188,rpm,9688.000,54.045,
2026-06-25T17:08:39.781,74.188,torque,9688.000,54.117,
2026-06-25T17:08:39.802,74.204,rpm,9604.000,54.117,
2026-06-25T17:08:39.819,74.219,rpm,9673.000,54.117,
2026-06-25T17:08:39.834,74.235,rpm,9602.000,54.117,
2026-06-25T17:08:39.881,74.282,torque,9602.000,54.476,
2026-06-25T17:08:39.881,74.282,rpm,9623.000,54.476,
2026-06-25T17:08:39.901,74.313,rpm,9614.000,54.476,
2026-06-25T17:08:39.945,74.360,rpm,9618.000,54.476,
2026-06-25T17:08:39.959,74.360,rpm,9551.000,54.476,
2026-06-25T17:08:39.959,74.360,torque,9551.000,54.373,
2026-06-25T17:08:39.975,74.375,rpm,9612.000,54.373,
2026-06-25T17:08:39.977,74.391,rpm,9581.000,54.373,
2026-06-25T17:08:40.021,74.422,rpm,9615.000,54.373,
2026-06-25T17:08:40.034,74.438,rpm,9586.000,54.373,
2026-06-25T17:08:40.050,74.454,rpm,9662.000,54.373,
2026-06-25T17:08:40.050,74.454,torque,9662.000,54.530,
2026-06-25T17:08:40.088,74.500,rpm,9592.000,54.530,
2026-06-25T17:08:40.103,74.516,rpm,9638.000,54.530,
2026-06-25T17:08:40.119,74.532,rpm,9591.000,54.530,
2026-06-25T17:08:40.119,74.532,torque,9591.000,55.096,
2026-06-25T17:08:40.120,74.532,rpm,9570.000,55.096,
2026-06-25T17:08:40.136,74.547,rpm,9653.000,55.096,
2026-06-25T17:08:40.199,74.610,rpm,9638.000,55.096,
2026-06-25T17:08:40.199,74.610,rpm,9593.000,55.096,
2026-06-25T17:08:40.214,74.625,torque,9593.000,54.882,
2026-06-25T17:08:40.216,74.625,rpm,9603.000,54.882,
2026-06-25T17:08:40.249,74.657,rpm,9567.000,54.882,
2026-06-25T17:08:40.250,74.657,rpm,9577.000,54.882,
2026-06-25T17:08:40.295,74.704,rpm,9574.000,54.882,
2026-06-25T17:08:40.311,74.719,torque,9574.000,54.814,
2026-06-25T17:08:40.313,74.719,rpm,9563.000,54.814,
2026-06-25T17:08:40.328,74.735,rpm,9638.000,54.814,
2026-06-25T17:08:40.330,74.735,rpm,9577.000,54.814,
2026-06-25T17:08:40.373,74.782,rpm,9577.000,54.814,
2026-06-25T17:08:40.387,74.797,torque,9577.000,54.558,
2026-06-25T17:08:40.432,74.844,rpm,9552.000,54.558,
2026-06-25T17:08:40.455,74.860,rpm,9527.000,54.558,
2026-06-25T17:08:40.458,74.860,rpm,9518.000,54.558,
2026-06-25T17:08:40.458,74.860,torque,9518.000,54.495,
2026-06-25T17:08:40.489,74.891,rpm,9563.000,54.495,
2026-06-25T17:08:40.534,74.938,rpm,9508.000,54.495,
2026-06-25T17:08:40.536,74.938,rpm,9506.000,54.495,
2026-06-25T17:08:40.536,74.938,torque,9506.000,56.023,
2026-06-25T17:08:40.536,74.938,rpm,9569.000,56.023,
2026-06-25T17:08:40.568,74.969,rpm,9553.000,56.023,
2026-06-25T17:08:40.615,75.016,rpm,9579.000,56.023,
2026-06-25T17:08:40.632,75.032,rpm,9565.000,56.023,
2026-06-25T17:08:40.646,75.047,torque,9565.000,57.457,
2026-06-25T17:08:40.646,75.047,rpm,9504.000,57.457,
2026-06-25T17:08:40.676,75.079,rpm,9507.000,57.457,
2026-06-25T17:08:40.677,75.079,rpm,9559.000,57.457,
2026-06-25T17:08:40.718,75.125,rpm,9548.000,57.457,
2026-06-25T17:08:40.732,75.141,torque,9548.000,57.622,
2026-06-25T17:08:40.732,75.141,rpm,9519.000,57.622,
2026-06-25T17:08:40.747,75.157,rpm,9559.000,57.622,
2026-06-25T17:08:40.763,75.172,rpm,9560.000,57.622,
2026-06-25T17:08:40.788,75.188,rpm,9546.000,57.622,
2026-06-25T17:08:40.803,75.204,rpm,9513.000,57.622,
2026-06-25T17:08:40.814,75.219,torque,9513.000,58.120,
2026-06-25T17:08:40.816,75.219,rpm,9518.000,58.120,
2026-06-25T17:08:40.865,75.266,rpm,9551.000,58.120,
2026-06-25T17:08:40.895,75.297,rpm,9571.000,58.120,
2026-06-25T17:08:40.896,75.297,rpm,9496.000,58.120,
2026-06-25T17:08:40.896,75.297,torque,9496.000,58.281,
2026-06-25T17:08:40.935,75.344,rpm,9513.000,58.281,
2026-06-25T17:08:40.937,75.344,rpm,9556.000,58.281,
2026-06-25T17:08:40.937,75.344,rpm,9527.000,58.281,
2026-06-25T17:08:40.981,75.391,rpm,9521.000,58.281,
2026-06-25T17:08:40.995,75.407,torque,9521.000,57.643,
2026-06-25T17:08:40.995,75.407,rpm,9496.000,57.643,
2026-06-25T17:08:41.013,75.422,rpm,9518.000,57.643,
2026-06-25T17:08:41.032,75.438,rpm,9465.000,57.643,
2026-06-25T17:08:41.062,75.469,rpm,9467.000,57.643,
2026-06-25T17:08:41.074,75.485,rpm,9506.000,57.643,
2026-06-25T17:08:41.075,75.485,torque,9506.000,57.767,
2026-06-25T17:08:41.093,75.500,rpm,9485.000,57.767,
2026-06-25T17:08:41.151,75.563,rpm,9533.000,57.767,
2026-06-25T17:08:41.167,75.579,rpm,9498.000,57.767,
2026-06-25T17:08:41.167,75.579,torque,9498.000,57.736,
2026-06-25T17:08:41.167,75.579,rpm,9549.000,57.736,
2026-06-25T17:08:41.185,75.594,rpm,9504.000,57.736,
2026-06-25T17:08:41.187,75.594,rpm,9557.000,57.736,
2026-06-25T17:08:41.238,75.641,rpm,9505.000,57.736,
2026-06-25T17:08:41.264,75.672,torque,9505.000,57.484,
2026-06-25T17:08:41.264,75.672,rpm,9540.000,57.484,
2026-06-25T17:08:41.265,75.672,rpm,9545.000,57.484,
2026-06-25T17:08:41.302,75.704,rpm,9527.000,57.484,
2026-06-25T17:08:41.339,75.750,rpm,9500.000,57.484,
2026-06-25T17:08:41.358,75.766,rpm,9485.000,57.484,
2026-06-25T17:08:41.358,75.766,torque,9485.000,57.431,
2026-06-25T17:08:41.362,75.766,rpm,9492.000,57.431,
2026-06-25T17:08:41.364,75.766,rpm,9496.000,57.431,
2026-06-25T17:08:41.402,75.813,rpm,9550.000,57.431,
2026-06-25T17:08:41.436,75.844,torque,9550.000,57.661,
2026-06-25T17:08:41.451,75.860,rpm,9472.000,57.661,
2026-06-25T17:08:41.452,75.860,rpm,9548.000,57.661,
2026-06-25T17:08:41.503,75.907,torque,9548.000,57.631,
2026-06-25T17:08:41.552,75.954,rpm,9494.000,57.631,
2026-06-25T17:08:41.568,75.969,rpm,9559.000,57.631,
2026-06-25T17:08:41.568,75.969,rpm,9504.000,57.631,
2026-06-25T17:08:41.569,75.969,rpm,9504.000,57.631,
2026-06-25T17:08:41.592,76.000,torque,9504.000,57.559,
2026-06-25T17:08:41.624,76.032,rpm,9500.000,57.559,
2026-06-25T17:08:41.625,76.032,rpm,9473.000,57.559,
2026-06-25T17:08:41.676,76.079,rpm,9560.000,57.559,
2026-06-25T17:08:41.695,76.110,torque,9560.000,58.282,
2026-06-25T17:08:41.696,76.110,rpm,9508.000,58.282,
2026-06-25T17:08:41.696,76.110,rpm,9546.000,58.282,
2026-06-25T17:08:41.715,76.125,rpm,9478.000,58.282,
2026-06-25T17:08:41.767,76.172,rpm,9551.000,58.282,
2026-06-25T17:08:41.767,76.172,rpm,9481.000,58.282,
2026-06-25T17:08:41.783,76.188,torque,9481.000,57.705,
2026-06-25T17:08:41.798,76.204,rpm,9441.000,57.705,
2026-06-25T17:08:41.821,76.235,rpm,9524.000,57.705,
2026-06-25T17:08:41.869,76.282,torque,9524.000,57.175,
2026-06-25T17:08:41.870,76.282,rpm,9554.000,57.175,
2026-06-25T17:08:41.886,76.297,rpm,9500.000,57.175,
2026-06-25T17:08:41.887,76.297,rpm,9488.000,57.175,
2026-06-25T17:08:41.888,76.297,rpm,9511.000,57.175,
2026-06-25T17:08:41.960,76.360,torque,9511.000,58.256,
2026-06-25T17:08:41.974,76.375,rpm,9533.000,58.256,
2026-06-25T17:08:41.977,76.391,rpm,9512.000,58.256,
2026-06-25T17:08:41.998,76.407,rpm,9495.000,58.256,
2026-06-25T17:08:42.029,76.438,torque,9495.000,57.954,
2026-06-25T17:08:42.029,76.438,rpm,9542.000,57.954,
2026-06-25T17:08:42.045,76.454,rpm,9489.000,57.954,
2026-06-25T17:08:42.049,76.454,rpm,9487.000,57.954,
2026-06-25T17:08:42.113,76.516,rpm,9485.000,57.954,
2026-06-25T17:08:42.114,76.516,torque,9485.000,58.387,
2026-06-25T17:08:42.135,76.547,rpm,9540.000,58.387,
2026-06-25T17:08:42.135,76.547,rpm,9403.000,58.387,
2026-06-25T17:08:42.184,76.594,rpm,9552.000,58.387,
2026-06-25T17:08:42.184,76.594,rpm,9474.000,58.387,
2026-06-25T17:08:42.200,76.610,torque,9474.000,58.203,
2026-06-25T17:08:42.216,76.625,rpm,9534.000,58.203,
2026-06-25T17:08:42.217,76.625,rpm,9481.000,58.203,
2026-06-25T17:08:42.234,76.641,rpm,9483.000,58.203,
2026-06-25T17:08:42.293,76.704,torque,9483.000,58.342,
2026-06-25T17:08:42.293,76.704,rpm,9532.000,58.342,
2026-06-25T17:08:42.294,76.704,rpm,9532.000,58.342,
2026-06-25T17:08:42.334,76.735,rpm,9497.000,58.342,
2026-06-25T17:08:42.334,76.735,rpm,9527.000,58.342,
2026-06-25T17:08:42.368,76.782,rpm,9537.000,58.342,
2026-06-25T17:08:42.384,76.797,torque,9537.000,58.527,
2026-06-25T17:08:42.385,76.797,rpm,9527.000,58.527,
2026-06-25T17:08:42.403,76.813,rpm,9476.000,58.527,
2026-06-25T17:08:42.422,76.829,rpm,9547.000,58.527,
2026-06-25T17:08:42.458,76.860,rpm,9389.000,58.527,
2026-06-25T17:08:42.472,76.875,torque,9389.000,58.213,
2026-06-25T17:08:42.472,76.875,rpm,9450.000,58.213,
2026-06-25T17:08:42.508,76.922,rpm,9506.000,58.213,
2026-06-25T17:08:42.508,76.922,rpm,9536.000,58.213,
2026-06-25T17:08:42.557,76.969,rpm,9482.000,58.213,
2026-06-25T17:08:42.557,76.969,torque,9482.000,58.194,
2026-06-25T17:08:42.557,76.969,rpm,9543.000,58.194,
2026-06-25T17:08:42.572,76.985,rpm,9504.000,58.194,
2026-06-25T17:08:42.631,77.032,rpm,9545.000,58.194,
2026-06-25T17:08:42.631,77.032,rpm,9492.000,58.194,
2026-06-25T17:08:42.649,77.063,torque,9492.000,58.225,
2026-06-25T17:08:42.665,77.079,rpm,9557.000,58.225,
2026-06-25T17:08:42.666,77.079,rpm,9517.000,58.225,
2026-06-25T17:08:42.722,77.125,rpm,9545.000,58.225,
2026-06-25T17:08:42.739,77.141,torque,9545.000,58.516,
2026-06-25T17:08:42.760,77.172,rpm,9480.000,58.516,
2026-06-25T17:08:42.809,77.219,rpm,9486.000,58.516,
2026-06-25T17:08:42.809,77.219,rpm,9548.000,58.516,
2026-06-25T17:08:42.809,77.219,torque,9548.000,58.328,
2026-06-25T17:08:42.844,77.250,rpm,9465.000,58.328,
2026-06-25T17:08:42.844,77.250,rpm,9527.000,58.328,
2026-06-25T17:08:42.889,77.297,rpm,9531.000,58.328,
2026-06-25T17:08:42.905,77.313,torque,9531.000,58.494,
2026-06-25T17:08:42.907,77.313,rpm,9549.000,58.494,
2026-06-25T17:08:42.960,77.360,rpm,9512.000,58.494,
2026-06-25T17:08:42.976,77.375,rpm,9543.000,58.494,
2026-06-25T17:08:42.988,77.391,torque,9543.000,58.710,
2026-06-25T17:08:42.988,77.391,rpm,9535.000,58.710,
2026-06-25T17:08:42.989,77.391,rpm,9507.000,58.710,
2026-06-25T17:08:43.024,77.438,rpm,9492.000,58.710,
2026-06-25T17:08:43.024,77.438,rpm,9544.000,58.710,
2026-06-25T17:08:43.074,77.485,torque,9544.000,58.549,
2026-06-25T17:08:43.088,77.500,rpm,9495.000,58.549,
2026-06-25T17:08:43.105,77.516,rpm,9506.000,58.549,
2026-06-25T17:08:43.163,77.563,rpm,9492.000,58.549,
2026-06-25T17:08:43.163,77.563,torque,9492.000,58.171,
2026-06-25T17:08:43.192,77.594,rpm,9558.000,58.171,
2026-06-25T17:08:43.192,77.594,rpm,9501.000,58.171,
2026-06-25T17:08:43.241,77.641,rpm,9457.000,58.171,
2026-06-25T17:08:43.259,77.672,torque,9457.000,57.811,
2026-06-25T17:08:43.261,77.672,rpm,9497.000,57.811,
2026-06-25T17:08:43.277,77.688,rpm,9541.000,57.811,
2026-06-25T17:08:43.314,77.719,rpm,9555.000,57.811,
2026-06-25T17:08:43.327,77.735,rpm,9535.000,57.811,
2026-06-25T17:08:43.339,77.750,torque,9535.000,58.205,
2026-06-25T17:08:43.339,77.750,rpm,9552.000,58.205,
2026-06-25T17:08:43.377,77.782,rpm,9553.000,58.205,
2026-06-25T17:08:43.390,77.797,rpm,9543.000,58.205,
2026-06-25T17:08:43.406,77.813,rpm,9532.000,58.205,
2026-06-25T17:08:43.409,77.813,torque,9532.000,58.331,
2026-06-25T17:08:43.410,77.813,rpm,9110.000,58.331,
2026-06-25T17:08:43.465,77.875,rpm,8587.000,58.331,
2026-06-25T17:08:43.484,77.891,rpm,7759.000,58.331,
2026-06-25T17:08:43.484,77.891,rpm,7759.000,58.331,
2026-06-25T17:08:43.502,77.907,torque,7759.000,56.412,
2026-06-25T17:08:43.520,77.922,rpm,7025.000,56.412,
2026-06-25T17:08:43.536,77.938,rpm,6518.000,56.412,
2026-06-25T17:08:43.589,78.000,rpm,5982.000,56.412,
2026-06-25T17:08:43.589,78.000,rpm,5981.000,56.412,
2026-06-25T17:08:43.604,78.016,torque,5981.000,29.365,
2026-06-25T17:08:43.621,78.032,rpm,5176.000,29.365,
2026-06-25T17:08:43.687,78.094,rpm,4278.000,29.365,
2026-06-25T17:08:43.687,78.094,torque,4278.000,-5.759,
2026-06-25T17:08:43.687,78.094,rpm,4010.000,-5.759,
2026-06-25T17:08:43.737,78.141,rpm,3635.000,-5.759,
2026-06-25T17:08:43.754,78.157,rpm,3429.000,-5.759,
2026-06-25T17:08:43.772,78.172,torque,3429.000,-6.132,
2026-06-25T17:08:43.772,78.172,rpm,3138.000,-6.132,
2026-06-25T17:08:43.786,78.188,rpm,2840.000,-6.132,
2026-06-25T17:08:43.787,78.188,rpm,2681.000,-6.132,
2026-06-25T17:08:43.854,78.266,torque,2681.000,-2.391,
2026-06-25T17:08:43.855,78.266,rpm,2061.000,-2.391,
2026-06-25T17:08:43.871,78.282,rpm,1867.000,-2.391,
2026-06-25T17:08:43.939,78.344,rpm,1625.000,-2.391,
2026-06-25T17:08:43.939,78.344,rpm,1501.000,-2.391,
2026-06-25T17:08:43.955,78.360,torque,1501.000,-1.314,
2026-06-25T17:08:43.955,78.360,rpm,1400.000,-1.314,
2026-06-25T17:08:43.956,78.360,rpm,1237.000,-1.314,
2026-06-25T17:08:43.998,78.407,rpm,886.000,-1.314,
2026-06-25T17:08:43.999,78.407,rpm,834.000,-1.314,
2026-06-25T17:08:44.042,78.454,rpm,669.000,-1.314,
2026-06-25T17:08:44.043,78.454,torque,669.000,-0.416,
2026-06-25T17:08:44.060,78.469,rpm,331.000,-0.416,
2026-06-25T17:08:44.098,78.500,rpm,139.000,-0.416,
2026-06-25T17:08:44.098,78.500,rpm,136.000,-0.416,
2026-06-25T17:08:44.130,78.532,torque,136.000,-0.342,
2026-06-25T17:08:44.131,78.532,rpm,86.000,-0.342,
2026-06-25T17:08:44.133,78.547,rpm,67.000,-0.342,
2026-06-25T17:08:44.133,78.547,rpm,66.000,-0.342,
2026-06-25T17:08:44.186,78.594,rpm,53.000,-0.342,
2026-06-25T17:08:44.187,78.594,torque,53.000,-0.459,
2026-06-25T17:08:44.204,78.610,rpm,47.000,-0.459,
2026-06-25T17:08:44.250,78.657,rpm,40.000,-0.459,
2026-06-25T17:08:44.262,78.672,rpm,37.000,-0.459,
2026-06-25T17:08:44.279,78.688,torque,37.000,-0.657,
2026-06-25T17:08:44.280,78.688,rpm,34.000,-0.657,
2026-06-25T17:08:44.300,78.704,rpm,32.000,-0.657,
2026-06-25T17:08:44.327,78.735,rpm,30.000,-0.657,
2026-06-25T17:08:44.328,78.735,rpm,28.000,-0.657,
2026-06-25T17:08:44.378,78.782,rpm,26.000,-0.657,
2026-06-25T17:08:44.391,78.797,torque,26.000,-0.331,
2026-06-25T17:08:44.392,78.797,rpm,25.000,-0.331,
2026-06-25T17:08:44.393,78.797,rpm,24.000,-0.331,
2026-06-25T17:08:44.406,78.813,rpm,23.000,-0.331,
2026-06-25T17:08:44.456,78.860,rpm,21.000,-0.331,
2026-06-25T17:08:44.474,78.875,torque,21.000,-0.425,
2026-06-25T17:08:44.474,78.875,rpm,20.000,-0.425,
2026-06-25T17:08:44.475,78.875,rpm,20.000,-0.425,
2026-06-25T17:08:44.487,78.891,rpm,19.000,-0.425,
2026-06-25T17:08:44.534,78.938,rpm,18.000,-0.425,
2026-06-25T17:08:44.549,78.954,rpm,17.000,-0.425,
2026-06-25T17:08:44.549,78.954,torque,17.000,-0.448,
2026-06-25T17:08:44.562,78.969,rpm,17.000,-0.448,
2026-06-25T17:08:44.565,78.969,rpm,16.000,-0.448,
2026-06-25T17:08:44.606,79.016,rpm,16.000,-0.448,
2026-06-25T17:08:44.619,79.032,rpm,15.000,-0.448,
2026-06-25T17:08:44.620,79.032,torque,15.000,-0.291,
2026-06-25T17:08:44.632,79.032,rpm,15.000,-0.291,
2026-06-25T17:08:44.633,79.047,rpm,14.000,-0.291,
2026-06-25T17:08:44.687,79.094,rpm,14.000,-0.291,
2026-06-25T17:08:44.703,79.110,rpm,13.000,-0.291,
2026-06-25T17:08:44.715,79.125,torque,13.000,-0.563,
2026-06-25T17:08:44.731,79.141,rpm,13.000,-0.563,
2026-06-25T17:08:44.744,79.157,rpm,12.000,-0.563,
2026-06-25T17:08:44.787,79.188,rpm,12.000,-0.563,
2026-06-25T17:08:44.802,79.204,rpm,12.000,-0.563,
2026-06-25T17:08:44.802,79.204,torque,12.000,-0.283,
2026-06-25T17:08:44.817,79.219,rpm,11.000,-0.283,
2026-06-25T17:08:44.870,79.282,rpm,11.000,-0.283,
2026-06-25T17:08:44.870,79.282,rpm,11.000,-0.283,
2026-06-25T17:08:44.884,79.297,rpm,10.000,-0.283,
2026-06-25T17:08:44.885,79.297,torque,10.000,-0.238,
2026-06-25T17:08:44.885,79.297,rpm,10.000,-0.238,
2026-06-25T17:08:44.939,79.344,rpm,10.000,-0.238,
2026-06-25T17:08:44.954,79.360,rpm,10.000,-0.238,
2026-06-25T17:08:44.969,79.375,rpm,10.000,-0.238,
2026-06-25T17:08:44.970,79.375,torque,10.000,-0.282,
2026-06-25T17:08:44.988,79.391,rpm,9.000,-0.282,
2026-06-25T17:08:45.002,79.407,rpm,9.000,-0.282,
2026-06-25T17:08:45.003,79.407,rpm,9.000,-0.282,
2026-06-25T17:08:45.056,79.469,rpm,9.000,-0.282,
2026-06-25T17:08:45.073,79.485,rpm,9.000,-0.282,
2026-06-25T17:08:45.073,79.485,rpm,8.000,-0.282,
2026-06-25T17:08:45.073,79.485,torque,8.000,-0.285,
2026-06-25T17:08:45.108,79.516,rpm,8.000,-0.285,
2026-06-25T17:08:45.145,79.547,rpm,8.000,-0.285,
2026-06-25T17:08:45.145,79.547,torque,8.000,-0.421,
2026-06-25T17:08:45.162,79.563,rpm,8.000,-0.421,
2026-06-25T17:08:45.179,79.579,rpm,8.000,-0.421,
2026-06-25T17:08:45.209,79.610,rpm,7.000,-0.421,
2026-06-25T17:08:45.226,79.641,rpm,7.000,-0.421,
2026-06-25T17:08:45.241,79.641,rpm,7.000,-0.421,
2026-06-25T17:08:45.242,79.657,torque,7.000,-0.642,
2026-06-25T17:08:45.262,79.672,rpm,7.000,-0.642,
2026-06-25T17:08:45.276,79.688,rpm,7.000,-0.642,
2026-06-25T17:08:45.279,79.688,rpm,7.000,-0.642,
2026-06-25T17:08:45.329,79.735,torque,7.000,-0.299,
2026-06-25T17:08:45.343,79.750,rpm,7.000,-0.299,
2026-06-25T17:08:45.344,79.750,rpm,7.000,-0.299,
2026-06-25T17:08:45.358,79.766,rpm,7.000,-0.299,
2026-06-25T17:08:45.380,79.782,rpm,6.000,-0.299,
2026-06-25T17:08:45.409,79.813,rpm,6.000,-0.299,
2026-06-25T17:08:45.425,79.829,torque,6.000,-0.278,
2026-06-25T17:08:45.426,79.829,rpm,6.000,-0.278,
2026-06-25T17:08:45.443,79.844,rpm,6.000,-0.278,
2026-06-25T17:08:45.471,79.875,rpm,6.000,-0.278,
2026-06-25T17:08:45.486,79.891,rpm,6.000,-0.278,
2026-06-25T17:08:45.501,79.907,torque,6.000,-0.460,
2026-06-25T17:08:45.518,79.922,rpm,6.000,-0.460,
2026-06-25T17:08:45.549,79.954,rpm,6.000,-0.460,
2026-06-25T17:08:45.580,79.985,torque,6.000,-0.372,
2026-06-25T17:08:45.580,79.985,rpm,6.000,-0.372,
2026-06-25T17:08:45.596,80.000,rpm,5.000,-0.372,
2026-06-25T17:08:45.609,80.016,rpm,5.000,-0.372,
2026-06-25T17:08:45.653,80.063,rpm,5.000,-0.372,
2026-06-25T17:08:45.669,80.079,torque,5.000,-0.225,
2026-06-25T17:08:45.683,80.094,rpm,5.000,-0.225,
2026-06-25T17:08:45.684,80.094,rpm,5.000,-0.225,
2026-06-25T17:08:45.733,80.141,rpm,5.000,-0.225,
2026-06-25T17:08:45.744,80.157,rpm,5.000,-0.225,
2026-06-25T17:08:45.745,80.157,torque,5.000,-0.293,
2026-06-25T17:08:45.746,80.157,rpm,5.000,-0.293,
2026-06-25T17:08:45.794,80.204,rpm,5.000,-0.293,
2026-06-25T17:08:45.811,80.219,rpm,5.000,-0.293,
2026-06-25T17:08:45.824,80.235,rpm,5.000,-0.293,
2026-06-25T17:08:45.825,80.235,torque,5.000,-0.585,
2026-06-25T17:08:45.825,80.235,rpm,5.000,-0.585,
2026-06-25T17:08:45.855,80.266,rpm,5.000,-0.585,
2026-06-25T17:08:45.869,80.282,rpm,5.000,-0.585,
2026-06-25T17:08:45.916,80.329,rpm,5.000,-0.585,
2026-06-25T17:08:45.933,80.344,rpm,4.000,-0.585,
2026-06-25T17:08:45.933,80.344,torque,4.000,-0.598,
2026-06-25T17:08:45.933,80.344,rpm,4.000,-0.598,
2026-06-25T17:08:45.948,80.360,rpm,4.000,-0.598,
2026-06-25T17:08:45.983,80.391,rpm,4.000,-0.598,
2026-06-25T17:08:46.012,80.422,rpm,4.000,-0.598,
2026-06-25T17:08:46.012,80.422,torque,4.000,-0.792,
2026-06-25T17:08:46.012,80.422,rpm,4.000,-0.792,
2026-06-25T17:08:46.028,80.438,rpm,4.000,-0.792,
2026-06-25T17:08:46.067,80.469,rpm,4.000,-0.792,
2026-06-25T17:08:46.083,80.485,rpm,4.000,-0.792,
2026-06-25T17:08:46.098,80.500,rpm,4.000,-0.792,
2026-06-25T17:08:46.098,80.500,torque,4.000,-0.495,
2026-06-25T17:08:46.128,80.532,rpm,4.000,-0.495,
2026-06-25T17:08:46.148,80.563,rpm,4.000,-0.495,
2026-06-25T17:08:46.183,80.594,rpm,4.000,-0.495,
2026-06-25T17:08:46.194,80.594,rpm,4.000,-0.495,
2026-06-25T17:08:46.194,80.594,torque,4.000,-0.291,
2026-06-25T17:08:46.208,80.610,rpm,4.000,-0.291,
2026-06-25T17:08:46.209,80.610,rpm,4.000,-0.291,
2026-06-25T17:08:46.254,80.657,rpm,4.000,-0.291,
2026-06-25T17:08:46.280,80.688,rpm,4.000,-0.291,
2026-06-25T17:08:46.280,80.688,torque,4.000,-0.325,
2026-06-25T17:08:46.283,80.688,rpm,4.000,-0.325,
2026-06-25T17:08:46.300,80.704,rpm,4.000,-0.325,
2026-06-25T17:08:46.331,80.735,rpm,4.000,-0.325,
2026-06-25T17:08:46.348,80.750,rpm,4.000,-0.325,
2026-06-25T17:08:46.365,80.766,rpm,4.000,-0.325,
2026-06-25T17:08:46.365,80.766,torque,4.000,-0.413,
2026-06-25T17:08:46.379,80.782,rpm,4.000,-0.413,
2026-06-25T17:08:46.393,80.797,rpm,3.000,-0.413,
2026-06-25T17:08:46.438,80.844,rpm,3.000,-0.413,
2026-06-25T17:08:46.454,80.860,rpm,3.000,-0.413,
2026-06-25T17:08:46.455,80.860,torque,3.000,-0.391,
2026-06-25T17:08:46.455,80.860,rpm,3.000,-0.391,
2026-06-25T17:08:46.468,80.875,rpm,3.000,-0.391,
2026-06-25T17:08:46.520,80.922,rpm,3.000,-0.391,
2026-06-25T17:08:46.535,80.938,rpm,3.000,-0.391,
2026-06-25T17:08:46.536,80.938,torque,3.000,-0.563,
2026-06-25T17:08:46.536,80.938,rpm,3.000,-0.563,
2026-06-25T17:08:46.553,80.954,rpm,3.000,-0.563,
2026-06-25T17:08:46.601,81.000,rpm,3.000,-0.563,
2026-06-25T17:08:46.614,81.016,rpm,3.000,-0.563,
2026-06-25T17:08:46.615,81.016,rpm,3.000,-0.563,
2026-06-25T17:08:46.626,81.032,torque,3.000,-0.705,
2026-06-25T17:08:46.649,81.063,rpm,3.000,-0.705,
2026-06-25T17:08:46.680,81.094,rpm,3.000,-0.705,
2026-06-25T17:08:46.695,81.110,rpm,3.000,-0.705,
2026-06-25T17:08:46.707,81.110,torque,3.000,-0.603,
2026-06-25T17:08:46.707,81.110,rpm,3.000,-0.603,
2026-06-25T17:08:46.750,81.157,rpm,3.000,-0.603,
2026-06-25T17:08:46.770,81.172,rpm,3.000,-0.603,
2026-06-25T17:08:46.786,81.188,rpm,3.000,-0.603,
2026-06-25T17:08:46.787,81.188,torque,3.000,-0.583,
2026-06-25T17:08:46.787,81.188,rpm,3.000,-0.583,
2026-06-25T17:08:46.819,81.219,rpm,3.000,-0.583,
2026-06-25T17:08:46.852,81.266,rpm,3.000,-0.583,
2026-06-25T17:08:46.884,81.297,rpm,3.000,-0.583,
2026-06-25T17:08:46.885,81.297,rpm,3.000,-0.583,
2026-06-25T17:08:46.900,81.313,torque,3.000,-0.507,
2026-06-25T17:08:46.901,81.313,rpm,3.000,-0.507,
2026-06-25T17:08:46.919,81.329,rpm,3.000,-0.507,
2026-06-25T17:08:46.932,81.344,rpm,3.000,-0.507,
2026-06-25T17:08:46.981,81.391,rpm,3.000,-0.507,
2026-06-25T17:08:46.981,81.391,torque,3.000,-0.377,
2026-06-25T17:08:46.997,81.407,rpm,3.000,-0.377,
2026-06-25T17:08:46.997,81.407,rpm,3.000,-0.377,
2026-06-25T17:08:47.012,81.422,rpm,3.000,-0.377,
2026-06-25T17:08:47.058,81.469,rpm,3.000,-0.377,
2026-06-25T17:08:47.071,81.485,torque,3.000,-0.344,
2026-06-25T17:08:47.072,81.485,rpm,3.000,-0.344,
2026-06-25T17:08:47.089,81.500,rpm,3.000,-0.344,
2026-06-25T17:08:47.108,81.516,rpm,3.000,-0.344,
2026-06-25T17:08:47.137,81.547,rpm,3.000,-0.344,
2026-06-25T17:08:47.150,81.563,torque,3.000,-0.322,
2026-06-25T17:08:47.151,81.563,rpm,3.000,-0.322,
2026-06-25T17:08:47.167,81.579,rpm,3.000,-0.322,
2026-06-25T17:08:47.228,81.641,rpm,2.000,-0.322,
2026-06-25T17:08:47.228,81.641,rpm,2.000,-0.322,
2026-06-25T17:08:47.228,81.641,torque,2.000,-0.339,
2026-06-25T17:08:47.246,81.657,rpm,2.000,-0.339,
2026-06-25T17:08:47.264,81.672,rpm,2.000,-0.339,
2026-06-25T17:08:47.279,81.688,rpm,2.000,-0.339,
2026-06-25T17:08:47.329,81.735,torque,2.000,-0.477,
2026-06-25T17:08:47.329,81.735,rpm,2.000,-0.477,
2026-06-25T17:08:47.346,81.750,rpm,2.000,-0.477,
2026-06-25T17:08:47.348,81.750,rpm,2.000,-0.477,
2026-06-25T17:08:47.386,81.797,rpm,2.000,-0.477,
2026-06-25T17:08:47.408,81.813,rpm,2.000,-0.477,
2026-06-25T17:08:47.408,81.813,torque,2.000,-0.521,
2026-06-25T17:08:47.408,81.813,rpm,2.000,-0.521,
2026-06-25T17:08:47.426,81.829,rpm,2.000,-0.521,
2026-06-25T17:08:47.454,81.860,rpm,2.000,-0.521,
2026-06-25T17:08:47.486,81.891,rpm,2.000,-0.521,
2026-06-25T17:08:47.504,81.907,torque,2.000,-0.278,
2026-06-25T17:08:47.504,81.907,rpm,2.000,-0.278,
2026-06-25T17:08:47.521,81.922,rpm,2.000,-0.278,
2026-06-25T17:08:47.538,81.938,rpm,2.000,-0.278,
2026-06-25T17:08:47.590,82.000,torque,2.000,-0.149,
2026-06-25T17:08:47.604,82.016,rpm,2.000,-0.149,
2026-06-25T17:08:47.604,82.016,rpm,2.000,-0.149,
2026-06-25T17:08:47.658,82.063,rpm,2.000,-0.149,
2026-06-25T17:08:47.669,82.079,torque,2.000,-0.412,
2026-06-25T17:08:47.669,82.079,rpm,2.000,-0.412,
2026-06-25T17:08:47.671,82.079,rpm,2.000,-0.412,
2026-06-25T17:08:47.706,82.110,rpm,2.000,-0.412,
2026-06-25T17:08:47.734,82.141,rpm,2.000,-0.412,
2026-06-25T17:08:47.735,82.141,rpm,2.000,-0.412,
2026-06-25T17:08:47.748,82.157,torque,2.000,-0.400,
2026-06-25T17:08:47.778,82.188,rpm,2.000,-0.400,
2026-06-25T17:08:47.811,82.219,rpm,2.000,-0.400,
2026-06-25T17:08:47.841,82.250,torque,2.000,-0.564,
2026-06-25T17:08:47.841,82.250,rpm,2.000,-0.564,
2026-06-25T17:08:47.852,82.266,rpm,2.000,-0.564,
2026-06-25T17:08:47.870,82.282,rpm,2.000,-0.564,
2026-06-25T17:08:47.884,82.297,rpm,2.000,-0.564,
2026-06-25T17:08:47.929,82.344,torque,2.000,-0.359,
2026-06-25T17:08:47.929,82.344,rpm,2.000,-0.359,
2026-06-25T17:08:47.945,82.360,rpm,2.000,-0.359,
2026-06-25T17:08:47.945,82.360,rpm,2.000,-0.359,
2026-06-25T17:08:47.995,82.407,rpm,2.000,-0.359,
2026-06-25T17:08:48.010,82.422,rpm,2.000,-0.359,
2026-06-25T17:08:48.025,82.438,torque,2.000,-0.424,
2026-06-25T17:08:48.026,82.438,rpm,2.000,-0.424,
2026-06-25T17:08:48.040,82.454,rpm,2.000,-0.424,
2026-06-25T17:08:48.047,82.454,rpm,2.000,-0.424,
2026-06-25T17:08:48.096,82.500,rpm,2.000,-0.424,
2026-06-25T17:08:48.108,82.516,torque,2.000,0.005,
2026-06-25T17:08:48.109,82.516,rpm,2.000,0.005,
2026-06-25T17:08:48.120,82.532,rpm,2.000,0.005,
2026-06-25T17:08:48.139,82.547,rpm,2.000,0.005,
2026-06-25T17:08:48.169,82.579,rpm,2.000,0.005,
2026-06-25T17:08:48.186,82.594,rpm,2.000,0.005,
2026-06-25T17:08:48.186,82.594,torque,2.000,0.014,
2026-06-25T17:08:48.201,82.610,rpm,2.000,0.014,
2026-06-25T17:08:48.204,82.610,rpm,2.000,0.014,
2026-06-25T17:08:48.250,82.657,rpm,2.000,0.014,
2026-06-25T17:08:48.265,82.672,rpm,2.000,0.014,
2026-06-25T17:08:48.265,82.672,torque,2.000,-0.180,
2026-06-25T17:08:48.281,82.688,rpm,2.000,-0.180,
2026-06-25T17:08:48.298,82.704,rpm,2.000,-0.180,
2026-06-25T17:08:48.329,82.735,rpm,2.000,-0.180,
2026-06-25T17:08:48.342,82.750,rpm,2.000,-0.180,
2026-06-25T17:08:48.360,82.766,torque,2.000,-0.334,
2026-06-25T17:08:48.375,82.782,rpm,2.000,-0.334,
2026-06-25T17:08:48.389,82.797,rpm,2.000,-0.334,
2026-06-25T17:08:48.446,82.860,torque,2.000,-0.453,
2026-06-25T17:08:48.446,82.860,rpm,2.000,-0.453,
2026-06-25T17:08:48.459,82.860,rpm,2.000,-0.453,
2026-06-25T17:08:48.461,82.875,rpm,2.000,-0.453,
2026-06-25T17:08:48.500,82.907,rpm,2.000,-0.453,
2026-06-25T17:08:48.525,82.938,torque,2.000,-0.497,
2026-06-25T17:08:48.525,82.938,rpm,2.000,-0.497,
2026-06-25T17:08:48.526,82.938,rpm,2.000,-0.497,
2026-06-25T17:08:48.556,82.969,rpm,2.000,-0.497,
2026-06-25T17:08:48.574,82.985,rpm,2.000,-0.497,
2026-06-25T17:08:48.591,83.000,rpm,2.000,-0.497,
2026-06-25T17:08:48.607,83.016,torque,2.000,-0.197,
2026-06-25T17:08:48.607,83.016,rpm,2.000,-0.197,
2026-06-25T17:08:48.647,83.047,rpm,2.000,-0.197,
2026-06-25T17:08:48.676,83.079,rpm,2.000,-0.197,
2026-06-25T17:08:48.705,83.110,torque,2.000,-0.222,
2026-06-25T17:08:48.705,83.110,rpm,2.000,-0.222,
2026-06-25T17:08:48.707,83.110,rpm,2.000,-0.222,
2026-06-25T17:08:48.742,83.157,rpm,2.000,-0.222,
2026-06-25T17:08:48.757,83.157,rpm,2.000,-0.222,
2026-06-25T17:08:48.802,83.204,rpm,1.000,-0.222,
2026-06-25T17:08:48.802,83.204,torque,1.000,-0.500,
2026-06-25T17:08:48.802,83.204,rpm,1.000,-0.500,
2026-06-25T17:08:48.822,83.235,rpm,1.000,-0.500,
2026-06-25T17:08:48.868,83.282,rpm,1.000,-0.500,
2026-06-25T17:08:48.868,83.282,rpm,1.000,-0.500,
2026-06-25T17:08:48.880,83.282,torque,1.000,-0.498,
2026-06-25T17:08:48.881,83.282,rpm,1.000,-0.498,
2026-06-25T17:08:48.897,83.297,rpm,1.000,-0.498,
2026-06-25T17:08:48.937,83.344,rpm,1.000,-0.498,
2026-06-25T17:08:48.950,83.360,rpm,1.000,-0.498,
2026-06-25T17:08:48.951,83.360,torque,1.000,-0.469,
2026-06-25T17:08:48.951,83.360,rpm,1.000,-0.469,
2026-06-25T17:08:48.977,83.391,rpm,1.000,-0.469,
2026-06-25T17:08:49.024,83.438,rpm,1.000,-0.469,
2026-06-25T17:08:49.034,83.438,rpm,1.000,-0.469,
2026-06-25T17:08:49.035,83.438,rpm,1.000,-0.469,
2026-06-25T17:08:49.037,83.438,torque,1.000,-0.188,
2026-06-25T17:08:49.059,83.469,rpm,1.000,-0.188,
2026-06-25T17:08:49.108,83.516,rpm,1.000,-0.188,
2026-06-25T17:08:49.109,83.516,rpm,1.000,-0.188,
2026-06-25T17:08:49.112,83.516,rpm,1.000,-0.188,
2026-06-25T17:08:49.113,83.516,torque,1.000,-0.238,
2026-06-25T17:08:49.162,83.563,rpm,1.000,-0.238,
2026-06-25T17:08:49.175,83.579,rpm,1.000,-0.238,
2026-06-25T17:08:49.198,83.610,rpm,1.000,-0.238,
2026-06-25T17:08:49.225,83.625,torque,1.000,-0.334,
2026-06-25T17:08:49.226,83.641,rpm,1.000,-0.334,
2026-06-25T17:08:49.242,83.657,rpm,1.000,-0.334,
2026-06-25T17:08:49.256,83.657,rpm,1.000,-0.334,
2026-06-25T17:08:49.298,83.704,rpm,1.000,-0.334,
2026-06-25T17:08:49.311,83.719,torque,1.000,0.010,
2026-06-25T17:08:49.312,83.719,rpm,1.000,0.010,
