timestamp,elapsed_s,source,rpm,torque_mnm,throttle_pct
2026-06-25T17:20:56.398,0.031,rpm,0.000,,
2026-06-25T17:20:56.398,0.031,rpm,0.000,,
2026-06-25T17:20:56.399,0.047,torque,0.000,0.537,
2026-06-25T17:20:56.399,0.047,rpm,0.000,0.537,
2026-06-25T17:20:56.399,0.047,rpm,0.000,0.537,
2026-06-25T17:20:56.399,0.047,rpm,0.000,0.537,
2026-06-25T17:20:56.444,0.078,rpm,0.000,0.537,
2026-06-25T17:20:56.444,0.078,torque,0.000,0.220,
2026-06-25T17:20:56.444,0.078,rpm,0.000,0.220,
2026-06-25T17:20:56.464,0.110,rpm,0.000,0.220,
2026-06-25T17:20:56.478,0.125,rpm,0.000,0.220,
2026-06-25T17:20:56.478,0.125,torque,0.000,0.275,
2026-06-25T17:20:56.545,0.188,rpm,0.000,0.275,
2026-06-25T17:20:56.545,0.188,rpm,0.000,0.275,
2026-06-25T17:20:56.563,0.203,rpm,0.000,0.275,
2026-06-25T17:20:56.563,0.203,rpm,0.000,0.275,
2026-06-25T17:20:56.565,0.203,torque,0.000,0.312,
2026-06-25T17:20:56.591,0.235,rpm,0.000,0.312,
2026-06-25T17:20:56.620,0.266,rpm,0.000,0.312,
2026-06-25T17:20:56.643,0.281,torque,0.000,0.304,
2026-06-25T17:20:56.643,0.281,rpm,0.000,0.304,
2026-06-25T17:20:56.668,0.313,rpm,0.000,0.304,
2026-06-25T17:20:56.737,0.375,rpm,0.000,0.304,
2026-06-25T17:20:56.737,0.375,rpm,0.000,0.304,
2026-06-25T17:20:56.748,0.391,rpm,0.000,0.304,
2026-06-25T17:20:56.748,0.391,torque,0.000,0.575,
2026-06-25T17:20:56.749,0.391,rpm,0.000,0.575,
2026-06-25T17:20:56.801,0.438,rpm,0.000,0.575,
2026-06-25T17:20:56.833,0.469,rpm,0.000,0.575,
2026-06-25T17:20:56.833,0.469,torque,0.000,0.303,
2026-06-25T17:20:56.846,0.485,rpm,0.000,0.303,
2026-06-25T17:20:56.899,0.547,rpm,0.000,0.303,
2026-06-25T17:20:56.925,0.563,rpm,0.000,0.303,
2026-06-25T17:20:56.926,0.563,rpm,0.000,0.303,
2026-06-25T17:20:56.927,0.563,torque,0.000,0.110,
2026-06-25T17:20:56.944,0.578,rpm,0.000,0.110,
2026-06-25T17:20:56.959,0.594,rpm,0.000,0.110,
2026-06-25T17:20:57.007,0.641,rpm,0.000,0.110,
2026-06-25T17:20:57.039,0.672,torque,0.000,0.227,
2026-06-25T17:20:57.040,0.688,rpm,0.000,0.227,
2026-06-25T17:20:57.040,0.688,rpm,0.000,0.227,
2026-06-25T17:20:57.059,0.703,rpm,0.000,0.227,
2026-06-25T17:20:57.059,0.703,rpm,0.000,0.227,
2026-06-25T17:20:57.115,0.750,rpm,0.000,0.227,
2026-06-25T17:20:57.115,0.750,torque,0.000,0.153,
2026-06-25T17:20:57.137,0.781,rpm,0.000,0.153,
2026-06-25T17:20:57.152,0.797,rpm,0.000,0.153,
2026-06-25T17:20:57.152,0.797,rpm,0.000,0.153,
2026-06-25T17:20:57.192,0.828,torque,0.000,0.226,
2026-06-25T17:20:57.206,0.844,rpm,0.000,0.226,
2026-06-25T17:20:57.233,0.875,rpm,0.000,0.226,
2026-06-25T17:20:57.245,0.891,rpm,0.000,0.226,
2026-06-25T17:20:57.266,0.906,rpm,0.000,0.226,
2026-06-25T17:20:57.267,0.906,torque,0.000,0.268,
2026-06-25T17:20:57.267,0.906,rpm,0.000,0.268,
2026-06-25T17:20:57.281,0.922,rpm,0.000,0.268,
2026-06-25T17:20:57.311,0.953,rpm,0.000,0.268,
2026-06-25T17:20:57.350,0.985,rpm,0.000,0.268,
2026-06-25T17:20:57.369,1.016,torque,0.000,0.497,
2026-06-25T17:20:57.370,1.016,rpm,0.000,0.497,
2026-06-25T17:20:57.370,1.016,rpm,0.000,0.497,
2026-06-25T17:20:57.390,1.031,rpm,0.000,0.497,
2026-06-25T17:20:57.428,1.063,rpm,0.000,0.497,
2026-06-25T17:20:57.452,1.094,rpm,0.000,0.497,
2026-06-25T17:20:57.452,1.094,torque,0.000,0.449,
2026-06-25T17:20:57.468,1.110,rpm,0.000,0.449,
2026-06-25T17:20:57.470,1.110,rpm,0.000,0.449,
2026-06-25T17:20:57.480,1.125,rpm,0.000,0.449,
2026-06-25T17:20:57.542,1.188,rpm,0.000,0.449,
2026-06-25T17:20:57.542,1.188,torque,0.000,0.343,
2026-06-25T17:20:57.558,1.203,rpm,0.000,0.343,
2026-06-25T17:20:57.558,1.203,rpm,0.000,0.343,
2026-06-25T17:20:57.560,1.203,rpm,0.000,0.343,
2026-06-25T17:20:57.599,1.235,rpm,0.000,0.343,
2026-06-25T17:20:57.634,1.281,torque,0.000,0.232,
2026-06-25T17:20:57.635,1.281,rpm,0.000,0.232,
2026-06-25T17:20:57.650,1.297,rpm,0.000,0.232,
2026-06-25T17:20:57.650,1.297,rpm,0.000,0.232,
2026-06-25T17:20:57.699,1.344,rpm,0.000,0.232,
2026-06-25T17:20:57.728,1.375,torque,0.000,0.229,
2026-06-25T17:20:57.729,1.375,rpm,0.000,0.229,
2026-06-25T17:20:57.748,1.391,rpm,0.000,0.229,
2026-06-25T17:20:57.750,1.391,rpm,0.000,0.229,
2026-06-25T17:20:57.803,1.438,rpm,0.000,0.229,
2026-06-25T17:20:57.821,1.469,rpm,0.000,0.229,
2026-06-25T17:20:57.823,1.469,torque,0.000,0.393,
2026-06-25T17:20:57.847,1.485,rpm,0.000,0.393,
2026-06-25T17:20:57.861,1.500,rpm,0.000,0.393,
2026-06-25T17:20:57.862,1.500,rpm,0.000,0.393,
2026-06-25T17:20:57.862,1.500,torque,0.000,0.355,
2026-06-25T17:20:57.862,1.500,rpm,0.000,0.355,
2026-06-25T17:20:57.899,1.531,rpm,0.000,0.355,
2026-06-25T17:20:57.936,1.578,rpm,0.000,0.355,
2026-06-25T17:20:57.969,1.610,torque,0.000,0.431,
2026-06-25T17:20:57.969,1.610,rpm,0.000,0.431,
2026-06-25T17:20:57.980,1.625,rpm,0.000,0.431,
2026-06-25T17:20:58.014,1.656,rpm,0.000,0.431,
2026-06-25T17:20:58.042,1.688,rpm,0.000,0.431,
2026-06-25T17:20:58.042,1.688,torque,0.000,0.398,
2026-06-25T17:20:58.042,1.688,rpm,0.000,0.398,
2026-06-25T17:20:58.073,1.719,rpm,0.000,0.398,
2026-06-25T17:20:58.102,1.750,rpm,0.000,0.398,
2026-06-25T17:20:58.122,1.766,rpm,0.000,0.398,
2026-06-25T17:20:58.133,1.766,rpm,0.000,0.398,
2026-06-25T17:20:58.134,1.781,torque,0.000,0.495,
2026-06-25T17:20:58.134,1.781,rpm,0.000,0.495,
2026-06-25T17:20:58.159,1.797,rpm,0.000,0.495,
2026-06-25T17:20:58.212,1.860,rpm,0.000,0.495,
2026-06-25T17:20:58.212,1.860,rpm,0.000,0.495,
2026-06-25T17:20:58.223,1.860,torque,0.000,0.454,
2026-06-25T17:20:58.224,1.860,rpm,0.000,0.454,
2026-06-25T17:20:58.232,1.875,rpm,0.000,0.454,
2026-06-25T17:20:58.276,1.922,rpm,0.000,0.454,
2026-06-25T17:20:58.299,1.938,rpm,0.000,0.454,
2026-06-25T17:20:58.299,1.938,torque,0.000,0.398,
2026-06-25T17:20:58.299,1.938,rpm,0.000,0.398,
2026-06-25T17:20:58.322,1.969,rpm,0.000,0.398,
2026-06-25T17:20:58.375,2.016,rpm,0.000,0.398,
2026-06-25T17:20:58.384,2.031,rpm,0.000,0.398,
2026-06-25T17:20:58.384,2.031,torque,0.000,0.536,
2026-06-25T17:20:58.384,2.031,rpm,0.000,0.536,
2026-06-25T17:20:58.427,2.063,rpm,0.000,0.536,
2026-06-25T17:20:58.447,2.094,rpm,0.000,0.536,
2026-06-25T17:20:58.458,2.094,rpm,0.000,0.536,
2026-06-25T17:20:58.468,2.110,torque,0.000,0.407,
2026-06-25T17:20:58.469,2.110,rpm,0.000,0.407,
2026-06-25T17:20:58.480,2.125,rpm,0.000,0.407,
2026-06-25T17:20:58.535,2.172,rpm,0.000,0.407,
2026-06-25T17:20:58.549,2.188,rpm,0.000,0.407,
2026-06-25T17:20:58.549,2.188,torque,0.000,-0.044,
2026-06-25T17:20:58.560,2.203,rpm,0.000,-0.044,
2026-06-25T17:20:58.562,2.203,rpm,0.000,-0.044,
2026-06-25T17:20:58.597,2.235,rpm,0.000,-0.044,
2026-06-25T17:20:58.617,2.250,rpm,0.000,-0.044,
2026-06-25T17:20:58.628,2.266,rpm,0.000,-0.044,
2026-06-25T17:20:58.639,2.281,torque,0.000,0.087,
2026-06-25T17:20:58.650,2.297,rpm,0.000,0.087,
2026-06-25T17:20:58.726,2.360,rpm,0.000,0.087,
2026-06-25T17:20:58.734,2.375,rpm,0.000,0.087,
2026-06-25T17:20:58.734,2.375,torque,0.000,0.273,
2026-06-25T17:20:58.734,2.375,rpm,0.000,0.273,
2026-06-25T17:20:58.739,2.375,rpm,0.000,0.273,
2026-06-25T17:20:58.794,2.438,rpm,0.000,0.273,
2026-06-25T17:20:58.795,2.438,rpm,0.000,0.273,
2026-06-25T17:20:58.809,2.453,rpm,0.000,0.273,
2026-06-25T17:20:58.820,2.453,torque,0.000,0.299,
2026-06-25T17:20:58.820,2.453,rpm,0.000,0.299,
2026-06-25T17:20:58.842,2.485,rpm,0.000,0.299,
2026-06-25T17:20:58.895,2.531,rpm,0.000,0.299,
2026-06-25T17:20:58.904,2.547,torque,0.000,0.251,
2026-06-25T17:20:58.904,2.547,rpm,0.000,0.251,
2026-06-25T17:20:58.927,2.563,rpm,0.000,0.251,
2026-06-25T17:20:58.970,2.610,rpm,0.000,0.251,
2026-06-25T17:20:58.970,2.610,rpm,0.000,0.251,
2026-06-25T17:20:58.982,2.625,torque,0.000,0.121,
2026-06-25T17:20:58.983,2.625,rpm,0.000,0.121,
2026-06-25T17:20:59.043,2.688,rpm,0.000,0.121,
2026-06-25T17:20:59.050,2.688,rpm,0.000,0.121,
2026-06-25T17:20:59.050,2.688,rpm,0.000,0.121,
2026-06-25T17:20:59.056,2.703,torque,0.000,0.105,
2026-06-25T17:20:59.119,2.766,rpm,0.000,0.105,
2026-06-25T17:20:59.120,2.766,rpm,0.000,0.105,
2026-06-25T17:20:59.121,2.766,rpm,0.000,0.105,
2026-06-25T17:20:59.143,2.781,rpm,0.000,0.105,
2026-06-25T17:20:59.146,2.781,torque,0.000,0.453,
2026-06-25T17:20:59.194,2.828,rpm,0.000,0.453,
2026-06-25T17:20:59.206,2.844,rpm,0.000,0.453,
2026-06-25T17:20:59.231,2.875,rpm,0.000,0.453,
2026-06-25T17:20:59.231,2.875,torque,0.000,0.318,
2026-06-25T17:20:59.248,2.891,rpm,0.000,0.318,
2026-06-25T17:20:59.259,2.906,rpm,0.000,0.318,
2026-06-25T17:20:59.314,2.953,rpm,0.000,0.318,
2026-06-25T17:20:59.325,2.969,rpm,0.000,0.318,
2026-06-25T17:20:59.326,2.969,rpm,0.000,0.318,
2026-06-25T17:20:59.338,2.985,torque,0.000,0.148,
2026-06-25T17:20:59.347,2.985,rpm,0.000,0.148,
2026-06-25T17:20:59.405,3.047,rpm,0.000,0.148,
2026-06-25T17:20:59.415,3.063,rpm,0.000,0.148,
2026-06-25T17:20:59.415,3.063,torque,0.000,0.248,
2026-06-25T17:20:59.416,3.063,rpm,0.000,0.248,
2026-06-25T17:20:59.483,3.125,rpm,0.000,0.248,
2026-06-25T17:20:59.494,3.141,rpm,0.000,0.248,
2026-06-25T17:20:59.504,3.141,torque,0.000,0.093,
2026-06-25T17:20:59.505,3.141,rpm,0.000,0.093,
2026-06-25T17:20:59.517,3.156,rpm,0.000,0.093,
2026-06-25T17:20:59.570,3.203,rpm,0.000,0.093,
2026-06-25T17:20:59.580,3.219,rpm,0.000,0.093,
2026-06-25T17:20:59.593,3.235,torque,0.000,0.148,
2026-06-25T17:20:59.602,3.235,rpm,0.000,0.148,
2026-06-25T17:20:59.602,3.235,rpm,0.000,0.148,
2026-06-25T17:20:59.647,3.281,rpm,0.000,0.148,
2026-06-25T17:20:59.660,3.297,rpm,0.000,0.148,
2026-06-25T17:20:59.681,3.328,torque,0.000,0.220,
2026-06-25T17:20:59.681,3.328,rpm,0.000,0.220,
2026-06-25T17:20:59.694,3.328,rpm,0.000,0.220,
2026-06-25T17:20:59.755,3.391,rpm,0.000,0.220,
2026-06-25T17:20:59.756,3.391,rpm,0.000,0.220,
2026-06-25T17:20:59.756,3.391,torque,0.000,0.225,
2026-06-25T17:20:59.758,3.391,rpm,0.000,0.225,
2026-06-25T17:20:59.810,3.453,rpm,0.000,0.225,
2026-06-25T17:20:59.817,3.453,rpm,0.000,0.225,
2026-06-25T17:20:59.818,3.453,rpm,0.000,0.225,
2026-06-25T17:20:59.843,3.485,torque,0.000,0.418,
2026-06-25T17:20:59.845,3.485,rpm,0.000,0.418,
2026-06-25T17:20:59.897,3.531,rpm,0.000,0.418,
2026-06-25T17:20:59.907,3.547,rpm,0.000,0.418,
2026-06-25T17:20:59.931,3.578,rpm,0.000,0.418,
2026-06-25T17:20:59.931,3.578,torque,0.000,0.350,
2026-06-25T17:20:59.934,3.578,rpm,0.000,0.350,
2026-06-25T17:20:59.979,3.625,rpm,0.000,0.350,
2026-06-25T17:20:59.998,3.641,rpm,0.000,0.350,
2026-06-25T17:21:00.016,3.656,rpm,0.000,0.350,
2026-06-25T17:21:00.016,3.656,torque,0.000,0.217,
2026-06-25T17:21:00.034,3.672,rpm,0.000,0.217,
2026-06-25T17:21:00.077,3.719,rpm,0.000,0.217,
2026-06-25T17:21:00.112,3.750,rpm,0.000,0.217,
2026-06-25T17:21:00.112,3.750,rpm,0.000,0.217,
2026-06-25T17:21:00.113,3.750,torque,0.000,0.402,
2026-06-25T17:21:00.113,3.750,rpm,0.000,0.402,
2026-06-25T17:21:00.179,3.813,rpm,0.000,0.402,
2026-06-25T17:21:00.179,3.813,rpm,0.000,0.402,
2026-06-25T17:21:00.188,3.828,rpm,0.000,0.402,
2026-06-25T17:21:00.189,3.828,torque,0.000,0.694,
2026-06-25T17:21:00.233,3.875,rpm,0.000,0.694,
2026-06-25T17:21:00.234,3.875,rpm,0.000,0.694,
2026-06-25T17:21:00.256,3.891,rpm,0.000,0.694,
2026-06-25T17:21:00.267,3.906,rpm,0.000,0.694,
2026-06-25T17:21:00.275,3.922,torque,0.000,0.508,
2026-06-25T17:21:00.294,3.938,rpm,0.000,0.508,
2026-06-25T17:21:00.340,3.985,rpm,0.000,0.508,
2026-06-25T17:21:00.340,3.985,rpm,0.000,0.508,
2026-06-25T17:21:00.360,4.000,torque,0.000,0.216,
2026-06-25T17:21:00.373,4.016,rpm,0.000,0.216,
2026-06-25T17:21:00.436,4.078,rpm,0.000,0.216,
2026-06-25T17:21:00.444,4.078,rpm,0.000,0.216,
2026-06-25T17:21:00.445,4.078,rpm,0.000,0.216,
2026-06-25T17:21:00.445,4.078,torque,0.000,0.307,
2026-06-25T17:21:00.448,4.094,rpm,0.000,0.307,
2026-06-25T17:21:00.495,4.141,rpm,0.000,0.307,
2026-06-25T17:21:00.495,4.141,rpm,0.000,0.307,
2026-06-25T17:21:00.527,4.172,rpm,0.000,0.307,
2026-06-25T17:21:00.530,4.172,torque,0.000,0.257,
2026-06-25T17:21:00.549,4.188,rpm,0.000,0.257,
2026-06-25T17:21:00.596,4.235,rpm,0.000,0.257,
2026-06-25T17:21:00.604,4.250,rpm,0.000,0.257,
2026-06-25T17:21:00.611,4.250,rpm,0.000,0.257,
2026-06-25T17:21:00.627,4.266,torque,0.000,0.083,
2026-06-25T17:21:00.630,4.266,rpm,0.000,0.083,
2026-06-25T17:21:00.674,4.313,rpm,0.000,0.083,
2026-06-25T17:21:00.675,4.313,rpm,0.000,0.083,
2026-06-25T17:21:00.707,4.344,rpm,0.000,0.083,
2026-06-25T17:21:00.707,4.344,torque,0.000,0.169,
2026-06-25T17:21:00.764,4.406,rpm,0.000,0.169,
2026-06-25T17:21:00.764,4.406,rpm,0.000,0.169,
2026-06-25T17:21:00.777,4.422,rpm,0.000,0.169,
2026-06-25T17:21:00.786,4.422,rpm,0.000,0.169,
2026-06-25T17:21:00.803,4.438,torque,0.000,0.407,
2026-06-25T17:21:00.845,4.485,rpm,0.000,0.407,
2026-06-25T17:21:00.867,4.500,rpm,0.000,0.407,
2026-06-25T17:21:00.867,4.500,rpm,0.000,0.407,
2026-06-25T17:21:00.890,4.531,rpm,0.000,0.407,
2026-06-25T17:21:00.890,4.531,torque,0.000,0.108,
2026-06-25T17:21:00.899,4.547,rpm,0.000,0.108,
2026-06-25T17:21:00.952,4.594,rpm,0.000,0.108,
2026-06-25T17:21:00.963,4.610,rpm,0.000,0.108,
2026-06-25T17:21:00.964,4.610,rpm,0.000,0.108,
2026-06-25T17:21:00.975,4.610,torque,0.000,0.102,
2026-06-25T17:21:00.985,4.625,rpm,0.000,0.102,
2026-06-25T17:21:01.047,4.688,rpm,0.000,0.102,
2026-06-25T17:21:01.053,4.688,rpm,0.000,0.102,
2026-06-25T17:21:01.054,4.688,rpm,0.000,0.102,
2026-06-25T17:21:01.055,4.688,torque,0.000,0.208,
2026-06-25T17:21:01.074,4.719,rpm,0.000,0.208,
2026-06-25T17:21:01.123,4.766,rpm,0.000,0.208,
2026-06-25T17:21:01.130,4.766,rpm,0.000,0.208,
2026-06-25T17:21:01.149,4.781,torque,0.000,0.546,
2026-06-25T17:21:01.149,4.781,rpm,0.000,0.546,
2026-06-25T17:21:01.200,4.844,rpm,0.000,0.546,
2026-06-25T17:21:01.212,4.860,rpm,0.000,0.546,
2026-06-25T17:21:01.231,4.875,torque,0.000,0.610,
2026-06-25T17:21:01.231,4.875,rpm,0.000,0.610,
2026-06-25T17:21:01.283,4.922,rpm,0.000,0.610,
2026-06-25T17:21:01.304,4.938,rpm,0.000,0.610,
2026-06-25T17:21:01.328,4.969,torque,0.000,0.342,
2026-06-25T17:21:01.328,4.969,rpm,0.000,0.342,
2026-06-25T17:21:01.341,4.985,rpm,0.000,0.342,
2026-06-25T17:21:01.397,5.031,rpm,0.000,0.342,
2026-06-25T17:21:01.405,5.047,rpm,0.000,0.342,
2026-06-25T17:21:01.405,5.047,torque,0.000,0.107,
2026-06-25T17:21:01.406,5.047,rpm,0.000,0.107,
2026-06-25T17:21:01.446,5.078,rpm,0.000,0.107,
2026-06-25T17:21:01.480,5.125,rpm,0.000,0.107,
2026-06-25T17:21:01.480,5.125,rpm,0.000,0.107,
2026-06-25T17:21:01.490,5.125,torque,0.000,0.036,
2026-06-25T17:21:01.549,5.188,rpm,0.000,0.036,
2026-06-25T17:21:01.549,5.188,rpm,0.000,0.036,
2026-06-25T17:21:01.554,5.188,rpm,0.000,0.036,
2026-06-25T17:21:01.571,5.219,torque,0.000,-0.173,
2026-06-25T17:21:01.580,5.219,rpm,0.000,-0.173,
2026-06-25T17:21:01.625,5.266,rpm,0.000,-0.173,
2026-06-25T17:21:01.634,5.281,rpm,0.000,-0.173,
2026-06-25T17:21:01.639,5.281,rpm,0.000,-0.173,
2026-06-25T17:21:01.657,5.297,rpm,0.000,-0.173,
2026-06-25T17:21:01.657,5.297,torque,0.000,-0.065,
2026-06-25T17:21:01.701,5.344,rpm,0.000,-0.065,
2026-06-25T17:21:01.722,5.360,rpm,0.000,-0.065,
2026-06-25T17:21:01.723,5.360,rpm,0.000,-0.065,
2026-06-25T17:21:01.744,5.391,rpm,0.000,-0.065,
2026-06-25T17:21:01.744,5.391,torque,0.000,0.205,
2026-06-25T17:21:01.772,5.406,rpm,0.000,0.205,
2026-06-25T17:21:01.804,5.438,rpm,0.000,0.205,
2026-06-25T17:21:01.824,5.469,rpm,0.000,0.205,
2026-06-25T17:21:01.833,5.469,rpm,0.000,0.205,
2026-06-25T17:21:01.843,5.485,torque,0.000,0.239,
2026-06-25T17:21:01.843,5.485,rpm,0.000,0.239,
2026-06-25T17:21:01.908,5.547,rpm,0.000,0.239,
2026-06-25T17:21:01.909,5.547,rpm,0.000,0.239,
2026-06-25T17:21:01.910,5.547,rpm,0.000,0.239,
2026-06-25T17:21:01.930,5.563,torque,0.000,0.216,
2026-06-25T17:21:01.930,5.563,rpm,0.000,0.216,
2026-06-25T17:21:01.956,5.594,rpm,0.000,0.216,
2026-06-25T17:21:01.998,5.641,rpm,0.000,0.216,
2026-06-25T17:21:02.018,5.656,torque,0.000,0.256,
2026-06-25T17:21:02.018,5.656,rpm,0.000,0.256,
2026-06-25T17:21:02.054,5.688,rpm,0.000,0.256,
2026-06-25T17:21:02.092,5.735,rpm,0.000,0.256,
2026-06-25T17:21:02.093,5.735,rpm,0.000,0.256,
2026-06-25T17:21:02.093,5.735,torque,0.000,0.269,
2026-06-25T17:21:02.093,5.735,rpm,0.000,0.269,
2026-06-25T17:21:02.148,5.781,rpm,0.000,0.269,
2026-06-25T17:21:02.156,5.797,rpm,0.000,0.269,
2026-06-25T17:21:02.180,5.813,rpm,0.000,0.269,
2026-06-25T17:21:02.180,5.813,torque,0.000,0.294,
2026-06-25T17:21:02.230,5.875,rpm,0.000,0.294,
2026-06-25T17:21:02.240,5.875,rpm,0.000,0.294,
2026-06-25T17:21:02.240,5.875,rpm,0.000,0.294,
2026-06-25T17:21:02.265,5.906,torque,0.000,0.463,
2026-06-25T17:21:02.265,5.906,rpm,0.000,0.463,
2026-06-25T17:21:02.316,5.953,rpm,0.000,0.463,
2026-06-25T17:21:02.316,5.953,rpm,0.000,0.463,
2026-06-25T17:21:02.335,5.969,rpm,0.000,0.463,
2026-06-25T17:21:02.355,6.000,torque,0.000,0.225,
2026-06-25T17:21:02.375,6.016,rpm,0.000,0.225,
2026-06-25T17:21:02.425,6.063,rpm,0.000,0.225,
2026-06-25T17:21:02.434,6.078,rpm,0.000,0.225,
2026-06-25T17:21:02.434,6.078,rpm,0.000,0.225,
2026-06-25T17:21:02.456,6.094,torque,0.000,0.043,
2026-06-25T17:21:02.456,6.094,rpm,0.000,0.043,
2026-06-25T17:21:02.471,6.110,rpm,0.000,0.043,
2026-06-25T17:21:02.531,6.172,rpm,0.000,0.043,
2026-06-25T17:21:02.531,6.172,rpm,0.000,0.043,
2026-06-25T17:21:02.532,6.172,torque,0.000,0.219,
2026-06-25T17:21:02.536,6.172,rpm,0.000,0.219,
2026-06-25T17:21:02.582,6.219,rpm,0.000,0.219,
2026-06-25T17:21:02.582,6.219,rpm,0.000,0.219,
2026-06-25T17:21:02.615,6.250,rpm,0.000,0.219,
2026-06-25T17:21:02.615,6.250,torque,0.000,0.255,
2026-06-25T17:21:02.665,6.297,rpm,0.000,0.255,
2026-06-25T17:21:02.666,6.313,rpm,0.000,0.255,
2026-06-25T17:21:02.684,6.328,rpm,0.000,0.255,
2026-06-25T17:21:02.699,6.344,rpm,0.000,0.255,
2026-06-25T17:21:02.700,6.344,torque,0.000,0.079,
2026-06-25T17:21:02.717,6.360,rpm,0.000,0.079,
2026-06-25T17:21:02.766,6.406,rpm,0.000,0.079,
2026-06-25T17:21:02.777,6.422,rpm,0.000,0.079,
2026-06-25T17:21:02.778,6.422,rpm,0.000,0.079,
2026-06-25T17:21:02.786,6.422,torque,0.000,0.132,
2026-06-25T17:21:02.786,6.422,rpm,0.000,0.132,
2026-06-25T17:21:02.817,6.453,rpm,0.000,0.132,
2026-06-25T17:21:02.860,6.500,rpm,0.000,0.132,
2026-06-25T17:21:02.860,6.500,rpm,0.000,0.132,
2026-06-25T17:21:02.878,6.516,rpm,0.000,0.132,
2026-06-25T17:21:02.878,6.516,torque,0.000,0.330,
2026-06-25T17:21:02.897,6.531,rpm,0.000,0.330,
2026-06-25T17:21:02.950,6.594,rpm,0.000,0.330,
2026-06-25T17:21:02.970,6.610,torque,0.000,0.341,
2026-06-25T17:21:02.983,6.625,rpm,0.000,0.341,
2026-06-25T17:21:03.020,6.656,rpm,0.000,0.341,
2026-06-25T17:21:03.048,6.688,rpm,0.000,0.341,
2026-06-25T17:21:03.048,6.688,rpm,0.000,0.341,
2026-06-25T17:21:03.056,6.688,torque,0.000,0.230,
2026-06-25T17:21:03.057,6.703,rpm,0.000,0.230,
2026-06-25T17:21:03.112,6.750,rpm,0.000,0.230,
2026-06-25T17:21:03.133,6.766,rpm,0.000,0.230,
2026-06-25T17:21:03.146,6.781,torque,0.000,0.024,
2026-06-25T17:21:03.146,6.781,rpm,0.000,0.024,
2026-06-25T17:21:03.215,6.860,rpm,0.000,0.024,
2026-06-25T17:21:03.218,6.860,torque,0.000,0.290,
2026-06-25T17:21:03.243,6.875,rpm,0.000,0.290,
2026-06-25T17:21:03.295,6.938,rpm,0.000,0.290,
2026-06-25T17:21:03.301,6.938,rpm,0.000,0.290,
2026-06-25T17:21:03.303,6.938,rpm,0.000,0.290,
2026-06-25T17:21:03.314,6.953,torque,0.000,0.573,
2026-06-25T17:21:03.344,6.985,rpm,0.000,0.573,
2026-06-25T17:21:03.367,7.000,rpm,0.000,0.573,
2026-06-25T17:21:03.379,7.016,rpm,0.000,0.573,
2026-06-25T17:21:03.390,7.031,rpm,0.000,0.573,
2026-06-25T17:21:03.390,7.031,torque,0.000,0.646,
2026-06-25T17:21:03.409,7.047,rpm,0.000,0.646,
2026-06-25T17:21:03.459,7.094,rpm,0.000,0.646,
2026-06-25T17:21:03.472,7.110,rpm,0.000,0.646,
2026-06-25T17:21:03.483,7.125,rpm,0.000,0.646,
2026-06-25T17:21:03.492,7.125,rpm,0.000,0.646,
2026-06-25T17:21:03.492,7.125,torque,0.000,0.539,
2026-06-25T17:21:03.530,7.172,rpm,0.000,0.539,
2026-06-25T17:21:03.549,7.188,rpm,0.000,0.539,
2026-06-25T17:21:03.550,7.188,rpm,0.000,0.539,
2026-06-25T17:21:03.569,7.203,rpm,0.000,0.539,
2026-06-25T17:21:03.569,7.203,torque,0.000,0.444,
2026-06-25T17:21:03.588,7.235,rpm,0.000,0.444,
2026-06-25T17:21:03.646,7.281,rpm,0.000,0.444,
2026-06-25T17:21:03.646,7.281,rpm,0.000,0.444,
2026-06-25T17:21:03.646,7.281,rpm,0.000,0.444,
2026-06-25T17:21:03.667,7.313,torque,0.000,0.010,
2026-06-25T17:21:03.706,7.344,rpm,0.000,0.010,
2026-06-25T17:21:03.706,7.344,rpm,0.000,0.010,
2026-06-25T17:21:03.726,7.360,rpm,0.000,0.010,
2026-06-25T17:21:03.744,7.391,rpm,0.000,0.010,
2026-06-25T17:21:03.745,7.391,torque,0.000,0.182,
2026-06-25T17:21:03.745,7.391,rpm,0.000,0.182,
2026-06-25T17:21:03.763,7.406,rpm,0.000,0.182,
2026-06-25T17:21:03.821,7.469,rpm,0.000,0.182,
2026-06-25T17:21:03.824,7.469,torque,0.000,0.281,
2026-06-25T17:21:03.829,7.469,rpm,0.000,0.281,
2026-06-25T17:21:03.866,7.500,rpm,0.000,0.281,
2026-06-25T17:21:03.904,7.547,rpm,0.000,0.281,
2026-06-25T17:21:03.904,7.547,rpm,0.000,0.281,
2026-06-25T17:21:03.912,7.547,torque,0.000,0.143,
2026-06-25T17:21:03.931,7.563,rpm,0.000,0.143,
2026-06-25T17:21:03.972,7.610,rpm,0.000,0.143,
2026-06-25T17:21:03.973,7.610,rpm,0.000,0.143,
2026-06-25T17:21:03.990,7.625,rpm,0.000,0.143,
2026-06-25T17:21:04.010,7.656,torque,0.000,0.166,
2026-06-25T17:21:04.010,7.656,rpm,0.000,0.166,
2026-06-25T17:21:04.050,7.688,rpm,0.000,0.166,
2026-06-25T17:21:04.071,7.703,rpm,0.000,0.166,
2026-06-25T17:21:04.072,7.719,rpm,0.000,0.166,
2026-06-25T17:21:04.091,7.735,torque,0.000,0.218,
2026-06-25T17:21:04.091,7.735,rpm,0.000,0.218,
2026-06-25T17:21:04.108,7.750,rpm,0.000,0.218,
2026-06-25T17:21:04.161,7.797,rpm,0.000,0.218,
2026-06-25T17:21:04.169,7.813,rpm,0.000,0.218,
2026-06-25T17:21:04.170,7.813,rpm,0.000,0.218,
2026-06-25T17:21:04.181,7.813,torque,0.000,0.118,
2026-06-25T17:21:04.189,7.828,rpm,0.000,0.118,
2026-06-25T17:21:04.246,7.891,rpm,0.000,0.118,
2026-06-25T17:21:04.247,7.891,rpm,0.000,0.118,
2026-06-25T17:21:04.248,7.891,rpm,0.000,0.118,
2026-06-25T17:21:04.270,7.906,torque,0.000,0.254,
2026-06-25T17:21:04.270,7.906,rpm,0.000,0.254,
2026-06-25T17:21:04.345,7.985,rpm,0.000,0.254,
2026-06-25T17:21:04.346,7.985,rpm,0.000,0.254,
2026-06-25T17:21:04.346,7.985,rpm,0.000,0.254,
2026-06-25T17:21:04.347,7.985,torque,0.000,0.489,
2026-06-25T17:21:04.367,8.000,rpm,0.000,0.489,
2026-06-25T17:21:04.407,8.047,rpm,0.000,0.489,
2026-06-25T17:21:04.420,8.063,rpm,0.000,0.489,
2026-06-25T17:21:04.428,8.063,rpm,0.000,0.489,
2026-06-25T17:21:04.444,8.078,torque,0.000,0.255,
2026-06-25T17:21:04.463,8.110,rpm,0.000,0.255,
2026-06-25T17:21:04.506,8.141,rpm,0.000,0.255,
2026-06-25T17:21:04.507,8.141,rpm,0.000,0.255,
2026-06-25T17:21:04.526,8.172,rpm,0.000,0.255,
2026-06-25T17:21:04.526,8.172,torque,0.000,0.338,
2026-06-25T17:21:04.545,8.188,rpm,0.000,0.338,
2026-06-25T17:21:04.595,8.235,rpm,0.000,0.338,
2026-06-25T17:21:04.606,8.250,rpm,0.000,0.338,
2026-06-25T17:21:04.618,8.266,rpm,0.000,0.338,
2026-06-25T17:21:04.620,8.266,torque,0.000,0.335,
2026-06-25T17:21:04.620,8.266,rpm,0.000,0.335,
2026-06-25T17:21:04.654,8.297,rpm,0.000,0.335,
2026-06-25T17:21:04.688,8.328,rpm,0.000,0.335,
2026-06-25T17:21:04.698,8.344,rpm,0.000,0.335,
2026-06-25T17:21:04.706,8.344,torque,0.000,0.468,
2026-06-25T17:21:04.707,8.344,rpm,0.000,0.468,
2026-06-25T17:21:04.708,8.344,rpm,0.000,0.468,
2026-06-25T17:21:04.775,8.422,rpm,0.000,0.468,
2026-06-25T17:21:04.775,8.422,rpm,0.000,0.468,
2026-06-25T17:21:04.782,8.422,rpm,0.000,0.468,
2026-06-25T17:21:04.783,8.422,torque,0.000,0.424,
2026-06-25T17:21:04.828,8.469,rpm,0.000,0.424,
2026-06-25T17:21:04.828,8.469,rpm,0.000,0.424,
2026-06-25T17:21:04.850,8.485,rpm,0.000,0.424,
2026-06-25T17:21:04.860,8.500,rpm,0.000,0.424,
2026-06-25T17:21:04.876,8.516,torque,0.000,0.263,
2026-06-25T17:21:04.902,8.547,rpm,0.000,0.263,
2026-06-25T17:21:04.922,8.563,rpm,0.000,0.263,
2026-06-25T17:21:04.923,8.563,rpm,0.000,0.263,
2026-06-25T17:21:04.941,8.578,rpm,0.000,0.263,
2026-06-25T17:21:04.961,8.594,torque,0.000,0.252,
2026-06-25T17:21:04.961,8.594,rpm,0.000,0.252,
2026-06-25T17:21:04.981,8.625,rpm,0.000,0.252,
2026-06-25T17:21:05.047,8.688,rpm,0.000,0.252,
2026-06-25T17:21:05.047,8.688,rpm,0.000,0.252,
2026-06-25T17:21:05.047,8.688,torque,0.000,-0.072,
2026-06-25T17:21:05.047,8.688,rpm,0.000,-0.072,
2026-06-25T17:21:05.067,8.703,rpm,0.000,-0.072,
2026-06-25T17:21:05.124,8.766,rpm,0.000,-0.072,
2026-06-25T17:21:05.134,8.781,rpm,0.000,-0.072,
2026-06-25T17:21:05.134,8.781,rpm,0.000,-0.072,
2026-06-25T17:21:05.135,8.781,torque,0.000,0.417,
2026-06-25T17:21:05.162,8.797,rpm,0.000,0.417,
2026-06-25T17:21:05.182,8.828,rpm,0.000,0.417,
2026-06-25T17:21:05.207,8.844,rpm,0.000,0.417,
2026-06-25T17:21:05.218,8.860,rpm,0.000,0.417,
2026-06-25T17:21:05.218,8.860,torque,0.000,0.400,
2026-06-25T17:21:05.241,8.875,rpm,0.000,0.400,
2026-06-25T17:21:05.250,8.891,rpm,0.000,0.400,
2026-06-25T17:21:05.306,8.953,rpm,0.000,0.400,
2026-06-25T17:21:05.307,8.953,rpm,0.000,0.400,
2026-06-25T17:21:05.307,8.953,torque,0.000,0.485,
2026-06-25T17:21:05.307,8.953,rpm,0.000,0.485,
2026-06-25T17:21:05.361,9.000,rpm,0.000,0.485,
2026-06-25T17:21:05.381,9.016,rpm,0.000,0.485,
2026-06-25T17:21:05.392,9.031,rpm,0.000,0.485,
2026-06-25T17:21:05.401,9.047,torque,0.000,0.553,
2026-06-25T17:21:05.401,9.047,rpm,0.000,0.553,
2026-06-25T17:21:05.403,9.047,rpm,0.000,0.553,
2026-06-25T17:21:05.426,9.063,rpm,0.000,0.553,
2026-06-25T17:21:05.475,9.110,rpm,0.000,0.553,
2026-06-25T17:21:05.485,9.125,torque,0.000,0.158,
2026-06-25T17:21:05.485,9.125,rpm,0.000,0.158,
2026-06-25T17:21:05.499,9.141,rpm,0.000,0.158,
2026-06-25T17:21:05.534,9.172,rpm,0.000,0.158,
2026-06-25T17:21:05.574,9.219,rpm,0.000,0.158,
2026-06-25T17:21:05.574,9.219,rpm,0.000,0.158,
2026-06-25T17:21:05.575,9.219,torque,0.000,-0.007,
2026-06-25T17:21:05.585,9.219,rpm,0.000,-0.007,
2026-06-25T17:21:05.598,9.235,rpm,0.000,-0.007,
2026-06-25T17:21:05.654,9.297,rpm,0.000,-0.007,
2026-06-25T17:21:05.662,9.297,rpm,0.000,-0.007,
2026-06-25T17:21:05.664,9.297,rpm,0.000,-0.007,
2026-06-25T17:21:05.664,9.297,torque,0.000,0.172,
2026-06-25T17:21:05.686,9.328,rpm,0.000,0.172,
2026-06-25T17:21:05.731,9.375,rpm,0.000,0.172,
2026-06-25T17:21:05.752,9.391,rpm,0.000,0.172,
2026-06-25T17:21:05.763,9.406,torque,0.000,0.399,
2026-06-25T17:21:05.764,9.406,rpm,0.000,0.399,
2026-06-25T17:21:05.765,9.406,rpm,0.000,0.399,
2026-06-25T17:21:05.808,9.453,rpm,0.000,0.399,
2026-06-25T17:21:05.828,9.469,rpm,0.000,0.399,
2026-06-25T17:21:05.830,9.469,torque,0.000,0.248,
2026-06-25T17:21:05.830,9.469,rpm,0.000,0.248,
2026-06-25T17:21:05.842,9.485,rpm,0.000,0.248,
2026-06-25T17:21:05.855,9.500,rpm,0.000,0.248,
2026-06-25T17:21:05.909,9.547,rpm,0.000,0.248,
2026-06-25T17:21:05.921,9.563,rpm,0.000,0.248,
2026-06-25T17:21:05.921,9.563,torque,0.000,0.173,
2026-06-25T17:21:05.929,9.563,rpm,0.000,0.173,
2026-06-25T17:21:05.930,9.563,rpm,0.000,0.173,
2026-06-25T17:21:05.998,9.641,rpm,0.000,0.173,
2026-06-25T17:21:05.998,9.641,rpm,0.000,0.173,
2026-06-25T17:21:05.998,9.641,torque,0.000,0.522,
2026-06-25T17:21:05.998,9.641,rpm,0.000,0.522,
2026-06-25T17:21:06.046,9.688,rpm,0.000,0.522,
2026-06-25T17:21:06.056,9.703,rpm,0.000,0.522,
2026-06-25T17:21:06.065,9.703,rpm,0.000,0.522,
2026-06-25T17:21:06.088,9.735,rpm,0.000,0.522,
2026-06-25T17:21:06.088,9.735,torque,0.000,0.371,
2026-06-25T17:21:06.107,9.750,rpm,0.000,0.371,
2026-06-25T17:21:06.152,9.797,rpm,0.000,0.371,
2026-06-25T17:21:06.152,9.797,rpm,0.000,0.371,
2026-06-25T17:21:06.152,9.797,rpm,0.000,0.371,
2026-06-25T17:21:06.171,9.813,torque,0.000,0.212,
2026-06-25T17:21:06.190,9.828,rpm,0.000,0.212,
2026-06-25T17:21:06.233,9.875,rpm,0.000,0.212,
2026-06-25T17:21:06.235,9.875,rpm,0.000,0.212,
2026-06-25T17:21:06.255,9.891,rpm,0.000,0.212,
2026-06-25T17:21:06.255,9.891,torque,0.000,0.154,
2026-06-25T17:21:06.255,9.891,rpm,0.000,0.154,
2026-06-25T17:21:06.325,9.969,rpm,0.000,0.154,
2026-06-25T17:21:06.332,9.969,rpm,0.000,0.154,
2026-06-25T17:21:06.334,9.969,rpm,0.000,0.154,
2026-06-25T17:21:06.338,9.985,torque,0.000,0.161,
2026-06-25T17:21:06.366,10.000,rpm,0.000,0.161,
2026-06-25T17:21:06.366,10.000,rpm,0.000,0.161,
2026-06-25T17:21:06.418,10.063,rpm,0.000,0.161,
2026-06-25T17:21:06.429,10.063,rpm,0.000,0.161,
2026-06-25T17:21:06.443,10.078,rpm,0.000,0.161,
2026-06-25T17:21:06.443,10.078,torque,0.000,0.347,
2026-06-25T17:21:06.477,10.110,rpm,0.000,0.347,
2026-06-25T17:21:06.506,10.141,rpm,0.000,0.347,
2026-06-25T17:21:06.507,10.141,rpm,0.000,0.347,
2026-06-25T17:21:06.530,10.172,rpm,0.000,0.347,
2026-06-25T17:21:06.530,10.172,torque,0.000,0.305,
2026-06-25T17:21:06.531,10.172,rpm,0.000,0.305,
2026-06-25T17:21:06.556,10.188,rpm,0.000,0.305,
2026-06-25T17:21:06.584,10.219,rpm,0.000,0.305,
2026-06-25T17:21:06.619,10.266,rpm,0.000,0.305,
2026-06-25T17:21:06.620,10.266,torque,0.000,0.246,
2026-06-25T17:21:06.620,10.266,rpm,0.000,0.246,
2026-06-25T17:21:06.638,10.281,rpm,0.000,0.246,
2026-06-25T17:21:06.684,10.328,rpm,0.000,0.246,
2026-06-25T17:21:06.693,10.328,rpm,0.000,0.246,
2026-06-25T17:21:06.693,10.328,torque,0.000,0.121,
2026-06-25T17:21:06.693,10.328,rpm,0.000,0.121,
2026-06-25T17:21:06.704,10.344,rpm,0.000,0.121,
2026-06-25T17:21:06.766,10.406,rpm,0.000,0.121,
2026-06-25T17:21:06.777,10.422,rpm,0.000,0.121,
2026-06-25T17:21:06.784,10.422,torque,0.000,-0.166,
2026-06-25T17:21:06.815,10.453,rpm,0.000,-0.166,
2026-06-25T17:21:06.839,10.485,rpm,0.000,-0.166,
2026-06-25T17:21:06.848,10.485,rpm,0.000,-0.166,
2026-06-25T17:21:06.857,10.500,rpm,0.000,-0.166,
2026-06-25T17:21:06.868,10.500,torque,0.000,-0.079,
2026-06-25T17:21:06.875,10.516,rpm,0.000,-0.079,
2026-06-25T17:21:06.913,10.547,rpm,0.000,-0.079,
2026-06-25T17:21:06.924,10.563,rpm,0.000,-0.079,
2026-06-25T17:21:06.944,10.578,rpm,0.000,-0.079,
2026-06-25T17:21:06.949,10.594,torque,0.000,-0.016,
2026-06-25T17:21:07.008,10.641,rpm,0.000,-0.016,
2026-06-25T17:21:07.027,10.672,rpm,0.000,-0.016,
2026-06-25T17:21:07.044,10.688,torque,0.000,0.090,
2026-06-25T17:21:07.044,10.688,rpm,0.000,0.090,
2026-06-25T17:21:07.045,10.688,rpm,0.000,0.090,
2026-06-25T17:21:07.100,10.735,rpm,0.000,0.090,
2026-06-25T17:21:07.101,10.735,rpm,0.000,0.090,
2026-06-25T17:21:07.120,10.766,torque,0.000,0.441,
2026-06-25T17:21:07.171,10.813,rpm,0.000,0.441,
2026-06-25T17:21:07.172,10.813,rpm,0.000,0.441,
2026-06-25T17:21:07.174,10.813,rpm,0.000,0.441,
2026-06-25T17:21:07.201,10.844,rpm,0.000,0.441,
2026-06-25T17:21:07.205,10.844,torque,0.000,0.493,
2026-06-25T17:21:07.221,10.860,rpm,0.000,0.493,
2026-06-25T17:21:07.270,10.906,rpm,0.000,0.493,
2026-06-25T17:21:07.277,10.922,rpm,0.000,0.493,
2026-06-25T17:21:07.279,10.922,rpm,0.000,0.493,
2026-06-25T17:21:07.298,10.938,torque,0.000,0.370,
2026-06-25T17:21:07.299,10.938,rpm,0.000,0.370,
2026-06-25T17:21:07.354,11.000,rpm,0.000,0.370,
2026-06-25T17:21:07.355,11.000,rpm,0.000,0.370,
2026-06-25T17:21:07.359,11.000,rpm,0.000,0.370,
2026-06-25T17:21:07.379,11.016,rpm,0.000,0.370,
2026-06-25T17:21:07.380,11.016,torque,0.000,0.143,
2026-06-25T17:21:07.428,11.063,rpm,0.000,0.143,
2026-06-25T17:21:07.445,11.078,rpm,0.000,0.143,
2026-06-25T17:21:07.446,11.078,rpm,0.000,0.143,
2026-06-25T17:21:07.479,11.125,torque,0.000,0.090,
2026-06-25T17:21:07.479,11.125,rpm,0.000,0.090,
2026-06-25T17:21:07.497,11.141,rpm,0.000,0.090,
2026-06-25T17:21:07.534,11.172,rpm,0.000,0.090,
2026-06-25T17:21:07.545,11.188,rpm,0.000,0.090,
2026-06-25T17:21:07.553,11.188,rpm,0.000,0.090,
2026-06-25T17:21:07.553,11.188,torque,0.000,-0.049,
2026-06-25T17:21:07.578,11.219,rpm,0.000,-0.049,
2026-06-25T17:21:07.621,11.266,rpm,0.000,-0.049,
2026-06-25T17:21:07.630,11.266,rpm,0.000,-0.049,
2026-06-25T17:21:07.630,11.266,rpm,0.000,-0.049,
2026-06-25T17:21:07.640,11.281,torque,0.000,0.224,
2026-06-25T17:21:07.658,11.297,rpm,0.000,0.224,
2026-06-25T17:21:07.698,11.344,rpm,0.000,0.224,
2026-06-25T17:21:07.698,11.344,rpm,0.000,0.224,
2026-06-25T17:21:07.718,11.360,rpm,0.000,0.224,
2026-06-25T17:21:07.726,11.360,torque,0.000,0.498,
2026-06-25T17:21:07.743,11.375,rpm,0.000,0.498,
2026-06-25T17:21:07.783,11.422,rpm,0.000,0.498,
2026-06-25T17:21:07.783,11.422,rpm,0.000,0.498,
2026-06-25T17:21:07.815,11.453,rpm,0.000,0.498,
2026-06-25T17:21:07.816,11.453,torque,0.000,0.317,
2026-06-25T17:21:07.835,11.469,rpm,0.000,0.317,
2026-06-25T17:21:07.874,11.516,rpm,0.000,0.317,
2026-06-25T17:21:07.885,11.531,rpm,0.000,0.317,
2026-06-25T17:21:07.896,11.531,rpm,0.000,0.317,
2026-06-25T17:21:07.904,11.547,torque,0.000,0.344,
2026-06-25T17:21:07.913,11.547,rpm,0.000,0.344,
2026-06-25T17:21:07.957,11.594,rpm,0.000,0.344,
2026-06-25T17:21:07.978,11.625,rpm,0.000,0.344,
2026-06-25T17:21:07.979,11.625,rpm,0.000,0.344,
2026-06-25T17:21:07.987,11.625,torque,0.000,0.355,
2026-06-25T17:21:08.004,11.641,rpm,0.000,0.355,
2026-06-25T17:21:08.037,11.672,rpm,0.000,0.355,
2026-06-25T17:21:08.059,11.703,rpm,0.000,0.355,
2026-06-25T17:21:08.062,11.703,rpm,0.000,0.355,
2026-06-25T17:21:08.081,11.719,rpm,0.000,0.355,
2026-06-25T17:21:08.081,11.719,torque,0.000,0.272,
2026-06-25T17:21:08.122,11.766,rpm,0.000,0.272,
2026-06-25T17:21:08.132,11.766,rpm,0.000,0.272,
2026-06-25T17:21:08.143,11.781,rpm,0.000,0.272,
2026-06-25T17:21:08.164,11.797,torque,0.000,0.200,
2026-06-25T17:21:08.164,11.797,rpm,0.000,0.200,
2026-06-25T17:21:08.211,11.844,rpm,0.000,0.200,
2026-06-25T17:21:08.217,11.860,rpm,0.000,0.200,
2026-06-25T17:21:08.220,11.860,rpm,0.000,0.200,
2026-06-25T17:21:08.243,11.875,rpm,0.000,0.200,
2026-06-25T17:21:08.243,11.875,torque,0.000,-0.070,
2026-06-25T17:21:08.293,11.938,rpm,0.000,-0.070,
2026-06-25T17:21:08.308,11.953,rpm,0.000,-0.070,
2026-06-25T17:21:08.328,11.969,rpm,0.000,-0.070,
2026-06-25T17:21:08.329,11.969,torque,0.000,0.275,
2026-06-25T17:21:08.374,12.016,rpm,0.000,0.275,
2026-06-25T17:21:08.384,12.016,rpm,0.000,0.275,
2026-06-25T17:21:08.390,12.031,rpm,0.000,0.275,
2026-06-25T17:21:08.412,12.047,rpm,0.000,0.275,
2026-06-25T17:21:08.419,12.063,torque,0.000,0.397,
2026-06-25T17:21:08.437,12.078,rpm,0.000,0.397,
2026-06-25T17:21:08.486,12.125,rpm,0.000,0.397,
2026-06-25T17:21:08.492,12.125,rpm,0.000,0.397,
2026-06-25T17:21:08.492,12.125,rpm,0.000,0.397,
2026-06-25T17:21:08.512,12.156,torque,0.000,0.304,
2026-06-25T17:21:08.533,12.172,rpm,0.000,0.304,
2026-06-25T17:21:08.549,12.188,rpm,0.000,0.304,
2026-06-25T17:21:08.550,12.188,rpm,0.000,0.304,
2026-06-25T17:21:08.578,12.219,rpm,0.000,0.304,
2026-06-25T17:21:08.602,12.235,torque,0.000,0.341,
2026-06-25T17:21:08.643,12.281,rpm,0.000,0.341,
2026-06-25T17:21:08.649,12.281,rpm,0.000,0.341,
2026-06-25T17:21:08.675,12.313,rpm,0.000,0.341,
2026-06-25T17:21:08.677,12.313,torque,0.000,0.081,
2026-06-25T17:21:08.723,12.360,rpm,0.000,0.081,
2026-06-25T17:21:08.732,12.375,rpm,0.000,0.081,
2026-06-25T17:21:08.755,12.391,rpm,0.000,0.081,
2026-06-25T17:21:08.762,12.406,rpm,0.000,0.081,
2026-06-25T17:21:08.777,12.422,torque,0.000,-0.042,
2026-06-25T17:21:08.789,12.422,rpm,0.000,-0.042,
2026-06-25T17:21:08.848,12.485,rpm,0.000,-0.042,
2026-06-25T17:21:08.849,12.485,rpm,0.000,-0.042,
2026-06-25T17:21:08.849,12.485,torque,0.000,0.100,
2026-06-25T17:21:08.869,12.516,rpm,0.000,0.100,
2026-06-25T17:21:08.918,12.563,rpm,0.000,0.100,
2026-06-25T17:21:08.918,12.563,rpm,0.000,0.100,
2026-06-25T17:21:08.924,12.563,rpm,0.000,0.100,
2026-06-25T17:21:08.928,12.563,rpm,0.000,0.100,
2026-06-25T17:21:08.945,12.578,torque,0.000,0.396,
2026-06-25T17:21:08.983,12.625,rpm,0.000,0.396,
2026-06-25T17:21:08.984,12.625,rpm,0.000,0.396,
2026-06-25T17:21:09.017,12.656,rpm,0.000,0.396,
2026-06-25T17:21:09.025,12.656,torque,0.000,0.416,
2026-06-25T17:21:09.038,12.672,rpm,0.000,0.416,
2026-06-25T17:21:09.063,12.703,rpm,0.000,0.416,
2026-06-25T17:21:09.098,12.735,rpm,0.000,0.416,
2026-06-25T17:21:09.105,12.750,rpm,0.000,0.416,
2026-06-25T17:21:09.120,12.766,torque,0.000,0.296,
2026-06-25T17:21:09.121,12.766,rpm,0.000,0.296,
2026-06-25T17:21:09.174,12.813,rpm,0.000,0.296,
2026-06-25T17:21:09.183,12.828,rpm,0.000,0.296,
2026-06-25T17:21:09.183,12.828,rpm,0.000,0.296,
2026-06-25T17:21:09.203,12.844,rpm,0.000,0.296,
2026-06-25T17:21:09.203,12.844,torque,0.000,0.456,
2026-06-25T17:21:09.224,12.860,rpm,0.000,0.456,
2026-06-25T17:21:09.279,12.922,rpm,0.000,0.456,
2026-06-25T17:21:09.279,12.922,rpm,0.000,0.456,
2026-06-25T17:21:09.287,12.922,rpm,0.000,0.456,
2026-06-25T17:21:09.287,12.922,torque,0.000,0.548,
2026-06-25T17:21:09.297,12.938,rpm,0.000,0.548,
2026-06-25T17:21:09.346,12.985,rpm,0.000,0.548,
2026-06-25T17:21:09.347,12.985,rpm,0.000,0.548,
2026-06-25T17:21:09.364,13.000,rpm,0.000,0.548,
2026-06-25T17:21:09.379,13.016,rpm,0.000,0.548,
2026-06-25T17:21:09.380,13.016,torque,0.000,0.187,
2026-06-25T17:21:09.397,13.031,rpm,0.000,0.187,
2026-06-25T17:21:09.446,13.078,rpm,0.000,0.187,
2026-06-25T17:21:09.453,13.094,rpm,0.000,0.187,
2026-06-25T17:21:09.460,13.094,rpm,0.000,0.187,
2026-06-25T17:21:09.460,13.094,torque,0.000,0.242,
2026-06-25T17:21:09.497,13.141,rpm,0.000,0.242,
2026-06-25T17:21:09.525,13.172,rpm,0.000,0.242,
2026-06-25T17:21:09.532,13.172,rpm,0.000,0.242,
2026-06-25T17:21:09.548,13.188,rpm,0.000,0.242,
2026-06-25T17:21:09.548,13.188,torque,0.000,0.410,
2026-06-25T17:21:09.554,13.188,rpm,0.000,0.410,
2026-06-25T17:21:09.608,13.250,rpm,0.000,0.410,
2026-06-25T17:21:09.609,13.250,rpm,0.000,0.410,
2026-06-25T17:21:09.626,13.266,rpm,0.000,0.410,
2026-06-25T17:21:09.642,13.281,torque,0.000,0.285,
2026-06-25T17:21:09.647,13.281,rpm,0.000,0.285,
2026-06-25T17:21:09.694,13.328,rpm,0.000,0.285,
2026-06-25T17:21:09.702,13.344,rpm,0.000,0.285,
2026-06-25T17:21:09.720,13.360,torque,0.000,0.160,
2026-06-25T17:21:09.720,13.360,rpm,0.000,0.160,
2026-06-25T17:21:09.739,13.375,rpm,0.000,0.160,
2026-06-25T17:21:09.796,13.438,rpm,0.000,0.160,
2026-06-25T17:21:09.796,13.438,rpm,0.000,0.160,
2026-06-25T17:21:09.804,13.438,rpm,0.000,0.160,
2026-06-25T17:21:09.813,13.453,torque,0.000,0.223,
2026-06-25T17:21:09.872,13.516,rpm,0.000,0.223,
2026-06-25T17:21:09.873,13.516,rpm,0.000,0.223,
2026-06-25T17:21:09.873,13.516,rpm,0.000,0.223,
2026-06-25T17:21:09.891,13.531,rpm,0.000,0.223,
2026-06-25T17:21:09.891,13.531,torque,0.000,0.308,
2026-06-25T17:21:09.910,13.547,rpm,0.000,0.308,
2026-06-25T17:21:09.949,13.594,rpm,0.000,0.308,
2026-06-25T17:21:09.964,13.610,rpm,0.000,0.308,
2026-06-25T17:21:09.979,13.625,rpm,0.000,0.308,
2026-06-25T17:21:09.979,13.625,torque,0.000,0.405,
2026-06-25T17:21:10.019,13.656,rpm,0.000,0.405,
2026-06-25T17:21:10.047,13.688,rpm,0.000,0.405,
2026-06-25T17:21:10.056,13.688,rpm,0.000,0.405,
2026-06-25T17:21:10.057,13.703,rpm,0.000,0.405,
2026-06-25T17:21:10.073,13.719,torque,0.000,0.154,
2026-06-25T17:21:10.081,13.719,rpm,0.000,0.154,
2026-06-25T17:21:10.082,13.719,rpm,0.000,0.154,
2026-06-25T17:21:10.134,13.766,rpm,0.000,0.154,
2026-06-25T17:21:10.142,13.781,rpm,0.000,0.154,
2026-06-25T17:21:10.162,13.797,torque,0.000,0.268,
2026-06-25T17:21:10.201,13.844,rpm,0.000,0.268,
2026-06-25T17:21:10.202,13.844,rpm,0.000,0.268,
2026-06-25T17:21:10.222,13.860,rpm,0.000,0.268,
2026-06-25T17:21:10.240,13.875,torque,0.000,0.373,
2026-06-25T17:21:10.299,13.938,rpm,0.000,0.373,
2026-06-25T17:21:10.300,13.938,rpm,0.000,0.373,
2026-06-25T17:21:10.319,13.953,rpm,0.000,0.373,
2026-06-25T17:21:10.333,13.969,torque,0.000,0.310,
2026-06-25T17:21:10.333,13.969,rpm,0.000,0.310,
2026-06-25T17:21:10.402,14.047,rpm,0.000,0.310,
2026-06-25T17:21:10.403,14.047,rpm,0.000,0.310,
2026-06-25T17:21:10.420,14.063,torque,0.000,0.242,
2026-06-25T17:21:10.420,14.063,rpm,0.000,0.242,
2026-06-25T17:21:10.469,14.110,rpm,0.000,0.242,
2026-06-25T17:21:10.469,14.110,rpm,0.000,0.242,
2026-06-25T17:21:10.477,14.110,rpm,0.000,0.242,
2026-06-25T17:21:10.499,14.141,torque,0.000,0.323,
2026-06-25T17:21:10.504,14.141,rpm,0.000,0.323,
2026-06-25T17:21:10.548,14.188,rpm,0.000,0.323,
2026-06-25T17:21:10.558,14.203,rpm,0.000,0.323,
2026-06-25T17:21:10.577,14.219,rpm,0.000,0.323,
2026-06-25T17:21:10.592,14.235,torque,0.000,-0.006,
2026-06-25T17:21:10.592,14.235,rpm,0.000,-0.006,
2026-06-25T17:21:10.635,14.281,rpm,0.000,-0.006,
2026-06-25T17:21:10.646,14.281,rpm,0.000,-0.006,
2026-06-25T17:21:10.656,14.297,rpm,0.000,-0.006,
2026-06-25T17:21:10.678,14.313,torque,0.000,-0.023,
2026-06-25T17:21:10.679,14.313,rpm,0.000,-0.023,
2026-06-25T17:21:10.732,14.375,rpm,0.000,-0.023,
2026-06-25T17:21:10.732,14.375,rpm,0.000,-0.023,
2026-06-25T17:21:10.754,14.391,rpm,0.000,-0.023,
2026-06-25T17:21:10.772,14.406,torque,0.000,0.118,
2026-06-25T17:21:10.773,14.406,rpm,0.000,0.118,
2026-06-25T17:21:10.813,14.453,rpm,0.000,0.118,
2026-06-25T17:21:10.823,14.469,rpm,0.000,0.118,
2026-06-25T17:21:10.845,14.485,rpm,0.000,0.118,
2026-06-25T17:21:10.846,14.485,torque,0.000,0.066,
2026-06-25T17:21:10.888,14.531,rpm,0.000,0.066,
2026-06-25T17:21:10.903,14.547,rpm,0.000,0.066,
2026-06-25T17:21:10.920,14.563,rpm,0.000,0.066,
2026-06-25T17:21:10.920,14.563,rpm,0.000,0.066,
2026-06-25T17:21:10.929,14.563,torque,0.000,0.383,
2026-06-25T17:21:10.950,14.594,rpm,0.000,0.383,
2026-06-25T17:21:10.997,14.641,rpm,0.000,0.383,
2026-06-25T17:21:11.003,14.641,rpm,0.000,0.383,
2026-06-25T17:21:11.027,14.672,torque,0.000,0.489,
2026-06-25T17:21:11.066,14.703,rpm,0.000,0.489,
2026-06-25T17:21:11.090,14.735,rpm,0.000,0.489,
2026-06-25T17:21:11.106,14.750,rpm,0.000,0.489,
2026-06-25T17:21:11.106,14.750,torque,0.000,0.125,
2026-06-25T17:21:11.159,14.797,rpm,0.000,0.125,
2026-06-25T17:21:11.159,14.797,rpm,0.000,0.125,
2026-06-25T17:21:11.168,14.813,rpm,0.000,0.125,
2026-06-25T17:21:11.187,14.828,rpm,0.000,0.125,
2026-06-25T17:21:11.194,14.828,torque,0.000,0.086,
2026-06-25T17:21:11.239,14.875,rpm,0.000,0.086,
2026-06-25T17:21:11.240,14.875,rpm,0.000,0.086,
2026-06-25T17:21:11.250,14.891,rpm,0.000,0.086,
2026-06-25T17:21:11.278,14.922,torque,0.000,0.160,
2026-06-25T17:21:11.319,14.953,rpm,0.000,0.160,
2026-06-25T17:21:11.320,14.953,rpm,0.000,0.160,
2026-06-25T17:21:11.330,14.969,rpm,0.000,0.160,
2026-06-25T17:21:11.348,14.985,rpm,0.000,0.160,
2026-06-25T17:21:11.364,15.000,torque,0.000,0.047,
2026-06-25T17:21:11.368,15.000,rpm,0.000,0.047,
2026-06-25T17:21:11.422,15.063,rpm,0.000,0.047,
2026-06-25T17:21:11.450,15.094,rpm,0.000,0.047,
2026-06-25T17:21:11.451,15.094,torque,0.000,0.259,
2026-06-25T17:21:11.493,15.125,rpm,0.000,0.259,
2026-06-25T17:21:11.508,15.141,rpm,0.000,0.259,
2026-06-25T17:21:11.523,15.156,rpm,0.000,0.259,
2026-06-25T17:21:11.540,15.172,rpm,0.000,0.259,
2026-06-25T17:21:11.541,15.172,torque,0.000,0.307,
2026-06-25T17:21:11.557,15.203,rpm,0.000,0.307,
2026-06-25T17:21:11.598,15.235,rpm,0.000,0.307,
2026-06-25T17:21:11.608,15.250,rpm,0.000,0.307,
2026-06-25T17:21:11.614,15.250,rpm,0.000,0.307,
2026-06-25T17:21:11.632,15.266,torque,0.000,0.276,
2026-06-25T17:21:11.647,15.281,rpm,0.000,0.276,
2026-06-25T17:21:11.688,15.328,rpm,0.000,0.276,
2026-06-25T17:21:11.688,15.328,rpm,0.000,0.276,
2026-06-25T17:21:11.704,15.344,rpm,0.000,0.276,
2026-06-25T17:21:11.721,15.360,torque,0.000,0.293,
2026-06-25T17:21:11.721,15.360,rpm,0.000,0.293,
2026-06-25T17:21:11.740,15.375,rpm,0.000,0.293,
2026-06-25T17:21:11.778,15.422,rpm,0.000,0.293,
2026-06-25T17:21:11.788,15.422,rpm,0.000,0.293,
2026-06-25T17:21:11.797,15.438,rpm,0.000,0.293,
2026-06-25T17:21:11.811,15.453,torque,0.000,0.142,
2026-06-25T17:21:11.814,15.453,rpm,0.000,0.142,
2026-06-25T17:21:11.860,15.500,rpm,0.000,0.142,
2026-06-25T17:21:11.870,15.516,rpm,0.000,0.142,
2026-06-25T17:21:11.879,15.516,rpm,0.000,0.142,
2026-06-25T17:21:11.894,15.531,torque,0.000,0.060,
2026-06-25T17:21:11.905,15.547,rpm,0.000,0.060,
2026-06-25T17:21:11.958,15.594,rpm,0.000,0.060,
2026-06-25T17:21:11.964,15.610,rpm,0.000,0.060,
2026-06-25T17:21:11.965,15.610,rpm,0.000,0.060,
2026-06-25T17:21:11.970,15.610,torque,0.000,0.077,
2026-06-25T17:21:11.987,15.625,rpm,0.000,0.077,
2026-06-25T17:21:12.038,15.672,rpm,0.000,0.077,
2026-06-25T17:21:12.039,15.672,rpm,0.000,0.077,
2026-06-25T17:21:12.054,15.688,rpm,0.000,0.077,
2026-06-25T17:21:12.069,15.703,torque,0.000,0.123,
2026-06-25T17:21:12.071,15.703,rpm,0.000,0.123,
2026-06-25T17:21:12.110,15.750,rpm,0.000,0.123,
2026-06-25T17:21:12.121,15.766,rpm,0.000,0.123,
2026-06-25T17:21:12.144,15.781,rpm,0.000,0.123,
2026-06-25T17:21:12.144,15.781,torque,0.000,0.360,
2026-06-25T17:21:12.187,15.828,rpm,0.000,0.360,
2026-06-25T17:21:12.198,15.844,rpm,0.000,0.360,
2026-06-25T17:21:12.209,15.844,rpm,0.000,0.360,
2026-06-25T17:21:12.218,15.860,rpm,0.000,0.360,
2026-06-25T17:21:12.235,15.875,torque,0.000,0.424,
2026-06-25T17:21:12.251,15.891,rpm,0.000,0.424,
2026-06-25T17:21:12.302,15.938,rpm,0.000,0.424,
2026-06-25T17:21:12.309,15.953,rpm,0.000,0.424,
2026-06-25T17:21:12.326,15.969,torque,0.000,0.397,
2026-06-25T17:21:12.326,15.969,rpm,0.000,0.397,
2026-06-25T17:21:12.381,16.016,rpm,0.000,0.397,
2026-06-25T17:21:12.381,16.016,rpm,0.000,0.397,
2026-06-25T17:21:12.404,16.047,torque,0.000,0.455,
2026-06-25T17:21:12.406,16.047,rpm,0.000,0.455,
2026-06-25T17:21:12.454,16.094,rpm,0.000,0.455,
2026-06-25T17:21:12.463,16.094,rpm,0.000,0.455,
2026-06-25T17:21:12.469,16.110,rpm,0.000,0.455,
2026-06-25T17:21:12.489,16.125,rpm,0.000,0.455,
2026-06-25T17:21:12.491,16.125,torque,0.000,0.377,
2026-06-25T17:21:12.532,16.172,rpm,0.000,0.377,
2026-06-25T17:21:12.542,16.188,rpm,0.000,0.377,
2026-06-25T17:21:12.609,16.250,rpm,0.000,0.377,
2026-06-25T17:21:12.620,16.266,torque,0.000,0.463,
2026-06-25T17:21:12.620,16.266,rpm,0.000,0.463,
2026-06-25T17:21:12.620,16.266,rpm,0.000,0.463,
2026-06-25T17:21:12.633,16.266,rpm,0.000,0.463,
2026-06-25T17:21:12.658,16.297,rpm,0.000,0.463,
2026-06-25T17:21:12.702,16.344,rpm,0.000,0.463,
2026-06-25T17:21:12.703,16.344,torque,0.000,0.502,
2026-06-25T17:21:12.737,16.375,rpm,0.000,0.502,
2026-06-25T17:21:12.738,16.375,rpm,0.000,0.502,
2026-06-25T17:21:12.756,16.391,rpm,0.000,0.502,
2026-06-25T17:21:12.764,16.406,torque,0.000,0.367,
2026-06-25T17:21:12.764,16.406,rpm,0.000,0.367,
2026-06-25T17:21:12.783,16.422,rpm,0.000,0.367,
2026-06-25T17:21:12.795,16.438,rpm,0.000,0.367,
2026-06-25T17:21:12.838,16.485,rpm,0.000,0.367,
2026-06-25T17:21:12.838,16.485,rpm,0.000,0.367,
2026-06-25T17:21:12.851,16.485,torque,0.000,0.453,
2026-06-25T17:21:12.859,16.500,rpm,0.000,0.453,
2026-06-25T17:21:12.906,16.547,rpm,0.000,0.453,
2026-06-25T17:21:12.915,16.547,rpm,0.000,0.453,
2026-06-25T17:21:12.940,16.578,torque,0.000,0.423,
2026-06-25T17:21:12.942,16.578,rpm,0.000,0.423,
2026-06-25T17:21:12.965,16.610,rpm,0.000,0.423,
2026-06-25T17:21:12.983,16.625,rpm,0.000,0.423,
2026-06-25T17:21:12.993,16.625,rpm,0.000,0.423,
2026-06-25T17:21:13.020,16.656,torque,0.000,0.178,
2026-06-25T17:21:13.023,16.656,rpm,0.000,0.178,
2026-06-25T17:21:13.061,16.703,rpm,0.000,0.178,
2026-06-25T17:21:13.061,16.703,rpm,0.000,0.178,
2026-06-25T17:21:13.095,16.735,rpm,0.000,0.178,
2026-06-25T17:21:13.096,16.735,rpm,0.000,0.178,
2026-06-25T17:21:13.099,16.735,torque,0.000,0.252,
2026-06-25T17:21:13.156,16.797,rpm,0.000,0.252,
2026-06-25T17:21:13.156,16.797,rpm,0.000,0.252,
2026-06-25T17:21:13.174,16.813,rpm,0.000,0.252,
2026-06-25T17:21:13.183,16.828,torque,0.000,0.293,
2026-06-25T17:21:13.209,16.844,rpm,0.000,0.293,
2026-06-25T17:21:13.241,16.875,rpm,0.000,0.293,
2026-06-25T17:21:13.242,16.875,rpm,0.000,0.293,
2026-06-25T17:21:13.274,16.906,rpm,0.000,0.293,
2026-06-25T17:21:13.274,16.906,torque,0.000,0.086,
2026-06-25T17:21:13.294,16.938,rpm,0.000,0.086,
2026-06-25T17:21:13.344,16.985,rpm,0.000,0.086,
2026-06-25T17:21:13.368,17.000,torque,0.000,0.135,
2026-06-25T17:21:13.368,17.000,rpm,0.000,0.135,
2026-06-25T17:21:13.368,17.000,rpm,0.000,0.135,
2026-06-25T17:21:13.426,17.063,rpm,0.000,0.135,
2026-06-25T17:21:13.426,17.063,rpm,0.000,0.135,
2026-06-25T17:21:13.448,17.094,rpm,0.000,0.135,
2026-06-25T17:21:13.455,17.094,torque,0.000,0.285,
2026-06-25T17:21:13.456,17.094,rpm,0.000,0.285,
2026-06-25T17:21:13.521,17.156,rpm,0.000,0.285,
2026-06-25T17:21:13.521,17.156,rpm,0.000,0.285,
2026-06-25T17:21:13.528,17.172,rpm,0.000,0.285,
2026-06-25T17:21:13.546,17.188,torque,0.000,0.320,
2026-06-25T17:21:13.563,17.203,rpm,0.000,0.320,
2026-06-25T17:21:13.605,17.250,rpm,0.000,0.320,
2026-06-25T17:21:13.626,17.266,rpm,0.000,0.320,
2026-06-25T17:21:13.635,17.281,torque,0.000,0.338,
2026-06-25T17:21:13.637,17.281,rpm,0.000,0.338,
2026-06-25T17:21:13.687,17.328,rpm,0.000,0.338,
2026-06-25T17:21:13.697,17.344,rpm,0.000,0.338,
2026-06-25T17:21:13.705,17.344,rpm,0.000,0.338,
2026-06-25T17:21:13.705,17.344,torque,0.000,0.121,
2026-06-25T17:21:13.725,17.360,rpm,0.000,0.121,
2026-06-25T17:21:13.771,17.406,rpm,0.000,0.121,
2026-06-25T17:21:13.771,17.406,rpm,0.000,0.121,
2026-06-25T17:21:13.789,17.422,rpm,0.000,0.121,
2026-06-25T17:21:13.799,17.438,torque,0.000,0.421,
2026-06-25T17:21:13.808,17.453,rpm,0.000,0.421,
2026-06-25T17:21:13.857,17.500,rpm,0.000,0.421,
2026-06-25T17:21:13.868,17.500,rpm,0.000,0.421,
2026-06-25T17:21:13.879,17.516,rpm,0.000,0.421,
2026-06-25T17:21:13.887,17.531,torque,0.000,0.346,
2026-06-25T17:21:13.938,17.578,rpm,0.000,0.346,
2026-06-25T17:21:13.963,17.610,rpm,0.000,0.346,
2026-06-25T17:21:13.970,17.610,torque,0.000,-0.016,
2026-06-25T17:21:13.970,17.610,rpm,0.000,-0.016,
2026-06-25T17:21:13.997,17.641,rpm,0.000,-0.016,
2026-06-25T17:21:14.044,17.688,rpm,0.000,-0.016,
2026-06-25T17:21:14.055,17.688,rpm,0.000,-0.016,
2026-06-25T17:21:14.056,17.688,rpm,0.000,-0.016,
2026-06-25T17:21:14.067,17.703,torque,0.000,-0.037,
2026-06-25T17:21:14.121,17.766,rpm,0.000,-0.037,
2026-06-25T17:21:14.122,17.766,rpm,0.000,-0.037,
2026-06-25T17:21:14.141,17.781,torque,0.000,0.215,
2026-06-25T17:21:14.142,17.781,rpm,0.000,0.215,
2026-06-25T17:21:14.144,17.781,rpm,0.000,0.215,
2026-06-25T17:21:14.209,17.844,rpm,0.000,0.215,
2026-06-25T17:21:14.209,17.844,rpm,0.000,0.215,
2026-06-25T17:21:14.228,17.860,rpm,0.000,0.215,
2026-06-25T17:21:14.235,17.875,torque,0.000,0.360,
2026-06-25T17:21:14.236,17.875,rpm,0.000,0.360,
2026-06-25T17:21:14.296,17.938,rpm,0.000,0.360,
2026-06-25T17:21:14.304,17.938,rpm,0.000,0.360,
2026-06-25T17:21:14.322,17.953,torque,0.000,0.372,
2026-06-25T17:21:14.322,17.953,rpm,0.000,0.372,
2026-06-25T17:21:14.331,17.969,rpm,0.000,0.372,
2026-06-25T17:21:14.390,18.031,rpm,0.000,0.372,
2026-06-25T17:21:14.390,18.031,rpm,0.000,0.372,
2026-06-25T17:21:14.414,18.047,torque,0.000,0.297,
2026-06-25T17:21:14.414,18.047,rpm,0.000,0.297,
2026-06-25T17:21:14.415,18.047,rpm,0.000,0.297,
2026-06-25T17:21:14.473,18.110,rpm,0.000,0.297,
2026-06-25T17:21:14.473,18.110,rpm,0.000,0.297,
2026-06-25T17:21:14.488,18.125,rpm,0.000,0.297,
2026-06-25T17:21:14.494,18.125,torque,0.000,0.371,
2026-06-25T17:21:14.548,18.188,rpm,0.000,0.371,
2026-06-25T17:21:14.549,18.188,rpm,0.000,0.371,
2026-06-25T17:21:14.554,18.188,rpm,0.000,0.371,
2026-06-25T17:21:14.576,18.219,torque,0.000,0.157,
2026-06-25T17:21:14.605,18.250,rpm,0.000,0.157,
2026-06-25T17:21:14.625,18.266,rpm,0.000,0.157,
2026-06-25T17:21:14.625,18.266,rpm,0.000,0.157,
2026-06-25T17:21:14.657,18.297,rpm,0.000,0.157,
2026-06-25T17:21:14.657,18.297,torque,0.000,-0.271,
2026-06-25T17:21:14.718,18.360,rpm,0.000,-0.271,
2026-06-25T17:21:14.718,18.360,rpm,0.000,-0.271,
2026-06-25T17:21:14.739,18.375,rpm,0.000,-0.271,
2026-06-25T17:21:14.743,18.375,torque,0.000,0.205,
2026-06-25T17:21:14.805,18.438,rpm,0.000,0.205,
2026-06-25T17:21:14.805,18.438,rpm,0.000,0.205,
2026-06-25T17:21:14.814,18.453,rpm,0.000,0.205,
2026-06-25T17:21:14.841,18.485,rpm,0.000,0.205,
2026-06-25T17:21:14.841,18.485,torque,0.000,0.375,
2026-06-25T17:21:14.896,18.531,rpm,0.000,0.375,
2026-06-25T17:21:14.902,18.547,rpm,0.000,0.375,
2026-06-25T17:21:14.925,18.563,rpm,0.000,0.375,
2026-06-25T17:21:14.925,18.563,torque,0.000,0.311,
2026-06-25T17:21:14.926,18.563,rpm,0.000,0.311,
2026-06-25T17:21:14.988,18.625,rpm,0.000,0.311,
2026-06-25T17:21:15.005,18.641,torque,0.000,0.212,
2026-06-25T17:21:15.035,18.672,rpm,0.000,0.212,
2026-06-25T17:21:15.052,18.688,rpm,0.000,0.212,
2026-06-25T17:21:15.068,18.703,rpm,0.000,0.212,
2026-06-25T17:21:15.082,18.719,rpm,0.000,0.212,
2026-06-25T17:21:15.106,18.750,torque,0.000,0.154,
2026-06-25T17:21:15.127,18.766,rpm,0.000,0.154,
2026-06-25T17:21:15.143,18.781,rpm,0.000,0.154,
2026-06-25T17:21:15.143,18.781,rpm,0.000,0.154,
2026-06-25T17:21:15.176,18.813,rpm,0.000,0.154,
2026-06-25T17:21:15.177,18.813,rpm,0.000,0.154,
2026-06-25T17:21:15.179,18.813,torque,0.000,0.288,
2026-06-25T17:21:15.234,18.875,rpm,0.000,0.288,
2026-06-25T17:21:15.235,18.875,rpm,0.000,0.288,
2026-06-25T17:21:15.261,18.906,rpm,0.000,0.288,
2026-06-25T17:21:15.263,18.906,torque,0.000,0.145,
2026-06-25T17:21:15.305,18.938,rpm,0.000,0.145,
2026-06-25T17:21:15.332,18.969,rpm,0.000,0.145,
2026-06-25T17:21:15.339,18.985,rpm,0.000,0.145,
2026-06-25T17:21:15.355,19.000,torque,0.000,-0.778,
2026-06-25T17:21:15.389,19.031,rpm,222.000,-0.778,
2026-06-25T17:21:15.389,19.031,rpm,270.000,-0.778,
2026-06-25T17:21:15.422,19.063,rpm,523.000,-0.778,
2026-06-25T17:21:15.452,19.094,torque,523.000,-0.248,
2026-06-25T17:21:15.471,19.110,rpm,645.000,-0.248,
2026-06-25T17:21:15.471,19.110,rpm,645.000,-0.248,
2026-06-25T17:21:15.485,19.125,rpm,830.000,-0.248,
2026-06-25T17:21:15.511,19.156,rpm,1085.000,-0.248,
2026-06-25T17:21:15.526,19.172,rpm,1085.000,-0.248,
2026-06-25T17:21:15.538,19.172,torque,1085.000,29.652,
2026-06-25T17:21:15.562,19.203,rpm,1403.000,29.652,
2026-06-25T17:21:15.604,19.250,rpm,1573.000,29.652,
2026-06-25T17:21:15.604,19.250,rpm,1573.000,29.652,
2026-06-25T17:21:15.613,19.250,rpm,1726.000,29.652,
2026-06-25T17:21:15.632,19.266,torque,1726.000,65.515,
2026-06-25T17:21:15.673,19.313,rpm,1666.000,65.515,
2026-06-25T17:21:15.713,19.360,rpm,1522.000,65.515,
2026-06-25T17:21:15.714,19.360,rpm,1522.000,65.515,
2026-06-25T17:21:15.714,19.360,torque,1522.000,70.887,
2026-06-25T17:21:15.742,19.375,rpm,957.000,70.887,
2026-06-25T17:21:15.786,19.422,rpm,923.000,70.887,
2026-06-25T17:21:15.786,19.422,rpm,969.000,70.887,
2026-06-25T17:21:15.799,19.438,torque,969.000,39.923,
2026-06-25T17:21:15.813,19.453,rpm,985.000,39.923,
2026-06-25T17:21:15.824,19.469,rpm,1003.000,39.923,
2026-06-25T17:21:15.880,19.516,rpm,984.000,39.923,
2026-06-25T17:21:15.880,19.516,rpm,984.000,39.923,
2026-06-25T17:21:15.890,19.531,torque,984.000,15.160,
2026-06-25T17:21:15.892,19.531,rpm,526.000,15.160,
2026-06-25T17:21:15.947,19.594,rpm,198.000,15.160,
2026-06-25T17:21:15.949,19.594,rpm,154.000,15.160,
2026-06-25T17:21:15.959,19.594,torque,154.000,23.115,
2026-06-25T17:21:15.982,19.625,rpm,144.000,23.115,
2026-06-25T17:21:16.018,19.656,rpm,231.000,23.115,
2026-06-25T17:21:16.042,19.688,rpm,290.000,23.115,
2026-06-25T17:21:16.064,19.703,torque,290.000,6.686,
2026-06-25T17:21:16.064,19.703,rpm,353.000,6.686,
2026-06-25T17:21:16.089,19.735,rpm,358.000,6.686,
2026-06-25T17:21:16.090,19.735,rpm,390.000,6.686,
2026-06-25T17:21:16.134,19.766,rpm,390.000,6.686,
2026-06-25T17:21:16.146,19.781,torque,390.000,15.283,
2026-06-25T17:21:16.146,19.781,rpm,264.000,15.283,
2026-06-25T17:21:16.194,19.828,rpm,149.000,15.283,
2026-06-25T17:21:16.209,19.844,rpm,149.000,15.283,
2026-06-25T17:21:16.210,19.844,rpm,248.000,15.283,
2026-06-25T17:21:16.234,19.875,torque,248.000,33.091,
2026-06-25T17:21:16.258,19.891,rpm,286.000,33.091,
2026-06-25T17:21:16.273,19.906,rpm,166.000,33.091,
2026-06-25T17:21:16.305,19.938,rpm,120.000,33.091,
2026-06-25T17:21:16.316,19.953,rpm,117.000,33.091,
2026-06-25T17:21:16.317,19.953,torque,117.000,20.558,
2026-06-25T17:21:16.358,20.000,rpm,1541.000,20.558,
2026-06-25T17:21:16.374,20.016,rpm,2930.000,20.558,
2026-06-25T17:21:16.401,20.047,torque,2930.000,24.006,
2026-06-25T17:21:16.401,20.047,rpm,3137.000,24.006,
2026-06-25T17:21:16.469,20.110,rpm,2879.000,24.006,
2026-06-25T17:21:16.478,20.110,rpm,2879.000,24.006,
2026-06-25T17:21:16.480,20.125,torque,2879.000,29.051,
2026-06-25T17:21:16.480,20.125,rpm,2603.000,29.051,
2026-06-25T17:21:16.507,20.141,rpm,2368.000,29.051,
2026-06-25T17:21:16.507,20.141,rpm,2368.000,29.051,
2026-06-25T17:21:16.566,20.203,torque,2368.000,37.414,
2026-06-25T17:21:16.599,20.235,rpm,2799.000,37.414,
2026-06-25T17:21:16.603,20.235,rpm,2969.000,37.414,
2026-06-25T17:21:16.633,20.266,rpm,3438.000,37.414,
2026-06-25T17:21:16.662,20.297,rpm,3670.000,37.414,
2026-06-25T17:21:16.671,20.313,torque,3670.000,11.221,
2026-06-25T17:21:16.724,20.360,rpm,4370.000,11.221,
2026-06-25T17:21:16.724,20.360,rpm,4545.000,11.221,
2026-06-25T17:21:16.725,20.360,rpm,4717.000,11.221,
2026-06-25T17:21:16.748,20.391,torque,4717.000,70.279,
2026-06-25T17:21:16.781,20.422,rpm,5462.000,70.279,
2026-06-25T17:21:16.810,20.453,rpm,6013.000,70.279,
2026-06-25T17:21:16.811,20.453,rpm,6073.000,70.279,
2026-06-25T17:21:16.839,20.485,torque,6073.000,98.082,
2026-06-25T17:21:16.856,20.500,rpm,6553.000,98.082,
2026-06-25T17:21:16.871,20.516,rpm,6781.000,98.082,
2026-06-25T17:21:16.922,20.563,rpm,7381.000,98.082,
2026-06-25T17:21:16.922,20.563,rpm,7359.000,98.082,
2026-06-25T17:21:16.922,20.563,torque,7359.000,99.661,
2026-06-25T17:21:16.965,20.610,rpm,7944.000,99.661,
2026-06-25T17:21:16.993,20.625,rpm,8182.000,99.661,
2026-06-25T17:21:17.009,20.641,rpm,8202.000,99.661,
2026-06-25T17:21:17.010,20.641,rpm,8513.000,99.661,
2026-06-25T17:21:17.021,20.656,torque,8513.000,101.215,
2026-06-25T17:21:17.022,20.656,rpm,8839.000,101.215,
2026-06-25T17:21:17.086,20.719,rpm,9228.000,101.215,
2026-06-25T17:21:17.102,20.735,rpm,9401.000,101.215,
2026-06-25T17:21:17.112,20.750,torque,9401.000,101.357,
2026-06-25T17:21:17.112,20.750,rpm,9614.000,101.357,
2026-06-25T17:21:17.134,20.766,rpm,9869.000,101.357,
2026-06-25T17:21:17.154,20.797,rpm,10064.000,101.357,
2026-06-25T17:21:17.189,20.828,rpm,10298.000,101.357,
2026-06-25T17:21:17.189,20.828,rpm,10248.000,101.357,
2026-06-25T17:21:17.201,20.844,torque,10248.000,94.928,
2026-06-25T17:21:17.214,20.860,rpm,10588.000,94.928,
2026-06-25T17:21:17.231,20.875,rpm,10760.000,94.928,
2026-06-25T17:21:17.231,20.875,rpm,10759.000,94.928,
2026-06-25T17:21:17.267,20.906,rpm,10851.000,94.928,
2026-06-25T17:21:17.282,20.922,torque,10851.000,92.419,
2026-06-25T17:21:17.296,20.938,rpm,11004.000,92.419,
2026-06-25T17:21:17.296,20.938,rpm,11072.000,92.419,
2026-06-25T17:21:17.342,20.985,rpm,11128.000,92.419,
2026-06-25T17:21:17.342,20.985,rpm,11179.000,92.419,
2026-06-25T17:21:17.347,20.985,torque,11179.000,88.530,
2026-06-25T17:21:17.397,21.031,rpm,11236.000,88.530,
2026-06-25T17:21:17.402,21.047,rpm,11242.000,88.530,
2026-06-25T17:21:17.442,21.078,torque,11242.000,78.362,
2026-06-25T17:21:17.442,21.078,rpm,11295.000,78.362,
2026-06-25T17:21:17.488,21.125,rpm,11302.000,78.362,
2026-06-25T17:21:17.502,21.141,rpm,11242.000,78.362,
2026-06-25T17:21:17.502,21.141,rpm,11252.000,78.362,
2026-06-25T17:21:17.530,21.172,torque,11252.000,68.042,
2026-06-25T17:21:17.536,21.172,rpm,11237.000,68.042,
2026-06-25T17:21:17.562,21.203,rpm,11243.000,68.042,
2026-06-25T17:21:17.584,21.219,rpm,11214.000,68.042,
2026-06-25T17:21:17.585,21.219,rpm,11141.000,68.042,
2026-06-25T17:21:17.615,21.250,torque,11141.000,65.726,
2026-06-25T17:21:17.624,21.266,rpm,11065.000,65.726,
2026-06-25T17:21:17.661,21.297,rpm,11079.000,65.726,
2026-06-25T17:21:17.670,21.313,rpm,11047.000,65.726,
2026-06-25T17:21:17.700,21.344,rpm,11009.000,65.726,
2026-06-25T17:21:17.700,21.344,torque,11009.000,65.671,
2026-06-25T17:21:17.706,21.344,rpm,11013.000,65.671,
2026-06-25T17:21:17.744,21.391,rpm,10937.000,65.671,
2026-06-25T17:21:17.778,21.422,rpm,10940.000,65.671,
2026-06-25T17:21:17.778,21.422,torque,10940.000,64.684,
2026-06-25T17:21:17.819,21.453,rpm,10840.000,64.684,
2026-06-25T17:21:17.819,21.453,rpm,10905.000,64.684,
2026-06-25T17:21:17.840,21.485,rpm,10793.000,64.684,
2026-06-25T17:21:17.850,21.485,rpm,10816.000,64.684,
2026-06-25T17:21:17.870,21.516,torque,10816.000,64.068,
2026-06-25T17:21:17.890,21.531,rpm,10747.000,64.068,
2026-06-25T17:21:17.919,21.563,rpm,10796.000,64.068,
2026-06-25T17:21:17.919,21.563,rpm,10735.000,64.068,
2026-06-25T17:21:17.953,21.594,rpm,10606.000,64.068,
2026-06-25T17:21:17.961,21.594,torque,10606.000,63.252,
2026-06-25T17:21:17.963,21.594,rpm,10648.000,63.252,
2026-06-25T17:21:17.998,21.641,rpm,10604.000,63.252,
2026-06-25T17:21:18.020,21.656,rpm,10590.000,63.252,
2026-06-25T17:21:18.042,21.688,rpm,10553.000,63.252,
2026-06-25T17:21:18.042,21.688,rpm,10609.000,63.252,
2026-06-25T17:21:18.043,21.688,torque,10609.000,61.775,
2026-06-25T17:21:18.080,21.719,rpm,10583.000,61.775,
2026-06-25T17:21:18.105,21.750,rpm,10513.000,61.775,
2026-06-25T17:21:18.125,21.766,rpm,10531.000,61.775,
2026-06-25T17:21:18.126,21.766,torque,10531.000,60.345,
2026-06-25T17:21:18.126,21.766,rpm,10429.000,60.345,
2026-06-25T17:21:18.149,21.781,rpm,10518.000,60.345,
2026-06-25T17:21:18.199,21.844,rpm,10408.000,60.345,
2026-06-25T17:21:18.199,21.844,rpm,10425.000,60.345,
2026-06-25T17:21:18.210,21.844,rpm,10428.000,60.345,
2026-06-25T17:21:18.232,21.875,torque,10428.000,59.861,
2026-06-25T17:21:18.270,21.906,rpm,10363.000,59.861,
2026-06-25T17:21:18.270,21.906,rpm,10423.000,59.861,
2026-06-25T17:21:18.292,21.938,rpm,10404.000,59.861,
2026-06-25T17:21:18.305,21.938,rpm,10379.000,59.861,
2026-06-25T17:21:18.319,21.953,torque,10379.000,59.322,
2026-06-25T17:21:18.335,21.969,rpm,10292.000,59.322,
2026-06-25T17:21:18.337,21.969,rpm,10301.000,59.322,
2026-06-25T17:21:18.395,22.031,torque,10301.000,58.080,
2026-06-25T17:21:18.395,22.031,rpm,10293.000,58.080,
2026-06-25T17:21:18.395,22.031,rpm,10271.000,58.080,
2026-06-25T17:21:18.451,22.094,rpm,10204.000,58.080,
2026-06-25T17:21:18.452,22.094,rpm,10189.000,58.080,
2026-06-25T17:21:18.465,22.110,rpm,10267.000,58.080,
2026-06-25T17:21:18.473,22.110,torque,10267.000,57.345,
2026-06-25T17:21:18.484,22.125,rpm,10155.000,57.345,
2026-06-25T17:21:18.511,22.156,rpm,10198.000,57.345,
2026-06-25T17:21:18.549,22.188,rpm,10106.000,57.345,
2026-06-25T17:21:18.553,22.188,rpm,10124.000,57.345,
2026-06-25T17:21:18.557,22.188,torque,10124.000,57.709,
2026-06-25T17:21:18.596,22.235,rpm,10108.000,57.709,
2026-06-25T17:21:18.625,22.266,rpm,10078.000,57.709,
2026-06-25T17:21:18.647,22.281,rpm,10062.000,57.709,
2026-06-25T17:21:18.649,22.281,torque,10062.000,57.813,
2026-06-25T17:21:18.678,22.313,rpm,10068.000,57.813,
2026-06-25T17:21:18.693,22.328,rpm,10034.000,57.813,
2026-06-25T17:21:18.714,22.360,rpm,10040.000,57.813,
2026-06-25T17:21:18.725,22.360,rpm,9982.000,57.813,
2026-06-25T17:21:18.733,22.375,torque,9982.000,57.764,
2026-06-25T17:21:18.759,22.391,rpm,10034.000,57.764,
2026-06-25T17:21:18.770,22.406,rpm,10028.000,57.764,
2026-06-25T17:21:18.779,22.422,rpm,10003.000,57.764,
2026-06-25T17:21:18.808,22.453,rpm,9954.000,57.764,
2026-06-25T17:21:18.829,22.469,rpm,10017.000,57.764,
2026-06-25T17:21:18.830,22.469,torque,10017.000,57.636,
2026-06-25T17:21:18.867,22.500,rpm,9914.000,57.636,
2026-06-25T17:21:18.880,22.516,rpm,9954.000,57.636,
2026-06-25T17:21:18.901,22.531,rpm,9963.000,57.636,
2026-06-25T17:21:18.903,22.547,rpm,9954.000,57.636,
2026-06-25T17:21:18.922,22.563,torque,9954.000,58.527,
2026-06-25T17:21:18.935,22.578,rpm,9932.000,58.527,
2026-06-25T17:21:18.978,22.610,rpm,9918.000,58.527,
2026-06-25T17:21:18.978,22.610,rpm,9933.000,58.527,
2026-06-25T17:21:18.978,22.610,rpm,9934.000,58.527,
2026-06-25T17:21:19.002,22.641,torque,9934.000,59.178,
2026-06-25T17:21:19.006,22.641,rpm,9916.000,59.178,
2026-06-25T17:21:19.035,22.672,rpm,9909.000,59.178,
2026-06-25T17:21:19.067,22.703,rpm,9896.000,59.178,
2026-06-25T17:21:19.075,22.719,rpm,9890.000,59.178,
2026-06-25T17:21:19.078,22.719,torque,9890.000,59.166,
2026-06-25T17:21:19.107,22.750,rpm,9837.000,59.166,
2026-06-25T17:21:19.120,22.766,rpm,9785.000,59.166,
2026-06-25T17:21:19.160,22.797,rpm,9789.000,59.166,
2026-06-25T17:21:19.161,22.797,rpm,9820.000,59.166,
2026-06-25T17:21:19.176,22.813,torque,9820.000,59.697,
2026-06-25T17:21:19.184,22.828,rpm,9862.000,59.697,
2026-06-25T17:21:19.221,22.860,rpm,9831.000,59.697,
2026-06-25T17:21:19.250,22.891,torque,9831.000,59.484,
2026-06-25T17:21:19.250,22.891,rpm,9753.000,59.484,
2026-06-25T17:21:19.277,22.922,rpm,9774.000,59.484,
2026-06-25T17:21:19.310,22.953,rpm,9794.000,59.484,
2026-06-25T17:21:19.318,22.953,rpm,9754.000,59.484,
2026-06-25T17:21:19.319,22.953,rpm,9800.000,59.484,
2026-06-25T17:21:19.339,22.985,torque,9800.000,59.415,
2026-06-25T17:21:19.351,22.985,rpm,9761.000,59.415,
2026-06-25T17:21:19.376,23.016,rpm,9729.000,59.415,
2026-06-25T17:21:19.396,23.031,rpm,9727.000,59.415,
2026-06-25T17:21:19.409,23.047,rpm,9783.000,59.415,
2026-06-25T17:21:19.429,23.063,torque,9783.000,59.718,
2026-06-25T17:21:19.429,23.063,rpm,9717.000,59.718,
2026-06-25T17:21:19.467,23.110,rpm,9708.000,59.718,
2026-06-25T17:21:19.477,23.110,rpm,9756.000,59.718,
2026-06-25T17:21:19.487,23.125,rpm,9650.000,59.718,
2026-06-25T17:21:19.512,23.156,rpm,9753.000,59.718,
2026-06-25T17:21:19.514,23.156,torque,9753.000,59.547,
2026-06-25T17:21:19.538,23.172,rpm,9690.000,59.547,
2026-06-25T17:21:19.538,23.172,rpm,9677.000,59.547,
2026-06-25T17:21:19.577,23.219,rpm,9690.000,59.547,
2026-06-25T17:21:19.599,23.235,rpm,9669.000,59.547,
2026-06-25T17:21:19.599,23.235,torque,9669.000,59.887,
2026-06-25T17:21:19.600,23.235,rpm,9734.000,59.887,
2026-06-25T17:21:19.639,23.281,rpm,9738.000,59.887,
2026-06-25T17:21:19.669,23.313,rpm,9720.000,59.887,
2026-06-25T17:21:19.675,23.313,rpm,9721.000,59.887,
2026-06-25T17:21:19.683,23.328,torque,9721.000,60.204,
2026-06-25T17:21:19.704,23.344,rpm,9638.000,60.204,
2026-06-25T17:21:19.744,23.375,rpm,9701.000,60.204,
2026-06-25T17:21:19.767,23.406,rpm,9639.000,60.204,
2026-06-25T17:21:19.769,23.406,torque,9639.000,60.020,
2026-06-25T17:21:19.801,23.438,rpm,9688.000,60.020,
2026-06-25T17:21:19.811,23.453,rpm,9623.000,60.020,
2026-06-25T17:21:19.836,23.469,rpm,9678.000,60.020,
2026-06-25T17:21:19.842,23.485,rpm,9638.000,60.020,
2026-06-25T17:21:19.862,23.500,rpm,9679.000,60.020,
2026-06-25T17:21:19.863,23.500,torque,9679.000,60.231,
2026-06-25T17:21:19.895,23.531,rpm,9626.000,60.231,
2026-06-25T17:21:19.910,23.547,rpm,9673.000,60.231,
2026-06-25T17:21:19.930,23.563,rpm,9674.000,60.231,
2026-06-25T17:21:19.951,23.594,rpm,9616.000,60.231,
2026-06-25T17:21:19.951,23.594,torque,9616.000,60.391,
2026-06-25T17:21:19.979,23.610,rpm,9628.000,60.391,
2026-06-25T17:21:19.991,23.625,rpm,9607.000,60.391,
2026-06-25T17:21:20.016,23.656,rpm,9631.000,60.391,
2026-06-25T17:21:20.038,23.672,torque,9631.000,60.622,
2026-06-25T17:21:20.039,23.672,rpm,9640.000,60.622,
2026-06-25T17:21:20.063,23.703,rpm,9654.000,60.622,
2026-06-25T17:21:20.084,23.719,rpm,9463.000,60.622,
2026-06-25T17:21:20.084,23.719,rpm,9497.000,60.622,
2026-06-25T17:21:20.113,23.750,rpm,9628.000,60.622,
2026-06-25T17:21:20.118,23.750,rpm,9641.000,60.622,
2026-06-25T17:21:20.130,23.766,torque,9641.000,60.488,
2026-06-25T17:21:20.168,23.813,rpm,9630.000,60.488,
2026-06-25T17:21:20.169,23.813,rpm,9586.000,60.488,
2026-06-25T17:21:20.199,23.844,rpm,9536.000,60.488,
2026-06-25T17:21:20.217,23.860,torque,9536.000,60.398,
2026-06-25T17:21:20.218,23.860,rpm,9583.000,60.398,
2026-06-25T17:21:20.221,23.860,rpm,9617.000,60.398,
2026-06-25T17:21:20.248,23.891,rpm,9572.000,60.398,
2026-06-25T17:21:20.289,23.922,rpm,9652.000,60.398,
2026-06-25T17:21:20.291,23.922,torque,9652.000,60.559,
2026-06-25T17:21:20.316,23.953,rpm,9553.000,60.559,
2026-06-25T17:21:20.336,23.969,rpm,9615.000,60.559,
2026-06-25T17:21:20.354,23.985,rpm,9576.000,60.559,
2026-06-25T17:21:20.373,24.016,rpm,9560.000,60.559,
2026-06-25T17:21:20.391,24.031,torque,9560.000,60.761,
2026-06-25T17:21:20.393,24.031,rpm,9623.000,60.761,
2026-06-25T17:21:20.425,24.063,rpm,9566.000,60.761,
2026-06-25T17:21:20.438,24.078,rpm,9540.000,60.761,
2026-06-25T17:21:20.447,24.078,rpm,9574.000,60.761,
2026-06-25T17:21:20.469,24.110,torque,9574.000,60.430,
2026-06-25T17:21:20.480,24.125,rpm,9575.000,60.430,
2026-06-25T17:21:20.491,24.125,rpm,9615.000,60.430,
2026-06-25T17:21:20.520,24.156,rpm,9608.000,60.430,
2026-06-25T17:21:20.528,24.172,rpm,9414.000,60.430,
2026-06-25T17:21:20.552,24.188,rpm,9572.000,60.430,
2026-06-25T17:21:20.553,24.188,torque,9572.000,60.145,
2026-06-25T17:21:20.573,24.203,rpm,9552.000,60.145,
2026-06-25T17:21:20.594,24.235,rpm,9604.000,60.145,
2026-06-25T17:21:20.615,24.250,rpm,9593.000,60.145,
2026-06-25T17:21:20.634,24.266,rpm,9561.000,60.145,
2026-06-25T17:21:20.649,24.281,torque,9561.000,60.070,
2026-06-25T17:21:20.658,24.297,rpm,9595.000,60.070,
2026-06-25T17:21:20.680,24.313,rpm,9542.000,60.070,
2026-06-25T17:21:20.681,24.313,rpm,9609.000,60.070,
2026-06-25T17:21:20.723,24.360,torque,9609.000,59.938,
2026-06-25T17:21:20.729,24.360,rpm,9595.000,59.938,
2026-06-25T17:21:20.766,24.406,rpm,9583.000,59.938,
2026-06-25T17:21:20.806,24.438,rpm,9593.000,59.938,
2026-06-25T17:21:20.809,24.453,torque,9593.000,60.253,
2026-06-25T17:21:20.845,24.485,rpm,9567.000,60.253,
2026-06-25T17:21:20.861,24.500,rpm,9471.000,60.253,
2026-06-25T17:21:20.885,24.531,rpm,9556.000,60.253,
2026-06-25T17:21:20.900,24.531,torque,9556.000,60.754,
2026-06-25T17:21:20.921,24.563,rpm,9452.000,60.754,
2026-06-25T17:21:20.950,24.594,rpm,9396.000,60.754,
2026-06-25T17:21:20.961,24.594,rpm,9483.000,60.754,
2026-06-25T17:21:20.969,24.610,rpm,9557.000,60.754,
2026-06-25T17:21:20.991,24.625,torque,9557.000,60.704,
2026-06-25T17:21:20.992,24.625,rpm,9577.000,60.704,
2026-06-25T17:21:21.016,24.656,rpm,9545.000,60.704,
2026-06-25T17:21:21.038,24.672,rpm,9561.000,60.704,
2026-06-25T17:21:21.047,24.688,rpm,9572.000,60.704,
2026-06-25T17:21:21.069,24.703,rpm,9564.000,60.704,
2026-06-25T17:21:21.072,24.703,torque,9564.000,60.232,
2026-06-25T17:21:21.105,24.750,rpm,9525.000,60.232,
2026-06-25T17:21:21.114,24.750,rpm,9570.000,60.232,
2026-06-25T17:21:21.128,24.766,rpm,9526.000,60.232,
2026-06-25T17:21:21.149,24.781,rpm,9509.000,60.232,
2026-06-25T17:21:21.173,24.813,torque,9509.000,60.454,
2026-06-25T17:21:21.174,24.813,rpm,9532.000,60.454,
2026-06-25T17:21:21.195,24.828,rpm,9531.000,60.454,
2026-06-25T17:21:21.216,24.860,rpm,9500.000,60.454,
2026-06-25T17:21:21.240,24.875,rpm,9509.000,60.454,
2026-06-25T17:21:21.242,24.875,rpm,9576.000,60.454,
2026-06-25T17:21:21.261,24.906,torque,9576.000,60.466,
2026-06-25T17:21:21.271,24.906,rpm,9588.000,60.466,
2026-06-25T17:21:21.293,24.938,rpm,9558.000,60.466,
2026-06-25T17:21:21.326,24.969,rpm,9581.000,60.466,
2026-06-25T17:21:21.335,24.969,rpm,9563.000,60.466,
2026-06-25T17:21:21.336,24.969,torque,9563.000,60.531,
2026-06-25T17:21:21.357,25.000,rpm,9533.000,60.531,
2026-06-25T17:21:21.388,25.031,rpm,9555.000,60.531,
2026-06-25T17:21:21.400,25.031,rpm,9515.000,60.531,
2026-06-25T17:21:21.421,25.063,rpm,9569.000,60.531,
2026-06-25T17:21:21.421,25.063,torque,9569.000,60.483,
2026-06-25T17:21:21.444,25.078,rpm,9565.000,60.483,
2026-06-25T17:21:21.445,25.078,rpm,9565.000,60.483,
2026-06-25T17:21:21.486,25.125,rpm,9592.000,60.483,
2026-06-25T17:21:21.500,25.141,rpm,9568.000,60.483,
2026-06-25T17:21:21.510,25.156,torque,9568.000,60.311,
2026-06-25T17:21:21.510,25.156,rpm,9524.000,60.311,
2026-06-25T17:21:21.533,25.172,rpm,9541.000,60.311,
2026-06-25T17:21:21.567,25.203,rpm,9568.000,60.311,
2026-06-25T17:21:21.579,25.219,rpm,9563.000,60.311,
2026-06-25T17:21:21.589,25.235,rpm,9578.000,60.311,
2026-06-25T17:21:21.609,25.250,torque,9578.000,60.102,
2026-06-25T17:21:21.626,25.266,rpm,9573.000,60.102,
2026-06-25T17:21:21.643,25.281,rpm,9489.000,60.102,
2026-06-25T17:21:21.655,25.297,rpm,9496.000,60.102,
2026-06-25T17:21:21.667,25.313,rpm,9521.000,60.102,
2026-06-25T17:21:21.688,25.328,torque,9521.000,59.600,
2026-06-25T17:21:21.719,25.360,rpm,9502.000,59.600,
2026-06-25T17:21:21.719,25.360,rpm,9524.000,59.600,
2026-06-25T17:21:21.740,25.375,rpm,9503.000,59.600,
2026-06-25T17:21:21.771,25.406,torque,9503.000,60.109,
2026-06-25T17:21:21.777,25.422,rpm,9569.000,60.109,
2026-06-25T17:21:21.809,25.453,rpm,9561.000,60.109,
2026-06-25T17:21:21.839,25.485,rpm,9544.000,60.109,
2026-06-25T17:21:21.863,25.500,torque,9544.000,60.695,
2026-06-25T17:21:21.864,25.500,rpm,9507.000,60.695,
2026-06-25T17:21:21.867,25.500,rpm,9573.000,60.695,
2026-06-25T17:21:21.912,25.547,rpm,9512.000,60.695,
2026-06-25T17:21:21.912,25.547,rpm,9497.000,60.695,
2026-06-25T17:21:21.942,25.578,rpm,9502.000,60.695,
2026-06-25T17:21:21.943,25.578,torque,9502.000,60.152,
2026-06-25T17:21:21.980,25.625,rpm,9491.000,60.152,
2026-06-25T17:21:22.006,25.641,rpm,9524.000,60.152,
2026-06-25T17:21:22.014,25.656,rpm,9566.000,60.152,
2026-06-25T17:21:22.039,25.672,torque,9566.000,59.994,
2026-06-25T17:21:22.039,25.672,rpm,9571.000,59.994,
2026-06-25T17:21:22.076,25.719,rpm,9461.000,59.994,
2026-06-25T17:21:22.077,25.719,rpm,9549.000,59.994,
2026-06-25T17:21:22.101,25.735,rpm,9561.000,59.994,
2026-06-25T17:21:22.121,25.766,torque,9561.000,59.818,
2026-06-25T17:21:22.121,25.766,rpm,9549.000,59.818,
2026-06-25T17:21:22.125,25.766,rpm,9547.000,59.818,
2026-06-25T17:21:22.160,25.797,rpm,9508.000,59.818,
2026-06-25T17:21:22.188,25.828,rpm,9398.000,59.818,
2026-06-25T17:21:22.188,25.828,rpm,9443.000,59.818,
2026-06-25T17:21:22.216,25.860,torque,9443.000,60.060,
2026-06-25T17:21:22.217,25.860,rpm,9509.000,60.060,
2026-06-25T17:21:22.236,25.875,rpm,9521.000,60.060,
2026-06-25T17:21:22.259,25.891,rpm,9542.000,60.060,
2026-06-25T17:21:22.283,25.922,rpm,9516.000,60.060,
2026-06-25T17:21:22.283,25.922,torque,9516.000,60.394,
2026-06-25T17:21:22.308,25.953,rpm,9542.000,60.394,
2026-06-25T17:21:22.326,25.969,rpm,9416.000,60.394,
2026-06-25T17:21:22.349,25.985,rpm,9530.000,60.394,
2026-06-25T17:21:22.375,26.016,torque,9530.000,60.680,
2026-06-25T17:21:22.377,26.016,rpm,9414.000,60.680,
2026-06-25T17:21:22.420,26.063,rpm,9487.000,60.680,
2026-06-25T17:21:22.427,26.063,rpm,9546.000,60.680,
2026-06-25T17:21:22.456,26.094,torque,9546.000,60.298,
2026-06-25T17:21:22.456,26.094,rpm,9569.000,60.298,
2026-06-25T17:21:22.483,26.125,rpm,9542.000,60.298,
2026-06-25T17:21:22.502,26.141,rpm,9562.000,60.298,
2026-06-25T17:21:22.520,26.156,rpm,9544.000,60.298,
2026-06-25T17:21:22.542,26.188,rpm,9553.000,60.298,
2026-06-25T17:21:22.560,26.203,torque,9553.000,59.774,
2026-06-25T17:21:22.561,26.203,rpm,9508.000,59.774,
2026-06-25T17:21:22.583,26.219,rpm,9485.000,59.774,
2026-06-25T17:21:22.613,26.250,rpm,9541.000,59.774,
2026-06-25T17:21:22.624,26.266,rpm,9548.000,59.774,
2026-06-25T17:21:22.645,26.281,torque,9548.000,60.479,
2026-06-25T17:21:22.646,26.281,rpm,9474.000,60.479,
2026-06-25T17:21:22.677,26.313,rpm,9506.000,60.479,
2026-06-25T17:21:22.688,26.328,rpm,9539.000,60.479,
2026-06-25T17:21:22.708,26.344,rpm,9507.000,60.479,
2026-06-25T17:21:22.709,26.344,rpm,9476.000,60.479,
2026-06-25T17:21:22.735,26.375,torque,9476.000,60.403,
2026-06-25T17:21:22.745,26.391,rpm,9557.000,60.403,
2026-06-25T17:21:22.767,26.406,rpm,9544.000,60.403,
2026-06-25T17:21:22.789,26.422,rpm,9554.000,60.403,
2026-06-25T17:21:22.789,26.422,rpm,9555.000,60.403,
2026-06-25T17:21:22.810,26.453,torque,9555.000,60.095,
2026-06-25T17:21:22.833,26.469,rpm,9504.000,60.095,
2026-06-25T17:21:22.855,26.500,rpm,9497.000,60.095,
2026-06-25T17:21:22.856,26.500,rpm,9478.000,60.095,
2026-06-25T17:21:22.897,26.531,rpm,9466.000,60.095,
2026-06-25T17:21:22.897,26.531,rpm,9466.000,60.095,
2026-06-25T17:21:22.897,26.531,torque,9466.000,60.078,
2026-06-25T17:21:22.928,26.563,rpm,9483.000,60.078,
2026-06-25T17:21:22.949,26.594,rpm,9448.000,60.078,
2026-06-25T17:21:22.956,26.594,rpm,9477.000,60.078,
2026-06-25T17:21:22.983,26.625,torque,9477.000,60.093,
2026-06-25T17:21:22.984,26.625,rpm,9477.000,60.093,
2026-06-25T17:21:23.002,26.641,rpm,9505.000,60.093,
2026-06-25T17:21:23.024,26.656,rpm,9552.000,60.093,
2026-06-25T17:21:23.048,26.688,rpm,9545.000,60.093,
2026-06-25T17:21:23.061,26.703,rpm,9536.000,60.093,
2026-06-25T17:21:23.070,26.703,torque,9536.000,60.254,
2026-06-25T17:21:23.089,26.735,rpm,9504.000,60.254,
2026-06-25T17:21:23.109,26.750,rpm,9536.000,60.254,
2026-06-25T17:21:23.131,26.766,rpm,9553.000,60.254,
2026-06-25T17:21:23.133,26.766,rpm,9496.000,60.254,
2026-06-25T17:21:23.154,26.797,torque,9496.000,60.468,
2026-06-25T17:21:23.163,26.797,rpm,9550.000,60.468,
2026-06-25T17:21:23.191,26.828,rpm,9496.000,60.468,
2026-06-25T17:21:23.221,26.860,rpm,9490.000,60.468,
2026-06-25T17:21:23.251,26.891,torque,9490.000,60.370,
2026-06-25T17:21:23.251,26.891,rpm,9549.000,60.370,
2026-06-25T17:21:23.275,26.906,rpm,9548.000,60.370,
2026-06-25T17:21:23.287,26.922,rpm,9498.000,60.370,
2026-06-25T17:21:23.314,26.953,rpm,9518.000,60.370,
2026-06-25T17:21:23.336,26.969,torque,9518.000,60.141,
2026-06-25T17:21:23.336,26.969,rpm,9543.000,60.141,
2026-06-25T17:21:23.337,26.969,rpm,9533.000,60.141,
2026-06-25T17:21:23.376,27.016,rpm,9546.000,60.141,
2026-06-25T17:21:23.383,27.016,rpm,9491.000,60.141,
2026-06-25T17:21:23.406,27.047,rpm,9486.000,60.141,
2026-06-25T17:21:23.425,27.063,torque,9486.000,60.526,
2026-06-25T17:21:23.425,27.063,rpm,9554.000,60.526,
2026-06-25T17:21:23.449,27.094,rpm,9468.000,60.526,
2026-06-25T17:21:23.478,27.110,rpm,9525.000,60.526,
2026-06-25T17:21:23.479,27.110,rpm,9524.000,60.526,
2026-06-25T17:21:23.499,27.141,torque,9524.000,60.549,
2026-06-25T17:21:23.511,27.156,rpm,9491.000,60.549,
2026-06-25T17:21:23.523,27.156,rpm,9551.000,60.549,
2026-06-25T17:21:23.565,27.203,rpm,9557.000,60.549,
2026-06-25T17:21:23.565,27.203,rpm,9491.000,60.549,
2026-06-25T17:21:23.593,27.235,rpm,9555.000,60.549,
2026-06-25T17:21:23.604,27.235,torque,9555.000,60.362,
2026-06-25T17:21:23.604,27.235,rpm,9483.000,60.362,
2026-06-25T17:21:23.632,27.266,rpm,9535.000,60.362,
2026-06-25T17:21:23.667,27.313,rpm,9557.000,60.362,
2026-06-25T17:21:23.676,27.313,rpm,8817.000,60.362,
2026-06-25T17:21:23.677,27.313,torque,8817.000,60.162,
2026-06-25T17:21:23.677,27.313,rpm,8732.000,60.162,
2026-06-25T17:21:23.714,27.360,rpm,8602.000,60.162,
2026-06-25T17:21:23.733,27.375,rpm,8598.000,60.162,
2026-06-25T17:21:23.743,27.375,rpm,8557.000,60.162,
2026-06-25T17:21:23.766,27.406,torque,8557.000,60.668,
2026-06-25T17:21:23.766,27.406,rpm,8506.000,60.668,
2026-06-25T17:21:23.792,27.438,rpm,8528.000,60.668,
2026-06-25T17:21:23.835,27.469,rpm,8508.000,60.668,
2026-06-25T17:21:23.836,27.469,rpm,8529.000,60.668,
2026-06-25T17:21:23.858,27.500,torque,8529.000,64.063,
2026-06-25T17:21:23.868,27.500,rpm,8536.000,64.063,
2026-06-25T17:21:23.885,27.516,rpm,8554.000,64.063,
2026-06-25T17:21:23.905,27.547,rpm,8513.000,64.063,
2026-06-25T17:21:23.933,27.578,rpm,8560.000,64.063,
2026-06-25T17:21:23.934,27.578,torque,8560.000,69.366,
2026-06-25T17:21:23.956,27.594,rpm,8525.000,69.366,
2026-06-25T17:21:23.990,27.625,rpm,8595.000,69.366,
2026-06-25T17:21:24.001,27.641,rpm,8549.000,69.366,
2026-06-25T17:21:24.003,27.641,rpm,8567.000,69.366,
2026-06-25T17:21:24.026,27.672,torque,8567.000,72.360,
2026-06-25T17:21:24.026,27.672,rpm,8511.000,72.360,
2026-06-25T17:21:24.038,27.672,rpm,8510.000,72.360,
2026-06-25T17:21:24.078,27.719,rpm,8540.000,72.360,
2026-06-25T17:21:24.079,27.719,rpm,8503.000,72.360,
2026-06-25T17:21:24.106,27.750,rpm,8532.000,72.360,
2026-06-25T17:21:24.107,27.750,torque,8532.000,73.733,
2026-06-25T17:21:24.127,27.766,rpm,8563.000,73.733,
2026-06-25T17:21:24.141,27.781,rpm,8559.000,73.733,
2026-06-25T17:21:24.172,27.813,rpm,8559.000,73.733,
2026-06-25T17:21:24.195,27.828,rpm,8533.000,73.733,
2026-06-25T17:21:24.195,27.828,torque,8533.000,74.954,
2026-06-25T17:21:24.195,27.828,rpm,8520.000,74.954,
2026-06-25T17:21:24.233,27.875,rpm,8560.000,74.954,
2026-06-25T17:21:24.244,27.875,rpm,8489.000,74.954,
2026-06-25T17:21:24.275,27.906,rpm,8536.000,74.954,
2026-06-25T17:21:24.284,27.922,rpm,8554.000,74.954,
2026-06-25T17:21:24.285,27.922,torque,8554.000,76.532,
2026-06-25T17:21:24.321,27.953,rpm,8579.000,76.532,
2026-06-25T17:21:24.330,27.969,rpm,8550.000,76.532,
2026-06-25T17:21:24.365,28.000,torque,8550.000,77.269,
2026-06-25T17:21:24.387,28.031,rpm,8533.000,77.269,
2026-06-25T17:21:24.389,28.031,rpm,8552.000,77.269,
2026-06-25T17:21:24.419,28.063,rpm,8542.000,77.269,
2026-06-25T17:21:24.442,28.078,rpm,8523.000,77.269,
2026-06-25T17:21:24.462,28.094,torque,8523.000,77.494,
2026-06-25T17:21:24.462,28.094,rpm,8557.000,77.494,
2026-06-25T17:21:24.487,28.125,rpm,8515.000,77.494,
2026-06-25T17:21:24.510,28.141,rpm,8526.000,77.494,
2026-06-25T17:21:24.532,28.172,rpm,8563.000,77.494,
2026-06-25T17:21:24.561,28.203,torque,8563.000,78.682,
2026-06-25T17:21:24.561,28.203,rpm,8547.000,78.682,
2026-06-25T17:21:24.577,28.219,rpm,8454.000,78.682,
2026-06-25T17:21:24.590,28.235,rpm,8538.000,78.682,
2026-06-25T17:21:24.605,28.250,rpm,8598.000,78.682,
2026-06-25T17:21:24.641,28.281,rpm,8551.000,78.682,
2026-06-25T17:21:24.641,28.281,torque,8551.000,80.267,
2026-06-25T17:21:24.658,28.297,rpm,8527.000,80.267,
2026-06-25T17:21:24.670,28.313,rpm,8572.000,80.267,
2026-06-25T17:21:24.696,28.328,rpm,8536.000,80.267,
2026-06-25T17:21:24.715,28.360,rpm,8551.000,80.267,
2026-06-25T17:21:24.726,28.360,torque,8551.000,81.832,
2026-06-25T17:21:24.727,28.360,rpm,8552.000,81.832,
2026-06-25T17:21:24.758,28.391,rpm,8490.000,81.832,
2026-06-25T17:21:24.770,28.406,rpm,8479.000,81.832,
2026-06-25T17:21:24.793,28.438,rpm,8545.000,81.832,
2026-06-25T17:21:24.806,28.438,rpm,8512.000,81.832,
2026-06-25T17:21:24.816,28.453,torque,8512.000,83.081,
2026-06-25T17:21:24.818,28.453,rpm,8555.000,83.081,
2026-06-25T17:21:24.853,28.485,rpm,8560.000,83.081,
2026-06-25T17:21:24.896,28.531,torque,8560.000,84.491,
2026-06-25T17:21:24.921,28.563,rpm,8526.000,84.491,
2026-06-25T17:21:24.924,28.563,rpm,8578.000,84.491,
2026-06-25T17:21:24.943,28.578,rpm,8527.000,84.491,
2026-06-25T17:21:24.963,28.594,rpm,8532.000,84.491,
2026-06-25T17:21:24.990,28.625,torque,8532.000,85.825,
2026-06-25T17:21:24.991,28.625,rpm,8561.000,85.825,
2026-06-25T17:21:25.011,28.656,rpm,8558.000,85.825,
2026-06-25T17:21:25.031,28.672,rpm,8538.000,85.825,
2026-06-25T17:21:25.041,28.672,rpm,8529.000,85.825,
2026-06-25T17:21:25.062,28.703,rpm,8531.000,85.825,
2026-06-25T17:21:25.064,28.703,torque,8531.000,87.375,
2026-06-25T17:21:25.088,28.719,rpm,8495.000,87.375,
2026-06-25T17:21:25.120,28.750,rpm,8534.000,87.375,
2026-06-25T17:21:25.133,28.766,rpm,8509.000,87.375,
2026-06-25T17:21:25.144,28.781,torque,8509.000,88.795,
2026-06-25T17:21:25.145,28.781,rpm,8583.000,88.795,
2026-06-25T17:21:25.167,28.797,rpm,8568.000,88.795,
2026-06-25T17:21:25.199,28.844,rpm,8518.000,88.795,
2026-06-25T17:21:25.209,28.844,rpm,8531.000,88.795,
2026-06-25T17:21:25.210,28.844,rpm,8519.000,88.795,
2026-06-25T17:21:25.236,28.875,torque,8519.000,89.659,
2026-06-25T17:21:25.245,28.891,rpm,8552.000,89.659,
2026-06-25T17:21:25.273,28.906,rpm,8552.000,89.659,
2026-06-25T17:21:25.285,28.922,rpm,8506.000,89.659,
2026-06-25T17:21:25.305,28.938,rpm,8549.000,89.659,
2026-06-25T17:21:25.334,28.969,torque,8549.000,90.092,
2026-06-25T17:21:25.337,28.969,rpm,8552.000,90.092,
2026-06-25T17:21:25.377,29.016,rpm,8478.000,90.092,
2026-06-25T17:21:25.382,29.016,rpm,8520.000,90.092,
2026-06-25T17:21:25.407,29.047,rpm,8531.000,90.092,
2026-06-25T17:21:25.408,29.047,torque,8531.000,90.535,
2026-06-25T17:21:25.432,29.063,rpm,8536.000,90.535,
2026-06-25T17:21:25.446,29.078,rpm,8550.000,90.535,
2026-06-25T17:21:25.489,29.125,rpm,8513.000,90.535,
2026-06-25T17:21:25.493,29.125,torque,8513.000,90.518,
2026-06-25T17:21:25.516,29.156,rpm,8521.000,90.518,
2026-06-25T17:21:25.545,29.188,rpm,8487.000,90.518,
2026-06-25T17:21:25.566,29.203,rpm,8477.000,90.518,
2026-06-25T17:21:25.588,29.219,torque,8477.000,90.253,
2026-06-25T17:21:25.599,29.235,rpm,8536.000,90.253,
2026-06-25T17:21:25.632,29.266,rpm,8506.000,90.253,
2026-06-25T17:21:25.632,29.266,rpm,8523.000,90.253,
2026-06-25T17:21:25.643,29.281,rpm,8474.000,90.253,
2026-06-25T17:21:25.668,29.313,rpm,8535.000,90.253,
2026-06-25T17:21:25.669,29.313,torque,8535.000,90.554,
2026-06-25T17:21:25.715,29.360,rpm,8505.000,90.554,
2026-06-25T17:21:25.724,29.360,rpm,8530.000,90.554,
2026-06-25T17:21:25.739,29.375,rpm,8495.000,90.554,
2026-06-25T17:21:25.751,29.391,torque,8495.000,90.878,
2026-06-25T17:21:25.783,29.422,rpm,8523.000,90.878,
2026-06-25T17:21:25.794,29.438,rpm,8454.000,90.878,
2026-06-25T17:21:25.818,29.453,rpm,8492.000,90.878,
2026-06-25T17:21:25.850,29.485,torque,8492.000,90.765,
2026-06-25T17:21:25.850,29.485,rpm,8553.000,90.765,
2026-06-25T17:21:25.853,29.485,rpm,8536.000,90.765,
2026-06-25T17:21:25.899,29.531,rpm,8531.000,90.765,
2026-06-25T17:21:25.900,29.531,rpm,8480.000,90.765,
2026-06-25T17:21:25.928,29.563,rpm,8530.000,90.765,
2026-06-25T17:21:25.928,29.563,torque,8530.000,90.651,
2026-06-25T17:21:25.954,29.594,rpm,8504.000,90.651,
2026-06-25T17:21:25.955,29.594,rpm,8539.000,90.651,
2026-06-25T17:21:25.987,29.625,rpm,8536.000,90.651,
2026-06-25T17:21:26.019,29.656,rpm,8519.000,90.651,
2026-06-25T17:21:26.020,29.656,torque,8519.000,91.133,
2026-06-25T17:21:26.020,29.656,rpm,8544.000,91.133,
2026-06-25T17:21:26.055,29.688,rpm,8539.000,91.133,
2026-06-25T17:21:26.067,29.703,rpm,8548.000,91.133,
2026-06-25T17:21:26.090,29.735,rpm,8481.000,91.133,
2026-06-25T17:21:26.102,29.735,torque,8481.000,91.403,
2026-06-25T17:21:26.102,29.735,rpm,8522.000,91.403,
2026-06-25T17:21:26.127,29.766,rpm,8471.000,91.403,
2026-06-25T17:21:26.157,29.797,rpm,8546.000,91.403,
2026-06-25T17:21:26.170,29.813,rpm,8463.000,91.403,
2026-06-25T17:21:26.182,29.813,rpm,8536.000,91.403,
2026-06-25T17:21:26.204,29.844,torque,8536.000,91.390,
2026-06-25T17:21:26.206,29.844,rpm,8538.000,91.390,
2026-06-25T17:21:26.232,29.875,rpm,8468.000,91.390,
2026-06-25T17:21:26.254,29.891,rpm,8474.000,91.390,
2026-06-25T17:21:26.271,29.906,rpm,8520.000,91.390,
2026-06-25T17:21:26.272,29.906,torque,8520.000,91.198,
2026-06-25T17:21:26.295,29.938,rpm,8477.000,91.198,
2026-06-25T17:21:26.318,29.953,rpm,8526.000,91.198,
2026-06-25T17:21:26.336,29.969,rpm,8460.000,91.198,
2026-06-25T17:21:26.360,30.000,rpm,8456.000,91.198,
2026-06-25T17:21:26.361,30.000,torque,8456.000,91.464,
2026-06-25T17:21:26.386,30.031,rpm,8493.000,91.464,
2026-06-25T17:21:26.418,30.063,rpm,8525.000,91.464,
2026-06-25T17:21:26.442,30.078,rpm,8524.000,91.464,
2026-06-25T17:21:26.442,30.078,rpm,8481.000,91.464,
2026-06-25T17:21:26.467,30.110,torque,8481.000,91.389,
2026-06-25T17:21:26.468,30.110,rpm,8567.000,91.389,
2026-06-25T17:21:26.503,30.141,rpm,8470.000,91.389,
2026-06-25T17:21:26.522,30.156,rpm,8508.000,91.389,
2026-06-25T17:21:26.544,30.188,torque,8508.000,91.638,
2026-06-25T17:21:26.557,30.188,rpm,8536.000,91.638,
2026-06-25T17:21:26.570,30.203,rpm,8514.000,91.638,
2026-06-25T17:21:26.601,30.235,rpm,8521.000,91.638,
2026-06-25T17:21:26.611,30.250,rpm,8536.000,91.638,
2026-06-25T17:21:26.640,30.281,torque,8536.000,91.582,
2026-06-25T17:21:26.640,30.281,rpm,8456.000,91.582,
2026-06-25T17:21:26.693,30.328,rpm,8505.000,91.582,
2026-06-25T17:21:26.703,30.344,torque,8505.000,90.901,
2026-06-25T17:21:26.726,30.360,rpm,8470.000,90.901,
2026-06-25T17:21:26.748,30.391,rpm,8502.000,90.901,
2026-06-25T17:21:26.769,30.406,rpm,8511.000,90.901,
2026-06-25T17:21:26.770,30.406,rpm,8472.000,90.901,
2026-06-25T17:21:26.795,30.438,torque,8472.000,89.914,
2026-06-25T17:21:26.799,30.438,rpm,8516.000,89.914,
2026-06-25T17:21:26.824,30.469,rpm,8467.000,89.914,
2026-06-25T17:21:26.845,30.485,rpm,8524.000,89.914,
2026-06-25T17:21:26.869,30.500,rpm,8550.000,89.914,
2026-06-25T17:21:26.893,30.531,torque,8550.000,89.933,
2026-06-25T17:21:26.917,30.563,rpm,8455.000,89.933,
2026-06-25T17:21:26.927,30.563,rpm,8489.000,89.933,
2026-06-25T17:21:26.957,30.594,rpm,8513.000,89.933,
2026-06-25T17:21:26.984,30.625,torque,8513.000,90.734,
2026-06-25T17:21:27.009,30.641,rpm,8491.000,90.734,
2026-06-25T17:21:27.040,30.672,rpm,8530.000,90.734,
2026-06-25T17:21:27.066,30.703,torque,8530.000,91.400,
2026-06-25T17:21:27.068,30.703,rpm,8534.000,91.400,
2026-06-25T17:21:27.091,30.735,rpm,8522.000,91.400,
2026-06-25T17:21:27.102,30.735,rpm,8490.000,91.400,
2026-06-25T17:21:27.132,30.766,rpm,8497.000,91.400,
2026-06-25T17:21:27.146,30.781,rpm,8537.000,91.400,
2026-06-25T17:21:27.157,30.797,torque,8537.000,91.535,
2026-06-25T17:21:27.168,30.813,rpm,8475.000,91.535,
2026-06-25T17:21:27.221,30.860,rpm,8520.000,91.535,
2026-06-25T17:21:27.224,30.860,torque,8520.000,91.537,
2026-06-25T17:21:27.224,30.860,rpm,8537.000,91.537,
2026-06-25T17:21:27.260,30.891,rpm,8515.000,91.537,
2026-06-25T17:21:27.271,30.906,rpm,8519.000,91.537,
2026-06-25T17:21:27.302,30.938,rpm,8520.000,91.537,
2026-06-25T17:21:27.302,30.938,rpm,8461.000,91.537,
2026-06-25T17:21:27.310,30.953,torque,8461.000,91.609,
2026-06-25T17:21:27.340,30.985,rpm,8524.000,91.609,
2026-06-25T17:21:27.352,30.985,rpm,8460.000,91.609,
2026-06-25T17:21:27.363,31.000,rpm,8504.000,91.609,
2026-06-25T17:21:27.394,31.031,rpm,8478.000,91.609,
2026-06-25T17:21:27.405,31.047,torque,8478.000,91.959,
2026-06-25T17:21:27.420,31.063,rpm,8513.000,91.959,
2026-06-25T17:21:27.432,31.063,rpm,8515.000,91.959,
2026-06-25T17:21:27.472,31.110,rpm,8452.000,91.959,
2026-06-25T17:21:27.485,31.125,rpm,8501.000,91.959,
2026-06-25T17:21:27.496,31.141,torque,8501.000,91.954,
2026-06-25T17:21:27.547,31.188,rpm,8495.000,91.954,
2026-06-25T17:21:27.578,31.219,rpm,8475.000,91.954,
2026-06-25T17:21:27.579,31.219,torque,8475.000,92.149,
2026-06-25T17:21:27.582,31.219,rpm,8516.000,92.149,
2026-06-25T17:21:27.612,31.250,rpm,8477.000,92.149,
2026-06-25T17:21:27.637,31.281,rpm,8472.000,92.149,
2026-06-25T17:21:27.662,31.297,rpm,8458.000,92.149,
2026-06-25T17:21:27.673,31.313,torque,8458.000,91.561,
2026-06-25T17:21:27.674,31.313,rpm,8411.000,91.561,
2026-06-25T17:21:27.710,31.344,rpm,8523.000,91.561,
2026-06-25T17:21:27.722,31.360,rpm,8485.000,91.561,
2026-06-25T17:21:27.738,31.375,rpm,8469.000,91.561,
2026-06-25T17:21:27.759,31.391,torque,8469.000,90.240,
2026-06-25T17:21:27.759,31.391,rpm,8512.000,90.240,
2026-06-25T17:21:27.760,31.391,rpm,8458.000,90.240,
2026-06-25T17:21:27.811,31.453,rpm,8501.000,90.240,
2026-06-25T17:21:27.824,31.469,rpm,8510.000,90.240,
2026-06-25T17:21:27.824,31.469,rpm,8470.000,90.240,
2026-06-25T17:21:27.848,31.485,torque,8470.000,90.281,
2026-06-25T17:21:27.888,31.531,rpm,8504.000,90.281,
2026-06-25T17:21:27.899,31.531,rpm,8506.000,90.281,
2026-06-25T17:21:27.899,31.531,rpm,8527.000,90.281,
2026-06-25T17:21:27.936,31.578,torque,8527.000,89.440,
2026-06-25T17:21:27.937,31.578,rpm,8530.000,89.440,
2026-06-25T17:21:27.955,31.594,rpm,8544.000,89.440,
2026-06-25T17:21:27.990,31.625,rpm,8478.000,89.440,
2026-06-25T17:21:28.015,31.656,torque,8478.000,89.452,
2026-06-25T17:21:28.015,31.656,rpm,8517.000,89.452,
2026-06-25T17:21:28.046,31.688,rpm,8464.000,89.452,
2026-06-25T17:21:28.059,31.703,rpm,8504.000,89.452,
2026-06-25T17:21:28.071,31.703,rpm,8491.000,89.452,
2026-06-25T17:21:28.106,31.750,torque,8491.000,90.316,
2026-06-25T17:21:28.106,31.750,rpm,8495.000,90.316,
2026-06-25T17:21:28.134,31.766,rpm,8509.000,90.316,
2026-06-25T17:21:28.156,31.797,rpm,8510.000,90.316,
2026-06-25T17:21:28.183,31.828,rpm,8542.000,90.316,
2026-06-25T17:21:28.184,31.828,rpm,8516.000,90.316,
2026-06-25T17:21:28.184,31.828,torque,8516.000,90.103,
2026-06-25T17:21:28.215,31.860,rpm,8483.000,90.103,
2026-06-25T17:21:28.249,31.891,rpm,8489.000,90.103,
2026-06-25T17:21:28.259,31.891,rpm,8529.000,90.103,
2026-06-25T17:21:28.273,31.906,rpm,8421.000,90.103,
2026-06-25T17:21:28.284,31.922,torque,8421.000,90.534,
2026-06-25T17:21:28.322,31.953,rpm,8540.000,90.534,
2026-06-25T17:21:28.333,31.969,rpm,8505.000,90.534,
2026-06-25T17:21:28.334,31.969,rpm,8522.000,90.534,
2026-06-25T17:21:28.360,32.000,torque,8522.000,92.031,
2026-06-25T17:21:28.361,32.000,rpm,8549.000,92.031,
2026-06-25T17:21:28.391,32.031,rpm,8537.000,92.031,
2026-06-25T17:21:28.391,32.031,rpm,8518.000,92.031,
2026-06-25T17:21:28.414,32.047,rpm,8527.000,92.031,
2026-06-25T17:21:28.440,32.078,rpm,8469.000,92.031,
2026-06-25T17:21:28.441,32.078,torque,8469.000,92.843,
2026-06-25T17:21:28.448,32.094,rpm,8458.000,92.843,
2026-06-25T17:21:28.482,32.125,rpm,8516.000,92.843,
2026-06-25T17:21:28.492,32.125,rpm,8458.000,92.843,
2026-06-25T17:21:28.502,32.141,rpm,8495.000,92.843,
2026-06-25T17:21:28.529,32.172,torque,8495.000,92.052,
2026-06-25T17:21:28.575,32.219,rpm,8512.000,92.052,
2026-06-25T17:21:28.600,32.235,rpm,8502.000,92.052,
2026-06-25T17:21:28.600,32.235,rpm,8499.000,92.052,
2026-06-25T17:21:28.612,32.250,torque,8499.000,91.521,
2026-06-25T17:21:28.637,32.281,rpm,8513.000,91.521,
2026-06-25T17:21:28.672,32.313,rpm,8496.000,91.521,
2026-06-25T17:21:28.681,32.313,rpm,8526.000,91.521,
2026-06-25T17:21:28.682,32.313,rpm,8526.000,91.521,
2026-06-25T17:21:28.707,32.344,torque,8526.000,90.868,
2026-06-25T17:21:28.717,32.360,rpm,8492.000,90.868,
2026-06-25T17:21:28.717,32.360,rpm,8492.000,90.868,
2026-06-25T17:21:28.748,32.391,rpm,8511.000,90.868,
2026-06-25T17:21:28.784,32.422,rpm,8527.000,90.868,
2026-06-25T17:21:28.786,32.422,torque,8527.000,91.969,
2026-06-25T17:21:28.820,32.453,rpm,8544.000,91.969,
2026-06-25T17:21:28.831,32.469,rpm,8516.000,91.969,
2026-06-25T17:21:28.833,32.469,rpm,8505.000,91.969,
2026-06-25T17:21:28.856,32.500,rpm,8456.000,91.969,
2026-06-25T17:21:28.880,32.516,rpm,8448.000,91.969,
2026-06-25T17:21:28.880,32.516,torque,8448.000,91.730,
2026-06-25T17:21:28.904,32.547,rpm,8518.000,91.730,
2026-06-25T17:21:28.920,32.563,rpm,8463.000,91.730,
2026-06-25T17:21:28.944,32.578,rpm,8515.000,91.730,
2026-06-25T17:21:28.957,32.594,rpm,8464.000,91.730,
2026-06-25T17:21:28.970,32.610,torque,8464.000,91.270,
2026-06-25T17:21:29.022,32.656,rpm,8532.000,91.270,
2026-06-25T17:21:29.050,32.688,rpm,8524.000,91.270,
2026-06-25T17:21:29.050,32.688,torque,8524.000,91.543,
2026-06-25T17:21:29.051,32.688,rpm,8521.000,91.543,
2026-06-25T17:21:29.082,32.719,rpm,8514.000,91.543,
2026-06-25T17:21:29.108,32.750,rpm,8523.000,91.543,
2026-06-25T17:21:29.122,32.766,rpm,8495.000,91.543,
2026-06-25T17:21:29.137,32.781,rpm,8520.000,91.543,
2026-06-25T17:21:29.150,32.781,torque,8520.000,91.633,
2026-06-25T17:21:29.150,32.781,rpm,8474.000,91.633,
2026-06-25T17:21:29.178,32.813,rpm,8483.000,91.633,
2026-06-25T17:21:29.219,32.860,rpm,8499.000,91.633,
2026-06-25T17:21:29.232,32.875,rpm,8457.000,91.633,
2026-06-25T17:21:29.232,32.875,torque,8457.000,91.381,
2026-06-25T17:21:29.245,32.875,rpm,8464.000,91.381,
2026-06-25T17:21:29.247,32.891,rpm,8527.000,91.381,
2026-06-25T17:21:29.299,32.938,rpm,8506.000,91.381,
2026-06-25T17:21:29.317,32.953,rpm,8495.000,91.381,
2026-06-25T17:21:29.332,32.969,torque,8495.000,91.647,
2026-06-25T17:21:29.334,32.969,rpm,8496.000,91.647,
2026-06-25T17:21:29.383,33.016,rpm,8538.000,91.647,
2026-06-25T17:21:29.413,33.047,rpm,8493.000,91.647,
2026-06-25T17:21:29.413,33.047,rpm,8488.000,91.647,
2026-06-25T17:21:29.413,33.047,torque,8488.000,92.080,
2026-06-25T17:21:29.432,33.063,rpm,8486.000,92.080,
2026-06-25T17:21:29.449,33.094,rpm,8532.000,92.080,
2026-06-25T17:21:29.495,33.125,rpm,8508.000,92.080,
2026-06-25T17:21:29.511,33.156,rpm,8484.000,92.080,
2026-06-25T17:21:29.511,33.156,torque,8484.000,92.470,
2026-06-25T17:21:29.512,33.156,rpm,8532.000,92.470,
2026-06-25T17:21:29.529,33.172,rpm,8483.000,92.470,
2026-06-25T17:21:29.576,33.219,rpm,8511.000,92.470,
2026-06-25T17:21:29.576,33.219,rpm,8510.000,92.470,
2026-06-25T17:21:29.594,33.235,torque,8510.000,92.333,
2026-06-25T17:21:29.595,33.235,rpm,8549.000,92.333,
2026-06-25T17:21:29.612,33.250,rpm,8518.000,92.333,
2026-06-25T17:21:29.613,33.250,rpm,8465.000,92.333,
2026-06-25T17:21:29.672,33.313,rpm,8442.000,92.333,
2026-06-25T17:21:29.673,33.313,torque,8442.000,92.241,
2026-06-25T17:21:29.690,33.328,rpm,8520.000,92.241,
2026-06-25T17:21:29.751,33.391,rpm,8468.000,92.241,
2026-06-25T17:21:29.770,33.406,torque,8468.000,91.552,
2026-06-25T17:21:29.771,33.406,rpm,8466.000,91.552,
2026-06-25T17:21:29.788,33.422,rpm,8510.000,91.552,
2026-06-25T17:21:29.837,33.469,rpm,8488.000,91.552,
2026-06-25T17:21:29.849,33.485,rpm,8509.000,91.552,
2026-06-25T17:21:29.866,33.500,rpm,8547.000,91.552,
2026-06-25T17:21:29.866,33.500,torque,8547.000,91.278,
2026-06-25T17:21:29.890,33.531,rpm,8447.000,91.278,
2026-06-25T17:21:29.919,33.563,rpm,8489.000,91.278,
2026-06-25T17:21:29.919,33.563,rpm,8489.000,91.278,
2026-06-25T17:21:29.932,33.563,rpm,8524.000,91.278,
2026-06-25T17:21:29.948,33.578,torque,8524.000,91.841,
2026-06-25T17:21:29.950,33.594,rpm,8463.000,91.841,
2026-06-25T17:21:30.008,33.641,rpm,8490.000,91.841,
2026-06-25T17:21:30.022,33.656,torque,8490.000,91.963,
2026-06-25T17:21:30.024,33.656,rpm,8510.000,91.963,
2026-06-25T17:21:30.070,33.703,rpm,8499.000,91.963,
2026-06-25T17:21:30.104,33.735,torque,8499.000,91.601,
2026-06-25T17:21:30.120,33.750,rpm,8496.000,91.601,
2026-06-25T17:21:30.123,33.766,rpm,8473.000,91.601,
2026-06-25T17:21:30.152,33.797,rpm,8525.000,91.601,
2026-06-25T17:21:30.171,33.813,rpm,8500.000,91.601,
2026-06-25T17:21:30.186,33.828,rpm,8529.000,91.601,
2026-06-25T17:21:30.187,33.828,torque,8529.000,91.162,
2026-06-25T17:21:30.223,33.860,rpm,8522.000,91.162,
2026-06-25T17:21:30.224,33.860,rpm,8530.000,91.162,
2026-06-25T17:21:30.265,33.906,rpm,8479.000,91.162,
2026-06-25T17:21:30.282,33.922,torque,8479.000,91.322,
2026-06-25T17:21:30.282,33.922,rpm,8517.000,91.322,
2026-06-25T17:21:30.299,33.938,rpm,8542.000,91.322,
2026-06-25T17:21:30.300,33.938,rpm,8523.000,91.322,
2026-06-25T17:21:30.343,33.985,rpm,8499.000,91.322,
2026-06-25T17:21:30.365,34.000,rpm,8452.000,91.322,
2026-06-25T17:21:30.382,34.016,rpm,8462.000,91.322,
2026-06-25T17:21:30.382,34.016,torque,8462.000,91.900,
2026-06-25T17:21:30.383,34.016,rpm,8509.000,91.900,
2026-06-25T17:21:30.418,34.063,rpm,8510.000,91.900,
2026-06-25T17:21:30.462,34.094,torque,8510.000,91.661,
2026-06-25T17:21:30.463,34.094,rpm,8527.000,91.661,
2026-06-25T17:21:30.463,34.094,rpm,8522.000,91.661,
2026-06-25T17:21:30.481,34.125,rpm,8537.000,91.661,
2026-06-25T17:21:30.522,34.156,rpm,8538.000,91.661,
2026-06-25T17:21:30.522,34.156,rpm,8534.000,91.661,
2026-06-25T17:21:30.542,34.188,torque,8534.000,91.686,
2026-06-25T17:21:30.542,34.188,rpm,8504.000,91.686,
2026-06-25T17:21:30.579,34.219,rpm,8526.000,91.686,
2026-06-25T17:21:30.580,34.219,rpm,8526.000,91.686,
2026-06-25T17:21:30.624,34.266,rpm,8524.000,91.686,
2026-06-25T17:21:30.639,34.281,torque,8524.000,91.736,
2026-06-25T17:21:30.639,34.281,rpm,8505.000,91.736,
2026-06-25T17:21:30.659,34.297,rpm,8504.000,91.736,
2026-06-25T17:21:30.675,34.313,rpm,8472.000,91.736,
2026-06-25T17:21:30.690,34.328,rpm,8507.000,91.736,
2026-06-25T17:21:30.716,34.360,rpm,8494.000,91.736,
2026-06-25T17:21:30.733,34.375,torque,8494.000,91.989,
2026-06-25T17:21:30.733,34.375,rpm,8543.000,91.989,
2026-06-25T17:21:30.750,34.391,rpm,8506.000,91.989,
2026-06-25T17:21:30.753,34.391,rpm,8447.000,91.989,
2026-06-25T17:21:30.801,34.438,rpm,8502.000,91.989,
2026-06-25T17:21:30.814,34.453,torque,8502.000,92.203,
2026-06-25T17:21:30.833,34.469,rpm,8501.000,92.203,
2026-06-25T17:21:30.835,34.469,rpm,8552.000,92.203,
2026-06-25T17:21:30.863,34.500,rpm,8478.000,92.203,
2026-06-25T17:21:30.876,34.516,rpm,8507.000,92.203,
2026-06-25T17:21:30.896,34.531,torque,8507.000,92.406,
2026-06-25T17:21:30.897,34.531,rpm,8496.000,92.406,
2026-06-25T17:21:30.914,34.547,rpm,8503.000,92.406,
2026-06-25T17:21:30.930,34.563,rpm,8573.000,92.406,
2026-06-25T17:21:30.959,34.594,rpm,8462.000,92.406,
2026-06-25T17:21:30.976,34.610,rpm,8554.000,92.406,
2026-06-25T17:21:30.976,34.610,torque,8554.000,91.867,
2026-06-25T17:21:31.036,34.672,rpm,8504.000,91.867,
2026-06-25T17:21:31.048,34.688,rpm,8444.000,91.867,
2026-06-25T17:21:31.048,34.688,torque,8444.000,91.982,
2026-06-25T17:21:31.070,34.703,rpm,8512.000,91.982,
2026-06-25T17:21:31.088,34.719,rpm,8524.000,91.982,
2026-06-25T17:21:31.148,34.781,rpm,8458.000,91.982,
2026-06-25T17:21:31.148,34.781,torque,8458.000,92.244,
2026-06-25T17:21:31.165,34.797,rpm,8494.000,92.244,
2026-06-25T17:21:31.167,34.797,rpm,8486.000,92.244,
2026-06-25T17:21:31.213,34.844,rpm,8506.000,92.244,
2026-06-25T17:21:31.225,34.860,rpm,8492.000,92.244,
2026-06-25T17:21:31.226,34.860,rpm,8504.000,92.244,
2026-06-25T17:21:31.243,34.875,torque,8504.000,92.934,
2026-06-25T17:21:31.264,34.906,rpm,8462.000,92.934,
2026-06-25T17:21:31.296,34.938,rpm,8517.000,92.934,
2026-06-25T17:21:31.324,34.969,rpm,8510.000,92.934,
2026-06-25T17:21:31.326,34.969,torque,8510.000,93.200,
2026-06-25T17:21:31.326,34.969,rpm,8526.000,93.200,
2026-06-25T17:21:31.359,35.000,rpm,8522.000,93.200,
2026-06-25T17:21:31.400,35.031,rpm,8509.000,93.200,
2026-06-25T17:21:31.400,35.031,torque,8509.000,93.274,
2026-06-25T17:21:31.401,35.031,rpm,8524.000,93.274,
2026-06-25T17:21:31.438,35.078,rpm,8523.000,93.274,
2026-06-25T17:21:31.439,35.078,rpm,8562.000,93.274,
2026-06-25T17:21:31.484,35.125,rpm,8515.000,93.274,
2026-06-25T17:21:31.502,35.141,torque,8515.000,92.877,
2026-06-25T17:21:31.503,35.141,rpm,8550.000,92.877,
2026-06-25T17:21:31.521,35.156,rpm,8524.000,92.877,
2026-06-25T17:21:31.522,35.156,rpm,8485.000,92.877,
2026-06-25T17:21:31.566,35.203,rpm,8462.000,92.877,
2026-06-25T17:21:31.585,35.219,torque,8462.000,93.216,
2026-06-25T17:21:31.601,35.235,rpm,8469.000,93.216,
2026-06-25T17:21:31.645,35.281,rpm,8514.000,93.216,
2026-06-25T17:21:31.664,35.297,rpm,8477.000,93.216,
2026-06-25T17:21:31.665,35.297,torque,8477.000,93.568,
2026-06-25T17:21:31.683,35.313,rpm,8556.000,93.568,
2026-06-25T17:21:31.684,35.328,rpm,8467.000,93.568,
2026-06-25T17:21:31.731,35.375,rpm,8480.000,93.568,
2026-06-25T17:21:31.748,35.391,rpm,8464.000,93.568,
2026-06-25T17:21:31.749,35.391,rpm,8506.000,93.568,
2026-06-25T17:21:31.749,35.391,torque,8506.000,92.574,
2026-06-25T17:21:31.766,35.406,rpm,8484.000,92.574,
2026-06-25T17:21:31.766,35.406,rpm,8509.000,92.574,
2026-06-25T17:21:31.825,35.469,rpm,8524.000,92.574,
2026-06-25T17:21:31.841,35.485,rpm,8446.000,92.574,
2026-06-25T17:21:31.841,35.485,torque,8446.000,92.542,
2026-06-25T17:21:31.842,35.485,rpm,8504.000,92.542,
2026-06-25T17:21:31.864,35.500,rpm,8450.000,92.542,
2026-06-25T17:21:31.898,35.531,rpm,8563.000,92.542,
2026-06-25T17:21:31.914,35.547,rpm,8527.000,92.542,
2026-06-25T17:21:31.927,35.563,torque,8527.000,92.646,
2026-06-25T17:21:31.929,35.563,rpm,8527.000,92.646,
2026-06-25T17:21:31.977,35.610,rpm,8475.000,92.646,
2026-06-25T17:21:31.978,35.610,rpm,8507.000,92.646,
2026-06-25T17:21:31.991,35.625,rpm,8505.000,92.646,
2026-06-25T17:21:32.008,35.641,torque,8505.000,91.479,
2026-06-25T17:21:32.026,35.656,rpm,8524.000,91.479,
2026-06-25T17:21:32.045,35.688,rpm,8508.000,91.479,
2026-06-25T17:21:32.047,35.688,rpm,8512.000,91.479,
2026-06-25T17:21:32.088,35.719,rpm,8516.000,91.479,
2026-06-25T17:21:32.105,35.750,rpm,8493.000,91.479,
2026-06-25T17:21:32.106,35.750,torque,8493.000,91.491,
2026-06-25T17:21:32.122,35.766,rpm,8546.000,91.491,
2026-06-25T17:21:32.182,35.813,rpm,8492.000,91.491,
2026-06-25T17:21:32.183,35.813,rpm,8449.000,91.491,
2026-06-25T17:21:32.184,35.828,rpm,8476.000,91.491,
2026-06-25T17:21:32.184,35.828,torque,8476.000,91.840,
2026-06-25T17:21:32.203,35.844,rpm,8516.000,91.840,
2026-06-25T17:21:32.263,35.906,rpm,8524.000,91.840,
2026-06-25T17:21:32.264,35.906,rpm,8511.000,91.840,
2026-06-25T17:21:32.279,35.922,rpm,8531.000,91.840,
2026-06-25T17:21:32.280,35.922,torque,8531.000,92.599,
2026-06-25T17:21:32.281,35.922,rpm,8520.000,92.599,
2026-06-25T17:21:32.316,35.953,rpm,8542.000,92.599,
2026-06-25T17:21:32.316,35.953,rpm,8495.000,92.599,
2026-06-25T17:21:32.358,36.000,rpm,8459.000,92.599,
2026-06-25T17:21:32.374,36.016,torque,8459.000,92.656,
2026-06-25T17:21:32.375,36.016,rpm,8476.000,92.656,
2026-06-25T17:21:32.392,36.031,rpm,8479.000,92.656,
2026-06-25T17:21:32.393,36.031,rpm,8512.000,92.656,
2026-06-25T17:21:32.437,36.078,rpm,8489.000,92.656,
2026-06-25T17:21:32.454,36.094,torque,8489.000,92.836,
2026-06-25T17:21:32.454,36.094,rpm,8465.000,92.836,
2026-06-25T17:21:32.488,36.125,rpm,8456.000,92.836,
2026-06-25T17:21:32.515,36.156,rpm,8472.000,92.836,
2026-06-25T17:21:32.516,36.156,torque,8472.000,92.930,
2026-06-25T17:21:32.516,36.156,rpm,8458.000,92.930,
2026-06-25T17:21:32.558,36.203,rpm,8534.000,92.930,
2026-06-25T17:21:32.576,36.219,rpm,8508.000,92.930,
2026-06-25T17:21:32.617,36.250,rpm,8468.000,92.930,
2026-06-25T17:21:32.636,36.266,torque,8468.000,93.107,
2026-06-25T17:21:32.636,36.266,rpm,8456.000,93.107,
2026-06-25T17:21:32.636,36.266,rpm,8469.000,93.107,
2026-06-25T17:21:32.655,36.297,rpm,8506.000,93.107,
2026-06-25T17:21:32.701,36.344,rpm,8496.000,93.107,
2026-06-25T17:21:32.701,36.344,rpm,8496.000,93.107,
2026-06-25T17:21:32.713,36.344,torque,8496.000,93.040,
2026-06-25T17:21:32.730,36.375,rpm,8507.000,93.040,
2026-06-25T17:21:32.733,36.375,rpm,8466.000,93.040,
2026-06-25T17:21:32.780,36.422,rpm,8523.000,93.040,
2026-06-25T17:21:32.791,36.422,rpm,8457.000,93.040,
2026-06-25T17:21:32.792,36.438,torque,8457.000,92.677,
2026-06-25T17:21:32.792,36.438,rpm,8519.000,92.677,
2026-06-25T17:21:32.811,36.453,rpm,8523.000,92.677,
2026-06-25T17:21:32.855,36.485,rpm,8514.000,92.677,
2026-06-25T17:21:32.873,36.516,rpm,8522.000,92.677,
2026-06-25T17:21:32.874,36.516,rpm,8441.000,92.677,
2026-06-25T17:21:32.891,36.531,torque,8441.000,92.743,
2026-06-25T17:21:32.892,36.531,rpm,8528.000,92.743,
2026-06-25T17:21:32.931,36.563,rpm,8458.000,92.743,
2026-06-25T17:21:32.931,36.563,rpm,8466.000,92.743,
2026-06-25T17:21:32.976,36.610,rpm,8497.000,92.743,
2026-06-25T17:21:32.976,36.610,torque,8497.000,92.253,
2026-06-25T17:21:32.994,36.625,rpm,8540.000,92.253,
2026-06-25T17:21:32.995,36.625,rpm,8481.000,92.253,
2026-06-25T17:21:33.014,36.656,rpm,8502.000,92.253,
2026-06-25T17:21:33.015,36.656,rpm,8527.000,92.253,
2026-06-25T17:21:33.076,36.719,torque,8527.000,92.119,
2026-06-25T17:21:33.077,36.719,rpm,8525.000,92.119,
2026-06-25T17:21:33.078,36.719,rpm,8487.000,92.119,
2026-06-25T17:21:33.096,36.735,rpm,8492.000,92.119,
2026-06-25T17:21:33.130,36.766,rpm,8493.000,92.119,
2026-06-25T17:21:33.157,36.797,rpm,8519.000,92.119,
2026-06-25T17:21:33.158,36.797,torque,8519.000,91.934,
2026-06-25T17:21:33.158,36.797,rpm,8450.000,91.934,
2026-06-25T17:21:33.199,36.844,rpm,8521.000,91.934,
2026-06-25T17:21:33.214,36.844,rpm,8523.000,91.934,
2026-06-25T17:21:33.241,36.875,torque,8523.000,91.918,
2026-06-25T17:21:33.241,36.875,rpm,8518.000,91.918,
2026-06-25T17:21:33.242,36.875,rpm,8521.000,91.918,
2026-06-25T17:21:33.282,36.922,rpm,8509.000,91.918,
2026-06-25T17:21:33.313,36.953,rpm,8511.000,91.918,
2026-06-25T17:21:33.313,36.953,rpm,8526.000,91.918,
2026-06-25T17:21:33.326,36.969,torque,8526.000,91.744,
2026-06-25T17:21:33.326,36.969,rpm,8550.000,91.744,
2026-06-25T17:21:33.396,37.031,rpm,8519.000,91.744,
2026-06-25T17:21:33.408,37.047,rpm,8537.000,91.744,
2026-06-25T17:21:33.408,37.047,torque,8537.000,91.875,
2026-06-25T17:21:33.409,37.047,rpm,8460.000,91.875,
2026-06-25T17:21:33.411,37.047,rpm,8511.000,91.875,
2026-06-25T17:21:33.467,37.110,rpm,8446.000,91.875,
2026-06-25T17:21:33.492,37.125,rpm,8530.000,91.875,
2026-06-25T17:21:33.492,37.125,torque,8530.000,92.233,
2026-06-25T17:21:33.492,37.125,rpm,8520.000,92.233,
2026-06-25T17:21:33.514,37.156,rpm,8496.000,92.233,
2026-06-25T17:21:33.563,37.203,rpm,8506.000,92.233,
2026-06-25T17:21:33.563,37.203,rpm,8507.000,92.233,
2026-06-25T17:21:33.575,37.219,rpm,8515.000,92.233,
2026-06-25T17:21:33.575,37.219,torque,8515.000,92.116,
2026-06-25T17:21:33.577,37.219,rpm,8468.000,92.116,
2026-06-25T17:21:33.639,37.281,rpm,8508.000,92.116,
2026-06-25T17:21:33.640,37.281,rpm,8524.000,92.116,
2026-06-25T17:21:33.641,37.281,torque,8524.000,92.075,
2026-06-25T17:21:33.641,37.281,rpm,8473.000,92.075,
2026-06-25T17:21:33.681,37.313,rpm,8558.000,92.075,
2026-06-25T17:21:33.681,37.313,rpm,8508.000,92.075,
2026-06-25T17:21:33.744,37.375,rpm,8478.000,92.075,
2026-06-25T17:21:33.745,37.375,torque,8478.000,92.013,
2026-06-25T17:21:33.745,37.375,rpm,8476.000,92.013,
2026-06-25T17:21:33.762,37.406,rpm,8525.000,92.013,
2026-06-25T17:21:33.798,37.438,rpm,8493.000,92.013,
2026-06-25T17:21:33.810,37.453,rpm,8503.000,92.013,
2026-06-25T17:21:33.827,37.469,rpm,8533.000,92.013,
2026-06-25T17:21:33.827,37.469,torque,8533.000,91.888,
2026-06-25T17:21:33.844,37.485,rpm,8446.000,91.888,
2026-06-25T17:21:33.847,37.485,rpm,8490.000,91.888,
2026-06-25T17:21:33.895,37.531,rpm,8532.000,91.888,
2026-06-25T17:21:33.908,37.547,rpm,8444.000,91.888,
2026-06-25T17:21:33.924,37.563,torque,8444.000,91.991,
2026-06-25T17:21:33.925,37.563,rpm,8533.000,91.991,
2026-06-25T17:21:33.942,37.578,rpm,8473.000,91.991,
2026-06-25T17:21:33.957,37.594,rpm,8481.000,91.991,
2026-06-25T17:21:33.985,37.625,rpm,8500.000,91.991,
2026-06-25T17:21:34.004,37.641,rpm,8501.000,91.991,
2026-06-25T17:21:34.005,37.641,torque,8501.000,91.500,
2026-06-25T17:21:34.024,37.656,rpm,8493.000,91.500,
2026-06-25T17:21:34.062,37.703,rpm,8438.000,91.500,
2026-06-25T17:21:34.076,37.719,rpm,8511.000,91.500,
2026-06-25T17:21:34.089,37.735,rpm,8458.000,91.500,
2026-06-25T17:21:34.089,37.735,torque,8458.000,91.365,
2026-06-25T17:21:34.108,37.750,rpm,8507.000,91.365,
2026-06-25T17:21:34.138,37.781,rpm,8418.000,91.365,
2026-06-25T17:21:34.168,37.813,rpm,8513.000,91.365,
2026-06-25T17:21:34.188,37.828,rpm,8530.000,91.365,
2026-06-25T17:21:34.188,37.828,torque,8530.000,91.342,
2026-06-25T17:21:34.188,37.828,rpm,8508.000,91.342,
2026-06-25T17:21:34.207,37.844,rpm,8539.000,91.342,
2026-06-25T17:21:34.249,37.891,rpm,8519.000,91.342,
2026-06-25T17:21:34.265,37.906,rpm,8473.000,91.342,
2026-06-25T17:21:34.266,37.906,torque,8473.000,91.614,
2026-06-25T17:21:34.283,37.922,rpm,8555.000,91.614,
2026-06-25T17:21:34.284,37.922,rpm,8496.000,91.614,
2026-06-25T17:21:34.330,37.969,rpm,8488.000,91.614,
2026-06-25T17:21:34.347,37.985,rpm,8475.000,91.614,
2026-06-25T17:21:34.364,38.000,torque,8475.000,92.024,
2026-06-25T17:21:34.364,38.000,rpm,8472.000,92.024,
2026-06-25T17:21:34.364,38.000,rpm,8494.000,92.024,
2026-06-25T17:21:34.400,38.031,rpm,8543.000,92.024,
2026-06-25T17:21:34.434,38.078,rpm,8490.000,92.024,
2026-06-25T17:21:34.448,38.078,torque,8490.000,91.720,
2026-06-25T17:21:34.465,38.110,rpm,8526.000,91.720,
2026-06-25T17:21:34.465,38.110,rpm,8468.000,91.720,
2026-06-25T17:21:34.482,38.125,rpm,8511.000,91.720,
2026-06-25T17:21:34.525,38.156,rpm,8516.000,91.720,
2026-06-25T17:21:34.541,38.172,torque,8516.000,91.561,
2026-06-25T17:21:34.542,38.172,rpm,8493.000,91.561,
2026-06-25T17:21:34.560,38.203,rpm,8493.000,91.561,
2026-06-25T17:21:34.608,38.250,rpm,8520.000,91.561,
2026-06-25T17:21:34.621,38.266,torque,8520.000,91.626,
2026-06-25T17:21:34.621,38.266,rpm,8457.000,91.626,
2026-06-25T17:21:34.638,38.281,rpm,8535.000,91.626,
2026-06-25T17:21:34.640,38.281,rpm,8493.000,91.626,
2026-06-25T17:21:34.673,38.313,rpm,8503.000,91.626,
2026-06-25T17:21:34.699,38.344,rpm,8464.000,91.626,
2026-06-25T17:21:34.700,38.344,torque,8464.000,91.586,
2026-06-25T17:21:34.700,38.344,rpm,8463.000,91.586,
2026-06-25T17:21:34.735,38.375,rpm,8535.000,91.586,
2026-06-25T17:21:34.776,38.406,rpm,8467.000,91.586,
2026-06-25T17:21:34.795,38.438,rpm,8513.000,91.586,
2026-06-25T17:21:34.795,38.438,torque,8513.000,92.034,
2026-06-25T17:21:34.816,38.453,rpm,8513.000,92.034,
2026-06-25T17:21:34.831,38.469,rpm,8473.000,92.034,
2026-06-25T17:21:34.857,38.500,rpm,8506.000,92.034,
2026-06-25T17:21:34.857,38.500,rpm,8516.000,92.034,
2026-06-25T17:21:34.876,38.516,torque,8516.000,92.049,
2026-06-25T17:21:34.895,38.531,rpm,8480.000,92.049,
2026-06-25T17:21:34.912,38.547,rpm,8497.000,92.049,
2026-06-25T17:21:34.913,38.547,rpm,8465.000,92.049,
2026-06-25T17:21:34.956,38.594,rpm,8513.000,92.049,
2026-06-25T17:21:34.972,38.610,torque,8513.000,92.008,
2026-06-25T17:21:34.974,38.610,rpm,8495.000,92.008,
2026-06-25T17:21:34.988,38.625,rpm,8563.000,92.008,
2026-06-25T17:21:35.004,38.641,rpm,8470.000,92.008,
2026-06-25T17:21:35.048,38.688,rpm,8463.000,92.008,
2026-06-25T17:21:35.048,38.688,rpm,8486.000,92.008,
2026-06-25T17:21:35.049,38.688,torque,8486.000,91.445,
2026-06-25T17:21:35.066,38.703,rpm,8500.000,91.445,
2026-06-25T17:21:35.067,38.703,rpm,8520.000,91.445,
2026-06-25T17:21:35.114,38.750,rpm,8537.000,91.445,
2026-06-25T17:21:35.141,38.781,rpm,8512.000,91.445,
2026-06-25T17:21:35.141,38.781,torque,8512.000,91.700,
2026-06-25T17:21:35.144,38.781,rpm,8510.000,91.700,
2026-06-25T17:21:35.179,38.813,rpm,8470.000,91.700,
2026-06-25T17:21:35.204,38.844,rpm,8498.000,91.700,
2026-06-25T17:21:35.205,38.844,rpm,8511.000,91.700,
2026-06-25T17:21:35.220,38.860,torque,8511.000,91.991,
2026-06-25T17:21:35.240,38.875,rpm,8462.000,91.991,
2026-06-25T17:21:35.259,38.891,rpm,8491.000,91.991,
2026-06-25T17:21:35.276,38.906,rpm,8459.000,91.991,
2026-06-25T17:21:35.292,38.922,rpm,8482.000,91.991,
2026-06-25T17:21:35.319,38.953,torque,8482.000,92.324,
2026-06-25T17:21:35.319,38.953,rpm,8502.000,92.324,
2026-06-25T17:21:35.366,39.000,rpm,8462.000,92.324,
2026-06-25T17:21:35.379,39.016,rpm,8522.000,92.324,
2026-06-25T17:21:35.397,39.031,rpm,8495.000,92.324,
2026-06-25T17:21:35.397,39.031,torque,8495.000,92.434,
2026-06-25T17:21:35.415,39.047,rpm,8468.000,92.434,
2026-06-25T17:21:35.435,39.078,rpm,8505.000,92.434,
2026-06-25T17:21:35.491,39.125,rpm,8528.000,92.434,
2026-06-25T17:21:35.491,39.125,torque,8528.000,92.129,
2026-06-25T17:21:35.507,39.141,rpm,8491.000,92.129,
2026-06-25T17:21:35.509,39.141,rpm,8454.000,92.129,
2026-06-25T17:21:35.509,39.141,rpm,8565.000,92.129,
2026-06-25T17:21:35.568,39.203,rpm,8490.000,92.129,
2026-06-25T17:21:35.569,39.203,torque,8490.000,91.801,
2026-06-25T17:21:35.570,39.203,rpm,8474.000,91.801,
2026-06-25T17:21:35.588,39.219,rpm,8517.000,91.801,
2026-06-25T17:21:35.630,39.266,rpm,8523.000,91.801,
2026-06-25T17:21:35.664,39.297,torque,8523.000,91.069,
2026-06-25T17:21:35.719,39.360,torque,8523.000,90.976,
2026-06-25T17:21:35.755,39.391,rpm,8459.000,90.976,
2026-06-25T17:21:35.757,39.391,rpm,8498.000,90.976,
2026-06-25T17:21:35.795,39.438,rpm,8540.000,90.976,
2026-06-25T17:21:35.795,39.438,rpm,8499.000,90.976,
2026-06-25T17:21:35.826,39.469,torque,8499.000,91.181,
2026-06-25T17:21:35.826,39.469,rpm,8505.000,91.181,
2026-06-25T17:21:35.827,39.469,rpm,8510.000,91.181,
2026-06-25T17:21:35.859,39.500,rpm,8506.000,91.181,
2026-06-25T17:21:35.908,39.547,rpm,8454.000,91.181,
2026-06-25T17:21:35.921,39.563,rpm,8507.000,91.181,
2026-06-25T17:21:35.921,39.563,torque,8507.000,91.431,
2026-06-25T17:21:35.936,39.578,rpm,8483.000,91.431,
2026-06-25T17:21:35.937,39.578,rpm,8490.000,91.431,
2026-06-25T17:21:35.983,39.625,rpm,8455.000,91.431,
2026-06-25T17:21:35.996,39.641,rpm,8487.000,91.431,
2026-06-25T17:21:35.996,39.641,torque,8487.000,91.478,
2026-06-25T17:21:36.014,39.656,rpm,8468.000,91.478,
2026-06-25T17:21:36.034,39.672,rpm,8513.000,91.478,
2026-06-25T17:21:36.051,39.688,rpm,8511.000,91.478,
2026-06-25T17:21:36.066,39.703,rpm,8489.000,91.478,
2026-06-25T17:21:36.096,39.735,torque,8489.000,91.275,
2026-06-25T17:21:36.096,39.735,rpm,8467.000,91.275,
2026-06-25T17:21:36.114,39.750,rpm,8466.000,91.275,
2026-06-25T17:21:36.146,39.781,rpm,8480.000,91.275,
2026-06-25T17:21:36.158,39.797,rpm,8529.000,91.275,
2026-06-25T17:21:36.177,39.813,torque,8529.000,90.891,
2026-06-25T17:21:36.177,39.813,rpm,8497.000,90.891,
2026-06-25T17:21:36.197,39.828,rpm,8505.000,90.891,
2026-06-25T17:21:36.214,39.844,rpm,8469.000,90.891,
2026-06-25T17:21:36.230,39.860,rpm,8463.000,90.891,
2026-06-25T17:21:36.276,39.906,rpm,8502.000,90.891,
2026-06-25T17:21:36.276,39.906,torque,8502.000,91.023,
2026-06-25T17:21:36.276,39.906,rpm,8517.000,91.023,
2026-06-25T17:21:36.294,39.938,rpm,8525.000,91.023,
2026-06-25T17:21:36.346,39.985,rpm,8477.000,91.023,
2026-06-25T17:21:36.346,39.985,rpm,8508.000,91.023,
2026-06-25T17:21:36.361,40.000,torque,8508.000,91.324,
2026-06-25T17:21:36.379,40.016,rpm,8469.000,91.324,
2026-06-25T17:21:36.380,40.016,rpm,8446.000,91.324,
2026-06-25T17:21:36.396,40.031,rpm,8505.000,91.324,
2026-06-25T17:21:36.412,40.047,rpm,8515.000,91.324,
2026-06-25T17:21:36.442,40.078,torque,8515.000,91.964,
2026-06-25T17:21:36.458,40.094,rpm,8450.000,91.964,
2026-06-25T17:21:36.459,40.094,rpm,8542.000,91.964,
2026-06-25T17:21:36.477,40.110,rpm,8515.000,91.964,
2026-06-25T17:21:36.519,40.156,rpm,8500.000,91.964,
2026-06-25T17:21:36.537,40.172,rpm,8531.000,91.964,
2026-06-25T17:21:36.537,40.172,torque,8531.000,92.207,
2026-06-25T17:21:36.554,40.188,rpm,8530.000,92.207,
2026-06-25T17:21:36.555,40.188,rpm,8479.000,92.207,
2026-06-25T17:21:36.555,40.188,rpm,8517.000,92.207,
2026-06-25T17:21:36.613,40.250,torque,8517.000,91.798,
2026-06-25T17:21:36.613,40.250,rpm,8505.000,91.798,
2026-06-25T17:21:36.630,40.266,rpm,8498.000,91.798,
2026-06-25T17:21:36.648,40.281,rpm,8494.000,91.798,
2026-06-25T17:21:36.679,40.313,rpm,8491.000,91.798,
2026-06-25T17:21:36.692,40.328,rpm,8473.000,91.798,
2026-06-25T17:21:36.693,40.328,torque,8473.000,91.413,
2026-06-25T17:21:36.711,40.344,rpm,8489.000,91.413,
2026-06-25T17:21:36.728,40.360,rpm,8477.000,91.413,
2026-06-25T17:21:36.745,40.375,rpm,8528.000,91.413,
2026-06-25T17:21:36.774,40.406,rpm,8503.000,91.413,
2026-06-25T17:21:36.791,40.422,torque,8503.000,91.582,
2026-06-25T17:21:36.792,40.422,rpm,8510.000,91.582,
2026-06-25T17:21:36.872,40.516,torque,8510.000,92.280,
2026-06-25T17:21:36.885,40.516,rpm,8507.000,92.280,
2026-06-25T17:21:36.942,40.578,rpm,8433.000,92.280,
2026-06-25T17:21:36.943,40.578,rpm,8528.000,92.280,
2026-06-25T17:21:36.944,40.578,torque,8528.000,92.463,
2026-06-25T17:21:36.975,40.610,rpm,8513.000,92.463,
2026-06-25T17:21:37.033,40.672,torque,8513.000,92.499,
2026-06-25T17:21:37.033,40.672,rpm,8496.000,92.499,
2026-06-25T17:21:37.039,40.672,rpm,8465.000,92.499,
2026-06-25T17:21:37.087,40.719,rpm,8479.000,92.499,
2026-06-25T17:21:37.104,40.735,rpm,8510.000,92.499,
2026-06-25T17:21:37.121,40.766,torque,8510.000,92.593,
2026-06-25T17:21:37.136,40.766,rpm,8504.000,92.593,
2026-06-25T17:21:37.179,40.813,rpm,8514.000,92.593,
2026-06-25T17:21:37.195,40.828,rpm,8527.000,92.593,
2026-06-25T17:21:37.210,40.844,rpm,8509.000,92.593,
2026-06-25T17:21:37.210,40.844,torque,8509.000,93.761,
2026-06-25T17:21:37.211,40.844,rpm,8505.000,93.761,
2026-06-25T17:21:37.248,40.891,rpm,8511.000,93.761,
2026-06-25T17:21:37.249,40.891,rpm,8510.000,93.761,
2026-06-25T17:21:37.295,40.938,rpm,8501.000,93.761,
2026-06-25T17:21:37.312,40.953,torque,8501.000,94.017,
2026-06-25T17:21:37.313,40.953,rpm,8515.000,94.017,
2026-06-25T17:21:37.313,40.953,rpm,8520.000,94.017,
2026-06-25T17:21:37.329,40.969,rpm,8505.000,94.017,
2026-06-25T17:21:37.377,41.016,rpm,8511.000,94.017,
2026-06-25T17:21:37.394,41.031,rpm,8481.000,94.017,
2026-06-25T17:21:37.395,41.031,torque,8481.000,93.787,
2026-06-25T17:21:37.412,41.047,rpm,8490.000,93.787,
2026-06-25T17:21:37.430,41.063,rpm,8484.000,93.787,
2026-06-25T17:21:37.459,41.094,rpm,8453.000,93.787,
2026-06-25T17:21:37.478,41.110,rpm,8492.000,93.787,
2026-06-25T17:21:37.478,41.110,torque,8492.000,93.824,
2026-06-25T17:21:37.551,41.188,rpm,8475.000,93.824,
2026-06-25T17:21:37.552,41.188,torque,8475.000,93.600,
2026-06-25T17:21:37.553,41.188,rpm,8507.000,93.600,
2026-06-25T17:21:37.586,41.219,rpm,8505.000,93.600,
2026-06-25T17:21:37.586,41.219,rpm,8487.000,93.600,
2026-06-25T17:21:37.629,41.266,rpm,8513.000,93.600,
2026-06-25T17:21:37.646,41.281,rpm,8504.000,93.600,
2026-06-25T17:21:37.646,41.281,torque,8504.000,92.945,
2026-06-25T17:21:37.662,41.297,rpm,8502.000,92.945,
2026-06-25T17:21:37.663,41.297,rpm,8477.000,92.945,
2026-06-25T17:21:37.709,41.344,rpm,8525.000,92.945,
2026-06-25T17:21:37.736,41.375,rpm,8528.000,92.945,
2026-06-25T17:21:37.736,41.375,torque,8528.000,92.895,
2026-06-25T17:21:37.738,41.375,rpm,8449.000,92.895,
2026-06-25T17:21:37.757,41.391,rpm,8464.000,92.895,
2026-06-25T17:21:37.787,41.422,rpm,8504.000,92.895,
2026-06-25T17:21:37.815,41.453,rpm,8539.000,92.895,
2026-06-25T17:21:37.816,41.453,torque,8539.000,93.231,
2026-06-25T17:21:37.849,41.485,rpm,8515.000,93.231,
2026-06-25T17:21:37.852,41.485,rpm,8504.000,93.231,
2026-06-25T17:21:37.897,41.531,rpm,8518.000,93.231,
2026-06-25T17:21:37.913,41.547,rpm,8498.000,93.231,
2026-06-25T17:21:37.914,41.547,torque,8498.000,93.700,
2026-06-25T17:21:37.930,41.563,rpm,8517.000,93.700,
2026-06-25T17:21:37.974,41.610,rpm,8501.000,93.700,
2026-06-25T17:21:37.989,41.625,rpm,8503.000,93.700,
2026-06-25T17:21:37.990,41.625,torque,8503.000,93.590,
2026-06-25T17:21:38.006,41.641,rpm,8548.000,93.590,
2026-06-25T17:21:38.007,41.641,rpm,8513.000,93.590,
2026-06-25T17:21:38.066,41.703,rpm,8481.000,93.590,
2026-06-25T17:21:38.080,41.719,torque,8481.000,92.568,
2026-06-25T17:21:38.080,41.719,rpm,8489.000,92.568,
2026-06-25T17:21:38.081,41.719,rpm,8481.000,92.568,
2026-06-25T17:21:38.116,41.750,rpm,8512.000,92.568,
2026-06-25T17:21:38.159,41.797,rpm,8519.000,92.568,
2026-06-25T17:21:38.174,41.813,torque,8519.000,92.756,
2026-06-25T17:21:38.174,41.813,rpm,8489.000,92.756,
2026-06-25T17:21:38.176,41.813,rpm,8501.000,92.756,
2026-06-25T17:21:38.194,41.828,rpm,8501.000,92.756,
2026-06-25T17:21:38.241,41.875,rpm,8529.000,92.756,
2026-06-25T17:21:38.254,41.891,rpm,8523.000,92.756,
2026-06-25T17:21:38.254,41.891,torque,8523.000,92.663,
2026-06-25T17:21:38.272,41.906,rpm,8513.000,92.663,
2026-06-25T17:21:38.290,41.922,rpm,8514.000,92.663,
2026-06-25T17:21:38.320,41.953,rpm,8458.000,92.663,
2026-06-25T17:21:38.332,41.969,rpm,8534.000,92.663,
2026-06-25T17:21:38.333,41.969,torque,8534.000,92.294,
2026-06-25T17:21:38.352,41.985,rpm,8475.000,92.294,
2026-06-25T17:21:38.370,42.000,rpm,8506.000,92.294,
2026-06-25T17:21:38.398,42.031,rpm,8512.000,92.294,
2026-06-25T17:21:38.412,42.047,rpm,8538.000,92.294,
2026-06-25T17:21:38.431,42.063,rpm,8465.000,92.294,
2026-06-25T17:21:38.431,42.063,torque,8465.000,92.417,
2026-06-25T17:21:38.449,42.078,rpm,8466.000,92.417,
2026-06-25T17:21:38.522,42.156,torque,8466.000,92.818,
2026-06-25T17:21:38.553,42.188,rpm,8516.000,92.818,
2026-06-25T17:21:38.596,42.235,rpm,8525.000,92.818,
2026-06-25T17:21:38.596,42.235,torque,8525.000,92.648,
2026-06-25T17:21:38.596,42.235,rpm,8487.000,92.648,
2026-06-25T17:21:38.629,42.266,rpm,8494.000,92.648,
2026-06-25T17:21:38.630,42.266,rpm,8545.000,92.648,
2026-06-25T17:21:38.686,42.328,torque,8545.000,93.451,
2026-06-25T17:21:38.686,42.328,rpm,8521.000,93.451,
2026-06-25T17:21:38.688,42.328,rpm,8445.000,93.451,
2026-06-25T17:21:38.751,42.391,rpm,8471.000,93.451,
2026-06-25T17:21:38.751,42.391,rpm,8567.000,93.451,
2026-06-25T17:21:38.751,42.391,torque,8567.000,94.025,
2026-06-25T17:21:38.783,42.422,rpm,8491.000,94.025,
2026-06-25T17:21:38.814,42.453,rpm,8494.000,94.025,
2026-06-25T17:21:38.814,42.453,rpm,8504.000,94.025,
2026-06-25T17:21:38.860,42.500,torque,8504.000,94.314,
2026-06-25T17:21:38.876,42.516,rpm,8510.000,94.314,
2026-06-25T17:21:38.908,42.547,rpm,8494.000,94.314,
2026-06-25T17:21:38.909,42.547,rpm,8490.000,94.314,
2026-06-25T17:21:38.940,42.578,rpm,8447.000,94.314,
2026-06-25T17:21:38.940,42.578,torque,8447.000,94.707,
2026-06-25T17:21:38.973,42.610,rpm,8477.000,94.707,
2026-06-25T17:21:38.974,42.610,rpm,8456.000,94.707,
2026-06-25T17:21:39.020,42.656,rpm,8460.000,94.707,
2026-06-25T17:21:39.037,42.672,rpm,8535.000,94.707,
2026-06-25T17:21:39.037,42.672,torque,8535.000,93.928,
2026-06-25T17:21:39.053,42.688,rpm,8506.000,93.928,
2026-06-25T17:21:39.054,42.688,rpm,8514.000,93.928,
2026-06-25T17:21:39.099,42.735,rpm,8517.000,93.928,
2026-06-25T17:21:39.117,42.750,rpm,8507.000,93.928,
2026-06-25T17:21:39.117,42.750,torque,8507.000,93.843,
2026-06-25T17:21:39.133,42.766,rpm,8503.000,93.843,
2026-06-25T17:21:39.178,42.813,rpm,8512.000,93.843,
2026-06-25T17:21:39.195,42.828,rpm,8444.000,93.843,
2026-06-25T17:21:39.210,42.844,torque,8444.000,94.870,
2026-06-25T17:21:39.210,42.844,rpm,8531.000,94.870,
2026-06-25T17:21:39.211,42.844,rpm,8485.000,94.870,
2026-06-25T17:21:39.245,42.875,rpm,8455.000,94.870,
2026-06-25T17:21:39.290,42.922,rpm,8520.000,94.870,
2026-06-25T17:21:39.290,42.922,rpm,8542.000,94.870,
2026-06-25T17:21:39.307,42.938,torque,8542.000,93.996,
2026-06-25T17:21:39.308,42.938,rpm,8505.000,93.996,
2026-06-25T17:21:39.324,42.953,rpm,8470.000,93.996,
2026-06-25T17:21:39.369,43.000,rpm,8478.000,93.996,
2026-06-25T17:21:39.387,43.031,rpm,8482.000,93.996,
2026-06-25T17:21:39.387,43.031,torque,8482.000,93.606,
2026-06-25T17:21:39.403,43.047,rpm,8477.000,93.606,
2026-06-25T17:21:39.408,43.047,rpm,8457.000,93.606,
2026-06-25T17:21:39.452,43.094,rpm,8477.000,93.606,
2026-06-25T17:21:39.468,43.110,rpm,8460.000,93.606,
2026-06-25T17:21:39.469,43.110,torque,8460.000,95.097,
2026-06-25T17:21:39.469,43.110,rpm,8518.000,95.097,
2026-06-25T17:21:39.487,43.125,rpm,8537.000,95.097,
2026-06-25T17:21:39.523,43.156,rpm,8502.000,95.097,
2026-06-25T17:21:39.551,43.188,rpm,8522.000,95.097,
2026-06-25T17:21:39.552,43.188,torque,8522.000,95.189,
2026-06-25T17:21:39.552,43.188,rpm,8605.000,95.189,
2026-06-25T17:21:39.570,43.203,rpm,8762.000,95.189,
2026-06-25T17:21:39.619,43.250,rpm,9104.000,95.189,
2026-06-25T17:21:39.638,43.281,rpm,9359.000,95.189,
2026-06-25T17:21:39.638,43.281,rpm,9324.000,95.189,
2026-06-25T17:21:39.638,43.281,torque,9324.000,94.494,
2026-06-25T17:21:39.657,43.297,rpm,9763.000,94.494,
2026-06-25T17:21:39.657,43.297,rpm,9923.000,94.494,
2026-06-25T17:21:39.710,43.344,rpm,10171.000,94.494,
2026-06-25T17:21:39.723,43.360,torque,10171.000,94.583,
2026-06-25T17:21:39.723,43.360,rpm,10392.000,94.583,
2026-06-25T17:21:39.741,43.375,rpm,10565.000,94.583,
2026-06-25T17:21:39.786,43.422,rpm,10776.000,94.583,
2026-06-25T17:21:39.799,43.438,rpm,10868.000,94.583,
2026-06-25T17:21:39.817,43.453,rpm,10946.000,94.583,
2026-06-25T17:21:39.818,43.453,torque,10946.000,92.752,
2026-06-25T17:21:39.850,43.485,rpm,11113.000,92.752,
2026-06-25T17:21:39.851,43.485,rpm,11138.000,92.752,
2026-06-25T17:21:39.879,43.516,rpm,11146.000,92.752,
2026-06-25T17:21:39.880,43.516,torque,11146.000,87.928,
2026-06-25T17:21:39.912,43.547,rpm,11223.000,87.928,
2026-06-25T17:21:39.913,43.547,rpm,11225.000,87.928,
2026-06-25T17:21:39.956,43.594,rpm,11183.000,87.928,
2026-06-25T17:21:39.973,43.610,rpm,11214.000,87.928,
2026-06-25T17:21:39.989,43.625,torque,11214.000,81.137,
2026-06-25T17:21:39.989,43.625,rpm,11267.000,81.137,
2026-06-25T17:21:40.024,43.656,rpm,11277.000,81.137,
2026-06-25T17:21:40.039,43.672,rpm,11200.000,81.137,
2026-06-25T17:21:40.081,43.719,torque,11200.000,72.315,
2026-06-25T17:21:40.081,43.719,rpm,11199.000,72.315,
2026-06-25T17:21:40.101,43.735,rpm,11246.000,72.315,
2026-06-25T17:21:40.129,43.766,rpm,11205.000,72.315,
2026-06-25T17:21:40.156,43.797,rpm,11085.000,72.315,
2026-06-25T17:21:40.171,43.813,torque,11085.000,67.461,
2026-06-25T17:21:40.171,43.813,rpm,11159.000,67.461,
2026-06-25T17:21:40.186,43.828,rpm,11078.000,67.461,
2026-06-25T17:21:40.187,43.828,rpm,11043.000,67.461,
2026-06-25T17:21:40.241,43.875,rpm,11016.000,67.461,
2026-06-25T17:21:40.241,43.875,torque,11016.000,67.280,
2026-06-25T17:21:40.255,43.891,rpm,11044.000,67.280,
2026-06-25T17:21:40.256,43.891,rpm,10981.000,67.280,
2026-06-25T17:21:40.298,43.938,rpm,10983.000,67.280,
2026-06-25T17:21:40.311,43.953,rpm,10926.000,67.280,
2026-06-25T17:21:40.328,43.969,rpm,10937.000,67.280,
2026-06-25T17:21:40.328,43.969,torque,10937.000,67.755,
2026-06-25T17:21:40.359,44.000,rpm,10898.000,67.755,
2026-06-25T17:21:40.386,44.016,rpm,10788.000,67.755,
2026-06-25T17:21:40.387,44.031,rpm,10811.000,67.755,
2026-06-25T17:21:40.417,44.047,torque,10811.000,66.243,
2026-06-25T17:21:40.419,44.063,rpm,10712.000,66.243,
2026-06-25T17:21:40.477,44.110,rpm,10767.000,66.243,
2026-06-25T17:21:40.478,44.110,rpm,10659.000,66.243,
2026-06-25T17:21:40.496,44.125,rpm,10711.000,66.243,
2026-06-25T17:21:40.512,44.156,torque,10711.000,64.573,
2026-06-25T17:21:40.527,44.172,rpm,10657.000,64.573,
2026-06-25T17:21:40.528,44.172,rpm,10561.000,64.573,
2026-06-25T17:21:40.585,44.219,rpm,10647.000,64.573,
2026-06-25T17:21:40.585,44.219,rpm,10587.000,64.573,
2026-06-25T17:21:40.600,44.235,torque,10587.000,63.952,
2026-06-25T17:21:40.601,44.235,rpm,10586.000,63.952,
2026-06-25T17:21:40.633,44.266,rpm,10536.000,63.952,
2026-06-25T17:21:40.647,44.281,rpm,10527.000,63.952,
2026-06-25T17:21:40.690,44.328,torque,10527.000,63.489,
2026-06-25T17:21:40.690,44.328,rpm,10524.000,63.489,
2026-06-25T17:21:40.691,44.328,rpm,10489.000,63.489,
2026-06-25T17:21:40.704,44.344,rpm,10413.000,63.489,
2026-06-25T17:21:40.733,44.375,rpm,10414.000,63.489,
2026-06-25T17:21:40.748,44.391,rpm,10395.000,63.489,
2026-06-25T17:21:40.776,44.406,torque,10395.000,62.246,
2026-06-25T17:21:40.776,44.406,rpm,10425.000,62.246,
2026-06-25T17:21:40.791,44.422,rpm,10361.000,62.246,
2026-06-25T17:21:40.803,44.438,rpm,10400.000,62.246,
2026-06-25T17:21:40.843,44.485,rpm,10343.000,62.246,
2026-06-25T17:21:40.854,44.485,torque,10343.000,60.889,
2026-06-25T17:21:40.854,44.485,rpm,10365.000,60.889,
2026-06-25T17:21:40.857,44.500,rpm,10388.000,60.889,
2026-06-25T17:21:40.901,44.531,rpm,10282.000,60.889,
2026-06-25T17:21:40.929,44.563,rpm,10299.000,60.889,
2026-06-25T17:21:40.930,44.563,torque,10299.000,59.128,
2026-06-25T17:21:40.961,44.594,rpm,10220.000,59.128,
2026-06-25T17:21:40.978,44.610,rpm,10256.000,59.128,
2026-06-25T17:21:41.004,44.641,rpm,10263.000,59.128,
2026-06-25T17:21:41.020,44.656,rpm,10214.000,59.128,
2026-06-25T17:21:41.034,44.672,torque,10214.000,58.523,
2026-06-25T17:21:41.035,44.672,rpm,10212.000,58.523,
2026-06-25T17:21:41.037,44.672,rpm,10201.000,58.523,
2026-06-25T17:21:41.080,44.719,rpm,10218.000,58.523,
2026-06-25T17:21:41.107,44.750,rpm,10124.000,58.523,
2026-06-25T17:21:41.107,44.750,torque,10124.000,57.523,
2026-06-25T17:21:41.123,44.766,rpm,10174.000,57.523,
2026-06-25T17:21:41.176,44.813,rpm,10131.000,57.523,
2026-06-25T17:21:41.190,44.828,rpm,10132.000,57.523,
2026-06-25T17:21:41.208,44.844,torque,10132.000,57.825,
2026-06-25T17:21:41.209,44.844,rpm,10109.000,57.825,
2026-06-25T17:21:41.264,44.906,rpm,10082.000,57.825,
2026-06-25T17:21:41.276,44.906,rpm,10085.000,57.825,
2026-06-25T17:21:41.277,44.906,torque,10085.000,57.514,
2026-06-25T17:21:41.277,44.906,rpm,10019.000,57.514,
2026-06-25T17:21:41.311,44.953,rpm,10065.000,57.514,
2026-06-25T17:21:41.327,44.969,rpm,10002.000,57.514,
2026-06-25T17:21:41.366,45.000,rpm,9975.000,57.514,
2026-06-25T17:21:41.367,45.000,rpm,10053.000,57.514,
2026-06-25T17:21:41.367,45.000,torque,10053.000,57.356,
2026-06-25T17:21:41.380,45.016,rpm,9971.000,57.356,
2026-06-25T17:21:41.436,45.078,rpm,9977.000,57.356,
2026-06-25T17:21:41.450,45.094,torque,9977.000,57.059,
2026-06-25T17:21:41.450,45.094,rpm,9976.000,57.059,
2026-06-25T17:21:41.451,45.094,rpm,9924.000,57.059,
2026-06-25T17:21:41.506,45.141,rpm,9909.000,57.059,
2026-06-25T17:21:41.506,45.141,rpm,9971.000,57.059,
2026-06-25T17:21:41.534,45.172,rpm,9882.000,57.059,
2026-06-25T17:21:41.536,45.172,torque,9882.000,57.169,
2026-06-25T17:21:41.536,45.172,rpm,9884.000,57.169,
2026-06-25T17:21:41.568,45.203,rpm,9880.000,57.169,
2026-06-25T17:21:41.596,45.235,rpm,9841.000,57.169,
2026-06-25T17:21:41.596,45.235,rpm,9901.000,57.169,
2026-06-25T17:21:41.623,45.266,rpm,9835.000,57.169,
2026-06-25T17:21:41.624,45.266,torque,9835.000,57.062,
2026-06-25T17:21:41.654,45.297,rpm,9889.000,57.062,
2026-06-25T17:21:41.654,45.297,rpm,9829.000,57.062,
2026-06-25T17:21:41.694,45.328,rpm,9863.000,57.062,
2026-06-25T17:21:41.726,45.360,torque,9863.000,57.971,
2026-06-25T17:21:41.727,45.360,rpm,9839.000,57.971,
2026-06-25T17:21:41.740,45.375,rpm,9843.000,57.971,
2026-06-25T17:21:41.742,45.375,rpm,9837.000,57.971,
2026-06-25T17:21:41.784,45.422,rpm,9843.000,57.971,
2026-06-25T17:21:41.796,45.438,rpm,9773.000,57.971,
2026-06-25T17:21:41.812,45.453,torque,9773.000,59.186,
2026-06-25T17:21:41.813,45.453,rpm,9775.000,59.186,
2026-06-25T17:21:41.826,45.469,rpm,9837.000,59.186,
2026-06-25T17:21:41.844,45.485,rpm,9822.000,59.186,
2026-06-25T17:21:41.889,45.531,rpm,9780.000,59.186,
2026-06-25T17:21:41.890,45.531,rpm,9805.000,59.186,
2026-06-25T17:21:41.890,45.531,torque,9805.000,59.729,
2026-06-25T17:21:41.911,45.547,rpm,9780.000,59.729,
2026-06-25T17:21:41.911,45.547,rpm,9754.000,59.729,
2026-06-25T17:21:41.981,45.625,rpm,9780.000,59.729,
2026-06-25T17:21:41.981,45.625,rpm,9731.000,59.729,
2026-06-25T17:21:41.981,45.625,torque,9731.000,59.880,
2026-06-25T17:21:41.999,45.641,rpm,9707.000,59.880,
2026-06-25T17:21:42.031,45.672,rpm,9752.000,59.880,
2026-06-25T17:21:42.031,45.672,rpm,9703.000,59.880,
2026-06-25T17:21:42.059,45.703,torque,9703.000,60.083,
2026-06-25T17:21:42.078,45.719,rpm,9670.000,60.083,
2026-06-25T17:21:42.091,45.735,rpm,9694.000,60.083,
2026-06-25T17:21:42.091,45.735,rpm,9735.000,60.083,
2026-06-25T17:21:42.120,45.750,rpm,9742.000,60.083,
2026-06-25T17:21:42.154,45.797,torque,9742.000,60.129,
2026-06-25T17:21:42.168,45.797,rpm,9722.000,60.129,
2026-06-25T17:21:42.168,45.797,rpm,9674.000,60.129,
2026-06-25T17:21:42.210,45.844,rpm,9711.000,60.129,
2026-06-25T17:21:42.225,45.860,rpm,9711.000,60.129,
2026-06-25T17:21:42.225,45.860,torque,9711.000,60.299,
2026-06-25T17:21:42.271,45.906,rpm,9718.000,60.299,
2026-06-25T17:21:42.299,45.938,rpm,9658.000,60.299,
2026-06-25T17:21:42.315,45.953,rpm,9644.000,60.299,
2026-06-25T17:21:42.330,45.969,rpm,9691.000,60.299,
2026-06-25T17:21:42.331,45.969,torque,9691.000,60.386,
2026-06-25T17:21:42.331,45.969,rpm,9677.000,60.386,
2026-06-25T17:21:42.360,46.000,rpm,9701.000,60.386,
2026-06-25T17:21:42.403,46.047,rpm,9677.000,60.386,
2026-06-25T17:21:42.420,46.063,rpm,9678.000,60.386,
2026-06-25T17:21:42.422,46.063,torque,9678.000,60.279,
2026-06-25T17:21:42.435,46.078,rpm,9594.000,60.279,
2026-06-25T17:21:42.435,46.078,rpm,9616.000,60.279,
2026-06-25T17:21:42.493,46.125,rpm,9675.000,60.279,
2026-06-25T17:21:42.494,46.125,rpm,9619.000,60.279,
2026-06-25T17:21:42.494,46.125,torque,9619.000,60.252,
2026-06-25T17:21:42.496,46.125,rpm,9664.000,60.252,
2026-06-25T17:21:42.556,46.188,rpm,9596.000,60.252,
2026-06-25T17:21:42.572,46.203,rpm,9628.000,60.252,
2026-06-25T17:21:42.573,46.203,rpm,9645.000,60.252,
2026-06-25T17:21:42.586,46.219,torque,9645.000,60.219,
2026-06-25T17:21:42.586,46.219,rpm,9589.000,60.219,
2026-06-25T17:21:42.618,46.250,rpm,9605.000,60.219,
2026-06-25T17:21:42.645,46.281,rpm,9607.000,60.219,
2026-06-25T17:21:42.674,46.313,torque,9607.000,60.479,
2026-06-25T17:21:42.674,46.313,rpm,9612.000,60.479,
2026-06-25T17:21:42.674,46.313,rpm,9631.000,60.479,
2026-06-25T17:21:42.689,46.328,rpm,9585.000,60.479,
2026-06-25T17:21:42.729,46.360,rpm,9656.000,60.479,
2026-06-25T17:21:42.761,46.391,rpm,9604.000,60.479,
2026-06-25T17:21:42.761,46.391,torque,9604.000,60.665,
2026-06-25T17:21:42.777,46.406,rpm,9606.000,60.665,
2026-06-25T17:21:42.808,46.438,rpm,9603.000,60.665,
2026-06-25T17:21:42.823,46.453,rpm,9649.000,60.665,
2026-06-25T17:21:42.837,46.469,rpm,9635.000,60.665,
2026-06-25T17:21:42.849,46.485,torque,9635.000,60.568,
2026-06-25T17:21:42.881,46.516,rpm,9584.000,60.568,
2026-06-25T17:21:42.894,46.531,rpm,9606.000,60.568,
2026-06-25T17:21:42.907,46.547,rpm,9611.000,60.568,
2026-06-25T17:21:42.907,46.547,rpm,9551.000,60.568,
2026-06-25T17:21:42.940,46.578,torque,9551.000,60.651,
2026-06-25T17:21:42.942,46.578,rpm,9603.000,60.651,
2026-06-25T17:21:42.997,46.641,rpm,9576.000,60.651,
2026-06-25T17:21:42.997,46.641,rpm,9599.000,60.651,
2026-06-25T17:21:43.013,46.656,rpm,9601.000,60.651,
2026-06-25T17:21:43.013,46.656,torque,9601.000,60.746,
2026-06-25T17:21:43.044,46.688,rpm,9594.000,60.746,
2026-06-25T17:21:43.044,46.688,rpm,9560.000,60.746,
2026-06-25T17:21:43.083,46.719,rpm,9607.000,60.746,
2026-06-25T17:21:43.099,46.735,torque,9607.000,61.037,
2026-06-25T17:21:43.099,46.735,rpm,9547.000,61.037,
2026-06-25T17:21:43.141,46.781,rpm,9446.000,61.037,
2026-06-25T17:21:43.168,46.797,rpm,9546.000,61.037,
2026-06-25T17:21:43.168,46.797,rpm,9601.000,61.037,
2026-06-25T17:21:43.182,46.813,torque,9601.000,61.182,
2026-06-25T17:21:43.182,46.813,rpm,9606.000,61.182,
2026-06-25T17:21:43.212,46.844,rpm,9615.000,61.182,
2026-06-25T17:21:43.253,46.891,rpm,9597.000,61.182,
2026-06-25T17:21:43.267,46.906,rpm,9592.000,61.182,
2026-06-25T17:21:43.267,46.906,rpm,9547.000,61.182,
2026-06-25T17:21:43.268,46.906,torque,9547.000,61.231,
2026-06-25T17:21:43.345,46.985,rpm,9545.000,61.231,
2026-06-25T17:21:43.347,46.985,rpm,9570.000,61.231,
2026-06-25T17:21:43.347,46.985,torque,9570.000,61.195,
2026-06-25T17:21:43.407,47.047,rpm,9589.000,61.195,
2026-06-25T17:21:43.408,47.047,rpm,9610.000,61.195,
2026-06-25T17:21:43.437,47.078,rpm,9539.000,61.195,
2026-06-25T17:21:43.450,47.094,torque,9539.000,60.927,
2026-06-25T17:21:43.451,47.094,rpm,9603.000,60.927,
2026-06-25T17:21:43.527,47.156,rpm,9521.000,60.927,
2026-06-25T17:21:43.527,47.156,rpm,9532.000,60.927,
2026-06-25T17:21:43.528,47.156,torque,9532.000,60.539,
2026-06-25T17:21:43.533,47.172,rpm,9564.000,60.539,
2026-06-25T17:21:43.573,47.203,rpm,9595.000,60.539,
2026-06-25T17:21:43.586,47.219,rpm,9529.000,60.539,
2026-06-25T17:21:43.599,47.235,rpm,9529.000,60.539,
2026-06-25T17:21:43.628,47.266,torque,9529.000,60.692,
2026-06-25T17:21:43.628,47.266,rpm,9555.000,60.692,
2026-06-25T17:21:43.659,47.297,rpm,9598.000,60.692,
2026-06-25T17:21:43.660,47.297,rpm,9533.000,60.692,
2026-06-25T17:21:43.700,47.344,rpm,9467.000,60.692,
2026-06-25T17:21:43.714,47.344,rpm,9159.000,60.692,
2026-06-25T17:21:43.714,47.344,torque,9159.000,61.233,
2026-06-25T17:21:43.745,47.375,rpm,8438.000,61.233,
2026-06-25T17:21:43.746,47.375,rpm,8152.000,61.233,
2026-06-25T17:21:43.774,47.406,rpm,7444.000,61.233,
2026-06-25T17:21:43.801,47.438,torque,7444.000,57.125,
2026-06-25T17:21:43.801,47.438,rpm,6904.000,57.125,
2026-06-25T17:21:43.801,47.438,rpm,6938.000,57.125,
2026-06-25T17:21:43.833,47.469,rpm,6050.000,57.125,
2026-06-25T17:21:43.861,47.500,rpm,6074.000,57.125,
2026-06-25T17:21:43.886,47.516,rpm,5577.000,57.125,
2026-06-25T17:21:43.887,47.531,torque,5577.000,33.270,
2026-06-25T17:21:43.943,47.578,rpm,4940.000,33.270,
2026-06-25T17:21:43.957,47.594,rpm,4325.000,33.270,
2026-06-25T17:21:43.957,47.594,rpm,4349.000,33.270,
2026-06-25T17:21:43.957,47.594,torque,4349.000,5.847,
2026-06-25T17:21:43.988,47.625,rpm,3878.000,5.847,
2026-06-25T17:21:44.031,47.672,rpm,3541.000,5.847,
2026-06-25T17:21:44.031,47.672,rpm,3518.000,5.847,
2026-06-25T17:21:44.049,47.688,rpm,3158.000,5.847,
2026-06-25T17:21:44.064,47.703,torque,3158.000,0.467,
2026-06-25T17:21:44.065,47.703,rpm,2810.000,0.467,
2026-06-25T17:21:44.112,47.750,rpm,2419.000,0.467,
2026-06-25T17:21:44.140,47.781,rpm,2231.000,0.467,
2026-06-25T17:21:44.154,47.797,torque,2231.000,1.596,
2026-06-25T17:21:44.155,47.797,rpm,2021.000,1.596,
2026-06-25T17:21:44.170,47.813,rpm,1824.000,1.596,
2026-06-25T17:21:44.227,47.860,torque,1824.000,1.424,
2026-06-25T17:21:44.255,47.891,rpm,1167.000,1.424,
2026-06-25T17:21:44.297,47.938,rpm,730.000,1.424,
2026-06-25T17:21:44.297,47.938,rpm,709.000,1.424,
2026-06-25T17:21:44.301,47.938,torque,709.000,0.736,
2026-06-25T17:21:44.350,47.985,rpm,326.000,0.736,
2026-06-25T17:21:44.353,47.985,rpm,157.000,0.736,
2026-06-25T17:21:44.377,48.016,rpm,113.000,0.736,
2026-06-25T17:21:44.399,48.031,torque,113.000,1.664,
2026-06-25T17:21:44.400,48.031,rpm,97.000,1.664,
2026-06-25T17:21:44.413,48.047,rpm,87.000,1.664,
2026-06-25T17:21:44.463,48.094,rpm,63.000,1.664,
2026-06-25T17:21:44.473,48.110,rpm,59.000,1.664,
2026-06-25T17:21:44.474,48.110,rpm,55.000,1.664,
2026-06-25T17:21:44.474,48.110,torque,55.000,0.961,
2026-06-25T17:21:44.522,48.156,rpm,46.000,0.961,
2026-06-25T17:21:44.534,48.172,rpm,39.000,0.961,
2026-06-25T17:21:44.535,48.172,rpm,39.000,0.961,
2026-06-25T17:21:44.565,48.203,torque,39.000,0.887,
2026-06-25T17:21:44.595,48.235,rpm,32.000,0.887,
2026-06-25T17:21:44.595,48.235,rpm,32.000,0.887,
2026-06-25T17:21:44.625,48.266,rpm,28.000,0.887,
2026-06-25T17:21:44.639,48.281,rpm,28.000,0.887,
2026-06-25T17:21:44.651,48.281,torque,28.000,1.089,
2026-06-25T17:21:44.651,48.281,rpm,26.000,1.089,
2026-06-25T17:21:44.694,48.328,rpm,24.000,1.089,
2026-06-25T17:21:44.722,48.360,rpm,23.000,1.089,
2026-06-25T17:21:44.757,48.391,rpm,21.000,1.089,
2026-06-25T17:21:44.757,48.391,torque,21.000,1.078,
2026-06-25T17:21:44.757,48.391,rpm,21.000,1.078,
2026-06-25T17:21:44.800,48.438,rpm,19.000,1.078,
2026-06-25T17:21:44.822,48.453,rpm,19.000,1.078,
2026-06-25T17:21:44.823,48.453,rpm,18.000,1.078,
2026-06-25T17:21:44.824,48.453,torque,18.000,0.990,
2026-06-25T17:21:44.854,48.485,rpm,17.000,0.990,
2026-06-25T17:21:44.881,48.516,rpm,16.000,0.990,
2026-06-25T17:21:44.881,48.516,rpm,16.000,0.990,
2026-06-25T17:21:44.911,48.547,rpm,15.000,0.990,
2026-06-25T17:21:44.912,48.547,torque,15.000,0.951,
2026-06-25T17:21:44.912,48.547,rpm,15.000,0.951,
2026-06-25T17:21:44.988,48.625,rpm,14.000,0.951,
2026-06-25T17:21:45.015,48.656,torque,14.000,1.218,
2026-06-25T17:21:45.016,48.656,rpm,13.000,1.218,
2026-06-25T17:21:45.018,48.656,rpm,13.000,1.218,
2026-06-25T17:21:45.069,48.703,rpm,12.000,1.218,
2026-06-25T17:21:45.070,48.703,rpm,12.000,1.218,
2026-06-25T17:21:45.095,48.735,torque,12.000,1.392,
2026-06-25T17:21:45.106,48.750,rpm,11.000,1.392,
2026-06-25T17:21:45.134,48.766,rpm,11.000,1.392,
2026-06-25T17:21:45.134,48.766,rpm,11.000,1.392,
2026-06-25T17:21:45.172,48.813,rpm,10.000,1.392,
2026-06-25T17:21:45.182,48.813,torque,10.000,1.615,
2026-06-25T17:21:45.184,48.813,rpm,10.000,1.615,
2026-06-25T17:21:45.223,48.860,rpm,10.000,1.615,
2026-06-25T17:21:45.238,48.875,rpm,10.000,1.615,
2026-06-25T17:21:45.238,48.875,rpm,10.000,1.615,
2026-06-25T17:21:45.260,48.891,torque,10.000,1.387,
2026-06-25T17:21:45.285,48.922,rpm,9.000,1.387,
2026-06-25T17:21:45.314,48.953,rpm,9.000,1.387,
2026-06-25T17:21:45.314,48.953,rpm,9.000,1.387,
2026-06-25T17:21:45.361,49.000,torque,9.000,1.613,
2026-06-25T17:21:45.361,49.000,rpm,8.000,1.613,
2026-06-25T17:21:45.362,49.000,rpm,8.000,1.613,
2026-06-25T17:21:45.400,49.031,rpm,8.000,1.613,
2026-06-25T17:21:45.422,49.063,rpm,8.000,1.613,
2026-06-25T17:21:45.432,49.063,rpm,8.000,1.613,
2026-06-25T17:21:45.432,49.063,torque,8.000,1.547,
2026-06-25T17:21:45.455,49.094,rpm,8.000,1.547,
2026-06-25T17:21:45.494,49.125,rpm,8.000,1.547,
2026-06-25T17:21:45.507,49.141,rpm,8.000,1.547,
2026-06-25T17:21:45.519,49.156,rpm,7.000,1.547,
2026-06-25T17:21:45.519,49.156,torque,7.000,1.545,
2026-06-25T17:21:45.544,49.188,rpm,7.000,1.545,
2026-06-25T17:21:45.545,49.188,rpm,7.000,1.545,
2026-06-25T17:21:45.583,49.219,rpm,7.000,1.545,
2026-06-25T17:21:45.595,49.235,rpm,7.000,1.545,
2026-06-25T17:21:45.595,49.235,rpm,7.000,1.545,
2026-06-25T17:21:45.620,49.250,torque,7.000,1.260,
2026-06-25T17:21:45.634,49.266,rpm,7.000,1.260,
2026-06-25T17:21:45.693,49.328,rpm,6.000,1.260,
2026-06-25T17:21:45.693,49.328,rpm,6.000,1.260,
2026-06-25T17:21:45.694,49.328,torque,6.000,1.408,
2026-06-25T17:21:45.713,49.344,rpm,6.000,1.408,
2026-06-25T17:21:45.762,49.406,rpm,6.000,1.408,
2026-06-25T17:21:45.771,49.406,torque,6.000,1.704,
2026-06-25T17:21:45.777,49.406,rpm,6.000,1.704,
2026-06-25T17:21:45.823,49.453,rpm,6.000,1.704,
2026-06-25T17:21:45.848,49.485,rpm,6.000,1.704,
2026-06-25T17:21:45.859,49.500,torque,6.000,1.653,
2026-06-25T17:21:45.859,49.500,rpm,6.000,1.653,
2026-06-25T17:21:45.872,49.516,rpm,6.000,1.653,
2026-06-25T17:21:45.927,49.563,rpm,5.000,1.653,
2026-06-25T17:21:45.955,49.594,torque,5.000,1.878,
2026-06-25T17:21:45.990,49.625,rpm,5.000,1.878,
2026-06-25T17:21:46.025,49.656,rpm,5.000,1.878,
2026-06-25T17:21:46.032,49.672,torque,5.000,1.813,
2026-06-25T17:21:46.037,49.672,rpm,5.000,1.813,
2026-06-25T17:21:46.082,49.719,rpm,5.000,1.813,
2026-06-25T17:21:46.083,49.719,rpm,5.000,1.813,
2026-06-25T17:21:46.106,49.735,rpm,5.000,1.813,
2026-06-25T17:21:46.130,49.766,torque,5.000,1.768,
2026-06-25T17:21:46.131,49.766,rpm,5.000,1.768,
2026-06-25T17:21:46.131,49.766,rpm,5.000,1.768,
2026-06-25T17:21:46.202,49.844,rpm,5.000,1.768,
2026-06-25T17:21:46.203,49.844,rpm,5.000,1.768,
2026-06-25T17:21:46.217,49.860,rpm,4.000,1.768,
2026-06-25T17:21:46.228,49.860,torque,4.000,2.005,
2026-06-25T17:21:46.231,49.875,rpm,4.000,2.005,
2026-06-25T17:21:46.283,49.922,rpm,4.000,2.005,
2026-06-25T17:21:46.294,49.938,rpm,4.000,2.005,
2026-06-25T17:21:46.294,49.938,torque,4.000,1.877,
2026-06-25T17:21:46.301,49.938,rpm,4.000,1.877,
2026-06-25T17:21:46.350,49.985,rpm,4.000,1.877,
2026-06-25T17:21:46.361,50.000,rpm,4.000,1.877,
2026-06-25T17:21:46.386,50.016,torque,4.000,1.949,
2026-06-25T17:21:46.387,50.016,rpm,4.000,1.949,
2026-06-25T17:21:46.387,50.016,rpm,4.000,1.949,
2026-06-25T17:21:46.434,50.078,rpm,4.000,1.949,
2026-06-25T17:21:46.436,50.078,rpm,4.000,1.949,
2026-06-25T17:21:46.463,50.094,rpm,4.000,1.949,
2026-06-25T17:21:46.473,50.110,torque,4.000,1.821,
2026-06-25T17:21:46.473,50.110,rpm,4.000,1.821,
2026-06-25T17:21:46.511,50.141,rpm,4.000,1.821,
2026-06-25T17:21:46.545,50.188,rpm,4.000,1.821,
2026-06-25T17:21:46.555,50.188,rpm,4.000,1.821,
2026-06-25T17:21:46.556,50.188,rpm,4.000,1.821,
2026-06-25T17:21:46.556,50.188,torque,4.000,1.757,
2026-06-25T17:21:46.605,50.235,rpm,4.000,1.757,
2026-06-25T17:21:46.615,50.250,rpm,4.000,1.757,
2026-06-25T17:21:46.643,50.281,torque,4.000,1.979,
2026-06-25T17:21:46.643,50.281,rpm,4.000,1.979,
2026-06-25T17:21:46.646,50.281,rpm,4.000,1.979,
2026-06-25T17:21:46.687,50.328,rpm,4.000,1.979,
2026-06-25T17:21:46.716,50.360,rpm,3.000,1.979,
2026-06-25T17:21:46.725,50.360,torque,3.000,1.700,
2026-06-25T17:21:46.776,50.406,rpm,3.000,1.700,
2026-06-25T17:21:46.776,50.406,rpm,3.000,1.700,
2026-06-25T17:21:46.777,50.406,rpm,3.000,1.700,
2026-06-25T17:21:46.820,50.453,torque,3.000,1.701,
2026-06-25T17:21:46.820,50.453,rpm,3.000,1.701,
2026-06-25T17:21:46.821,50.453,rpm,3.000,1.701,
2026-06-25T17:21:46.878,50.516,rpm,3.000,1.701,
2026-06-25T17:21:46.878,50.516,rpm,3.000,1.701,
2026-06-25T17:21:46.902,50.531,torque,3.000,1.640,
2026-06-25T17:21:46.902,50.531,rpm,3.000,1.640,
2026-06-25T17:21:46.953,50.594,rpm,3.000,1.640,
2026-06-25T17:21:46.953,50.594,rpm,3.000,1.640,
2026-06-25T17:21:46.977,50.610,rpm,3.000,1.640,
2026-06-25T17:21:46.986,50.625,torque,3.000,1.686,
2026-06-25T17:21:46.990,50.625,rpm,3.000,1.686,
2026-06-25T17:21:47.028,50.656,rpm,3.000,1.686,
2026-06-25T17:21:47.068,50.703,rpm,3.000,1.686,
2026-06-25T17:21:47.068,50.703,rpm,3.000,1.686,
2026-06-25T17:21:47.083,50.719,torque,3.000,1.904,
2026-06-25T17:21:47.130,50.766,rpm,3.000,1.904,
2026-06-25T17:21:47.163,50.797,torque,3.000,2.028,
2026-06-25T17:21:47.165,50.797,rpm,3.000,2.028,
2026-06-25T17:21:47.217,50.860,rpm,3.000,2.028,
2026-06-25T17:21:47.218,50.860,rpm,3.000,2.028,
2026-06-25T17:21:47.241,50.875,rpm,3.000,2.028,
2026-06-25T17:21:47.245,50.875,torque,3.000,1.915,
2026-06-25T17:21:47.277,50.906,rpm,3.000,1.915,
2026-06-25T17:21:47.296,50.938,rpm,3.000,1.915,
2026-06-25T17:21:47.317,50.953,rpm,3.000,1.915,
2026-06-25T17:21:47.329,50.969,rpm,3.000,1.915,
2026-06-25T17:21:47.339,50.969,torque,3.000,1.917,
2026-06-25T17:21:47.339,50.969,rpm,3.000,1.917,
2026-06-25T17:21:47.364,51.000,rpm,3.000,1.917,
2026-06-25T17:21:47.401,51.031,rpm,3.000,1.917,
2026-06-25T17:21:47.412,51.047,rpm,3.000,1.917,
2026-06-25T17:21:47.423,51.063,torque,3.000,1.880,
2026-06-25T17:21:47.423,51.063,rpm,3.000,1.880,
2026-06-25T17:21:47.448,51.078,rpm,3.000,1.880,
2026-06-25T17:21:47.484,51.125,rpm,3.000,1.880,
2026-06-25T17:21:47.505,51.141,rpm,2.000,1.880,
2026-06-25T17:21:47.505,51.141,rpm,2.000,1.880,
2026-06-25T17:21:47.522,51.156,torque,2.000,2.015,
2026-06-25T17:21:47.535,51.172,rpm,2.000,2.015,
2026-06-25T17:21:47.550,51.188,rpm,2.000,2.015,
2026-06-25T17:21:47.565,51.203,rpm,2.000,2.015,
2026-06-25T17:21:47.586,51.219,rpm,2.000,2.015,
2026-06-25T17:21:47.609,51.250,torque,2.000,1.966,
2026-06-25T17:21:47.632,51.266,rpm,2.000,1.966,
2026-06-25T17:21:47.661,51.297,rpm,2.000,1.966,
2026-06-25T17:21:47.685,51.328,rpm,2.000,1.966,
2026-06-25T17:21:47.685,51.328,rpm,2.000,1.966,
2026-06-25T17:21:47.685,51.328,torque,2.000,1.687,
2026-06-25T17:21:47.741,51.375,rpm,2.000,1.687,
2026-06-25T17:21:47.741,51.375,rpm,2.000,1.687,
2026-06-25T17:21:47.765,51.406,rpm,2.000,1.687,
2026-06-25T17:21:47.767,51.406,torque,2.000,2.121,
2026-06-25T17:21:47.767,51.406,rpm,2.000,2.121,
2026-06-25T17:21:47.818,51.453,rpm,2.000,2.121,
2026-06-25T17:21:47.819,51.453,rpm,2.000,2.121,
2026-06-25T17:21:47.846,51.485,rpm,2.000,2.121,
2026-06-25T17:21:47.851,51.485,torque,2.000,2.326,
2026-06-25T17:21:47.900,51.531,rpm,2.000,2.326,
2026-06-25T17:21:47.900,51.531,rpm,2.000,2.326,
2026-06-25T17:21:47.903,51.531,rpm,2.000,2.326,
2026-06-25T17:21:47.934,51.563,rpm,2.000,2.326,
2026-06-25T17:21:47.937,51.578,torque,2.000,2.016,
2026-06-25T17:21:47.989,51.625,rpm,2.000,2.016,
2026-06-25T17:21:47.989,51.625,rpm,2.000,2.016,
2026-06-25T17:21:48.005,51.641,rpm,2.000,2.016,
2026-06-25T17:21:48.025,51.656,torque,2.000,2.243,
2026-06-25T17:21:48.054,51.688,rpm,2.000,2.243,
2026-06-25T17:21:48.084,51.719,rpm,2.000,2.243,
2026-06-25T17:21:48.086,51.719,rpm,2.000,2.243,
2026-06-25T17:21:48.119,51.750,torque,2.000,2.430,
2026-06-25T17:21:48.121,51.750,rpm,2.000,2.430,
2026-06-25T17:21:48.143,51.781,rpm,2.000,2.430,
2026-06-25T17:21:48.177,51.813,rpm,2.000,2.430,
2026-06-25T17:21:48.187,51.828,rpm,2.000,2.430,
2026-06-25T17:21:48.206,51.844,torque,2.000,2.455,
2026-06-25T17:21:48.211,51.844,rpm,2.000,2.455,
2026-06-25T17:21:48.238,51.875,rpm,2.000,2.455,
2026-06-25T17:21:48.270,51.906,rpm,2.000,2.455,
2026-06-25T17:21:48.297,51.938,rpm,2.000,2.455,
2026-06-25T17:21:48.304,51.938,torque,2.000,2.372,
2026-06-25T17:21:48.308,51.938,rpm,2.000,2.372,
2026-06-25T17:21:48.353,51.985,rpm,2.000,2.372,
2026-06-25T17:21:48.353,51.985,rpm,2.000,2.372,
2026-06-25T17:21:48.382,52.016,torque,2.000,2.345,
2026-06-25T17:21:48.384,52.016,rpm,2.000,2.345,
2026-06-25T17:21:48.414,52.047,rpm,2.000,2.345,
2026-06-25T17:21:48.435,52.078,rpm,2.000,2.345,
2026-06-25T17:21:48.455,52.094,rpm,2.000,2.345,
2026-06-25T17:21:48.466,52.110,torque,2.000,2.330,
2026-06-25T17:21:48.473,52.110,rpm,2.000,2.330,
2026-06-25T17:21:48.519,52.156,rpm,2.000,2.330,
2026-06-25T17:21:48.519,52.156,rpm,2.000,2.330,
2026-06-25T17:21:48.551,52.188,torque,2.000,2.280,
2026-06-25T17:21:48.577,52.219,rpm,2.000,2.280,
2026-06-25T17:21:48.579,52.219,rpm,2.000,2.280,
2026-06-25T17:21:48.611,52.250,rpm,2.000,2.280,
2026-06-25T17:21:48.637,52.266,rpm,2.000,2.280,
2026-06-25T17:21:48.647,52.281,torque,2.000,2.209,
2026-06-25T17:21:48.692,52.328,rpm,2.000,2.209,
2026-06-25T17:21:48.693,52.328,rpm,2.000,2.209,
2026-06-25T17:21:48.719,52.360,torque,2.000,2.135,
2026-06-25T17:21:48.719,52.360,rpm,2.000,2.135,
2026-06-25T17:21:48.722,52.360,rpm,2.000,2.135,
2026-06-25T17:21:48.776,52.406,rpm,2.000,2.135,
2026-06-25T17:21:48.782,52.422,rpm,2.000,2.135,
2026-06-25T17:21:48.794,52.422,rpm,2.000,2.135,
2026-06-25T17:21:48.820,52.453,torque,2.000,2.285,
2026-06-25T17:21:48.821,52.453,rpm,2.000,2.285,
2026-06-25T17:21:48.845,52.485,rpm,2.000,2.285,
2026-06-25T17:21:48.866,52.500,rpm,2.000,2.285,
2026-06-25T17:21:48.886,52.516,rpm,2.000,2.285,
2026-06-25T17:21:48.912,52.547,torque,2.000,2.328,
2026-06-25T17:21:48.912,52.547,rpm,2.000,2.328,
2026-06-25T17:21:48.947,52.578,rpm,2.000,2.328,
2026-06-25T17:21:48.962,52.594,rpm,2.000,2.328,
2026-06-25T17:21:48.997,52.641,rpm,2.000,2.328,
2026-06-25T17:21:48.998,52.641,torque,2.000,2.476,
2026-06-25T17:21:49.006,52.641,rpm,2.000,2.476,
2026-06-25T17:21:49.008,52.641,rpm,2.000,2.476,
2026-06-25T17:21:49.045,52.688,rpm,2.000,2.476,
2026-06-25T17:21:49.065,52.703,rpm,2.000,2.476,
2026-06-25T17:21:49.078,52.719,torque,2.000,2.723,
2026-06-25T17:21:49.079,52.719,rpm,1.000,2.723,
2026-06-25T17:21:49.104,52.735,rpm,1.000,2.723,
2026-06-25T17:21:49.130,52.766,rpm,1.000,2.723,
2026-06-25T17:21:49.155,52.797,rpm,1.000,2.723,
2026-06-25T17:21:49.166,52.797,torque,1.000,2.746,
2026-06-25T17:21:49.166,52.797,rpm,1.000,2.746,
2026-06-25T17:21:49.177,52.813,rpm,1.000,2.746,
2026-06-25T17:21:49.222,52.860,rpm,1.000,2.746,
2026-06-25T17:21:49.223,52.860,rpm,1.000,2.746,
2026-06-25T17:21:49.243,52.875,rpm,1.000,2.746,
2026-06-25T17:21:49.252,52.891,torque,1.000,2.592,
2026-06-25T17:21:49.252,52.891,rpm,1.000,2.592,
2026-06-25T17:21:49.299,52.938,rpm,1.000,2.592,
2026-06-25T17:21:49.312,52.953,rpm,1.000,2.592,
2026-06-25T17:21:49.312,52.953,rpm,1.000,2.592,
2026-06-25T17:21:49.330,52.969,rpm,1.000,2.592,
2026-06-25T17:21:49.331,52.969,torque,1.000,2.675,
2026-06-25T17:21:49.375,53.016,rpm,1.000,2.675,
2026-06-25T17:21:49.382,53.016,rpm,1.000,2.675,
2026-06-25T17:21:49.402,53.031,rpm,1.000,2.675,
2026-06-25T17:21:49.422,53.063,torque,1.000,2.594,
2026-06-25T17:21:49.422,53.063,rpm,1.000,2.594,
2026-06-25T17:21:49.454,53.094,rpm,1.000,2.594,
2026-06-25T17:21:49.472,53.110,rpm,1.000,2.594,
2026-06-25T17:21:49.498,53.141,torque,1.000,2.534,
2026-06-25T17:21:49.498,53.141,rpm,1.000,2.534,
2026-06-25T17:21:49.503,53.141,rpm,1.000,2.534,
2026-06-25T17:21:49.532,53.172,rpm,1.000,2.534,
2026-06-25T17:21:49.559,53.188,rpm,1.000,2.534,
2026-06-25T17:21:49.577,53.219,rpm,1.000,2.534,
2026-06-25T17:21:49.586,53.219,torque,1.000,2.795,
2026-06-25T17:21:49.629,53.266,rpm,1.000,2.795,
2026-06-25T17:21:49.634,53.266,rpm,1.000,2.795,
2026-06-25T17:21:49.656,53.297,rpm,1.000,2.795,
2026-06-25T17:21:49.666,53.297,rpm,1.000,2.795,
2026-06-25T17:21:49.687,53.328,torque,1.000,2.791,
2026-06-25T17:21:49.712,53.344,rpm,1.000,2.791,
2026-06-25T17:21:49.714,53.344,rpm,1.000,2.791,
2026-06-25T17:21:49.735,53.375,rpm,1.000,2.791,
2026-06-25T17:21:49.747,53.375,rpm,1.000,2.791,
2026-06-25T17:21:49.766,53.406,torque,1.000,2.686,
2026-06-25T17:21:49.792,53.422,rpm,1.000,2.686,
2026-06-25T17:21:49.796,53.438,rpm,1.000,2.686,
2026-06-25T17:21:49.846,53.485,torque,1.000,2.566,
2026-06-25T17:21:49.855,53.485,rpm,1.000,2.566,
2026-06-25T17:21:49.891,53.531,rpm,1.000,2.566,
2026-06-25T17:21:49.898,53.531,rpm,1.000,2.566,
2026-06-25T17:21:49.925,53.563,rpm,1.000,2.566,
2026-06-25T17:21:49.934,53.563,torque,1.000,2.774,
2026-06-25T17:21:49.946,53.578,rpm,1.000,2.774,
2026-06-25T17:21:50.015,53.656,rpm,1.000,2.774,
2026-06-25T17:21:50.018,53.656,torque,1.000,2.839,
2026-06-25T17:21:50.042,53.672,rpm,1.000,2.839,
2026-06-25T17:21:50.060,53.703,rpm,1.000,2.839,
2026-06-25T17:21:50.077,53.719,rpm,1.000,2.839,
2026-06-25T17:21:50.084,53.719,rpm,1.000,2.839,
2026-06-25T17:21:50.106,53.735,torque,1.000,2.854,
2026-06-25T17:21:50.111,53.750,rpm,1.000,2.854,
2026-06-25T17:21:50.152,53.781,rpm,1.000,2.854,
2026-06-25T17:21:50.182,53.813,rpm,1.000,2.854,
2026-06-25T17:21:50.199,53.828,torque,1.000,2.916,
2026-06-25T17:21:50.202,53.844,rpm,1.000,2.916,
2026-06-25T17:21:50.214,53.844,rpm,1.000,2.916,
2026-06-25T17:21:50.236,53.875,rpm,1.000,2.916,
2026-06-25T17:21:50.260,53.891,rpm,1.000,2.916,
2026-06-25T17:21:50.280,53.922,rpm,1.000,2.916,
2026-06-25T17:21:50.281,53.922,torque,1.000,3.321,
2026-06-25T17:21:50.310,53.953,rpm,1.000,3.321,
2026-06-25T17:21:50.321,53.953,rpm,1.000,3.321,
2026-06-25T17:21:50.340,53.969,rpm,1.000,3.321,
2026-06-25T17:21:50.358,54.000,rpm,1.000,3.321,
2026-06-25T17:21:50.378,54.016,torque,1.000,2.904,
2026-06-25T17:21:50.386,54.016,rpm,1.000,2.904,
2026-06-25T17:21:50.409,54.047,rpm,1.000,2.904,
2026-06-25T17:21:50.427,54.063,rpm,1.000,2.904,
2026-06-25T17:21:50.428,54.063,rpm,1.000,2.904,
2026-06-25T17:21:50.454,54.094,torque,1.000,2.527,
2026-06-25T17:21:50.454,54.094,rpm,1.000,2.527,
2026-06-25T17:21:50.475,54.110,rpm,1.000,2.527,
2026-06-25T17:21:50.511,54.141,rpm,1.000,2.527,
2026-06-25T17:21:50.520,54.156,rpm,1.000,2.527,
2026-06-25T17:21:50.542,54.172,torque,1.000,2.331,
2026-06-25T17:21:50.544,54.188,rpm,1.000,2.331,
2026-06-25T17:21:50.572,54.203,rpm,1.000,2.331,
2026-06-25T17:21:50.584,54.219,rpm,1.000,2.331,
2026-06-25T17:21:50.611,54.250,rpm,1.000,2.331,
2026-06-25T17:21:50.631,54.266,torque,1.000,2.371,
2026-06-25T17:21:50.646,54.281,rpm,1.000,2.371,
2026-06-25T17:21:50.656,54.297,rpm,1.000,2.371,
2026-06-25T17:21:50.676,54.313,rpm,1.000,2.371,
2026-06-25T17:21:50.703,54.344,rpm,1.000,2.371,
2026-06-25T17:21:50.705,54.344,rpm,1.000,2.371,
2026-06-25T17:21:50.710,54.344,torque,1.000,2.741,
2026-06-25T17:21:50.732,54.375,rpm,1.000,2.741,
2026-06-25T17:21:50.769,54.406,rpm,1.000,2.741,
2026-06-25T17:21:50.769,54.406,rpm,1.000,2.741,
2026-06-25T17:21:50.791,54.422,rpm,1.000,2.741,
2026-06-25T17:21:50.800,54.438,torque,1.000,2.933,
2026-06-25T17:21:50.825,54.469,rpm,1.000,2.933,
2026-06-25T17:21:50.850,54.485,rpm,1.000,2.933,
2026-06-25T17:21:50.858,54.500,rpm,1.000,2.933,
2026-06-25T17:21:50.875,54.516,rpm,1.000,2.933,
2026-06-25T17:21:50.887,54.516,torque,1.000,2.697,
2026-06-25T17:21:50.890,54.531,rpm,1.000,2.697,
2026-06-25T17:21:50.919,54.563,rpm,1.000,2.697,
2026-06-25T17:21:50.969,54.610,rpm,1.000,2.697,
2026-06-25T17:21:50.972,54.610,torque,1.000,2.736,
2026-06-25T17:21:50.998,54.641,rpm,1.000,2.736,
2026-06-25T17:21:51.032,54.672,rpm,1.000,2.736,
2026-06-25T17:21:51.048,54.688,rpm,1.000,2.736,
2026-06-25T17:21:51.065,54.703,torque,1.000,2.984,
2026-06-25T17:21:51.065,54.703,rpm,1.000,2.984,
2026-06-25T17:21:51.104,54.735,rpm,1.000,2.984,
2026-06-25T17:21:51.108,54.750,rpm,1.000,2.984,
2026-06-25T17:21:51.127,54.766,rpm,1.000,2.984,
2026-06-25T17:21:51.159,54.797,torque,1.000,2.696,
2026-06-25T17:21:51.160,54.797,rpm,1.000,2.696,
2026-06-25T17:21:51.181,54.813,rpm,1.000,2.696,
2026-06-25T17:21:51.200,54.828,rpm,1.000,2.696,
2026-06-25T17:21:51.220,54.860,rpm,1.000,2.696,
2026-06-25T17:21:51.237,54.875,rpm,1.000,2.696,
2026-06-25T17:21:51.237,54.875,torque,1.000,2.688,
2026-06-25T17:21:51.255,54.891,rpm,1.000,2.688,
2026-06-25T17:21:51.290,54.922,rpm,1.000,2.688,
2026-06-25T17:21:51.297,54.938,rpm,1.000,2.688,
2026-06-25T17:21:51.319,54.953,rpm,1.000,2.688,
2026-06-25T17:21:51.321,54.953,torque,1.000,2.654,
2026-06-25T17:21:51.350,54.985,rpm,1.000,2.654,
2026-06-25T17:21:51.370,55.000,rpm,1.000,2.654,
2026-06-25T17:21:51.377,55.016,rpm,1.000,2.654,
2026-06-25T17:21:51.403,55.047,rpm,1.000,2.654,
2026-06-25T17:21:51.406,55.047,torque,1.000,3.018,
2026-06-25T17:21:51.430,55.063,rpm,1.000,3.018,
2026-06-25T17:21:51.441,55.078,rpm,1.000,3.018,
2026-06-25T17:21:51.456,55.094,rpm,1.000,3.018,
2026-06-25T17:21:51.481,55.110,rpm,1.000,3.018,
2026-06-25T17:21:51.492,55.125,torque,1.000,3.340,
2026-06-25T17:21:51.512,55.141,rpm,1.000,3.340,
2026-06-25T17:21:51.539,55.172,rpm,1.000,3.340,
2026-06-25T17:21:51.548,55.188,rpm,1.000,3.340,
2026-06-25T17:21:51.548,55.188,rpm,1.000,3.340,
2026-06-25T17:21:51.578,55.219,rpm,1.000,3.340,
2026-06-25T17:21:51.580,55.219,torque,1.000,3.246,
2026-06-25T17:21:51.615,55.250,rpm,1.000,3.246,
2026-06-25T17:21:51.641,55.281,rpm,1.000,3.246,
2026-06-25T17:21:51.653,55.281,rpm,1.000,3.246,
2026-06-25T17:21:51.669,55.313,torque,1.000,3.237,
2026-06-25T17:21:51.689,55.328,rpm,1.000,3.237,
2026-06-25T17:21:51.693,55.328,rpm,1.000,3.237,
2026-06-25T17:21:51.733,55.375,rpm,1.000,3.237,
2026-06-25T17:21:51.750,55.391,torque,1.000,3.359,
2026-06-25T17:21:51.751,55.391,rpm,1.000,3.359,
2026-06-25T17:21:51.790,55.422,rpm,1.000,3.359,
2026-06-25T17:21:51.791,55.422,rpm,1.000,3.359,
2026-06-25T17:21:51.821,55.453,rpm,1.000,3.359,
2026-06-25T17:21:51.847,55.485,torque,1.000,2.963,
2026-06-25T17:21:51.847,55.485,rpm,1.000,2.963,
2026-06-25T17:21:51.878,55.516,rpm,1.000,2.963,
2026-06-25T17:21:51.885,55.516,rpm,1.000,2.963,
2026-06-25T17:21:51.894,55.531,rpm,1.000,2.963,
2026-06-25T17:21:51.915,55.547,rpm,1.000,2.963,
2026-06-25T17:21:51.927,55.563,torque,1.000,2.984,
2026-06-25T17:21:51.944,55.578,rpm,1.000,2.984,
2026-06-25T17:21:51.966,55.594,rpm,1.000,2.984,
2026-06-25T17:21:51.997,55.641,rpm,1.000,2.984,
2026-06-25T17:21:51.999,55.641,rpm,1.000,2.984,
2026-06-25T17:21:52.015,55.656,rpm,1.000,2.984,
2026-06-25T17:21:52.015,55.656,torque,1.000,3.105,
